  0
SECTION
  2
HEADER
  9
$ACADVER
  1
AC1018
  9
$ACADMAINTVER
 70
     0
  9
$DWGCODEPAGE
  3
ANSI_932
  9
$INSBASE
 10
0.0
 20
0.0
 30
0.0
  9
$EXTMIN
 10
1.000000000000000E+20
 20
1.000000000000000E+20
 30
1.000000000000000E+20
  9
$EXTMAX
 10
-1.000000000000000E+20
 20
-1.000000000000000E+20
 30
-1.000000000000000E+20
  9
$LIMMIN
 10
0.0
 20
0.0
  9
$LIMMAX
 10
12.0
 20
9.0
  9
$ORTHOMODE
 70
     0
  9
$REGENMODE
 70
     1
  9
$FILLMODE
 70
     1
  9
$QTEXTMODE
 70
     0
  9
$MIRRTEXT
 70
     1
  9
$LTSCALE
 40
1.0
  9
$ATTMODE
 70
     1
  9
$TEXTSIZE
 40
0.2
  9
$TRACEWID
 40
0.05
  9
$TEXTSTYLE
  7
Standard
  9
$CLAYER
  8
0
  9
$CELTYPE
  6
ByLayer
  9
$CECOLOR
 62
   256
  9
$CELTSCALE
 40
1.0
  9
$DISPSILH
 70
     0
  9
$DIMSCALE
 40
1.0
  9
$DIMASZ
 40
0.18
  9
$DIMEXO
 40
0.0625
  9
$DIMDLI
 40
0.38
  9
$DIMRND
 40
0.0
  9
$DIMDLE
 40
0.0
  9
$DIMEXE
 40
0.18
  9
$DIMTP
 40
0.0
  9
$DIMTM
 40
0.0
  9
$DIMTXT
 40
0.18
  9
$DIMCEN
 40
0.09
  9
$DIMTSZ
 40
0.0
  9
$DIMTOL
 70
     0
  9
$DIMLIM
 70
     0
  9
$DIMTIH
 70
     1
  9
$DIMTOH
 70
     1
  9
$DIMSE1
 70
     0
  9
$DIMSE2
 70
     0
  9
$DIMTAD
 70
     0
  9
$DIMZIN
 70
     0
  9
$DIMBLK
  1

  9
$DIMASO
 70
     1
  9
$DIMSHO
 70
     1
  9
$DIMPOST
  1

  9
$DIMAPOST
  1

  9
$DIMALT
 70
     0
  9
$DIMALTD
 70
     2
  9
$DIMALTF
 40
25.4
  9
$DIMLFAC
 40
1.0
  9
$DIMTOFL
 70
     0
  9
$DIMTVP
 40
0.0
  9
$DIMTIX
 70
     0
  9
$DIMSOXD
 70
     0
  9
$DIMSAH
 70
     0
  9
$DIMBLK1
  1

  9
$DIMBLK2
  1

  9
$DIMSTYLE
  2
Standard
  9
$DIMCLRD
 70
     0
  9
$DIMCLRE
 70
     0
  9
$DIMCLRT
 70
     0
  9
$DIMTFAC
 40
1.0
  9
$DIMGAP
 40
0.09
  9
$DIMJUST
 70
     0
  9
$DIMSD1
 70
     0
  9
$DIMSD2
 70
     0
  9
$DIMTOLJ
 70
     1
  9
$DIMTZIN
 70
     0
  9
$DIMALTZ
 70
     0
  9
$DIMALTTZ
 70
     0
  9
$DIMUPT
 70
     0
  9
$DIMDEC
 70
     4
  9
$DIMTDEC
 70
     4
  9
$DIMALTU
 70
     2
  9
$DIMALTTD
 70
     2
  9
$DIMTXSTY
  7
Standard
  9
$DIMAUNIT
 70
     0
  9
$DIMADEC
 70
     0
  9
$DIMALTRND
 40
0.0
  9
$DIMAZIN
 70
     0
  9
$DIMDSEP
 70
    46
  9
$DIMATFIT
 70
     3
  9
$DIMFRAC
 70
     0
  9
$DIMLDRBLK
  1

  9
$DIMLUNIT
 70
     2
  9
$DIMLWD
 70
    -2
  9
$DIMLWE
 70
    -2
  9
$DIMTMOVE
 70
     0
  9
$LUNITS
 70
     2
  9
$LUPREC
 70
     4
  9
$SKETCHINC
 40
0.1
  9
$FILLETRAD
 40
0.5
  9
$AUNITS
 70
     0
  9
$AUPREC
 70
     0
  9
$MENU
  1
.
  9
$ELEVATION
 40
0.0
  9
$PELEVATION
 40
0.0
  9
$THICKNESS
 40
0.0
  9
$LIMCHECK
 70
     0
  9
$CHAMFERA
 40
0.5
  9
$CHAMFERB
 40
0.5
  9
$CHAMFERC
 40
1.0
  9
$CHAMFERD
 40
0.0
  9
$SKPOLY
 70
     0
  9
$TDCREATE
 40
2457546.492615741
  9
$TDUCREATE
 40
2457546.825949074
  9
$TDUPDATE
 40
2457546.492615752
  9
$TDUUPDATE
 40
2457546.825949086
  9
$TDINDWG
 40
0.0000000116
  9
$TDUSRTIMER
 40
0.0000000116
  9
$USRTIMER
 70
     1
  9
$ANGBASE
 50
0.0
  9
$ANGDIR
 70
     0
  9
$PDMODE
 70
     0
  9
$PDSIZE
 40
0.0
  9
$PLINEWID
 40
0.0
  9
$SPLFRAME
 70
     0
  9
$SPLINETYPE
 70
     6
  9
$SPLINESEGS
 70
     8
  9
$HANDSEED
  5
DE4
  9
$SURFTAB1
 70
     6
  9
$SURFTAB2
 70
     6
  9
$SURFTYPE
 70
     6
  9
$SURFU
 70
     6
  9
$SURFV
 70
     6
  9
$UCSBASE
  2

  9
$UCSNAME
  2

  9
$UCSORG
 10
0.0
 20
0.0
 30
0.0
  9
$UCSXDIR
 10
1.0
 20
0.0
 30
0.0
  9
$UCSYDIR
 10
0.0
 20
1.0
 30
0.0
  9
$UCSORTHOREF
  2

  9
$UCSORTHOVIEW
 70
     0
  9
$UCSORGTOP
 10
0.0
 20
0.0
 30
0.0
  9
$UCSORGBOTTOM
 10
0.0
 20
0.0
 30
0.0
  9
$UCSORGLEFT
 10
0.0
 20
0.0
 30
0.0
  9
$UCSORGRIGHT
 10
0.0
 20
0.0
 30
0.0
  9
$UCSORGFRONT
 10
0.0
 20
0.0
 30
0.0
  9
$UCSORGBACK
 10
0.0
 20
0.0
 30
0.0
  9
$PUCSBASE
  2

  9
$PUCSNAME
  2

  9
$PUCSORG
 10
0.0
 20
0.0
 30
0.0
  9
$PUCSXDIR
 10
1.0
 20
0.0
 30
0.0
  9
$PUCSYDIR
 10
0.0
 20
1.0
 30
0.0
  9
$PUCSORTHOREF
  2

  9
$PUCSORTHOVIEW
 70
     0
  9
$PUCSORGTOP
 10
0.0
 20
0.0
 30
0.0
  9
$PUCSORGBOTTOM
 10
0.0
 20
0.0
 30
0.0
  9
$PUCSORGLEFT
 10
0.0
 20
0.0
 30
0.0
  9
$PUCSORGRIGHT
 10
0.0
 20
0.0
 30
0.0
  9
$PUCSORGFRONT
 10
0.0
 20
0.0
 30
0.0
  9
$PUCSORGBACK
 10
0.0
 20
0.0
 30
0.0
  9
$USERI1
 70
     0
  9
$USERI2
 70
     0
  9
$USERI3
 70
     0
  9
$USERI4
 70
     0
  9
$USERI5
 70
     0
  9
$USERR1
 40
0.0
  9
$USERR2
 40
0.0
  9
$USERR3
 40
0.0
  9
$USERR4
 40
0.0
  9
$USERR5
 40
0.0
  9
$WORLDVIEW
 70
     1
  9
$SHADEDGE
 70
     3
  9
$SHADEDIF
 70
    70
  9
$TILEMODE
 70
     1
  9
$MAXACTVP
 70
    64
  9
$PINSBASE
 10
0.0
 20
0.0
 30
0.0
  9
$PLIMCHECK
 70
     0
  9
$PEXTMIN
 10
1.000000000000000E+20
 20
1.000000000000000E+20
 30
1.000000000000000E+20
  9
$PEXTMAX
 10
-1.000000000000000E+20
 20
-1.000000000000000E+20
 30
-1.000000000000000E+20
  9
$PLIMMIN
 10
0.0
 20
0.0
  9
$PLIMMAX
 10
12.0
 20
9.0
  9
$UNITMODE
 70
     0
  9
$VISRETAIN
 70
     1
  9
$PLINEGEN
 70
     0
  9
$PSLTSCALE
 70
     1
  9
$TREEDEPTH
 70
  3020
  9
$CMLSTYLE
  2
Standard
  9
$CMLJUST
 70
     0
  9
$CMLSCALE
 40
1.0
  9
$PROXYGRAPHICS
 70
     1
  9
$MEASUREMENT
 70
     0
  9
$CELWEIGHT
370
    -1
  9
$ENDCAPS
280
     0
  9
$JOINSTYLE
280
     0
  9
$LWDISPLAY
290
     1
  9
$INSUNITS
 70
     1
  9
$HYPERLINKBASE
  1

  9
$STYLESHEET
  1

  9
$XEDIT
290
     1
  9
$CEPSNTYPE
380
     0
  9
$PSTYLEMODE
290
     1
  9
$FINGERPRINTGUID
  2
{69CFD9FF-1E4E-A497-8A30-696145A8AE25}
  9
$VERSIONGUID
  2
{FAEB1C32-E019-11D5-929B-00C0DF256EC4}
  9
$EXTNAMES
290
     1
  9
$PSVPSCALE
 40
0.0
  9
$OLESTARTUP
290
     0
  9
$SORTENTS
280
   127
  9
$INDEXCTL
280
     0
  9
$HIDETEXT
280
     1
  9
$XCLIPFRAME
290
     0
  9
$HALOGAP
280
     0
  9
$OBSCOLOR
 70
   257
  9
$OBSLTYPE
280
     0
  9
$INTERSECTIONDISPLAY
280
     0
  9
$INTERSECTIONCOLOR
 70
   257
  9
$DIMASSOC
280
     2
  9
$PROJECTNAME
  1

  0
ENDSEC
  0
SECTION
  2
CLASSES
  0
CLASS
  1
ACDBDICTIONARYWDFLT
  2
AcDbDictionaryWithDefault
  3
ObjectDBX Classes
 90
        0
 91
        3
280
     0
281
     0
  0
CLASS
  1
VISUALSTYLE
  2
AcDbVisualStyle
  3
ObjectDBX Classes
 90
     4095
 91
        3
280
     0
281
     0
  0
ENDSEC
  0
SECTION
  2
TABLES
  0
TABLE
  2
VPORT
  5
8
330
0
100
AcDbSymbolTable
 70
     1
  0
VPORT
  5
29
330
8
100
AcDbSymbolTableRecord
100
AcDbViewportTableRecord
  2
*Active
 70
     0
 10
0.0
 20
0.0
 11
1.0
 21
1.0
 12
0.0
 22
0.0
 13
0.0
 23
0.0
 14
0.5
 24
0.5
 15
0.5
 25
0.5
 16
0.0
 26
0.0
 36
1.0
 17
299.98095703125
 27
344.01708984375
 37
0.0
 40
1836.1201171875
 41
0.9804030131045476
 42
50.0
 43
0.0
 44
0.0
 50
0.0
 51
0.0
 71
     0
 72
   100
 73
     1
 74
     3
 75
     0
 76
     0
 77
     0
 78
     0
281
     0
 65
     1
110
0.0
120
0.0
130
0.0
111
1.0
121
0.0
131
0.0
112
0.0
122
1.0
132
0.0
 79
     0
146
0.0
  0
ENDTAB
  0
TABLE
  2
LTYPE
  5
5
330
0
100
AcDbSymbolTable
 70
     1
  0
LTYPE
  5
14
330
5
100
AcDbSymbolTableRecord
100
AcDbLinetypeTableRecord
  2
ByBlock
 70
     0
  3

 72
    65
 73
     0
 40
0.0
  0
LTYPE
  5
15
330
5
100
AcDbSymbolTableRecord
100
AcDbLinetypeTableRecord
  2
ByLayer
 70
     0
  3

 72
    65
 73
     0
 40
0.0
  0
LTYPE
  5
16
330
5
100
AcDbSymbolTableRecord
100
AcDbLinetypeTableRecord
  2
Continuous
 70
     0
  3
Solid line
 72
    65
 73
     0
 40
0.0
  0
ENDTAB
  0
TABLE
  2
LAYER
  5
2
330
0
100
AcDbSymbolTable
 70
     2
  0
LAYER
  5
10
330
2
100
AcDbSymbolTableRecord
100
AcDbLayerTableRecord
  2
0
 70
     0
 62
     7
  6
Continuous
370
    -3
390
F
  0
LAYER
  5
3B
330
2
100
AcDbSymbolTableRecord
100
AcDbLayerTableRecord
  2
Layer 1
 70
     0
 62
     7
  6
Continuous
370
    -3
390
F
  0
ENDTAB
  0
TABLE
  2
STYLE
  5
3
330
0
100
AcDbSymbolTable
 70
     1
  0
STYLE
  5
11
330
3
100
AcDbSymbolTableRecord
100
AcDbTextStyleTableRecord
  2
Standard
 70
     0
 40
0.0
 41
1.0
 50
0.0
 71
     0
 42
0.2
  3
txt
  4

  0
ENDTAB
  0
TABLE
  2
VIEW
  5
6
330
0
100
AcDbSymbolTable
 70
     0
  0
ENDTAB
  0
TABLE
  2
UCS
  5
7
330
0
100
AcDbSymbolTable
 70
     0
  0
ENDTAB
  0
TABLE
  2
APPID
  5
9
330
0
100
AcDbSymbolTable
 70
     1
  0
APPID
  5
12
330
9
100
AcDbSymbolTableRecord
100
AcDbRegAppTableRecord
  2
ACAD
 70
     0
  0
ENDTAB
  0
TABLE
  2
DIMSTYLE
  5
A
330
0
100
AcDbSymbolTable
 70
     1
100
AcDbDimStyleTable
  0
DIMSTYLE
105
27
330
A
100
AcDbSymbolTableRecord
100
AcDbDimStyleTableRecord
  2
Standard
 70
     0
340
11
  0
ENDTAB
  0
TABLE
  2
BLOCK_RECORD
  5
1
330
0
100
AcDbSymbolTable
 70
     1
  0
BLOCK_RECORD
  5
1F
330
1
100
AcDbSymbolTableRecord
100
AcDbBlockTableRecord
  2
*Model_Space
340
22
  0
BLOCK_RECORD
  5
1B
330
1
100
AcDbSymbolTableRecord
100
AcDbBlockTableRecord
  2
*Paper_Space
340
1E
  0
BLOCK_RECORD
  5
23
330
1
100
AcDbSymbolTableRecord
100
AcDbBlockTableRecord
  2
*Paper_Space0
340
26
  0
ENDTAB
  0
ENDSEC
  0
SECTION
  2
BLOCKS
  0
BLOCK
  5
20
330
1F
100
AcDbEntity
  8
0
100
AcDbBlockBegin
  2
*Model_Space
 70
     0
 71
     0
 10
0.0
 20
0.0
 30
0.0
  3
*Model_Space
  1

  0
ENDBLK
  5
21
330
1F
100
AcDbEntity
  8
0
100
AcDbBlockEnd
  0
BLOCK
  5
1C
330
1B
100
AcDbEntity
 67
     1
  8
0
100
AcDbBlockBegin
  2
*Paper_Space
 70
     0
 71
     0
 10
0.0
 20
0.0
 30
0.0
  3
*Paper_Space
  1

  0
ENDBLK
  5
1D
330
1B
100
AcDbEntity
 67
     1
  8
0
100
AcDbBlockEnd
  0
BLOCK
  5
24
330
23
100
AcDbEntity
  8
0
100
AcDbBlockBegin
  2
*Paper_Space0
 70
     0
 71
     0
 10
0.0
 20
0.0
 30
0.0
  3
*Paper_Space0
  1

  0
ENDBLK
  5
25
330
23
100
AcDbEntity
  8
0
100
AcDbBlockEnd
  0
ENDSEC
  0
SECTION
  2
ENTITIES
  0
POLYLINE
  5
3C
330
1F
100
AcDbEntity
  8
Layer 1
370
     0
100
AcDb2dPolyline
 66
     1
 10
0.0
 20
0.0
 30
0.0
  0
VERTEX
  5
3D
330
3C
100
AcDbEntity
  8
Layer 1
370
     0
100
AcDbVertex
100
AcDb2dVertex
 10
125.49658203125
 20
856.58154296875
 30
0.0
  0
VERTEX
  5
3E
330
3C
100
AcDbEntity
  8
Layer 1
370
     0
100
AcDbVertex
100
AcDb2dVertex
 10
125.7021484375
 20
856.68212890625
 30
0.0
  0
VERTEX
  5
3F
330
3C
100
AcDbEntity
  8
Layer 1
370
     0
100
AcDbVertex
100
AcDb2dVertex
 10
125.998046875
 20
856.72314453125
 30
0.0
  0
VERTEX
  5
40
330
3C
100
AcDbEntity
  8
Layer 1
370
     0
100
AcDbVertex
100
AcDb2dVertex
 10
126.28125
 20
856.69384765625
 30
0.0
  0
VERTEX
  5
41
330
3C
100
AcDbEntity
  8
Layer 1
370
     0
100
AcDbVertex
100
AcDb2dVertex
 10
126.44970703125
 20
856.58154296875
 30
0.0
  0
VERTEX
  5
42
330
3C
100
AcDbEntity
  8
Layer 1
370
     0
100
AcDbVertex
100
AcDb2dVertex
 10
126.4599609375
 20
856.5078125
 30
0.0
  0
VERTEX
  5
43
330
3C
100
AcDbEntity
  8
Layer 1
370
     0
100
AcDbVertex
100
AcDb2dVertex
 10
126.447265625
 20
856.42138671875
 30
0.0
  0
VERTEX
  5
44
330
3C
100
AcDbEntity
  8
Layer 1
370
     0
100
AcDbVertex
100
AcDb2dVertex
 10
126.43603515625
 20
856.33544921875
 30
0.0
  0
VERTEX
  5
45
330
3C
100
AcDbEntity
  8
Layer 1
370
     0
100
AcDbVertex
100
AcDb2dVertex
 10
126.44970703125
 20
856.26416015625
 30
0.0
  0
VERTEX
  5
46
330
3C
100
AcDbEntity
  8
Layer 1
370
     0
100
AcDbVertex
100
AcDb2dVertex
 10
126.5244140625
 20
856.1708984375
 30
0.0
  0
VERTEX
  5
47
330
3C
100
AcDbEntity
  8
Layer 1
370
     0
100
AcDbVertex
100
AcDb2dVertex
 10
126.619140625
 20
856.08447265625
 30
0.0
  0
VERTEX
  5
48
330
3C
100
AcDbEntity
  8
Layer 1
370
     0
100
AcDbVertex
100
AcDb2dVertex
 10
126.70849609375
 20
856.0087890625
 30
0.0
  0
VERTEX
  5
49
330
3C
100
AcDbEntity
  8
Layer 1
370
     0
100
AcDbVertex
100
AcDb2dVertex
 10
126.76708984375
 20
855.9462890625
 30
0.0
  0
VERTEX
  5
4A
330
3C
100
AcDbEntity
  8
Layer 1
370
     0
100
AcDbVertex
100
AcDb2dVertex
 10
126.7724609375
 20
855.90087890625
 30
0.0
  0
VERTEX
  5
4B
330
3C
100
AcDbEntity
  8
Layer 1
370
     0
100
AcDbVertex
100
AcDb2dVertex
 10
126.763671875
 20
855.83642578125
 30
0.0
  0
VERTEX
  5
4C
330
3C
100
AcDbEntity
  8
Layer 1
370
     0
100
AcDbVertex
100
AcDb2dVertex
 10
126.75634765625
 20
855.7734375
 30
0.0
  0
VERTEX
  5
4D
330
3C
100
AcDbEntity
  8
Layer 1
370
     0
100
AcDbVertex
100
AcDb2dVertex
 10
126.76708984375
 20
855.734375
 30
0.0
  0
VERTEX
  5
4E
330
3C
100
AcDbEntity
  8
Layer 1
370
     0
100
AcDbVertex
100
AcDb2dVertex
 10
126.83349609375
 20
855.68212890625
 30
0.0
  0
VERTEX
  5
4F
330
3C
100
AcDbEntity
  8
Layer 1
370
     0
100
AcDbVertex
100
AcDb2dVertex
 10
126.8837890625
 20
855.64111328125
 30
0.0
  0
VERTEX
  5
50
330
3C
100
AcDbEntity
  8
Layer 1
370
     0
100
AcDbVertex
100
AcDb2dVertex
 10
126.9287109375
 20
855.59375
 30
0.0
  0
VERTEX
  5
51
330
3C
100
AcDbEntity
  8
Layer 1
370
     0
100
AcDbVertex
100
AcDb2dVertex
 10
126.97900390625
 20
855.52294921875
 30
0.0
  0
VERTEX
  5
52
330
3C
100
AcDbEntity
  8
Layer 1
370
     0
100
AcDbVertex
100
AcDb2dVertex
 10
127.12255859375
 20
855.298828125
 30
0.0
  0
VERTEX
  5
53
330
3C
100
AcDbEntity
  8
Layer 1
370
     0
100
AcDbVertex
100
AcDb2dVertex
 10
127.20166015625
 20
855.1884765625
 30
0.0
  0
VERTEX
  5
54
330
3C
100
AcDbEntity
  8
Layer 1
370
     0
100
AcDbVertex
100
AcDb2dVertex
 10
127.27490234375
 20
855.1123046875
 30
0.0
  0
VERTEX
  5
55
330
3C
100
AcDbEntity
  8
Layer 1
370
     0
100
AcDbVertex
100
AcDb2dVertex
 10
127.40234375
 20
854.9931640625
 30
0.0
  0
VERTEX
  5
56
330
3C
100
AcDbEntity
  8
Layer 1
370
     0
100
AcDbVertex
100
AcDb2dVertex
 10
127.625
 20
854.849609375
 30
0.0
  0
VERTEX
  5
57
330
3C
100
AcDbEntity
  8
Layer 1
370
     0
100
AcDbVertex
100
AcDb2dVertex
 10
127.94580078125
 20
854.69873046875
 30
0.0
  0
VERTEX
  5
58
330
3C
100
AcDbEntity
  8
Layer 1
370
     0
100
AcDbVertex
100
AcDb2dVertex
 10
128.28564453125
 20
854.53662109375
 30
0.0
  0
VERTEX
  5
59
330
3C
100
AcDbEntity
  8
Layer 1
370
     0
100
AcDbVertex
100
AcDb2dVertex
 10
128.5673828125
 20
854.3583984375
 30
0.0
  0
VERTEX
  5
5A
330
3C
100
AcDbEntity
  8
Layer 1
370
     0
100
AcDbVertex
100
AcDb2dVertex
 10
128.8564453125
 20
854.0517578125
 30
0.0
  0
VERTEX
  5
5B
330
3C
100
AcDbEntity
  8
Layer 1
370
     0
100
AcDbVertex
100
AcDb2dVertex
 10
129.1240234375
 20
853.67236328125
 30
0.0
  0
VERTEX
  5
5C
330
3C
100
AcDbEntity
  8
Layer 1
370
     0
100
AcDbVertex
100
AcDb2dVertex
 10
129.3251953125
 20
853.318359375
 30
0.0
  0
VERTEX
  5
5D
330
3C
100
AcDbEntity
  8
Layer 1
370
     0
100
AcDbVertex
100
AcDb2dVertex
 10
129.4140625
 20
853.08740234375
 30
0.0
  0
VERTEX
  5
5E
330
3C
100
AcDbEntity
  8
Layer 1
370
     0
100
AcDbVertex
100
AcDb2dVertex
 10
129.38427734375
 20
852.58203125
 30
0.0
  0
VERTEX
  5
5F
330
3C
100
AcDbEntity
  8
Layer 1
370
     0
100
AcDbVertex
100
AcDb2dVertex
 10
129.22119140625
 20
852.10400390625
 30
0.0
  0
VERTEX
  5
60
330
3C
100
AcDbEntity
  8
Layer 1
370
     0
100
AcDbVertex
100
AcDb2dVertex
 10
129.0224609375
 20
851.6416015625
 30
0.0
  0
VERTEX
  5
61
330
3C
100
AcDbEntity
  8
Layer 1
370
     0
100
AcDbVertex
100
AcDb2dVertex
 10
128.884765625
 20
851.181640625
 30
0.0
  0
VERTEX
  5
62
330
3C
100
AcDbEntity
  8
Layer 1
370
     0
100
AcDbVertex
100
AcDb2dVertex
 10
128.88916015625
 20
851.06201171875
 30
0.0
  0
VERTEX
  5
63
330
3C
100
AcDbEntity
  8
Layer 1
370
     0
100
AcDbVertex
100
AcDb2dVertex
 10
128.9267578125
 20
850.970703125
 30
0.0
  0
VERTEX
  5
64
330
3C
100
AcDbEntity
  8
Layer 1
370
     0
100
AcDbVertex
100
AcDb2dVertex
 10
128.97021484375
 20
850.90576171875
 30
0.0
  0
VERTEX
  5
65
330
3C
100
AcDbEntity
  8
Layer 1
370
     0
100
AcDbVertex
100
AcDb2dVertex
 10
128.99072265625
 20
850.8642578125
 30
0.0
  0
VERTEX
  5
66
330
3C
100
AcDbEntity
  8
Layer 1
370
     0
100
AcDbVertex
100
AcDb2dVertex
 10
128.96826171875
 20
850.767578125
 30
0.0
  0
VERTEX
  5
67
330
3C
100
AcDbEntity
  8
Layer 1
370
     0
100
AcDbVertex
100
AcDb2dVertex
 10
128.921875
 20
850.634765625
 30
0.0
  0
VERTEX
  5
68
330
3C
100
AcDbEntity
  8
Layer 1
370
     0
100
AcDbVertex
100
AcDb2dVertex
 10
128.88330078125
 20
850.45751953125
 30
0.0
  0
VERTEX
  5
69
330
3C
100
AcDbEntity
  8
Layer 1
370
     0
100
AcDbVertex
100
AcDb2dVertex
 10
128.884765625
 20
850.228515625
 30
0.0
  0
VERTEX
  5
6A
330
3C
100
AcDbEntity
  8
Layer 1
370
     0
100
AcDbVertex
100
AcDb2dVertex
 10
128.91015625
 20
850.22900390625
 30
0.0
  0
VERTEX
  5
6B
330
3C
100
AcDbEntity
  8
Layer 1
370
     0
100
AcDbVertex
100
AcDb2dVertex
 10
128.962890625
 20
850.205078125
 30
0.0
  0
VERTEX
  5
6C
330
3C
100
AcDbEntity
  8
Layer 1
370
     0
100
AcDbVertex
100
AcDb2dVertex
 10
129.00341796875
 20
850.16650390625
 30
0.0
  0
VERTEX
  5
6D
330
3C
100
AcDbEntity
  8
Layer 1
370
     0
100
AcDbVertex
100
AcDb2dVertex
 10
128.99072265625
 20
850.123046875
 30
0.0
  0
VERTEX
  5
6E
330
3C
100
AcDbEntity
  8
Layer 1
370
     0
100
AcDbVertex
100
AcDb2dVertex
 10
128.91357421875
 20
849.92578125
 30
0.0
  0
VERTEX
  5
6F
330
3C
100
AcDbEntity
  8
Layer 1
370
     0
100
AcDbVertex
100
AcDb2dVertex
 10
128.921875
 20
849.60205078125
 30
0.0
  0
VERTEX
  5
70
330
3C
100
AcDbEntity
  8
Layer 1
370
     0
100
AcDbVertex
100
AcDb2dVertex
 10
128.9912109375
 20
849.248046875
 30
0.0
  0
VERTEX
  5
71
330
3C
100
AcDbEntity
  8
Layer 1
370
     0
100
AcDbVertex
100
AcDb2dVertex
 10
129.0966796875
 20
848.9580078125
 30
0.0
  0
VERTEX
  5
72
330
3C
100
AcDbEntity
  8
Layer 1
370
     0
100
AcDbVertex
100
AcDb2dVertex
 10
129.18017578125
 20
848.7900390625
 30
0.0
  0
VERTEX
  5
73
330
3C
100
AcDbEntity
  8
Layer 1
370
     0
100
AcDbVertex
100
AcDb2dVertex
 10
129.2548828125
 20
848.662109375
 30
0.0
  0
VERTEX
  5
74
330
3C
100
AcDbEntity
  8
Layer 1
370
     0
100
AcDbVertex
100
AcDb2dVertex
 10
129.35595703125
 20
848.55029296875
 30
0.0
  0
VERTEX
  5
75
330
3C
100
AcDbEntity
  8
Layer 1
370
     0
100
AcDbVertex
100
AcDb2dVertex
 10
129.52001953125
 20
848.4287109375
 30
0.0
  0
VERTEX
  5
76
330
3C
100
AcDbEntity
  8
Layer 1
370
     0
100
AcDbVertex
100
AcDb2dVertex
 10
129.599609375
 20
848.3916015625
 30
0.0
  0
VERTEX
  5
77
330
3C
100
AcDbEntity
  8
Layer 1
370
     0
100
AcDbVertex
100
AcDb2dVertex
 10
129.68115234375
 20
848.37158203125
 30
0.0
  0
VERTEX
  5
78
330
3C
100
AcDbEntity
  8
Layer 1
370
     0
100
AcDbVertex
100
AcDb2dVertex
 10
129.76123046875
 20
848.35400390625
 30
0.0
  0
VERTEX
  5
79
330
3C
100
AcDbEntity
  8
Layer 1
370
     0
100
AcDbVertex
100
AcDb2dVertex
 10
129.837890625
 20
848.32275390625
 30
0.0
  0
VERTEX
  5
7A
330
3C
100
AcDbEntity
  8
Layer 1
370
     0
100
AcDbVertex
100
AcDb2dVertex
 10
130.0556640625
 20
848.138671875
 30
0.0
  0
VERTEX
  5
7B
330
3C
100
AcDbEntity
  8
Layer 1
370
     0
100
AcDbVertex
100
AcDb2dVertex
 10
130.251953125
 20
847.8896484375
 30
0.0
  0
VERTEX
  5
7C
330
3C
100
AcDbEntity
  8
Layer 1
370
     0
100
AcDbVertex
100
AcDb2dVertex
 10
130.45263671875
 20
847.619140625
 30
0.0
  0
VERTEX
  5
7D
330
3C
100
AcDbEntity
  8
Layer 1
370
     0
100
AcDbVertex
100
AcDb2dVertex
 10
130.6845703125
 20
847.3701171875
 30
0.0
  0
VERTEX
  5
7E
330
3C
100
AcDbEntity
  8
Layer 1
370
     0
100
AcDbVertex
100
AcDb2dVertex
 10
130.72900390625
 20
847.36083984375
 30
0.0
  0
VERTEX
  5
7F
330
3C
100
AcDbEntity
  8
Layer 1
370
     0
100
AcDbVertex
100
AcDb2dVertex
 10
130.79150390625
 20
847.37109375
 30
0.0
  0
VERTEX
  5
80
330
3C
100
AcDbEntity
  8
Layer 1
370
     0
100
AcDbVertex
100
AcDb2dVertex
 10
130.853515625
 20
847.380859375
 30
0.0
  0
VERTEX
  5
81
330
3C
100
AcDbEntity
  8
Layer 1
370
     0
100
AcDbVertex
100
AcDb2dVertex
 10
130.896484375
 20
847.3701171875
 30
0.0
  0
VERTEX
  5
82
330
3C
100
AcDbEntity
  8
Layer 1
370
     0
100
AcDbVertex
100
AcDb2dVertex
 10
130.904296875
 20
847.32763671875
 30
0.0
  0
VERTEX
  5
83
330
3C
100
AcDbEntity
  8
Layer 1
370
     0
100
AcDbVertex
100
AcDb2dVertex
 10
130.89501953125
 20
847.26123046875
 30
0.0
  0
VERTEX
  5
84
330
3C
100
AcDbEntity
  8
Layer 1
370
     0
100
AcDbVertex
100
AcDb2dVertex
 10
130.88623046875
 20
847.1962890625
 30
0.0
  0
VERTEX
  5
85
330
3C
100
AcDbEntity
  8
Layer 1
370
     0
100
AcDbVertex
100
AcDb2dVertex
 10
130.896484375
 20
847.158203125
 30
0.0
  0
VERTEX
  5
86
330
3C
100
AcDbEntity
  8
Layer 1
370
     0
100
AcDbVertex
100
AcDb2dVertex
 10
130.9892578125
 20
847.130859375
 30
0.0
  0
VERTEX
  5
87
330
3C
100
AcDbEntity
  8
Layer 1
370
     0
100
AcDbVertex
100
AcDb2dVertex
 10
131.1240234375
 20
847.11669921875
 30
0.0
  0
VERTEX
  5
88
330
3C
100
AcDbEntity
  8
Layer 1
370
     0
100
AcDbVertex
100
AcDb2dVertex
 10
131.27734375
 20
847.09716796875
 30
0.0
  0
VERTEX
  5
89
330
3C
100
AcDbEntity
  8
Layer 1
370
     0
100
AcDbVertex
100
AcDb2dVertex
 10
131.42578125
 20
847.05224609375
 30
0.0
  0
VERTEX
  5
8A
330
3C
100
AcDbEntity
  8
Layer 1
370
     0
100
AcDbVertex
100
AcDb2dVertex
 10
131.501953125
 20
847.00537109375
 30
0.0
  0
VERTEX
  5
8B
330
3C
100
AcDbEntity
  8
Layer 1
370
     0
100
AcDbVertex
100
AcDb2dVertex
 10
131.57421875
 20
846.9462890625
 30
0.0
  0
VERTEX
  5
8C
330
3C
100
AcDbEntity
  8
Layer 1
370
     0
100
AcDbVertex
100
AcDb2dVertex
 10
131.65234375
 20
846.8876953125
 30
0.0
  0
VERTEX
  5
8D
330
3C
100
AcDbEntity
  8
Layer 1
370
     0
100
AcDbVertex
100
AcDb2dVertex
 10
131.74365234375
 20
846.8408203125
 30
0.0
  0
VERTEX
  5
8E
330
3C
100
AcDbEntity
  8
Layer 1
370
     0
100
AcDbVertex
100
AcDb2dVertex
 10
131.85498046875
 20
846.80615234375
 30
0.0
  0
VERTEX
  5
8F
330
3C
100
AcDbEntity
  8
Layer 1
370
     0
100
AcDbVertex
100
AcDb2dVertex
 10
131.95166015625
 20
846.78515625
 30
0.0
  0
VERTEX
  5
90
330
3C
100
AcDbEntity
  8
Layer 1
370
     0
100
AcDbVertex
100
AcDb2dVertex
 10
132.05078125
 20
846.765625
 30
0.0
  0
VERTEX
  5
91
330
3C
100
AcDbEntity
  8
Layer 1
370
     0
100
AcDbVertex
100
AcDb2dVertex
 10
132.1669921875
 20
846.73486328125
 30
0.0
  0
VERTEX
  5
92
330
3C
100
AcDbEntity
  8
Layer 1
370
     0
100
AcDbVertex
100
AcDb2dVertex
 10
132.39013671875
 20
846.66064453125
 30
0.0
  0
VERTEX
  5
93
330
3C
100
AcDbEntity
  8
Layer 1
370
     0
100
AcDbVertex
100
AcDb2dVertex
 10
132.56103515625
 20
846.57373046875
 30
0.0
  0
VERTEX
  5
94
330
3C
100
AcDbEntity
  8
Layer 1
370
     0
100
AcDbVertex
100
AcDb2dVertex
 10
132.72021484375
 20
846.43505859375
 30
0.0
  0
VERTEX
  5
95
330
3C
100
AcDbEntity
  8
Layer 1
370
     0
100
AcDbVertex
100
AcDb2dVertex
 10
132.908203125
 20
846.205078125
 30
0.0
  0
VERTEX
  5
96
330
3C
100
AcDbEntity
  8
Layer 1
370
     0
100
AcDbVertex
100
AcDb2dVertex
 10
132.93701171875
 20
846.1572265625
 30
0.0
  0
VERTEX
  5
97
330
3C
100
AcDbEntity
  8
Layer 1
370
     0
100
AcDbVertex
100
AcDb2dVertex
 10
132.958984375
 20
846.1064453125
 30
0.0
  0
VERTEX
  5
98
330
3C
100
AcDbEntity
  8
Layer 1
370
     0
100
AcDbVertex
100
AcDb2dVertex
 10
132.98193359375
 20
846.05224609375
 30
0.0
  0
VERTEX
  5
99
330
3C
100
AcDbEntity
  8
Layer 1
370
     0
100
AcDbVertex
100
AcDb2dVertex
 10
133.01416015625
 20
845.99365234375
 30
0.0
  0
VERTEX
  5
9A
330
3C
100
AcDbEntity
  8
Layer 1
370
     0
100
AcDbVertex
100
AcDb2dVertex
 10
133.064453125
 20
845.94287109375
 30
0.0
  0
VERTEX
  5
9B
330
3C
100
AcDbEntity
  8
Layer 1
370
     0
100
AcDbVertex
100
AcDb2dVertex
 10
133.11328125
 20
845.93017578125
 30
0.0
  0
VERTEX
  5
9C
330
3C
100
AcDbEntity
  8
Layer 1
370
     0
100
AcDbVertex
100
AcDb2dVertex
 10
133.166015625
 20
845.9228515625
 30
0.0
  0
VERTEX
  5
9D
330
3C
100
AcDbEntity
  8
Layer 1
370
     0
100
AcDbVertex
100
AcDb2dVertex
 10
133.22607421875
 20
845.8876953125
 30
0.0
  0
VERTEX
  5
9E
330
3C
100
AcDbEntity
  8
Layer 1
370
     0
100
AcDbVertex
100
AcDb2dVertex
 10
133.32470703125
 20
845.80615234375
 30
0.0
  0
VERTEX
  5
9F
330
3C
100
AcDbEntity
  8
Layer 1
370
     0
100
AcDbVertex
100
AcDb2dVertex
 10
133.427734375
 20
845.73193359375
 30
0.0
  0
VERTEX
  5
A0
330
3C
100
AcDbEntity
  8
Layer 1
370
     0
100
AcDbVertex
100
AcDb2dVertex
 10
133.53564453125
 20
845.65625
 30
0.0
  0
VERTEX
  5
A1
330
3C
100
AcDbEntity
  8
Layer 1
370
     0
100
AcDbVertex
100
AcDb2dVertex
 10
133.6494140625
 20
845.5703125
 30
0.0
  0
VERTEX
  5
A2
330
3C
100
AcDbEntity
  8
Layer 1
370
     0
100
AcDbVertex
100
AcDb2dVertex
 10
133.802734375
 20
845.44921875
 30
0.0
  0
VERTEX
  5
A3
330
3C
100
AcDbEntity
  8
Layer 1
370
     0
100
AcDbVertex
100
AcDb2dVertex
 10
133.9404296875
 20
845.35107421875
 30
0.0
  0
VERTEX
  5
A4
330
3C
100
AcDbEntity
  8
Layer 1
370
     0
100
AcDbVertex
100
AcDb2dVertex
 10
134.09130859375
 20
845.2568359375
 30
0.0
  0
VERTEX
  5
A5
330
3C
100
AcDbEntity
  8
Layer 1
370
     0
100
AcDbVertex
100
AcDb2dVertex
 10
134.28466796875
 20
845.146484375
 30
0.0
  0
VERTEX
  5
A6
330
3C
100
AcDbEntity
  8
Layer 1
370
     0
100
AcDbVertex
100
AcDb2dVertex
 10
134.3076171875
 20
845.11767578125
 30
0.0
  0
VERTEX
  5
A7
330
3C
100
AcDbEntity
  8
Layer 1
370
     0
100
AcDbVertex
100
AcDb2dVertex
 10
134.3134765625
 20
845.083984375
 30
0.0
  0
VERTEX
  5
A8
330
3C
100
AcDbEntity
  8
Layer 1
370
     0
100
AcDbVertex
100
AcDb2dVertex
 10
134.33154296875
 20
845.0556640625
 30
0.0
  0
VERTEX
  5
A9
330
3C
100
AcDbEntity
  8
Layer 1
370
     0
100
AcDbVertex
100
AcDb2dVertex
 10
134.390625
 20
845.04052734375
 30
0.0
  0
VERTEX
  5
AA
330
3C
100
AcDbEntity
  8
Layer 1
370
     0
100
AcDbVertex
100
AcDb2dVertex
 10
134.48193359375
 20
844.98779296875
 30
0.0
  0
VERTEX
  5
AB
330
3C
100
AcDbEntity
  8
Layer 1
370
     0
100
AcDbVertex
100
AcDb2dVertex
 10
134.55126953125
 20
844.8701171875
 30
0.0
  0
VERTEX
  5
AC
330
3C
100
AcDbEntity
  8
Layer 1
370
     0
100
AcDbVertex
100
AcDb2dVertex
 10
134.6201171875
 20
844.73193359375
 30
0.0
  0
VERTEX
  5
AD
330
3C
100
AcDbEntity
  8
Layer 1
370
     0
100
AcDbVertex
100
AcDb2dVertex
 10
134.7080078125
 20
844.6171875
 30
0.0
  0
VERTEX
  5
AE
330
3C
100
AcDbEntity
  8
Layer 1
370
     0
100
AcDbVertex
100
AcDb2dVertex
 10
134.82470703125
 20
844.55908203125
 30
0.0
  0
VERTEX
  5
AF
330
3C
100
AcDbEntity
  8
Layer 1
370
     0
100
AcDbVertex
100
AcDb2dVertex
 10
134.9619140625
 20
844.52880859375
 30
0.0
  0
VERTEX
  5
B0
330
3C
100
AcDbEntity
  8
Layer 1
370
     0
100
AcDbVertex
100
AcDb2dVertex
 10
135.10498046875
 20
844.490234375
 30
0.0
  0
VERTEX
  5
B1
330
3C
100
AcDbEntity
  8
Layer 1
370
     0
100
AcDbVertex
100
AcDb2dVertex
 10
135.23779296875
 20
844.4052734375
 30
0.0
  0
VERTEX
  5
B2
330
3C
100
AcDbEntity
  8
Layer 1
370
     0
100
AcDbVertex
100
AcDb2dVertex
 10
135.3056640625
 20
844.32568359375
 30
0.0
  0
VERTEX
  5
B3
330
3C
100
AcDbEntity
  8
Layer 1
370
     0
100
AcDbVertex
100
AcDb2dVertex
 10
135.3720703125
 20
844.220703125
 30
0.0
  0
VERTEX
  5
B4
330
3C
100
AcDbEntity
  8
Layer 1
370
     0
100
AcDbVertex
100
AcDb2dVertex
 10
135.4248046875
 20
844.10205078125
 30
0.0
  0
VERTEX
  5
B5
330
3C
100
AcDbEntity
  8
Layer 1
370
     0
100
AcDbVertex
100
AcDb2dVertex
 10
135.44921875
 20
843.98193359375
 30
0.0
  0
VERTEX
  5
B6
330
3C
100
AcDbEntity
  8
Layer 1
370
     0
100
AcDbVertex
100
AcDb2dVertex
 10
135.439453125
 20
843.796875
 30
0.0
  0
VERTEX
  5
B7
330
3C
100
AcDbEntity
  8
Layer 1
370
     0
100
AcDbVertex
100
AcDb2dVertex
 10
135.3837890625
 20
843.68115234375
 30
0.0
  0
VERTEX
  5
B8
330
3C
100
AcDbEntity
  8
Layer 1
370
     0
100
AcDbVertex
100
AcDb2dVertex
 10
135.28125
 20
843.58349609375
 30
0.0
  0
VERTEX
  5
B9
330
3C
100
AcDbEntity
  8
Layer 1
370
     0
100
AcDbVertex
100
AcDb2dVertex
 10
135.1318359375
 20
843.4521484375
 30
0.0
  0
VERTEX
  5
BA
330
3C
100
AcDbEntity
  8
Layer 1
370
     0
100
AcDbVertex
100
AcDb2dVertex
 10
134.99658203125
 20
843.3232421875
 30
0.0
  0
VERTEX
  5
BB
330
3C
100
AcDbEntity
  8
Layer 1
370
     0
100
AcDbVertex
100
AcDb2dVertex
 10
134.8330078125
 20
843.1884765625
 30
0.0
  0
VERTEX
  5
BC
330
3C
100
AcDbEntity
  8
Layer 1
370
     0
100
AcDbVertex
100
AcDb2dVertex
 10
134.6328125
 20
843.07958984375
 30
0.0
  0
VERTEX
  5
BD
330
3C
100
AcDbEntity
  8
Layer 1
370
     0
100
AcDbVertex
100
AcDb2dVertex
 10
134.390625
 20
843.02880859375
 30
0.0
  0
VERTEX
  5
BE
330
3C
100
AcDbEntity
  8
Layer 1
370
     0
100
AcDbVertex
100
AcDb2dVertex
 10
134.1806640625
 20
843.0185546875
 30
0.0
  0
VERTEX
  5
BF
330
3C
100
AcDbEntity
  8
Layer 1
370
     0
100
AcDbVertex
100
AcDb2dVertex
 10
133.9130859375
 20
843.00927734375
 30
0.0
  0
VERTEX
  5
C0
330
3C
100
AcDbEntity
  8
Layer 1
370
     0
100
AcDbVertex
100
AcDb2dVertex
 10
133.61962890625
 20
843.009765625
 30
0.0
  0
VERTEX
  5
C1
330
3C
100
AcDbEntity
  8
Layer 1
370
     0
100
AcDbVertex
100
AcDb2dVertex
 10
133.33203125
 20
843.02880859375
 30
0.0
  0
VERTEX
  5
C2
330
3C
100
AcDbEntity
  8
Layer 1
370
     0
100
AcDbVertex
100
AcDb2dVertex
 10
132.4833984375
 20
843.294921875
 30
0.0
  0
VERTEX
  5
C3
330
3C
100
AcDbEntity
  8
Layer 1
370
     0
100
AcDbVertex
100
AcDb2dVertex
 10
131.60546875
 20
843.71142578125
 30
0.0
  0
VERTEX
  5
C4
330
3C
100
AcDbEntity
  8
Layer 1
370
     0
100
AcDbVertex
100
AcDb2dVertex
 10
130.6904296875
 20
843.99853515625
 30
0.0
  0
VERTEX
  5
C5
330
3C
100
AcDbEntity
  8
Layer 1
370
     0
100
AcDbVertex
100
AcDb2dVertex
 10
129.73193359375
 20
843.8759765625
 30
0.0
  0
VERTEX
  5
C6
330
3C
100
AcDbEntity
  8
Layer 1
370
     0
100
AcDbVertex
100
AcDb2dVertex
 10
129.58251953125
 20
843.8193359375
 30
0.0
  0
VERTEX
  5
C7
330
3C
100
AcDbEntity
  8
Layer 1
370
     0
100
AcDbVertex
100
AcDb2dVertex
 10
129.46728515625
 20
843.779296875
 30
0.0
  0
VERTEX
  5
C8
330
3C
100
AcDbEntity
  8
Layer 1
370
     0
100
AcDbVertex
100
AcDb2dVertex
 10
129.37841796875
 20
843.73486328125
 30
0.0
  0
VERTEX
  5
C9
330
3C
100
AcDbEntity
  8
Layer 1
370
     0
100
AcDbVertex
100
AcDb2dVertex
 10
129.30810546875
 20
843.6640625
 30
0.0
  0
VERTEX
  5
CA
330
3C
100
AcDbEntity
  8
Layer 1
370
     0
100
AcDbVertex
100
AcDb2dVertex
 10
129.26708984375
 20
843.564453125
 30
0.0
  0
VERTEX
  5
CB
330
3C
100
AcDbEntity
  8
Layer 1
370
     0
100
AcDbVertex
100
AcDb2dVertex
 10
129.25439453125
 20
843.455078125
 30
0.0
  0
VERTEX
  5
CC
330
3C
100
AcDbEntity
  8
Layer 1
370
     0
100
AcDbVertex
100
AcDb2dVertex
 10
129.2421875
 20
843.34423828125
 30
0.0
  0
VERTEX
  5
CD
330
3C
100
AcDbEntity
  8
Layer 1
370
     0
100
AcDbVertex
100
AcDb2dVertex
 10
129.20263671875
 20
843.24072265625
 30
0.0
  0
VERTEX
  5
CE
330
3C
100
AcDbEntity
  8
Layer 1
370
     0
100
AcDbVertex
100
AcDb2dVertex
 10
129.08935546875
 20
843.06787109375
 30
0.0
  0
VERTEX
  5
CF
330
3C
100
AcDbEntity
  8
Layer 1
370
     0
100
AcDbVertex
100
AcDb2dVertex
 10
128.97314453125
 20
842.9091796875
 30
0.0
  0
VERTEX
  5
D0
330
3C
100
AcDbEntity
  8
Layer 1
370
     0
100
AcDbVertex
100
AcDb2dVertex
 10
128.83935546875
 20
842.75732421875
 30
0.0
  0
VERTEX
  5
D1
330
3C
100
AcDbEntity
  8
Layer 1
370
     0
100
AcDbVertex
100
AcDb2dVertex
 10
128.6728515625
 20
842.60546875
 30
0.0
  0
VERTEX
  5
D2
330
3C
100
AcDbEntity
  8
Layer 1
370
     0
100
AcDbVertex
100
AcDb2dVertex
 10
128.62890625
 20
842.59765625
 30
0.0
  0
VERTEX
  5
D3
330
3C
100
AcDbEntity
  8
Layer 1
370
     0
100
AcDbVertex
100
AcDb2dVertex
 10
128.564453125
 20
842.607421875
 30
0.0
  0
VERTEX
  5
D4
330
3C
100
AcDbEntity
  8
Layer 1
370
     0
100
AcDbVertex
100
AcDb2dVertex
 10
128.50146484375
 20
842.6162109375
 30
0.0
  0
VERTEX
  5
D5
330
3C
100
AcDbEntity
  8
Layer 1
370
     0
100
AcDbVertex
100
AcDb2dVertex
 10
128.46142578125
 20
842.60546875
 30
0.0
  0
VERTEX
  5
D6
330
3C
100
AcDbEntity
  8
Layer 1
370
     0
100
AcDbVertex
100
AcDb2dVertex
 10
128.31787109375
 20
842.43359375
 30
0.0
  0
VERTEX
  5
D7
330
3C
100
AcDbEntity
  8
Layer 1
370
     0
100
AcDbVertex
100
AcDb2dVertex
 10
128.13916015625
 20
842.28173828125
 30
0.0
  0
VERTEX
  5
D8
330
3C
100
AcDbEntity
  8
Layer 1
370
     0
100
AcDbVertex
100
AcDb2dVertex
 10
127.88330078125
 20
842.18603515625
 30
0.0
  0
VERTEX
  5
D9
330
3C
100
AcDbEntity
  8
Layer 1
370
     0
100
AcDbVertex
100
AcDb2dVertex
 10
127.50830078125
 20
842.181640625
 30
0.0
  0
VERTEX
  5
DA
330
3C
100
AcDbEntity
  8
Layer 1
370
     0
100
AcDbVertex
100
AcDb2dVertex
 10
127.2939453125
 20
842.25634765625
 30
0.0
  0
VERTEX
  5
DB
330
3C
100
AcDbEntity
  8
Layer 1
370
     0
100
AcDbVertex
100
AcDb2dVertex
 10
127.09814453125
 20
842.3974609375
 30
0.0
  0
VERTEX
  5
DC
330
3C
100
AcDbEntity
  8
Layer 1
370
     0
100
AcDbVertex
100
AcDb2dVertex
 10
126.8955078125
 20
842.56298828125
 30
0.0
  0
VERTEX
  5
DD
330
3C
100
AcDbEntity
  8
Layer 1
370
     0
100
AcDbVertex
100
AcDb2dVertex
 10
126.6611328125
 20
842.71142578125
 30
0.0
  0
VERTEX
  5
DE
330
3C
100
AcDbEntity
  8
Layer 1
370
     0
100
AcDbVertex
100
AcDb2dVertex
 10
126.49462890625
 20
842.77392578125
 30
0.0
  0
VERTEX
  5
DF
330
3C
100
AcDbEntity
  8
Layer 1
370
     0
100
AcDbVertex
100
AcDb2dVertex
 10
126.32666015625
 20
842.82568359375
 30
0.0
  0
VERTEX
  5
E0
330
3C
100
AcDbEntity
  8
Layer 1
370
     0
100
AcDbVertex
100
AcDb2dVertex
 10
126.1669921875
 20
842.8994140625
 30
0.0
  0
VERTEX
  5
E1
330
3C
100
AcDbEntity
  8
Layer 1
370
     0
100
AcDbVertex
100
AcDb2dVertex
 10
126.02587890625
 20
843.02880859375
 30
0.0
  0
VERTEX
  5
E2
330
3C
100
AcDbEntity
  8
Layer 1
370
     0
100
AcDbVertex
100
AcDb2dVertex
 10
125.9970703125
 20
843.09716796875
 30
0.0
  0
VERTEX
  5
E3
330
3C
100
AcDbEntity
  8
Layer 1
370
     0
100
AcDbVertex
100
AcDb2dVertex
 10
125.97705078125
 20
843.18798828125
 30
0.0
  0
VERTEX
  5
E4
330
3C
100
AcDbEntity
  8
Layer 1
370
     0
100
AcDbVertex
100
AcDb2dVertex
 10
125.95556640625
 20
843.27880859375
 30
0.0
  0
VERTEX
  5
E5
330
3C
100
AcDbEntity
  8
Layer 1
370
     0
100
AcDbVertex
100
AcDb2dVertex
 10
125.919921875
 20
843.3466796875
 30
0.0
  0
VERTEX
  5
E6
330
3C
100
AcDbEntity
  8
Layer 1
370
     0
100
AcDbVertex
100
AcDb2dVertex
 10
125.80712890625
 20
843.4326171875
 30
0.0
  0
VERTEX
  5
E7
330
3C
100
AcDbEntity
  8
Layer 1
370
     0
100
AcDbVertex
100
AcDb2dVertex
 10
125.6708984375
 20
843.50048828125
 30
0.0
  0
VERTEX
  5
E8
330
3C
100
AcDbEntity
  8
Layer 1
370
     0
100
AcDbVertex
100
AcDb2dVertex
 10
125.5263671875
 20
843.57080078125
 30
0.0
  0
VERTEX
  5
E9
330
3C
100
AcDbEntity
  8
Layer 1
370
     0
100
AcDbVertex
100
AcDb2dVertex
 10
125.390625
 20
843.6640625
 30
0.0
  0
VERTEX
  5
EA
330
3C
100
AcDbEntity
  8
Layer 1
370
     0
100
AcDbVertex
100
AcDb2dVertex
 10
125.1474609375
 20
843.89599609375
 30
0.0
  0
VERTEX
  5
EB
330
3C
100
AcDbEntity
  8
Layer 1
370
     0
100
AcDbVertex
100
AcDb2dVertex
 10
124.90478515625
 20
844.13134765625
 30
0.0
  0
VERTEX
  5
EC
330
3C
100
AcDbEntity
  8
Layer 1
370
     0
100
AcDbVertex
100
AcDb2dVertex
 10
124.6669921875
 20
844.31884765625
 30
0.0
  0
VERTEX
  5
ED
330
3C
100
AcDbEntity
  8
Layer 1
370
     0
100
AcDbVertex
100
AcDb2dVertex
 10
124.43798828125
 20
844.4052734375
 30
0.0
  0
VERTEX
  5
EE
330
3C
100
AcDbEntity
  8
Layer 1
370
     0
100
AcDbVertex
100
AcDb2dVertex
 10
124.25537109375
 20
844.37158203125
 30
0.0
  0
VERTEX
  5
EF
330
3C
100
AcDbEntity
  8
Layer 1
370
     0
100
AcDbVertex
100
AcDb2dVertex
 10
124.0302734375
 20
844.2666015625
 30
0.0
  0
VERTEX
  5
F0
330
3C
100
AcDbEntity
  8
Layer 1
370
     0
100
AcDbVertex
100
AcDb2dVertex
 10
123.7705078125
 20
844.125
 30
0.0
  0
VERTEX
  5
F1
330
3C
100
AcDbEntity
  8
Layer 1
370
     0
100
AcDbVertex
100
AcDb2dVertex
 10
123.48486328125
 20
843.98193359375
 30
0.0
  0
VERTEX
  5
F2
330
3C
100
AcDbEntity
  8
Layer 1
370
     0
100
AcDbVertex
100
AcDb2dVertex
 10
123.3095703125
 20
843.90380859375
 30
0.0
  0
VERTEX
  5
F3
330
3C
100
AcDbEntity
  8
Layer 1
370
     0
100
AcDbVertex
100
AcDb2dVertex
 10
123.1279296875
 20
843.82421875
 30
0.0
  0
VERTEX
  5
F4
330
3C
100
AcDbEntity
  8
Layer 1
370
     0
100
AcDbVertex
100
AcDb2dVertex
 10
122.939453125
 20
843.744140625
 30
0.0
  0
VERTEX
  5
F5
330
3C
100
AcDbEntity
  8
Layer 1
370
     0
100
AcDbVertex
100
AcDb2dVertex
 10
122.74365234375
 20
843.6640625
 30
0.0
  0
VERTEX
  5
F6
330
3C
100
AcDbEntity
  8
Layer 1
370
     0
100
AcDbVertex
100
AcDb2dVertex
 10
122.6865234375
 20
843.63818359375
 30
0.0
  0
VERTEX
  5
F7
330
3C
100
AcDbEntity
  8
Layer 1
370
     0
100
AcDbVertex
100
AcDb2dVertex
 10
122.61376953125
 20
843.6025390625
 30
0.0
  0
VERTEX
  5
F8
330
3C
100
AcDbEntity
  8
Layer 1
370
     0
100
AcDbVertex
100
AcDb2dVertex
 10
122.552734375
 20
843.57080078125
 30
0.0
  0
VERTEX
  5
F9
330
3C
100
AcDbEntity
  8
Layer 1
370
     0
100
AcDbVertex
100
AcDb2dVertex
 10
122.53173828125
 20
843.55810546875
 30
0.0
  0
VERTEX
  5
FA
330
3C
100
AcDbEntity
  8
Layer 1
370
     0
100
AcDbVertex
100
AcDb2dVertex
 10
122.41162109375
 20
843.56005859375
 30
0.0
  0
VERTEX
  5
FB
330
3C
100
AcDbEntity
  8
Layer 1
370
     0
100
AcDbVertex
100
AcDb2dVertex
 10
122.32080078125
 20
843.59814453125
 30
0.0
  0
VERTEX
  5
FC
330
3C
100
AcDbEntity
  8
Layer 1
370
     0
100
AcDbVertex
100
AcDb2dVertex
 10
122.25634765625
 20
843.642578125
 30
0.0
  0
VERTEX
  5
FD
330
3C
100
AcDbEntity
  8
Layer 1
370
     0
100
AcDbVertex
100
AcDb2dVertex
 10
122.21435546875
 20
843.6640625
 30
0.0
  0
VERTEX
  5
FE
330
3C
100
AcDbEntity
  8
Layer 1
370
     0
100
AcDbVertex
100
AcDb2dVertex
 10
122.16015625
 20
843.6474609375
 30
0.0
  0
VERTEX
  5
FF
330
3C
100
AcDbEntity
  8
Layer 1
370
     0
100
AcDbVertex
100
AcDb2dVertex
 10
122.1162109375
 20
843.61083984375
 30
0.0
  0
VERTEX
  5
100
330
3C
100
AcDbEntity
  8
Layer 1
370
     0
100
AcDbVertex
100
AcDb2dVertex
 10
122.068359375
 20
843.57421875
 30
0.0
  0
VERTEX
  5
101
330
3C
100
AcDbEntity
  8
Layer 1
370
     0
100
AcDbVertex
100
AcDb2dVertex
 10
122.00244140625
 20
843.55810546875
 30
0.0
  0
VERTEX
  5
102
330
3C
100
AcDbEntity
  8
Layer 1
370
     0
100
AcDbVertex
100
AcDb2dVertex
 10
121.90185546875
 20
843.5771484375
 30
0.0
  0
VERTEX
  5
103
330
3C
100
AcDbEntity
  8
Layer 1
370
     0
100
AcDbVertex
100
AcDb2dVertex
 10
121.82958984375
 20
843.6162109375
 30
0.0
  0
VERTEX
  5
104
330
3C
100
AcDbEntity
  8
Layer 1
370
     0
100
AcDbVertex
100
AcDb2dVertex
 10
121.7646484375
 20
843.65283203125
 30
0.0
  0
VERTEX
  5
105
330
3C
100
AcDbEntity
  8
Layer 1
370
     0
100
AcDbVertex
100
AcDb2dVertex
 10
121.68505859375
 20
843.6640625
 30
0.0
  0
VERTEX
  5
106
330
3C
100
AcDbEntity
  8
Layer 1
370
     0
100
AcDbVertex
100
AcDb2dVertex
 10
121.65625
 20
843.64697265625
 30
0.0
  0
VERTEX
  5
107
330
3C
100
AcDbEntity
  8
Layer 1
370
     0
100
AcDbVertex
100
AcDb2dVertex
 10
121.60693359375
 20
843.611328125
 30
0.0
  0
VERTEX
  5
108
330
3C
100
AcDbEntity
  8
Layer 1
370
     0
100
AcDbVertex
100
AcDb2dVertex
 10
121.54345703125
 20
843.57568359375
 30
0.0
  0
VERTEX
  5
109
330
3C
100
AcDbEntity
  8
Layer 1
370
     0
100
AcDbVertex
100
AcDb2dVertex
 10
121.47314453125
 20
843.55810546875
 30
0.0
  0
VERTEX
  5
10A
330
3C
100
AcDbEntity
  8
Layer 1
370
     0
100
AcDbVertex
100
AcDb2dVertex
 10
121.412109375
 20
843.572265625
 30
0.0
  0
VERTEX
  5
10B
330
3C
100
AcDbEntity
  8
Layer 1
370
     0
100
AcDbVertex
100
AcDb2dVertex
 10
121.39111328125
 20
843.60693359375
 30
0.0
  0
VERTEX
  5
10C
330
3C
100
AcDbEntity
  8
Layer 1
370
     0
100
AcDbVertex
100
AcDb2dVertex
 10
121.384765625
 20
843.6435546875
 30
0.0
  0
VERTEX
  5
10D
330
3C
100
AcDbEntity
  8
Layer 1
370
     0
100
AcDbVertex
100
AcDb2dVertex
 10
121.3671875
 20
843.6640625
 30
0.0
  0
VERTEX
  5
10E
330
3C
100
AcDbEntity
  8
Layer 1
370
     0
100
AcDbVertex
100
AcDb2dVertex
 10
121.306640625
 20
843.65185546875
 30
0.0
  0
VERTEX
  5
10F
330
3C
100
AcDbEntity
  8
Layer 1
370
     0
100
AcDbVertex
100
AcDb2dVertex
 10
121.19189453125
 20
843.6181640625
 30
0.0
  0
VERTEX
  5
110
330
3C
100
AcDbEntity
  8
Layer 1
370
     0
100
AcDbVertex
100
AcDb2dVertex
 10
121.05908203125
 20
843.5810546875
 30
0.0
  0
VERTEX
  5
111
330
3C
100
AcDbEntity
  8
Layer 1
370
     0
100
AcDbVertex
100
AcDb2dVertex
 10
120.94384765625
 20
843.55810546875
 30
0.0
  0
VERTEX
  5
112
330
3C
100
AcDbEntity
  8
Layer 1
370
     0
100
AcDbVertex
100
AcDb2dVertex
 10
120.9462890625
 20
843.57763671875
 30
0.0
  0
VERTEX
  5
113
330
3C
100
AcDbEntity
  8
Layer 1
370
     0
100
AcDbVertex
100
AcDb2dVertex
 10
120.92578125
 20
843.61767578125
 30
0.0
  0
VERTEX
  5
114
330
3C
100
AcDbEntity
  8
Layer 1
370
     0
100
AcDbVertex
100
AcDb2dVertex
 10
120.8876953125
 20
843.654296875
 30
0.0
  0
VERTEX
  5
115
330
3C
100
AcDbEntity
  8
Layer 1
370
     0
100
AcDbVertex
100
AcDb2dVertex
 10
120.837890625
 20
843.6640625
 30
0.0
  0
VERTEX
  5
116
330
3C
100
AcDbEntity
  8
Layer 1
370
     0
100
AcDbVertex
100
AcDb2dVertex
 10
120.83984375
 20
843.65185546875
 30
0.0
  0
VERTEX
  5
117
330
3C
100
AcDbEntity
  8
Layer 1
370
     0
100
AcDbVertex
100
AcDb2dVertex
 10
120.8046875
 20
843.6162109375
 30
0.0
  0
VERTEX
  5
118
330
3C
100
AcDbEntity
  8
Layer 1
370
     0
100
AcDbVertex
100
AcDb2dVertex
 10
120.759765625
 20
843.57861328125
 30
0.0
  0
VERTEX
  5
119
330
3C
100
AcDbEntity
  8
Layer 1
370
     0
100
AcDbVertex
100
AcDb2dVertex
 10
120.73193359375
 20
843.55810546875
 30
0.0
  0
VERTEX
  5
11A
330
3C
100
AcDbEntity
  8
Layer 1
370
     0
100
AcDbVertex
100
AcDb2dVertex
 10
120.158203125
 20
843.42529296875
 30
0.0
  0
VERTEX
  5
11B
330
3C
100
AcDbEntity
  8
Layer 1
370
     0
100
AcDbVertex
100
AcDb2dVertex
 10
119.3837890625
 20
843.39208984375
 30
0.0
  0
VERTEX
  5
11C
330
3C
100
AcDbEntity
  8
Layer 1
370
     0
100
AcDbVertex
100
AcDb2dVertex
 10
118.54248046875
 20
843.38916015625
 30
0.0
  0
VERTEX
  5
11D
330
3C
100
AcDbEntity
  8
Layer 1
370
     0
100
AcDbVertex
100
AcDb2dVertex
 10
117.76708984375
 20
843.3466796875
 30
0.0
  0
VERTEX
  5
11E
330
3C
100
AcDbEntity
  8
Layer 1
370
     0
100
AcDbVertex
100
AcDb2dVertex
 10
117.46435546875
 20
843.29296875
 30
0.0
  0
VERTEX
  5
11F
330
3C
100
AcDbEntity
  8
Layer 1
370
     0
100
AcDbVertex
100
AcDb2dVertex
 10
117.1630859375
 20
843.21533203125
 30
0.0
  0
VERTEX
  5
120
330
3C
100
AcDbEntity
  8
Layer 1
370
     0
100
AcDbVertex
100
AcDb2dVertex
 10
116.8466796875
 20
843.12353515625
 30
0.0
  0
VERTEX
  5
121
330
3C
100
AcDbEntity
  8
Layer 1
370
     0
100
AcDbVertex
100
AcDb2dVertex
 10
116.49658203125
 20
843.02880859375
 30
0.0
  0
VERTEX
  5
122
330
3C
100
AcDbEntity
  8
Layer 1
370
     0
100
AcDbVertex
100
AcDb2dVertex
 10
116.41748046875
 20
843.015625
 30
0.0
  0
VERTEX
  5
123
330
3C
100
AcDbEntity
  8
Layer 1
370
     0
100
AcDbVertex
100
AcDb2dVertex
 10
116.2998046875
 20
842.99853515625
 30
0.0
  0
VERTEX
  5
124
330
3C
100
AcDbEntity
  8
Layer 1
370
     0
100
AcDbVertex
100
AcDb2dVertex
 10
116.1484375
 20
842.97021484375
 30
0.0
  0
VERTEX
  5
125
330
3C
100
AcDbEntity
  8
Layer 1
370
     0
100
AcDbVertex
100
AcDb2dVertex
 10
115.96728515625
 20
842.9228515625
 30
0.0
  0
VERTEX
  5
126
330
3C
100
AcDbEntity
  8
Layer 1
370
     0
100
AcDbVertex
100
AcDb2dVertex
 10
115.9140625
 20
842.88427734375
 30
0.0
  0
VERTEX
  5
127
330
3C
100
AcDbEntity
  8
Layer 1
370
     0
100
AcDbVertex
100
AcDb2dVertex
 10
115.85546875
 20
842.81689453125
 30
0.0
  0
VERTEX
  5
128
330
3C
100
AcDbEntity
  8
Layer 1
370
     0
100
AcDbVertex
100
AcDb2dVertex
 10
115.7998046875
 20
842.74951171875
 30
0.0
  0
VERTEX
  5
129
330
3C
100
AcDbEntity
  8
Layer 1
370
     0
100
AcDbVertex
100
AcDb2dVertex
 10
115.75537109375
 20
842.71142578125
 30
0.0
  0
VERTEX
  5
12A
330
3C
100
AcDbEntity
  8
Layer 1
370
     0
100
AcDbVertex
100
AcDb2dVertex
 10
115.02001953125
 20
842.54248046875
 30
0.0
  0
VERTEX
  5
12B
330
3C
100
AcDbEntity
  8
Layer 1
370
     0
100
AcDbVertex
100
AcDb2dVertex
 10
114.14990234375
 20
842.49951171875
 30
0.0
  0
VERTEX
  5
12C
330
3C
100
AcDbEntity
  8
Layer 1
370
     0
100
AcDbVertex
100
AcDb2dVertex
 10
113.2353515625
 20
842.5361328125
 30
0.0
  0
VERTEX
  5
12D
330
3C
100
AcDbEntity
  8
Layer 1
370
     0
100
AcDbVertex
100
AcDb2dVertex
 10
112.3671875
 20
842.60546875
 30
0.0
  0
VERTEX
  5
12E
330
3C
100
AcDbEntity
  8
Layer 1
370
     0
100
AcDbVertex
100
AcDb2dVertex
 10
111.67822265625
 20
842.673828125
 30
0.0
  0
VERTEX
  5
12F
330
3C
100
AcDbEntity
  8
Layer 1
370
     0
100
AcDbVertex
100
AcDb2dVertex
 10
110.98486328125
 20
842.73828125
 30
0.0
  0
VERTEX
  5
130
330
3C
100
AcDbEntity
  8
Layer 1
370
     0
100
AcDbVertex
100
AcDb2dVertex
 10
110.29443359375
 20
842.76220703125
 30
0.0
  0
VERTEX
  5
131
330
3C
100
AcDbEntity
  8
Layer 1
370
     0
100
AcDbVertex
100
AcDb2dVertex
 10
109.6142578125
 20
842.71142578125
 30
0.0
  0
VERTEX
  5
132
330
3C
100
AcDbEntity
  8
Layer 1
370
     0
100
AcDbVertex
100
AcDb2dVertex
 10
109.15087890625
 20
842.580078125
 30
0.0
  0
VERTEX
  5
133
330
3C
100
AcDbEntity
  8
Layer 1
370
     0
100
AcDbVertex
100
AcDb2dVertex
 10
108.67236328125
 20
842.35888671875
 30
0.0
  0
VERTEX
  5
134
330
3C
100
AcDbEntity
  8
Layer 1
370
     0
100
AcDbVertex
100
AcDb2dVertex
 10
108.1884765625
 20
842.10205078125
 30
0.0
  0
VERTEX
  5
135
330
3C
100
AcDbEntity
  8
Layer 1
370
     0
100
AcDbVertex
100
AcDb2dVertex
 10
107.70849609375
 20
841.8642578125
 30
0.0
  0
VERTEX
  5
136
330
3C
100
AcDbEntity
  8
Layer 1
370
     0
100
AcDbVertex
100
AcDb2dVertex
 10
107.6884765625
 20
841.84375
 30
0.0
  0
VERTEX
  5
137
330
3C
100
AcDbEntity
  8
Layer 1
370
     0
100
AcDbVertex
100
AcDb2dVertex
 10
107.67529296875
 20
841.8134765625
 30
0.0
  0
VERTEX
  5
138
330
3C
100
AcDbEntity
  8
Layer 1
370
     0
100
AcDbVertex
100
AcDb2dVertex
 10
107.65234375
 20
841.7822265625
 30
0.0
  0
VERTEX
  5
139
330
3C
100
AcDbEntity
  8
Layer 1
370
     0
100
AcDbVertex
100
AcDb2dVertex
 10
107.6025390625
 20
841.75830078125
 30
0.0
  0
VERTEX
  5
13A
330
3C
100
AcDbEntity
  8
Layer 1
370
     0
100
AcDbVertex
100
AcDb2dVertex
 10
107.27197265625
 20
841.654296875
 30
0.0
  0
VERTEX
  5
13B
330
3C
100
AcDbEntity
  8
Layer 1
370
     0
100
AcDbVertex
100
AcDb2dVertex
 10
106.96240234375
 20
841.5146484375
 30
0.0
  0
VERTEX
  5
13C
330
3C
100
AcDbEntity
  8
Layer 1
370
     0
100
AcDbVertex
100
AcDb2dVertex
 10
106.65576171875
 20
841.33837890625
 30
0.0
  0
VERTEX
  5
13D
330
3C
100
AcDbEntity
  8
Layer 1
370
     0
100
AcDbVertex
100
AcDb2dVertex
 10
106.33203125
 20
841.123046875
 30
0.0
  0
VERTEX
  5
13E
330
3C
100
AcDbEntity
  8
Layer 1
370
     0
100
AcDbVertex
100
AcDb2dVertex
 10
106.24853515625
 20
841.05029296875
 30
0.0
  0
VERTEX
  5
13F
330
3C
100
AcDbEntity
  8
Layer 1
370
     0
100
AcDbVertex
100
AcDb2dVertex
 10
106.171875
 20
840.96435546875
 30
0.0
  0
VERTEX
  5
140
330
3C
100
AcDbEntity
  8
Layer 1
370
     0
100
AcDbVertex
100
AcDb2dVertex
 10
106.09619140625
 20
840.87841796875
 30
0.0
  0
VERTEX
  5
141
330
3C
100
AcDbEntity
  8
Layer 1
370
     0
100
AcDbVertex
100
AcDb2dVertex
 10
106.0146484375
 20
840.8056640625
 30
0.0
  0
VERTEX
  5
142
330
3C
100
AcDbEntity
  8
Layer 1
370
     0
100
AcDbVertex
100
AcDb2dVertex
 10
105.70361328125
 20
840.599609375
 30
0.0
  0
VERTEX
  5
143
330
3C
100
AcDbEntity
  8
Layer 1
370
     0
100
AcDbVertex
100
AcDb2dVertex
 10
105.36669921875
 20
840.3974609375
 30
0.0
  0
VERTEX
  5
144
330
3C
100
AcDbEntity
  8
Layer 1
370
     0
100
AcDbVertex
100
AcDb2dVertex
 10
105.009765625
 20
840.18798828125
 30
0.0
  0
VERTEX
  5
145
330
3C
100
AcDbEntity
  8
Layer 1
370
     0
100
AcDbVertex
100
AcDb2dVertex
 10
104.63818359375
 20
839.95849609375
 30
0.0
  0
VERTEX
  5
146
330
3C
100
AcDbEntity
  8
Layer 1
370
     0
100
AcDbVertex
100
AcDb2dVertex
 10
104.61376953125
 20
839.9267578125
 30
0.0
  0
VERTEX
  5
147
330
3C
100
AcDbEntity
  8
Layer 1
370
     0
100
AcDbVertex
100
AcDb2dVertex
 10
104.60888671875
 20
839.8935546875
 30
0.0
  0
VERTEX
  5
148
330
3C
100
AcDbEntity
  8
Layer 1
370
     0
100
AcDbVertex
100
AcDb2dVertex
 10
104.591796875
 20
839.8662109375
 30
0.0
  0
VERTEX
  5
149
330
3C
100
AcDbEntity
  8
Layer 1
370
     0
100
AcDbVertex
100
AcDb2dVertex
 10
104.5322265625
 20
839.8525390625
 30
0.0
  0
VERTEX
  5
14A
330
3C
100
AcDbEntity
  8
Layer 1
370
     0
100
AcDbVertex
100
AcDb2dVertex
 10
104.439453125
 20
839.81201171875
 30
0.0
  0
VERTEX
  5
14B
330
3C
100
AcDbEntity
  8
Layer 1
370
     0
100
AcDbVertex
100
AcDb2dVertex
 10
104.3759765625
 20
839.7236328125
 30
0.0
  0
VERTEX
  5
14C
330
3C
100
AcDbEntity
  8
Layer 1
370
     0
100
AcDbVertex
100
AcDb2dVertex
 10
104.31103515625
 20
839.62060546875
 30
0.0
  0
VERTEX
  5
14D
330
3C
100
AcDbEntity
  8
Layer 1
370
     0
100
AcDbVertex
100
AcDb2dVertex
 10
104.21435546875
 20
839.53466796875
 30
0.0
  0
VERTEX
  5
14E
330
3C
100
AcDbEntity
  8
Layer 1
370
     0
100
AcDbVertex
100
AcDb2dVertex
 10
104.0654296875
 20
839.4794921875
 30
0.0
  0
VERTEX
  5
14F
330
3C
100
AcDbEntity
  8
Layer 1
370
     0
100
AcDbVertex
100
AcDb2dVertex
 10
103.87890625
 20
839.43603515625
 30
0.0
  0
VERTEX
  5
150
330
3C
100
AcDbEntity
  8
Layer 1
370
     0
100
AcDbVertex
100
AcDb2dVertex
 10
103.6748046875
 20
839.3896484375
 30
0.0
  0
VERTEX
  5
151
330
3C
100
AcDbEntity
  8
Layer 1
370
     0
100
AcDbVertex
100
AcDb2dVertex
 10
103.47314453125
 20
839.3232421875
 30
0.0
  0
VERTEX
  5
152
330
3C
100
AcDbEntity
  8
Layer 1
370
     0
100
AcDbVertex
100
AcDb2dVertex
 10
103.40478515625
 20
839.30029296875
 30
0.0
  0
VERTEX
  5
153
330
3C
100
AcDbEntity
  8
Layer 1
370
     0
100
AcDbVertex
100
AcDb2dVertex
 10
103.322265625
 20
839.27783203125
 30
0.0
  0
VERTEX
  5
154
330
3C
100
AcDbEntity
  8
Layer 1
370
     0
100
AcDbVertex
100
AcDb2dVertex
 10
103.236328125
 20
839.251953125
 30
0.0
  0
VERTEX
  5
155
330
3C
100
AcDbEntity
  8
Layer 1
370
     0
100
AcDbVertex
100
AcDb2dVertex
 10
103.15576171875
 20
839.21728515625
 30
0.0
  0
VERTEX
  5
156
330
3C
100
AcDbEntity
  8
Layer 1
370
     0
100
AcDbVertex
100
AcDb2dVertex
 10
103.10791015625
 20
839.17529296875
 30
0.0
  0
VERTEX
  5
157
330
3C
100
AcDbEntity
  8
Layer 1
370
     0
100
AcDbVertex
100
AcDb2dVertex
 10
103.04541015625
 20
839.10546875
 30
0.0
  0
VERTEX
  5
158
330
3C
100
AcDbEntity
  8
Layer 1
370
     0
100
AcDbVertex
100
AcDb2dVertex
 10
102.98486328125
 20
839.0390625
 30
0.0
  0
VERTEX
  5
159
330
3C
100
AcDbEntity
  8
Layer 1
370
     0
100
AcDbVertex
100
AcDb2dVertex
 10
102.94384765625
 20
839.00537109375
 30
0.0
  0
VERTEX
  5
15A
330
3C
100
AcDbEntity
  8
Layer 1
370
     0
100
AcDbVertex
100
AcDb2dVertex
 10
102.6806640625
 20
838.95654296875
 30
0.0
  0
VERTEX
  5
15B
330
3C
100
AcDbEntity
  8
Layer 1
370
     0
100
AcDbVertex
100
AcDb2dVertex
 10
102.384765625
 20
838.935546875
 30
0.0
  0
VERTEX
  5
15C
330
3C
100
AcDbEntity
  8
Layer 1
370
     0
100
AcDbVertex
100
AcDb2dVertex
 10
102.0771484375
 20
838.9228515625
 30
0.0
  0
VERTEX
  5
15D
330
3C
100
AcDbEntity
  8
Layer 1
370
     0
100
AcDbVertex
100
AcDb2dVertex
 10
101.779296875
 20
838.8994140625
 30
0.0
  0
VERTEX
  5
15E
330
3C
100
AcDbEntity
  8
Layer 1
370
     0
100
AcDbVertex
100
AcDb2dVertex
 10
101.3681640625
 20
838.84521484375
 30
0.0
  0
VERTEX
  5
15F
330
3C
100
AcDbEntity
  8
Layer 1
370
     0
100
AcDbVertex
100
AcDb2dVertex
 10
100.98828125
 20
838.79150390625
 30
0.0
  0
VERTEX
  5
160
330
3C
100
AcDbEntity
  8
Layer 1
370
     0
100
AcDbVertex
100
AcDb2dVertex
 10
100.6064453125
 20
838.73876953125
 30
0.0
  0
VERTEX
  5
161
330
3C
100
AcDbEntity
  8
Layer 1
370
     0
100
AcDbVertex
100
AcDb2dVertex
 10
100.19091796875
 20
838.6875
 30
0.0
  0
VERTEX
  5
162
330
3C
100
AcDbEntity
  8
Layer 1
370
     0
100
AcDbVertex
100
AcDb2dVertex
 10
100.11376953125
 20
838.68701171875
 30
0.0
  0
VERTEX
  5
163
330
3C
100
AcDbEntity
  8
Layer 1
370
     0
100
AcDbVertex
100
AcDb2dVertex
 10
100.03076171875
 20
838.6943359375
 30
0.0
  0
VERTEX
  5
164
330
3C
100
AcDbEntity
  8
Layer 1
370
     0
100
AcDbVertex
100
AcDb2dVertex
 10
99.94873046875
 20
838.6982421875
 30
0.0
  0
VERTEX
  5
165
330
3C
100
AcDbEntity
  8
Layer 1
370
     0
100
AcDbVertex
100
AcDb2dVertex
 10
99.87353515625
 20
838.6875
 30
0.0
  0
VERTEX
  5
166
330
3C
100
AcDbEntity
  8
Layer 1
370
     0
100
AcDbVertex
100
AcDb2dVertex
 10
99.833984375
 20
838.66455078125
 30
0.0
  0
VERTEX
  5
167
330
3C
100
AcDbEntity
  8
Layer 1
370
     0
100
AcDbVertex
100
AcDb2dVertex
 10
99.796875
 20
838.62841796875
 30
0.0
  0
VERTEX
  5
168
330
3C
100
AcDbEntity
  8
Layer 1
370
     0
100
AcDbVertex
100
AcDb2dVertex
 10
99.77197265625
 20
838.595703125
 30
0.0
  0
VERTEX
  5
169
330
3C
100
AcDbEntity
  8
Layer 1
370
     0
100
AcDbVertex
100
AcDb2dVertex
 10
99.767578125
 20
838.58203125
 30
0.0
  0
VERTEX
  5
16A
330
3C
100
AcDbEntity
  8
Layer 1
370
     0
100
AcDbVertex
100
AcDb2dVertex
 10
99.673828125
 20
838.58740234375
 30
0.0
  0
VERTEX
  5
16B
330
3C
100
AcDbEntity
  8
Layer 1
370
     0
100
AcDbVertex
100
AcDb2dVertex
 10
99.625
 20
838.6220703125
 30
0.0
  0
VERTEX
  5
16C
330
3C
100
AcDbEntity
  8
Layer 1
370
     0
100
AcDbVertex
100
AcDb2dVertex
 10
99.59423828125
 20
838.66357421875
 30
0.0
  0
VERTEX
  5
16D
330
3C
100
AcDbEntity
  8
Layer 1
370
     0
100
AcDbVertex
100
AcDb2dVertex
 10
99.5556640625
 20
838.6875
 30
0.0
  0
VERTEX
  5
16E
330
3C
100
AcDbEntity
  8
Layer 1
370
     0
100
AcDbVertex
100
AcDb2dVertex
 10
99.40087890625
 20
838.67529296875
 30
0.0
  0
VERTEX
  5
16F
330
3C
100
AcDbEntity
  8
Layer 1
370
     0
100
AcDbVertex
100
AcDb2dVertex
 10
99.26953125
 20
838.60888671875
 30
0.0
  0
VERTEX
  5
170
330
3C
100
AcDbEntity
  8
Layer 1
370
     0
100
AcDbVertex
100
AcDb2dVertex
 10
99.1220703125
 20
838.52880859375
 30
0.0
  0
VERTEX
  5
171
330
3C
100
AcDbEntity
  8
Layer 1
370
     0
100
AcDbVertex
100
AcDb2dVertex
 10
98.92041015625
 20
838.47607421875
 30
0.0
  0
VERTEX
  5
172
330
3C
100
AcDbEntity
  8
Layer 1
370
     0
100
AcDbVertex
100
AcDb2dVertex
 10
97.98828125
 20
838.4130859375
 30
0.0
  0
VERTEX
  5
173
330
3C
100
AcDbEntity
  8
Layer 1
370
     0
100
AcDbVertex
100
AcDb2dVertex
 10
97.0498046875
 20
838.39013671875
 30
0.0
  0
VERTEX
  5
174
330
3C
100
AcDbEntity
  8
Layer 1
370
     0
100
AcDbVertex
100
AcDb2dVertex
 10
96.12060546875
 20
838.3564453125
 30
0.0
  0
VERTEX
  5
175
330
3C
100
AcDbEntity
  8
Layer 1
370
     0
100
AcDbVertex
100
AcDb2dVertex
 10
95.21484375
 20
838.26416015625
 30
0.0
  0
VERTEX
  5
176
330
3C
100
AcDbEntity
  8
Layer 1
370
     0
100
AcDbVertex
100
AcDb2dVertex
 10
95.1826171875
 20
838.24658203125
 30
0.0
  0
VERTEX
  5
177
330
3C
100
AcDbEntity
  8
Layer 1
370
     0
100
AcDbVertex
100
AcDb2dVertex
 10
95.13525390625
 20
838.21142578125
 30
0.0
  0
VERTEX
  5
178
330
3C
100
AcDbEntity
  8
Layer 1
370
     0
100
AcDbVertex
100
AcDb2dVertex
 10
95.07421875
 20
838.1767578125
 30
0.0
  0
VERTEX
  5
179
330
3C
100
AcDbEntity
  8
Layer 1
370
     0
100
AcDbVertex
100
AcDb2dVertex
 10
95.0029296875
 20
838.158203125
 30
0.0
  0
VERTEX
  5
17A
330
3C
100
AcDbEntity
  8
Layer 1
370
     0
100
AcDbVertex
100
AcDb2dVertex
 10
94.8994140625
 20
838.15966796875
 30
0.0
  0
VERTEX
  5
17B
330
3C
100
AcDbEntity
  8
Layer 1
370
     0
100
AcDbVertex
100
AcDb2dVertex
 10
94.78955078125
 20
838.16748046875
 30
0.0
  0
VERTEX
  5
17C
330
3C
100
AcDbEntity
  8
Layer 1
370
     0
100
AcDbVertex
100
AcDb2dVertex
 10
94.6806640625
 20
838.1708984375
 30
0.0
  0
VERTEX
  5
17D
330
3C
100
AcDbEntity
  8
Layer 1
370
     0
100
AcDbVertex
100
AcDb2dVertex
 10
94.5791015625
 20
838.158203125
 30
0.0
  0
VERTEX
  5
17E
330
3C
100
AcDbEntity
  8
Layer 1
370
     0
100
AcDbVertex
100
AcDb2dVertex
 10
94.4931640625
 20
838.13818359375
 30
0.0
  0
VERTEX
  5
17F
330
3C
100
AcDbEntity
  8
Layer 1
370
     0
100
AcDbVertex
100
AcDb2dVertex
 10
94.3896484375
 20
838.1142578125
 30
0.0
  0
VERTEX
  5
180
330
3C
100
AcDbEntity
  8
Layer 1
370
     0
100
AcDbVertex
100
AcDb2dVertex
 10
94.27490234375
 20
838.0859375
 30
0.0
  0
VERTEX
  5
181
330
3C
100
AcDbEntity
  8
Layer 1
370
     0
100
AcDbVertex
100
AcDb2dVertex
 10
94.15576171875
 20
838.052734375
 30
0.0
  0
VERTEX
  5
182
330
3C
100
AcDbEntity
  8
Layer 1
370
     0
100
AcDbVertex
100
AcDb2dVertex
 10
94.06689453125
 20
838.029296875
 30
0.0
  0
VERTEX
  5
183
330
3C
100
AcDbEntity
  8
Layer 1
370
     0
100
AcDbVertex
100
AcDb2dVertex
 10
93.9658203125
 20
838.00634765625
 30
0.0
  0
VERTEX
  5
184
330
3C
100
AcDbEntity
  8
Layer 1
370
     0
100
AcDbVertex
100
AcDb2dVertex
 10
93.853515625
 20
837.97998046875
 30
0.0
  0
VERTEX
  5
185
330
3C
100
AcDbEntity
  8
Layer 1
370
     0
100
AcDbVertex
100
AcDb2dVertex
 10
93.732421875
 20
837.94677734375
 30
0.0
  0
VERTEX
  5
186
330
3C
100
AcDbEntity
  8
Layer 1
370
     0
100
AcDbVertex
100
AcDb2dVertex
 10
93.6142578125
 20
837.91064453125
 30
0.0
  0
VERTEX
  5
187
330
3C
100
AcDbEntity
  8
Layer 1
370
     0
100
AcDbVertex
100
AcDb2dVertex
 10
93.4375
 20
837.857421875
 30
0.0
  0
VERTEX
  5
188
330
3C
100
AcDbEntity
  8
Layer 1
370
     0
100
AcDbVertex
100
AcDb2dVertex
 10
93.22314453125
 20
837.7958984375
 30
0.0
  0
VERTEX
  5
189
330
3C
100
AcDbEntity
  8
Layer 1
370
     0
100
AcDbVertex
100
AcDb2dVertex
 10
92.9912109375
 20
837.73486328125
 30
0.0
  0
VERTEX
  5
18A
330
3C
100
AcDbEntity
  8
Layer 1
370
     0
100
AcDbVertex
100
AcDb2dVertex
 10
92.7998046875
 20
837.70751953125
 30
0.0
  0
VERTEX
  5
18B
330
3C
100
AcDbEntity
  8
Layer 1
370
     0
100
AcDbVertex
100
AcDb2dVertex
 10
92.517578125
 20
837.6865234375
 30
0.0
  0
VERTEX
  5
18C
330
3C
100
AcDbEntity
  8
Layer 1
370
     0
100
AcDbVertex
100
AcDb2dVertex
 10
92.1806640625
 20
837.6630859375
 30
0.0
  0
VERTEX
  5
18D
330
3C
100
AcDbEntity
  8
Layer 1
370
     0
100
AcDbVertex
100
AcDb2dVertex
 10
91.826171875
 20
837.62890625
 30
0.0
  0
VERTEX
  5
18E
330
3C
100
AcDbEntity
  8
Layer 1
370
     0
100
AcDbVertex
100
AcDb2dVertex
 10
91.55224609375
 20
837.57421875
 30
0.0
  0
VERTEX
  5
18F
330
3C
100
AcDbEntity
  8
Layer 1
370
     0
100
AcDbVertex
100
AcDb2dVertex
 10
91.2109375
 20
837.48388671875
 30
0.0
  0
VERTEX
  5
190
330
3C
100
AcDbEntity
  8
Layer 1
370
     0
100
AcDbVertex
100
AcDb2dVertex
 10
90.83349609375
 20
837.38671875
 30
0.0
  0
VERTEX
  5
191
330
3C
100
AcDbEntity
  8
Layer 1
370
     0
100
AcDbVertex
100
AcDb2dVertex
 10
90.4501953125
 20
837.3115234375
 30
0.0
  0
VERTEX
  5
192
330
3C
100
AcDbEntity
  8
Layer 1
370
     0
100
AcDbVertex
100
AcDb2dVertex
 10
90.45458984375
 20
837.33154296875
 30
0.0
  0
VERTEX
  5
193
330
3C
100
AcDbEntity
  8
Layer 1
370
     0
100
AcDbVertex
100
AcDb2dVertex
 10
90.4326171875
 20
837.37109375
 30
0.0
  0
VERTEX
  5
194
330
3C
100
AcDbEntity
  8
Layer 1
370
     0
100
AcDbVertex
100
AcDb2dVertex
 10
90.39306640625
 20
837.40673828125
 30
0.0
  0
VERTEX
  5
195
330
3C
100
AcDbEntity
  8
Layer 1
370
     0
100
AcDbVertex
100
AcDb2dVertex
 10
90.34423828125
 20
837.4169921875
 30
0.0
  0
VERTEX
  5
196
330
3C
100
AcDbEntity
  8
Layer 1
370
     0
100
AcDbVertex
100
AcDb2dVertex
 10
90.33544921875
 20
837.4013671875
 30
0.0
  0
VERTEX
  5
197
330
3C
100
AcDbEntity
  8
Layer 1
370
     0
100
AcDbVertex
100
AcDb2dVertex
 10
90.31689453125
 20
837.36767578125
 30
0.0
  0
VERTEX
  5
198
330
3C
100
AcDbEntity
  8
Layer 1
370
     0
100
AcDbVertex
100
AcDb2dVertex
 10
90.28564453125
 20
837.33203125
 30
0.0
  0
VERTEX
  5
199
330
3C
100
AcDbEntity
  8
Layer 1
370
     0
100
AcDbVertex
100
AcDb2dVertex
 10
90.23828125
 20
837.3115234375
 30
0.0
  0
VERTEX
  5
19A
330
3C
100
AcDbEntity
  8
Layer 1
370
     0
100
AcDbVertex
100
AcDb2dVertex
 10
90.15966796875
 20
837.3076171875
 30
0.0
  0
VERTEX
  5
19B
330
3C
100
AcDbEntity
  8
Layer 1
370
     0
100
AcDbVertex
100
AcDb2dVertex
 10
90.07958984375
 20
837.31103515625
 30
0.0
  0
VERTEX
  5
19C
330
3C
100
AcDbEntity
  8
Layer 1
370
     0
100
AcDbVertex
100
AcDb2dVertex
 10
89.99951171875
 20
837.31494140625
 30
0.0
  0
VERTEX
  5
19D
330
3C
100
AcDbEntity
  8
Layer 1
370
     0
100
AcDbVertex
100
AcDb2dVertex
 10
89.92041015625
 20
837.3115234375
 30
0.0
  0
VERTEX
  5
19E
330
3C
100
AcDbEntity
  8
Layer 1
370
     0
100
AcDbVertex
100
AcDb2dVertex
 10
89.5478515625
 20
837.28662109375
 30
0.0
  0
VERTEX
  5
19F
330
3C
100
AcDbEntity
  8
Layer 1
370
     0
100
AcDbVertex
100
AcDb2dVertex
 10
89.068359375
 20
837.2724609375
 30
0.0
  0
VERTEX
  5
1A0
330
3C
100
AcDbEntity
  8
Layer 1
370
     0
100
AcDbVertex
100
AcDb2dVertex
 10
88.53857421875
 20
837.251953125
 30
0.0
  0
VERTEX
  5
1A1
330
3C
100
AcDbEntity
  8
Layer 1
370
     0
100
AcDbVertex
100
AcDb2dVertex
 10
88.0146484375
 20
837.20556640625
 30
0.0
  0
VERTEX
  5
1A2
330
3C
100
AcDbEntity
  8
Layer 1
370
     0
100
AcDbVertex
100
AcDb2dVertex
 10
87.6181640625
 20
837.1279296875
 30
0.0
  0
VERTEX
  5
1A3
330
3C
100
AcDbEntity
  8
Layer 1
370
     0
100
AcDbVertex
100
AcDb2dVertex
 10
87.1982421875
 20
837.0126953125
 30
0.0
  0
VERTEX
  5
1A4
330
3C
100
AcDbEntity
  8
Layer 1
370
     0
100
AcDbVertex
100
AcDb2dVertex
 10
86.76318359375
 20
836.8876953125
 30
0.0
  0
VERTEX
  5
1A5
330
3C
100
AcDbEntity
  8
Layer 1
370
     0
100
AcDbVertex
100
AcDb2dVertex
 10
86.32080078125
 20
836.78173828125
 30
0.0
  0
VERTEX
  5
1A6
330
3C
100
AcDbEntity
  8
Layer 1
370
     0
100
AcDbVertex
100
AcDb2dVertex
 10
86.1357421875
 20
836.75146484375
 30
0.0
  0
VERTEX
  5
1A7
330
3C
100
AcDbEntity
  8
Layer 1
370
     0
100
AcDbVertex
100
AcDb2dVertex
 10
85.9501953125
 20
836.728515625
 30
0.0
  0
VERTEX
  5
1A8
330
3C
100
AcDbEntity
  8
Layer 1
370
     0
100
AcDbVertex
100
AcDb2dVertex
 10
85.7646484375
 20
836.70556640625
 30
0.0
  0
VERTEX
  5
1A9
330
3C
100
AcDbEntity
  8
Layer 1
370
     0
100
AcDbVertex
100
AcDb2dVertex
 10
85.57958984375
 20
836.67578125
 30
0.0
  0
VERTEX
  5
1AA
330
3C
100
AcDbEntity
  8
Layer 1
370
     0
100
AcDbVertex
100
AcDb2dVertex
 10
85.35888671875
 20
836.62353515625
 30
0.0
  0
VERTEX
  5
1AB
330
3C
100
AcDbEntity
  8
Layer 1
370
     0
100
AcDbVertex
100
AcDb2dVertex
 10
85.13671875
 20
836.56005859375
 30
0.0
  0
VERTEX
  5
1AC
330
3C
100
AcDbEntity
  8
Layer 1
370
     0
100
AcDbVertex
100
AcDb2dVertex
 10
84.92431640625
 20
836.50146484375
 30
0.0
  0
VERTEX
  5
1AD
330
3C
100
AcDbEntity
  8
Layer 1
370
     0
100
AcDbVertex
100
AcDb2dVertex
 10
84.732421875
 20
836.46435546875
 30
0.0
  0
VERTEX
  5
1AE
330
3C
100
AcDbEntity
  8
Layer 1
370
     0
100
AcDbVertex
100
AcDb2dVertex
 10
84.0498046875
 20
836.40673828125
 30
0.0
  0
VERTEX
  5
1AF
330
3C
100
AcDbEntity
  8
Layer 1
370
     0
100
AcDbVertex
100
AcDb2dVertex
 10
83.3583984375
 20
836.3818359375
 30
0.0
  0
VERTEX
  5
1B0
330
3C
100
AcDbEntity
  8
Layer 1
370
     0
100
AcDbVertex
100
AcDb2dVertex
 10
82.66552734375
 20
836.37158203125
 30
0.0
  0
VERTEX
  5
1B1
330
3C
100
AcDbEntity
  8
Layer 1
370
     0
100
AcDbVertex
100
AcDb2dVertex
 10
81.9794921875
 20
836.3583984375
 30
0.0
  0
VERTEX
  5
1B2
330
3C
100
AcDbEntity
  8
Layer 1
370
     0
100
AcDbVertex
100
AcDb2dVertex
 10
81.2998046875
 20
836.34375
 30
0.0
  0
VERTEX
  5
1B3
330
3C
100
AcDbEntity
  8
Layer 1
370
     0
100
AcDbVertex
100
AcDb2dVertex
 10
80.6142578125
 20
836.33056640625
 30
0.0
  0
VERTEX
  5
1B4
330
3C
100
AcDbEntity
  8
Layer 1
370
     0
100
AcDbVertex
100
AcDb2dVertex
 10
79.9228515625
 20
836.30517578125
 30
0.0
  0
VERTEX
  5
1B5
330
3C
100
AcDbEntity
  8
Layer 1
370
     0
100
AcDbVertex
100
AcDb2dVertex
 10
79.2265625
 20
836.25244140625
 30
0.0
  0
VERTEX
  5
1B6
330
3C
100
AcDbEntity
  8
Layer 1
370
     0
100
AcDbVertex
100
AcDb2dVertex
 10
78.9384765625
 20
836.21044921875
 30
0.0
  0
VERTEX
  5
1B7
330
3C
100
AcDbEntity
  8
Layer 1
370
     0
100
AcDbVertex
100
AcDb2dVertex
 10
78.64794921875
 20
836.15234375
 30
0.0
  0
VERTEX
  5
1B8
330
3C
100
AcDbEntity
  8
Layer 1
370
     0
100
AcDbVertex
100
AcDb2dVertex
 10
78.35595703125
 20
836.091796875
 30
0.0
  0
VERTEX
  5
1B9
330
3C
100
AcDbEntity
  8
Layer 1
370
     0
100
AcDbVertex
100
AcDb2dVertex
 10
78.06201171875
 20
836.041015625
 30
0.0
  0
VERTEX
  5
1BA
330
3C
100
AcDbEntity
  8
Layer 1
370
     0
100
AcDbVertex
100
AcDb2dVertex
 10
77.77099609375
 20
836.0087890625
 30
0.0
  0
VERTEX
  5
1BB
330
3C
100
AcDbEntity
  8
Layer 1
370
     0
100
AcDbVertex
100
AcDb2dVertex
 10
77.47998046875
 20
835.986328125
 30
0.0
  0
VERTEX
  5
1BC
330
3C
100
AcDbEntity
  8
Layer 1
370
     0
100
AcDbVertex
100
AcDb2dVertex
 10
77.18896484375
 20
835.96484375
 30
0.0
  0
VERTEX
  5
1BD
330
3C
100
AcDbEntity
  8
Layer 1
370
     0
100
AcDbVertex
100
AcDb2dVertex
 10
76.8974609375
 20
835.93505859375
 30
0.0
  0
VERTEX
  5
1BE
330
3C
100
AcDbEntity
  8
Layer 1
370
     0
100
AcDbVertex
100
AcDb2dVertex
 10
76.89697265625
 20
835.92138671875
 30
0.0
  0
VERTEX
  5
1BF
330
3C
100
AcDbEntity
  8
Layer 1
370
     0
100
AcDbVertex
100
AcDb2dVertex
 10
76.869140625
 20
835.88720703125
 30
0.0
  0
VERTEX
  5
1C0
330
3C
100
AcDbEntity
  8
Layer 1
370
     0
100
AcDbVertex
100
AcDb2dVertex
 10
76.8291015625
 20
835.85009765625
 30
0.0
  0
VERTEX
  5
1C1
330
3C
100
AcDbEntity
  8
Layer 1
370
     0
100
AcDbVertex
100
AcDb2dVertex
 10
76.79150390625
 20
835.8291015625
 30
0.0
  0
VERTEX
  5
1C2
330
3C
100
AcDbEntity
  8
Layer 1
370
     0
100
AcDbVertex
100
AcDb2dVertex
 10
76.533203125
 20
835.79248046875
 30
0.0
  0
VERTEX
  5
1C3
330
3C
100
AcDbEntity
  8
Layer 1
370
     0
100
AcDbVertex
100
AcDb2dVertex
 10
76.18994140625
 20
835.7705078125
 30
0.0
  0
VERTEX
  5
1C4
330
3C
100
AcDbEntity
  8
Layer 1
370
     0
100
AcDbVertex
100
AcDb2dVertex
 10
75.830078125
 20
835.75146484375
 30
0.0
  0
VERTEX
  5
1C5
330
3C
100
AcDbEntity
  8
Layer 1
370
     0
100
AcDbVertex
100
AcDb2dVertex
 10
75.5205078125
 20
835.72314453125
 30
0.0
  0
VERTEX
  5
1C6
330
3C
100
AcDbEntity
  8
Layer 1
370
     0
100
AcDbVertex
100
AcDb2dVertex
 10
75.197265625
 20
835.66845703125
 30
0.0
  0
VERTEX
  5
1C7
330
3C
100
AcDbEntity
  8
Layer 1
370
     0
100
AcDbVertex
100
AcDb2dVertex
 10
74.87646484375
 20
835.60546875
 30
0.0
  0
VERTEX
  5
1C8
330
3C
100
AcDbEntity
  8
Layer 1
370
     0
100
AcDbVertex
100
AcDb2dVertex
 10
74.560546875
 20
835.54833984375
 30
0.0
  0
VERTEX
  5
1C9
330
3C
100
AcDbEntity
  8
Layer 1
370
     0
100
AcDbVertex
100
AcDb2dVertex
 10
74.25
 20
835.51123046875
 30
0.0
  0
VERTEX
  5
1CA
330
3C
100
AcDbEntity
  8
Layer 1
370
     0
100
AcDbVertex
100
AcDb2dVertex
 10
73.65869140625
 20
835.490234375
 30
0.0
  0
VERTEX
  5
1CB
330
3C
100
AcDbEntity
  8
Layer 1
370
     0
100
AcDbVertex
100
AcDb2dVertex
 10
72.98974609375
 20
835.48486328125
 30
0.0
  0
VERTEX
  5
1CC
330
3C
100
AcDbEntity
  8
Layer 1
370
     0
100
AcDbVertex
100
AcDb2dVertex
 10
72.31591796875
 20
835.46630859375
 30
0.0
  0
VERTEX
  5
1CD
330
3C
100
AcDbEntity
  8
Layer 1
370
     0
100
AcDbVertex
100
AcDb2dVertex
 10
71.708984375
 20
835.4052734375
 30
0.0
  0
VERTEX
  5
1CE
330
3C
100
AcDbEntity
  8
Layer 1
370
     0
100
AcDbVertex
100
AcDb2dVertex
 10
71.5302734375
 20
835.3681640625
 30
0.0
  0
VERTEX
  5
1CF
330
3C
100
AcDbEntity
  8
Layer 1
370
     0
100
AcDbVertex
100
AcDb2dVertex
 10
71.33203125
 20
835.31689453125
 30
0.0
  0
VERTEX
  5
1D0
330
3C
100
AcDbEntity
  8
Layer 1
370
     0
100
AcDbVertex
100
AcDb2dVertex
 10
71.1103515625
 20
835.2568359375
 30
0.0
  0
VERTEX
  5
1D1
330
3C
100
AcDbEntity
  8
Layer 1
370
     0
100
AcDbVertex
100
AcDb2dVertex
 10
70.86181640625
 20
835.19384765625
 30
0.0
  0
VERTEX
  5
1D2
330
3C
100
AcDbEntity
  8
Layer 1
370
     0
100
AcDbVertex
100
AcDb2dVertex
 10
70.6630859375
 20
835.14794921875
 30
0.0
  0
VERTEX
  5
1D3
330
3C
100
AcDbEntity
  8
Layer 1
370
     0
100
AcDbVertex
100
AcDb2dVertex
 10
70.4482421875
 20
835.0986328125
 30
0.0
  0
VERTEX
  5
1D4
330
3C
100
AcDbEntity
  8
Layer 1
370
     0
100
AcDbVertex
100
AcDb2dVertex
 10
70.22802734375
 20
835.0439453125
 30
0.0
  0
VERTEX
  5
1D5
330
3C
100
AcDbEntity
  8
Layer 1
370
     0
100
AcDbVertex
100
AcDb2dVertex
 10
70.01513671875
 20
834.98193359375
 30
0.0
  0
VERTEX
  5
1D6
330
3C
100
AcDbEntity
  8
Layer 1
370
     0
100
AcDbVertex
100
AcDb2dVertex
 10
69.982421875
 20
834.9443359375
 30
0.0
  0
VERTEX
  5
1D7
330
3C
100
AcDbEntity
  8
Layer 1
370
     0
100
AcDbVertex
100
AcDb2dVertex
 10
69.95751953125
 20
834.87646484375
 30
0.0
  0
VERTEX
  5
1D8
330
3C
100
AcDbEntity
  8
Layer 1
370
     0
100
AcDbVertex
100
AcDb2dVertex
 10
69.93505859375
 20
834.80859375
 30
0.0
  0
VERTEX
  5
1D9
330
3C
100
AcDbEntity
  8
Layer 1
370
     0
100
AcDbVertex
100
AcDb2dVertex
 10
69.9091796875
 20
834.77001953125
 30
0.0
  0
VERTEX
  5
1DA
330
3C
100
AcDbEntity
  8
Layer 1
370
     0
100
AcDbVertex
100
AcDb2dVertex
 10
69.703125
 20
834.712890625
 30
0.0
  0
VERTEX
  5
1DB
330
3C
100
AcDbEntity
  8
Layer 1
370
     0
100
AcDbVertex
100
AcDb2dVertex
 10
69.42431640625
 20
834.66943359375
 30
0.0
  0
VERTEX
  5
1DC
330
3C
100
AcDbEntity
  8
Layer 1
370
     0
100
AcDbVertex
100
AcDb2dVertex
 10
69.123046875
 20
834.623046875
 30
0.0
  0
VERTEX
  5
1DD
330
3C
100
AcDbEntity
  8
Layer 1
370
     0
100
AcDbVertex
100
AcDb2dVertex
 10
68.85009765625
 20
834.55859375
 30
0.0
  0
VERTEX
  5
1DE
330
3C
100
AcDbEntity
  8
Layer 1
370
     0
100
AcDbVertex
100
AcDb2dVertex
 10
68.8095703125
 20
834.53466796875
 30
0.0
  0
VERTEX
  5
1DF
330
3C
100
AcDbEntity
  8
Layer 1
370
     0
100
AcDbVertex
100
AcDb2dVertex
 10
68.76904296875
 20
834.5009765625
 30
0.0
  0
VERTEX
  5
1E0
330
3C
100
AcDbEntity
  8
Layer 1
370
     0
100
AcDbVertex
100
AcDb2dVertex
 10
68.71630859375
 20
834.46923828125
 30
0.0
  0
VERTEX
  5
1E1
330
3C
100
AcDbEntity
  8
Layer 1
370
     0
100
AcDbVertex
100
AcDb2dVertex
 10
68.638671875
 20
834.45263671875
 30
0.0
  0
VERTEX
  5
1E2
330
3C
100
AcDbEntity
  8
Layer 1
370
     0
100
AcDbVertex
100
AcDb2dVertex
 10
68.51025390625
 20
834.44482421875
 30
0.0
  0
VERTEX
  5
1E3
330
3C
100
AcDbEntity
  8
Layer 1
370
     0
100
AcDbVertex
100
AcDb2dVertex
 10
68.34716796875
 20
834.4287109375
 30
0.0
  0
VERTEX
  5
1E4
330
3C
100
AcDbEntity
  8
Layer 1
370
     0
100
AcDbVertex
100
AcDb2dVertex
 10
68.1708984375
 20
834.3984375
 30
0.0
  0
VERTEX
  5
1E5
330
3C
100
AcDbEntity
  8
Layer 1
370
     0
100
AcDbVertex
100
AcDb2dVertex
 10
68.00341796875
 20
834.3466796875
 30
0.0
  0
VERTEX
  5
1E6
330
3C
100
AcDbEntity
  8
Layer 1
370
     0
100
AcDbVertex
100
AcDb2dVertex
 10
67.9716796875
 20
834.3076171875
 30
0.0
  0
VERTEX
  5
1E7
330
3C
100
AcDbEntity
  8
Layer 1
370
     0
100
AcDbVertex
100
AcDb2dVertex
 10
67.94677734375
 20
834.23974609375
 30
0.0
  0
VERTEX
  5
1E8
330
3C
100
AcDbEntity
  8
Layer 1
370
     0
100
AcDbVertex
100
AcDb2dVertex
 10
67.923828125
 20
834.17236328125
 30
0.0
  0
VERTEX
  5
1E9
330
3C
100
AcDbEntity
  8
Layer 1
370
     0
100
AcDbVertex
100
AcDb2dVertex
 10
67.8974609375
 20
834.134765625
 30
0.0
  0
VERTEX
  5
1EA
330
3C
100
AcDbEntity
  8
Layer 1
370
     0
100
AcDbVertex
100
AcDb2dVertex
 10
67.84814453125
 20
834.12646484375
 30
0.0
  0
VERTEX
  5
1EB
330
3C
100
AcDbEntity
  8
Layer 1
370
     0
100
AcDbVertex
100
AcDb2dVertex
 10
67.79248046875
 20
834.1328125
 30
0.0
  0
VERTEX
  5
1EC
330
3C
100
AcDbEntity
  8
Layer 1
370
     0
100
AcDbVertex
100
AcDb2dVertex
 10
67.736328125
 20
834.1396484375
 30
0.0
  0
VERTEX
  5
1ED
330
3C
100
AcDbEntity
  8
Layer 1
370
     0
100
AcDbVertex
100
AcDb2dVertex
 10
67.685546875
 20
834.134765625
 30
0.0
  0
VERTEX
  5
1EE
330
3C
100
AcDbEntity
  8
Layer 1
370
     0
100
AcDbVertex
100
AcDb2dVertex
 10
67.13671875
 20
833.978515625
 30
0.0
  0
VERTEX
  5
1EF
330
3C
100
AcDbEntity
  8
Layer 1
370
     0
100
AcDbVertex
100
AcDb2dVertex
 10
66.35498046875
 20
833.80615234375
 30
0.0
  0
VERTEX
  5
1F0
330
3C
100
AcDbEntity
  8
Layer 1
370
     0
100
AcDbVertex
100
AcDb2dVertex
 10
65.603515625
 20
833.71875
 30
0.0
  0
VERTEX
  5
1F1
330
3C
100
AcDbEntity
  8
Layer 1
370
     0
100
AcDbVertex
100
AcDb2dVertex
 10
65.14453125
 20
833.8173828125
 30
0.0
  0
VERTEX
  5
1F2
330
3C
100
AcDbEntity
  8
Layer 1
370
     0
100
AcDbVertex
100
AcDb2dVertex
 10
65.01025390625
 20
834.0908203125
 30
0.0
  0
VERTEX
  5
1F3
330
3C
100
AcDbEntity
  8
Layer 1
370
     0
100
AcDbVertex
100
AcDb2dVertex
 10
65.041015625
 20
834.3984375
 30
0.0
  0
VERTEX
  5
1F4
330
3C
100
AcDbEntity
  8
Layer 1
370
     0
100
AcDbVertex
100
AcDb2dVertex
 10
65.1494140625
 20
834.70654296875
 30
0.0
  0
VERTEX
  5
1F5
330
3C
100
AcDbEntity
  8
Layer 1
370
     0
100
AcDbVertex
100
AcDb2dVertex
 10
65.25048828125
 20
834.98193359375
 30
0.0
  0
VERTEX
  5
1F6
330
3C
100
AcDbEntity
  8
Layer 1
370
     0
100
AcDbVertex
100
AcDb2dVertex
 10
65.25634765625
 20
835.0830078125
 30
0.0
  0
VERTEX
  5
1F7
330
3C
100
AcDbEntity
  8
Layer 1
370
     0
100
AcDbVertex
100
AcDb2dVertex
 10
65.2421875
 20
835.197265625
 30
0.0
  0
VERTEX
  5
1F8
330
3C
100
AcDbEntity
  8
Layer 1
370
     0
100
AcDbVertex
100
AcDb2dVertex
 10
65.2314453125
 20
835.3095703125
 30
0.0
  0
VERTEX
  5
1F9
330
3C
100
AcDbEntity
  8
Layer 1
370
     0
100
AcDbVertex
100
AcDb2dVertex
 10
65.25048828125
 20
835.4052734375
 30
0.0
  0
VERTEX
  5
1FA
330
3C
100
AcDbEntity
  8
Layer 1
370
     0
100
AcDbVertex
100
AcDb2dVertex
 10
65.291015625
 20
835.43603515625
 30
0.0
  0
VERTEX
  5
1FB
330
3C
100
AcDbEntity
  8
Layer 1
370
     0
100
AcDbVertex
100
AcDb2dVertex
 10
65.35888671875
 20
835.46142578125
 30
0.0
  0
VERTEX
  5
1FC
330
3C
100
AcDbEntity
  8
Layer 1
370
     0
100
AcDbVertex
100
AcDb2dVertex
 10
65.42529296875
 20
835.4853515625
 30
0.0
  0
VERTEX
  5
1FD
330
3C
100
AcDbEntity
  8
Layer 1
370
     0
100
AcDbVertex
100
AcDb2dVertex
 10
65.4619140625
 20
835.51123046875
 30
0.0
  0
VERTEX
  5
1FE
330
3C
100
AcDbEntity
  8
Layer 1
370
     0
100
AcDbVertex
100
AcDb2dVertex
 10
65.53759765625
 20
835.728515625
 30
0.0
  0
VERTEX
  5
1FF
330
3C
100
AcDbEntity
  8
Layer 1
370
     0
100
AcDbVertex
100
AcDb2dVertex
 10
65.5849609375
 20
835.91064453125
 30
0.0
  0
VERTEX
  5
200
330
3C
100
AcDbEntity
  8
Layer 1
370
     0
100
AcDbVertex
100
AcDb2dVertex
 10
65.650390625
 20
836.078125
 30
0.0
  0
VERTEX
  5
201
330
3C
100
AcDbEntity
  8
Layer 1
370
     0
100
AcDbVertex
100
AcDb2dVertex
 10
65.77978515625
 20
836.25244140625
 30
0.0
  0
VERTEX
  5
202
330
3C
100
AcDbEntity
  8
Layer 1
370
     0
100
AcDbVertex
100
AcDb2dVertex
 10
65.80615234375
 20
836.279296875
 30
0.0
  0
VERTEX
  5
203
330
3C
100
AcDbEntity
  8
Layer 1
370
     0
100
AcDbVertex
100
AcDb2dVertex
 10
65.833984375
 20
836.30615234375
 30
0.0
  0
VERTEX
  5
204
330
3C
100
AcDbEntity
  8
Layer 1
370
     0
100
AcDbVertex
100
AcDb2dVertex
 10
65.86083984375
 20
836.3330078125
 30
0.0
  0
VERTEX
  5
205
330
3C
100
AcDbEntity
  8
Layer 1
370
     0
100
AcDbVertex
100
AcDb2dVertex
 10
65.8857421875
 20
836.3583984375
 30
0.0
  0
VERTEX
  5
206
330
3C
100
AcDbEntity
  8
Layer 1
370
     0
100
AcDbVertex
100
AcDb2dVertex
 10
65.92919921875
 20
836.38525390625
 30
0.0
  0
VERTEX
  5
207
330
3C
100
AcDbEntity
  8
Layer 1
370
     0
100
AcDbVertex
100
AcDb2dVertex
 10
65.99609375
 20
836.41357421875
 30
0.0
  0
VERTEX
  5
208
330
3C
100
AcDbEntity
  8
Layer 1
370
     0
100
AcDbVertex
100
AcDb2dVertex
 10
66.06005859375
 20
836.4404296875
 30
0.0
  0
VERTEX
  5
209
330
3C
100
AcDbEntity
  8
Layer 1
370
     0
100
AcDbVertex
100
AcDb2dVertex
 10
66.09716796875
 20
836.46435546875
 30
0.0
  0
VERTEX
  5
20A
330
3C
100
AcDbEntity
  8
Layer 1
370
     0
100
AcDbVertex
100
AcDb2dVertex
 10
66.10595703125
 20
836.5107421875
 30
0.0
  0
VERTEX
  5
20B
330
3C
100
AcDbEntity
  8
Layer 1
370
     0
100
AcDbVertex
100
AcDb2dVertex
 10
66.09619140625
 20
836.5712890625
 30
0.0
  0
VERTEX
  5
20C
330
3C
100
AcDbEntity
  8
Layer 1
370
     0
100
AcDbVertex
100
AcDb2dVertex
 10
66.0869140625
 20
836.63134765625
 30
0.0
  0
VERTEX
  5
20D
330
3C
100
AcDbEntity
  8
Layer 1
370
     0
100
AcDbVertex
100
AcDb2dVertex
 10
66.09716796875
 20
836.67578125
 30
0.0
  0
VERTEX
  5
20E
330
3C
100
AcDbEntity
  8
Layer 1
370
     0
100
AcDbVertex
100
AcDb2dVertex
 10
66.1396484375
 20
836.70166015625
 30
0.0
  0
VERTEX
  5
20F
330
3C
100
AcDbEntity
  8
Layer 1
370
     0
100
AcDbVertex
100
AcDb2dVertex
 10
66.2080078125
 20
836.72998046875
 30
0.0
  0
VERTEX
  5
210
330
3C
100
AcDbEntity
  8
Layer 1
370
     0
100
AcDbVertex
100
AcDb2dVertex
 10
66.27392578125
 20
836.75732421875
 30
0.0
  0
VERTEX
  5
211
330
3C
100
AcDbEntity
  8
Layer 1
370
     0
100
AcDbVertex
100
AcDb2dVertex
 10
66.30908203125
 20
836.78173828125
 30
0.0
  0
VERTEX
  5
212
330
3C
100
AcDbEntity
  8
Layer 1
370
     0
100
AcDbVertex
100
AcDb2dVertex
 10
66.35009765625
 20
836.88427734375
 30
0.0
  0
VERTEX
  5
213
330
3C
100
AcDbEntity
  8
Layer 1
370
     0
100
AcDbVertex
100
AcDb2dVertex
 10
66.38720703125
 20
836.982421875
 30
0.0
  0
VERTEX
  5
214
330
3C
100
AcDbEntity
  8
Layer 1
370
     0
100
AcDbVertex
100
AcDb2dVertex
 10
66.4384765625
 20
837.08642578125
 30
0.0
  0
VERTEX
  5
215
330
3C
100
AcDbEntity
  8
Layer 1
370
     0
100
AcDbVertex
100
AcDb2dVertex
 10
66.52099609375
 20
837.20556640625
 30
0.0
  0
VERTEX
  5
216
330
3C
100
AcDbEntity
  8
Layer 1
370
     0
100
AcDbVertex
100
AcDb2dVertex
 10
66.880859375
 20
837.62744140625
 30
0.0
  0
VERTEX
  5
217
330
3C
100
AcDbEntity
  8
Layer 1
370
     0
100
AcDbVertex
100
AcDb2dVertex
 10
67.19287109375
 20
838.07568359375
 30
0.0
  0
VERTEX
  5
218
330
3C
100
AcDbEntity
  8
Layer 1
370
     0
100
AcDbVertex
100
AcDb2dVertex
 10
67.380859375
 20
838.6708984375
 30
0.0
  0
VERTEX
  5
219
330
3C
100
AcDbEntity
  8
Layer 1
370
     0
100
AcDbVertex
100
AcDb2dVertex
 10
67.3681640625
 20
839.53466796875
 30
0.0
  0
VERTEX
  5
21A
330
3C
100
AcDbEntity
  8
Layer 1
370
     0
100
AcDbVertex
100
AcDb2dVertex
 10
67.337890625
 20
839.70166015625
 30
0.0
  0
VERTEX
  5
21B
330
3C
100
AcDbEntity
  8
Layer 1
370
     0
100
AcDbVertex
100
AcDb2dVertex
 10
67.291015625
 20
839.88232421875
 30
0.0
  0
VERTEX
  5
21C
330
3C
100
AcDbEntity
  8
Layer 1
370
     0
100
AcDbVertex
100
AcDb2dVertex
 10
67.22998046875
 20
840.07421875
 30
0.0
  0
VERTEX
  5
21D
330
3C
100
AcDbEntity
  8
Layer 1
370
     0
100
AcDbVertex
100
AcDb2dVertex
 10
67.15625
 20
840.27587890625
 30
0.0
  0
VERTEX
  5
21E
330
3C
100
AcDbEntity
  8
Layer 1
370
     0
100
AcDbVertex
100
AcDb2dVertex
 10
67.10888671875
 20
840.3623046875
 30
0.0
  0
VERTEX
  5
21F
330
3C
100
AcDbEntity
  8
Layer 1
370
     0
100
AcDbVertex
100
AcDb2dVertex
 10
67.05078125
 20
840.43212890625
 30
0.0
  0
VERTEX
  5
220
330
3C
100
AcDbEntity
  8
Layer 1
370
     0
100
AcDbVertex
100
AcDb2dVertex
 10
66.99267578125
 20
840.50341796875
 30
0.0
  0
VERTEX
  5
221
330
3C
100
AcDbEntity
  8
Layer 1
370
     0
100
AcDbVertex
100
AcDb2dVertex
 10
66.9443359375
 20
840.59375
 30
0.0
  0
VERTEX
  5
222
330
3C
100
AcDbEntity
  8
Layer 1
370
     0
100
AcDbVertex
100
AcDb2dVertex
 10
66.93701171875
 20
840.6435546875
 30
0.0
  0
VERTEX
  5
223
330
3C
100
AcDbEntity
  8
Layer 1
370
     0
100
AcDbVertex
100
AcDb2dVertex
 10
66.94189453125
 20
840.69873046875
 30
0.0
  0
VERTEX
  5
224
330
3C
100
AcDbEntity
  8
Layer 1
370
     0
100
AcDbVertex
100
AcDb2dVertex
 10
66.94775390625
 20
840.75390625
 30
0.0
  0
VERTEX
  5
225
330
3C
100
AcDbEntity
  8
Layer 1
370
     0
100
AcDbVertex
100
AcDb2dVertex
 10
66.9443359375
 20
840.8056640625
 30
0.0
  0
VERTEX
  5
226
330
3C
100
AcDbEntity
  8
Layer 1
370
     0
100
AcDbVertex
100
AcDb2dVertex
 10
66.923828125
 20
840.8916015625
 30
0.0
  0
VERTEX
  5
227
330
3C
100
AcDbEntity
  8
Layer 1
370
     0
100
AcDbVertex
100
AcDb2dVertex
 10
66.89990234375
 20
840.9951171875
 30
0.0
  0
VERTEX
  5
228
330
3C
100
AcDbEntity
  8
Layer 1
370
     0
100
AcDbVertex
100
AcDb2dVertex
 10
66.87158203125
 20
841.10986328125
 30
0.0
  0
VERTEX
  5
229
330
3C
100
AcDbEntity
  8
Layer 1
370
     0
100
AcDbVertex
100
AcDb2dVertex
 10
66.83837890625
 20
841.22900390625
 30
0.0
  0
VERTEX
  5
22A
330
3C
100
AcDbEntity
  8
Layer 1
370
     0
100
AcDbVertex
100
AcDb2dVertex
 10
66.80615234375
 20
841.3017578125
 30
0.0
  0
VERTEX
  5
22B
330
3C
100
AcDbEntity
  8
Layer 1
370
     0
100
AcDbVertex
100
AcDb2dVertex
 10
66.74267578125
 20
841.43994140625
 30
0.0
  0
VERTEX
  5
22C
330
3C
100
AcDbEntity
  8
Layer 1
370
     0
100
AcDbVertex
100
AcDb2dVertex
 10
66.67431640625
 20
841.60498046875
 30
0.0
  0
VERTEX
  5
22D
330
3C
100
AcDbEntity
  8
Layer 1
370
     0
100
AcDbVertex
100
AcDb2dVertex
 10
66.626953125
 20
841.75830078125
 30
0.0
  0
VERTEX
  5
22E
330
3C
100
AcDbEntity
  8
Layer 1
370
     0
100
AcDbVertex
100
AcDb2dVertex
 10
66.64013671875
 20
841.810546875
 30
0.0
  0
VERTEX
  5
22F
330
3C
100
AcDbEntity
  8
Layer 1
370
     0
100
AcDbVertex
100
AcDb2dVertex
 10
66.68359375
 20
841.85595703125
 30
0.0
  0
VERTEX
  5
230
330
3C
100
AcDbEntity
  8
Layer 1
370
     0
100
AcDbVertex
100
AcDb2dVertex
 10
66.72509765625
 20
841.90576171875
 30
0.0
  0
VERTEX
  5
231
330
3C
100
AcDbEntity
  8
Layer 1
370
     0
100
AcDbVertex
100
AcDb2dVertex
 10
66.732421875
 20
841.97021484375
 30
0.0
  0
VERTEX
  5
232
330
3C
100
AcDbEntity
  8
Layer 1
370
     0
100
AcDbVertex
100
AcDb2dVertex
 10
66.7099609375
 20
842.00927734375
 30
0.0
  0
VERTEX
  5
233
330
3C
100
AcDbEntity
  8
Layer 1
370
     0
100
AcDbVertex
100
AcDb2dVertex
 10
66.64892578125
 20
842.1318359375
 30
0.0
  0
VERTEX
  5
234
330
3C
100
AcDbEntity
  8
Layer 1
370
     0
100
AcDbVertex
100
AcDb2dVertex
 10
66.5771484375
 20
842.279296875
 30
0.0
  0
VERTEX
  5
235
330
3C
100
AcDbEntity
  8
Layer 1
370
     0
100
AcDbVertex
100
AcDb2dVertex
 10
66.52099609375
 20
842.3935546875
 30
0.0
  0
VERTEX
  5
236
330
3C
100
AcDbEntity
  8
Layer 1
370
     0
100
AcDbVertex
100
AcDb2dVertex
 10
66.43212890625
 20
842.56201171875
 30
0.0
  0
VERTEX
  5
237
330
3C
100
AcDbEntity
  8
Layer 1
370
     0
100
AcDbVertex
100
AcDb2dVertex
 10
66.31787109375
 20
842.74755859375
 30
0.0
  0
VERTEX
  5
238
330
3C
100
AcDbEntity
  8
Layer 1
370
     0
100
AcDbVertex
100
AcDb2dVertex
 10
66.1728515625
 20
842.94140625
 30
0.0
  0
VERTEX
  5
239
330
3C
100
AcDbEntity
  8
Layer 1
370
     0
100
AcDbVertex
100
AcDb2dVertex
 10
65.9912109375
 20
843.134765625
 30
0.0
  0
VERTEX
  5
23A
330
3C
100
AcDbEntity
  8
Layer 1
370
     0
100
AcDbVertex
100
AcDb2dVertex
 10
65.8994140625
 20
843.19384765625
 30
0.0
  0
VERTEX
  5
23B
330
3C
100
AcDbEntity
  8
Layer 1
370
     0
100
AcDbVertex
100
AcDb2dVertex
 10
65.7880859375
 20
843.23681640625
 30
0.0
  0
VERTEX
  5
23C
330
3C
100
AcDbEntity
  8
Layer 1
370
     0
100
AcDbVertex
100
AcDb2dVertex
 10
65.67236328125
 20
843.28173828125
 30
0.0
  0
VERTEX
  5
23D
330
3C
100
AcDbEntity
  8
Layer 1
370
     0
100
AcDbVertex
100
AcDb2dVertex
 10
65.56787109375
 20
843.3466796875
 30
0.0
  0
VERTEX
  5
23E
330
3C
100
AcDbEntity
  8
Layer 1
370
     0
100
AcDbVertex
100
AcDb2dVertex
 10
65.51123046875
 20
843.41796875
 30
0.0
  0
VERTEX
  5
23F
330
3C
100
AcDbEntity
  8
Layer 1
370
     0
100
AcDbVertex
100
AcDb2dVertex
 10
65.46337890625
 20
843.5087890625
 30
0.0
  0
VERTEX
  5
240
330
3C
100
AcDbEntity
  8
Layer 1
370
     0
100
AcDbVertex
100
AcDb2dVertex
 10
65.41455078125
 20
843.59814453125
 30
0.0
  0
VERTEX
  5
241
330
3C
100
AcDbEntity
  8
Layer 1
370
     0
100
AcDbVertex
100
AcDb2dVertex
 10
65.3564453125
 20
843.6640625
 30
0.0
  0
VERTEX
  5
242
330
3C
100
AcDbEntity
  8
Layer 1
370
     0
100
AcDbVertex
100
AcDb2dVertex
 10
65.1103515625
 20
843.80615234375
 30
0.0
  0
VERTEX
  5
243
330
3C
100
AcDbEntity
  8
Layer 1
370
     0
100
AcDbVertex
100
AcDb2dVertex
 10
64.80322265625
 20
843.9541015625
 30
0.0
  0
VERTEX
  5
244
330
3C
100
AcDbEntity
  8
Layer 1
370
     0
100
AcDbVertex
100
AcDb2dVertex
 10
64.4814453125
 20
844.115234375
 30
0.0
  0
VERTEX
  5
245
330
3C
100
AcDbEntity
  8
Layer 1
370
     0
100
AcDbVertex
100
AcDb2dVertex
 10
64.19140625
 20
844.29931640625
 30
0.0
  0
VERTEX
  5
246
330
3C
100
AcDbEntity
  8
Layer 1
370
     0
100
AcDbVertex
100
AcDb2dVertex
 10
64.11572265625
 20
844.369140625
 30
0.0
  0
VERTEX
  5
247
330
3C
100
AcDbEntity
  8
Layer 1
370
     0
100
AcDbVertex
100
AcDb2dVertex
 10
64.0673828125
 20
844.42333984375
 30
0.0
  0
VERTEX
  5
248
330
3C
100
AcDbEntity
  8
Layer 1
370
     0
100
AcDbVertex
100
AcDb2dVertex
 10
64.00146484375
 20
844.46826171875
 30
0.0
  0
VERTEX
  5
249
330
3C
100
AcDbEntity
  8
Layer 1
370
     0
100
AcDbVertex
100
AcDb2dVertex
 10
63.8740234375
 20
844.51123046875
 30
0.0
  0
VERTEX
  5
24A
330
3C
100
AcDbEntity
  8
Layer 1
370
     0
100
AcDbVertex
100
AcDb2dVertex
 10
63.61572265625
 20
844.51953125
 30
0.0
  0
VERTEX
  5
24B
330
3C
100
AcDbEntity
  8
Layer 1
370
     0
100
AcDbVertex
100
AcDb2dVertex
 10
63.24755859375
 20
844.48828125
 30
0.0
  0
VERTEX
  5
24C
330
3C
100
AcDbEntity
  8
Layer 1
370
     0
100
AcDbVertex
100
AcDb2dVertex
 10
62.8486328125
 20
844.46826171875
 30
0.0
  0
VERTEX
  5
24D
330
3C
100
AcDbEntity
  8
Layer 1
370
     0
100
AcDbVertex
100
AcDb2dVertex
 10
62.49755859375
 20
844.51123046875
 30
0.0
  0
VERTEX
  5
24E
330
3C
100
AcDbEntity
  8
Layer 1
370
     0
100
AcDbVertex
100
AcDb2dVertex
 10
62.46142578125
 20
844.5322265625
 30
0.0
  0
VERTEX
  5
24F
330
3C
100
AcDbEntity
  8
Layer 1
370
     0
100
AcDbVertex
100
AcDb2dVertex
 10
62.41796875
 20
844.568359375
 30
0.0
  0
VERTEX
  5
250
330
3C
100
AcDbEntity
  8
Layer 1
370
     0
100
AcDbVertex
100
AcDb2dVertex
 10
62.38818359375
 20
844.6025390625
 30
0.0
  0
VERTEX
  5
251
330
3C
100
AcDbEntity
  8
Layer 1
370
     0
100
AcDbVertex
100
AcDb2dVertex
 10
62.3916015625
 20
844.6171875
 30
0.0
  0
VERTEX
  5
252
330
3C
100
AcDbEntity
  8
Layer 1
370
     0
100
AcDbVertex
100
AcDb2dVertex
 10
62.25634765625
 20
844.599609375
 30
0.0
  0
VERTEX
  5
253
330
3C
100
AcDbEntity
  8
Layer 1
370
     0
100
AcDbVertex
100
AcDb2dVertex
 10
62.123046875
 20
844.5693359375
 30
0.0
  0
VERTEX
  5
254
330
3C
100
AcDbEntity
  8
Layer 1
370
     0
100
AcDbVertex
100
AcDb2dVertex
 10
61.96533203125
 20
844.5625
 30
0.0
  0
VERTEX
  5
255
330
3C
100
AcDbEntity
  8
Layer 1
370
     0
100
AcDbVertex
100
AcDb2dVertex
 10
61.75634765625
 20
844.6171875
 30
0.0
  0
VERTEX
  5
256
330
3C
100
AcDbEntity
  8
Layer 1
370
     0
100
AcDbVertex
100
AcDb2dVertex
 10
61.7099609375
 20
844.64501953125
 30
0.0
  0
VERTEX
  5
257
330
3C
100
AcDbEntity
  8
Layer 1
370
     0
100
AcDbVertex
100
AcDb2dVertex
 10
61.68798828125
 20
844.67431640625
 30
0.0
  0
VERTEX
  5
258
330
3C
100
AcDbEntity
  8
Layer 1
370
     0
100
AcDbVertex
100
AcDb2dVertex
 10
61.673828125
 20
844.70166015625
 30
0.0
  0
VERTEX
  5
259
330
3C
100
AcDbEntity
  8
Layer 1
370
     0
100
AcDbVertex
100
AcDb2dVertex
 10
61.650390625
 20
844.72314453125
 30
0.0
  0
VERTEX
  5
25A
330
3C
100
AcDbEntity
  8
Layer 1
370
     0
100
AcDbVertex
100
AcDb2dVertex
 10
61.5791015625
 20
844.75048828125
 30
0.0
  0
VERTEX
  5
25B
330
3C
100
AcDbEntity
  8
Layer 1
370
     0
100
AcDbVertex
100
AcDb2dVertex
 10
61.5
 20
844.77099609375
 30
0.0
  0
VERTEX
  5
25C
330
3C
100
AcDbEntity
  8
Layer 1
370
     0
100
AcDbVertex
100
AcDb2dVertex
 10
61.41650390625
 20
844.7939453125
 30
0.0
  0
VERTEX
  5
25D
330
3C
100
AcDbEntity
  8
Layer 1
370
     0
100
AcDbVertex
100
AcDb2dVertex
 10
61.33251953125
 20
844.8291015625
 30
0.0
  0
VERTEX
  5
25E
330
3C
100
AcDbEntity
  8
Layer 1
370
     0
100
AcDbVertex
100
AcDb2dVertex
 10
61.30224609375
 20
844.86962890625
 30
0.0
  0
VERTEX
  5
25F
330
3C
100
AcDbEntity
  8
Layer 1
370
     0
100
AcDbVertex
100
AcDb2dVertex
 10
61.27685546875
 20
844.9375
 30
0.0
  0
VERTEX
  5
260
330
3C
100
AcDbEntity
  8
Layer 1
370
     0
100
AcDbVertex
100
AcDb2dVertex
 10
61.2529296875
 20
845.00390625
 30
0.0
  0
VERTEX
  5
261
330
3C
100
AcDbEntity
  8
Layer 1
370
     0
100
AcDbVertex
100
AcDb2dVertex
 10
61.2265625
 20
845.04052734375
 30
0.0
  0
VERTEX
  5
262
330
3C
100
AcDbEntity
  8
Layer 1
370
     0
100
AcDbVertex
100
AcDb2dVertex
 10
61.1142578125
 20
845.06005859375
 30
0.0
  0
VERTEX
  5
263
330
3C
100
AcDbEntity
  8
Layer 1
370
     0
100
AcDbVertex
100
AcDb2dVertex
 10
60.9716796875
 20
845.060546875
 30
0.0
  0
VERTEX
  5
264
330
3C
100
AcDbEntity
  8
Layer 1
370
     0
100
AcDbVertex
100
AcDb2dVertex
 10
60.82373046875
 20
845.078125
 30
0.0
  0
VERTEX
  5
265
330
3C
100
AcDbEntity
  8
Layer 1
370
     0
100
AcDbVertex
100
AcDb2dVertex
 10
60.697265625
 20
845.146484375
 30
0.0
  0
VERTEX
  5
266
330
3C
100
AcDbEntity
  8
Layer 1
370
     0
100
AcDbVertex
100
AcDb2dVertex
 10
60.66748046875
 20
845.1923828125
 30
0.0
  0
VERTEX
  5
267
330
3C
100
AcDbEntity
  8
Layer 1
370
     0
100
AcDbVertex
100
AcDb2dVertex
 10
60.6435546875
 20
845.251953125
 30
0.0
  0
VERTEX
  5
268
330
3C
100
AcDbEntity
  8
Layer 1
370
     0
100
AcDbVertex
100
AcDb2dVertex
 10
60.62060546875
 20
845.31201171875
 30
0.0
  0
VERTEX
  5
269
330
3C
100
AcDbEntity
  8
Layer 1
370
     0
100
AcDbVertex
100
AcDb2dVertex
 10
60.591796875
 20
845.3583984375
 30
0.0
  0
VERTEX
  5
26A
330
3C
100
AcDbEntity
  8
Layer 1
370
     0
100
AcDbVertex
100
AcDb2dVertex
 10
60.474609375
 20
845.51513671875
 30
0.0
  0
VERTEX
  5
26B
330
3C
100
AcDbEntity
  8
Layer 1
370
     0
100
AcDbVertex
100
AcDb2dVertex
 10
60.318359375
 20
845.80419921875
 30
0.0
  0
VERTEX
  5
26C
330
3C
100
AcDbEntity
  8
Layer 1
370
     0
100
AcDbVertex
100
AcDb2dVertex
 10
60.2197265625
 20
846.16162109375
 30
0.0
  0
VERTEX
  5
26D
330
3C
100
AcDbEntity
  8
Layer 1
370
     0
100
AcDbVertex
100
AcDb2dVertex
 10
60.27392578125
 20
846.52294921875
 30
0.0
  0
VERTEX
  5
26E
330
3C
100
AcDbEntity
  8
Layer 1
370
     0
100
AcDbVertex
100
AcDb2dVertex
 10
60.42041015625
 20
846.66357421875
 30
0.0
  0
VERTEX
  5
26F
330
3C
100
AcDbEntity
  8
Layer 1
370
     0
100
AcDbVertex
100
AcDb2dVertex
 10
60.640625
 20
846.73486328125
 30
0.0
  0
VERTEX
  5
270
330
3C
100
AcDbEntity
  8
Layer 1
370
     0
100
AcDbVertex
100
AcDb2dVertex
 10
60.86279296875
 20
846.75341796875
 30
0.0
  0
VERTEX
  5
271
330
3C
100
AcDbEntity
  8
Layer 1
370
     0
100
AcDbVertex
100
AcDb2dVertex
 10
61.01513671875
 20
846.73486328125
 30
0.0
  0
VERTEX
  5
272
330
3C
100
AcDbEntity
  8
Layer 1
370
     0
100
AcDbVertex
100
AcDb2dVertex
 10
61.212890625
 20
846.7001953125
 30
0.0
  0
VERTEX
  5
273
330
3C
100
AcDbEntity
  8
Layer 1
370
     0
100
AcDbVertex
100
AcDb2dVertex
 10
61.359375
 20
846.73388671875
 30
0.0
  0
VERTEX
  5
274
330
3C
100
AcDbEntity
  8
Layer 1
370
     0
100
AcDbVertex
100
AcDb2dVertex
 10
61.51904296875
 20
846.794921875
 30
0.0
  0
VERTEX
  5
275
330
3C
100
AcDbEntity
  8
Layer 1
370
     0
100
AcDbVertex
100
AcDb2dVertex
 10
61.75634765625
 20
846.8408203125
 30
0.0
  0
VERTEX
  5
276
330
3C
100
AcDbEntity
  8
Layer 1
370
     0
100
AcDbVertex
100
AcDb2dVertex
 10
61.92822265625
 20
846.830078125
 30
0.0
  0
VERTEX
  5
277
330
3C
100
AcDbEntity
  8
Layer 1
370
     0
100
AcDbVertex
100
AcDb2dVertex
 10
62.1015625
 20
846.78955078125
 30
0.0
  0
VERTEX
  5
278
330
3C
100
AcDbEntity
  8
Layer 1
370
     0
100
AcDbVertex
100
AcDb2dVertex
 10
62.26123046875
 20
846.74853515625
 30
0.0
  0
VERTEX
  5
279
330
3C
100
AcDbEntity
  8
Layer 1
370
     0
100
AcDbVertex
100
AcDb2dVertex
 10
62.3916015625
 20
846.73486328125
 30
0.0
  0
VERTEX
  5
27A
330
3C
100
AcDbEntity
  8
Layer 1
370
     0
100
AcDbVertex
100
AcDb2dVertex
 10
62.5859375
 20
846.77587890625
 30
0.0
  0
VERTEX
  5
27B
330
3C
100
AcDbEntity
  8
Layer 1
370
     0
100
AcDbVertex
100
AcDb2dVertex
 10
62.81494140625
 20
846.84765625
 30
0.0
  0
VERTEX
  5
27C
330
3C
100
AcDbEntity
  8
Layer 1
370
     0
100
AcDbVertex
100
AcDb2dVertex
 10
63.0439453125
 20
846.916015625
 30
0.0
  0
VERTEX
  5
27D
330
3C
100
AcDbEntity
  8
Layer 1
370
     0
100
AcDbVertex
100
AcDb2dVertex
 10
63.23876953125
 20
846.9462890625
 30
0.0
  0
VERTEX
  5
27E
330
3C
100
AcDbEntity
  8
Layer 1
370
     0
100
AcDbVertex
100
AcDb2dVertex
 10
63.34765625
 20
846.9326171875
 30
0.0
  0
VERTEX
  5
27F
330
3C
100
AcDbEntity
  8
Layer 1
370
     0
100
AcDbVertex
100
AcDb2dVertex
 10
63.4013671875
 20
846.91064453125
 30
0.0
  0
VERTEX
  5
280
330
3C
100
AcDbEntity
  8
Layer 1
370
     0
100
AcDbVertex
100
AcDb2dVertex
 10
63.47900390625
 20
846.90576171875
 30
0.0
  0
VERTEX
  5
281
330
3C
100
AcDbEntity
  8
Layer 1
370
     0
100
AcDbVertex
100
AcDb2dVertex
 10
63.662109375
 20
846.9462890625
 30
0.0
  0
VERTEX
  5
282
330
3C
100
AcDbEntity
  8
Layer 1
370
     0
100
AcDbVertex
100
AcDb2dVertex
 10
63.77734375
 20
846.990234375
 30
0.0
  0
VERTEX
  5
283
330
3C
100
AcDbEntity
  8
Layer 1
370
     0
100
AcDbVertex
100
AcDb2dVertex
 10
63.880859375
 20
847.03515625
 30
0.0
  0
VERTEX
  5
284
330
3C
100
AcDbEntity
  8
Layer 1
370
     0
100
AcDbVertex
100
AcDb2dVertex
 10
64.0078125
 20
847.0625
 30
0.0
  0
VERTEX
  5
285
330
3C
100
AcDbEntity
  8
Layer 1
370
     0
100
AcDbVertex
100
AcDb2dVertex
 10
64.19140625
 20
847.05224609375
 30
0.0
  0
VERTEX
  5
286
330
3C
100
AcDbEntity
  8
Layer 1
370
     0
100
AcDbVertex
100
AcDb2dVertex
 10
64.19140625
 20
847.02685546875
 30
0.0
  0
VERTEX
  5
287
330
3C
100
AcDbEntity
  8
Layer 1
370
     0
100
AcDbVertex
100
AcDb2dVertex
 10
64.21533203125
 20
846.9736328125
 30
0.0
  0
VERTEX
  5
288
330
3C
100
AcDbEntity
  8
Layer 1
370
     0
100
AcDbVertex
100
AcDb2dVertex
 10
64.25390625
 20
846.93310546875
 30
0.0
  0
VERTEX
  5
289
330
3C
100
AcDbEntity
  8
Layer 1
370
     0
100
AcDbVertex
100
AcDb2dVertex
 10
64.29736328125
 20
846.9462890625
 30
0.0
  0
VERTEX
  5
28A
330
3C
100
AcDbEntity
  8
Layer 1
370
     0
100
AcDbVertex
100
AcDb2dVertex
 10
64.697265625
 20
847.0849609375
 30
0.0
  0
VERTEX
  5
28B
330
3C
100
AcDbEntity
  8
Layer 1
370
     0
100
AcDbVertex
100
AcDb2dVertex
 10
65.39599609375
 20
847.10009765625
 30
0.0
  0
VERTEX
  5
28C
330
3C
100
AcDbEntity
  8
Layer 1
370
     0
100
AcDbVertex
100
AcDb2dVertex
 10
66.1806640625
 20
847.06494140625
 30
0.0
  0
VERTEX
  5
28D
330
3C
100
AcDbEntity
  8
Layer 1
370
     0
100
AcDbVertex
100
AcDb2dVertex
 10
66.83837890625
 20
847.05224609375
 30
0.0
  0
VERTEX
  5
28E
330
3C
100
AcDbEntity
  8
Layer 1
370
     0
100
AcDbVertex
100
AcDb2dVertex
 10
67.4208984375
 20
847.09130859375
 30
0.0
  0
VERTEX
  5
28F
330
3C
100
AcDbEntity
  8
Layer 1
370
     0
100
AcDbVertex
100
AcDb2dVertex
 10
68.00048828125
 20
847.14794921875
 30
0.0
  0
VERTEX
  5
290
330
3C
100
AcDbEntity
  8
Layer 1
370
     0
100
AcDbVertex
100
AcDb2dVertex
 10
68.5810546875
 20
847.20947265625
 30
0.0
  0
VERTEX
  5
291
330
3C
100
AcDbEntity
  8
Layer 1
370
     0
100
AcDbVertex
100
AcDb2dVertex
 10
69.16796875
 20
847.26416015625
 30
0.0
  0
VERTEX
  5
292
330
3C
100
AcDbEntity
  8
Layer 1
370
     0
100
AcDbVertex
100
AcDb2dVertex
 10
69.34912109375
 20
847.28564453125
 30
0.0
  0
VERTEX
  5
293
330
3C
100
AcDbEntity
  8
Layer 1
370
     0
100
AcDbVertex
100
AcDb2dVertex
 10
69.5322265625
 20
847.31640625
 30
0.0
  0
VERTEX
  5
294
330
3C
100
AcDbEntity
  8
Layer 1
370
     0
100
AcDbVertex
100
AcDb2dVertex
 10
69.71875
 20
847.34716796875
 30
0.0
  0
VERTEX
  5
295
330
3C
100
AcDbEntity
  8
Layer 1
370
     0
100
AcDbVertex
100
AcDb2dVertex
 10
69.9091796875
 20
847.3701171875
 30
0.0
  0
VERTEX
  5
296
330
3C
100
AcDbEntity
  8
Layer 1
370
     0
100
AcDbVertex
100
AcDb2dVertex
 10
69.9716796875
 20
847.35888671875
 30
0.0
  0
VERTEX
  5
297
330
3C
100
AcDbEntity
  8
Layer 1
370
     0
100
AcDbVertex
100
AcDb2dVertex
 10
69.99169921875
 20
847.32421875
 30
0.0
  0
VERTEX
  5
298
330
3C
100
AcDbEntity
  8
Layer 1
370
     0
100
AcDbVertex
100
AcDb2dVertex
 10
69.9970703125
 20
847.28564453125
 30
0.0
  0
VERTEX
  5
299
330
3C
100
AcDbEntity
  8
Layer 1
370
     0
100
AcDbVertex
100
AcDb2dVertex
 10
70.01513671875
 20
847.26416015625
 30
0.0
  0
VERTEX
  5
29A
330
3C
100
AcDbEntity
  8
Layer 1
370
     0
100
AcDbVertex
100
AcDb2dVertex
 10
70.0693359375
 20
847.2763671875
 30
0.0
  0
VERTEX
  5
29B
330
3C
100
AcDbEntity
  8
Layer 1
370
     0
100
AcDbVertex
100
AcDb2dVertex
 10
70.19140625
 20
847.30712890625
 30
0.0
  0
VERTEX
  5
29C
330
3C
100
AcDbEntity
  8
Layer 1
370
     0
100
AcDbVertex
100
AcDb2dVertex
 10
70.35791015625
 20
847.34326171875
 30
0.0
  0
VERTEX
  5
29D
330
3C
100
AcDbEntity
  8
Layer 1
370
     0
100
AcDbVertex
100
AcDb2dVertex
 10
70.54443359375
 20
847.3701171875
 30
0.0
  0
VERTEX
  5
29E
330
3C
100
AcDbEntity
  8
Layer 1
370
     0
100
AcDbVertex
100
AcDb2dVertex
 10
70.7431640625
 20
847.39404296875
 30
0.0
  0
VERTEX
  5
29F
330
3C
100
AcDbEntity
  8
Layer 1
370
     0
100
AcDbVertex
100
AcDb2dVertex
 10
70.9248046875
 20
847.423828125
 30
0.0
  0
VERTEX
  5
2A0
330
3C
100
AcDbEntity
  8
Layer 1
370
     0
100
AcDbVertex
100
AcDb2dVertex
 10
71.1015625
 20
847.453125
 30
0.0
  0
VERTEX
  5
2A1
330
3C
100
AcDbEntity
  8
Layer 1
370
     0
100
AcDbVertex
100
AcDb2dVertex
 10
71.28564453125
 20
847.47607421875
 30
0.0
  0
VERTEX
  5
2A2
330
3C
100
AcDbEntity
  8
Layer 1
370
     0
100
AcDbVertex
100
AcDb2dVertex
 10
71.28369140625
 20
847.45654296875
 30
0.0
  0
VERTEX
  5
2A3
330
3C
100
AcDbEntity
  8
Layer 1
370
     0
100
AcDbVertex
100
AcDb2dVertex
 10
71.3037109375
 20
847.41650390625
 30
0.0
  0
VERTEX
  5
2A4
330
3C
100
AcDbEntity
  8
Layer 1
370
     0
100
AcDbVertex
100
AcDb2dVertex
 10
71.3408203125
 20
847.3798828125
 30
0.0
  0
VERTEX
  5
2A5
330
3C
100
AcDbEntity
  8
Layer 1
370
     0
100
AcDbVertex
100
AcDb2dVertex
 10
71.3916015625
 20
847.3701171875
 30
0.0
  0
VERTEX
  5
2A6
330
3C
100
AcDbEntity
  8
Layer 1
370
     0
100
AcDbVertex
100
AcDb2dVertex
 10
71.4013671875
 20
847.38623046875
 30
0.0
  0
VERTEX
  5
2A7
330
3C
100
AcDbEntity
  8
Layer 1
370
     0
100
AcDbVertex
100
AcDb2dVertex
 10
71.41845703125
 20
847.42041015625
 30
0.0
  0
VERTEX
  5
2A8
330
3C
100
AcDbEntity
  8
Layer 1
370
     0
100
AcDbVertex
100
AcDb2dVertex
 10
71.4482421875
 20
847.4560546875
 30
0.0
  0
VERTEX
  5
2A9
330
3C
100
AcDbEntity
  8
Layer 1
370
     0
100
AcDbVertex
100
AcDb2dVertex
 10
71.4970703125
 20
847.47607421875
 30
0.0
  0
VERTEX
  5
2AA
330
3C
100
AcDbEntity
  8
Layer 1
370
     0
100
AcDbVertex
100
AcDb2dVertex
 10
71.9453125
 20
847.51953125
 30
0.0
  0
VERTEX
  5
2AB
330
3C
100
AcDbEntity
  8
Layer 1
370
     0
100
AcDbVertex
100
AcDb2dVertex
 10
72.42529296875
 20
847.564453125
 30
0.0
  0
VERTEX
  5
2AC
330
3C
100
AcDbEntity
  8
Layer 1
370
     0
100
AcDbVertex
100
AcDb2dVertex
 10
72.91796875
 20
847.61767578125
 30
0.0
  0
VERTEX
  5
2AD
330
3C
100
AcDbEntity
  8
Layer 1
370
     0
100
AcDbVertex
100
AcDb2dVertex
 10
73.4033203125
 20
847.6875
 30
0.0
  0
VERTEX
  5
2AE
330
3C
100
AcDbEntity
  8
Layer 1
370
     0
100
AcDbVertex
100
AcDb2dVertex
 10
73.5009765625
 20
847.7138671875
 30
0.0
  0
VERTEX
  5
2AF
330
3C
100
AcDbEntity
  8
Layer 1
370
     0
100
AcDbVertex
100
AcDb2dVertex
 10
73.57275390625
 20
847.74560546875
 30
0.0
  0
VERTEX
  5
2B0
330
3C
100
AcDbEntity
  8
Layer 1
370
     0
100
AcDbVertex
100
AcDb2dVertex
 10
73.638671875
 20
847.775390625
 30
0.0
  0
VERTEX
  5
2B1
330
3C
100
AcDbEntity
  8
Layer 1
370
     0
100
AcDbVertex
100
AcDb2dVertex
 10
73.720703125
 20
847.79345703125
 30
0.0
  0
VERTEX
  5
2B2
330
3C
100
AcDbEntity
  8
Layer 1
370
     0
100
AcDbVertex
100
AcDb2dVertex
 10
73.78369140625
 20
847.78369140625
 30
0.0
  0
VERTEX
  5
2B3
330
3C
100
AcDbEntity
  8
Layer 1
370
     0
100
AcDbVertex
100
AcDb2dVertex
 10
73.8037109375
 20
847.7490234375
 30
0.0
  0
VERTEX
  5
2B4
330
3C
100
AcDbEntity
  8
Layer 1
370
     0
100
AcDbVertex
100
AcDb2dVertex
 10
73.80859375
 20
847.7099609375
 30
0.0
  0
VERTEX
  5
2B5
330
3C
100
AcDbEntity
  8
Layer 1
370
     0
100
AcDbVertex
100
AcDb2dVertex
 10
73.82666015625
 20
847.6875
 30
0.0
  0
VERTEX
  5
2B6
330
3C
100
AcDbEntity
  8
Layer 1
370
     0
100
AcDbVertex
100
AcDb2dVertex
 10
73.89013671875
 20
847.69287109375
 30
0.0
  0
VERTEX
  5
2B7
330
3C
100
AcDbEntity
  8
Layer 1
370
     0
100
AcDbVertex
100
AcDb2dVertex
 10
73.9111328125
 20
847.7294921875
 30
0.0
  0
VERTEX
  5
2B8
330
3C
100
AcDbEntity
  8
Layer 1
370
     0
100
AcDbVertex
100
AcDb2dVertex
 10
73.91650390625
 20
847.771484375
 30
0.0
  0
VERTEX
  5
2B9
330
3C
100
AcDbEntity
  8
Layer 1
370
     0
100
AcDbVertex
100
AcDb2dVertex
 10
73.9326171875
 20
847.79345703125
 30
0.0
  0
VERTEX
  5
2BA
330
3C
100
AcDbEntity
  8
Layer 1
370
     0
100
AcDbVertex
100
AcDb2dVertex
 10
74.5849609375
 20
847.86572265625
 30
0.0
  0
VERTEX
  5
2BB
330
3C
100
AcDbEntity
  8
Layer 1
370
     0
100
AcDbVertex
100
AcDb2dVertex
 10
75.2978515625
 20
847.9150390625
 30
0.0
  0
VERTEX
  5
2BC
330
3C
100
AcDbEntity
  8
Layer 1
370
     0
100
AcDbVertex
100
AcDb2dVertex
 10
76.0693359375
 20
847.95654296875
 30
0.0
  0
VERTEX
  5
2BD
330
3C
100
AcDbEntity
  8
Layer 1
370
     0
100
AcDbVertex
100
AcDb2dVertex
 10
76.8974609375
 20
848.00537109375
 30
0.0
  0
VERTEX
  5
2BE
330
3C
100
AcDbEntity
  8
Layer 1
370
     0
100
AcDbVertex
100
AcDb2dVertex
 10
77.28662109375
 20
848.02685546875
 30
0.0
  0
VERTEX
  5
2BF
330
3C
100
AcDbEntity
  8
Layer 1
370
     0
100
AcDbVertex
100
AcDb2dVertex
 10
77.6708984375
 20
848.044921875
 30
0.0
  0
VERTEX
  5
2C0
330
3C
100
AcDbEntity
  8
Layer 1
370
     0
100
AcDbVertex
100
AcDb2dVertex
 10
78.0390625
 20
848.06982421875
 30
0.0
  0
VERTEX
  5
2C1
330
3C
100
AcDbEntity
  8
Layer 1
370
     0
100
AcDbVertex
100
AcDb2dVertex
 10
78.37939453125
 20
848.111328125
 30
0.0
  0
VERTEX
  5
2C2
330
3C
100
AcDbEntity
  8
Layer 1
370
     0
100
AcDbVertex
100
AcDb2dVertex
 10
78.64453125
 20
848.17333984375
 30
0.0
  0
VERTEX
  5
2C3
330
3C
100
AcDbEntity
  8
Layer 1
370
     0
100
AcDbVertex
100
AcDb2dVertex
 10
78.90966796875
 20
848.259765625
 30
0.0
  0
VERTEX
  5
2C4
330
3C
100
AcDbEntity
  8
Layer 1
370
     0
100
AcDbVertex
100
AcDb2dVertex
 10
79.1748046875
 20
848.35107421875
 30
0.0
  0
VERTEX
  5
2C5
330
3C
100
AcDbEntity
  8
Layer 1
370
     0
100
AcDbVertex
100
AcDb2dVertex
 10
79.4384765625
 20
848.4287109375
 30
0.0
  0
VERTEX
  5
2C6
330
3C
100
AcDbEntity
  8
Layer 1
370
     0
100
AcDbVertex
100
AcDb2dVertex
 10
79.9951171875
 20
848.54736328125
 30
0.0
  0
VERTEX
  5
2C7
330
3C
100
AcDbEntity
  8
Layer 1
370
     0
100
AcDbVertex
100
AcDb2dVertex
 10
80.56494140625
 20
848.6455078125
 30
0.0
  0
VERTEX
  5
2C8
330
3C
100
AcDbEntity
  8
Layer 1
370
     0
100
AcDbVertex
100
AcDb2dVertex
 10
81.15380859375
 20
848.74169921875
 30
0.0
  0
VERTEX
  5
2C9
330
3C
100
AcDbEntity
  8
Layer 1
370
     0
100
AcDbVertex
100
AcDb2dVertex
 10
81.767578125
 20
848.8525390625
 30
0.0
  0
VERTEX
  5
2CA
330
3C
100
AcDbEntity
  8
Layer 1
370
     0
100
AcDbVertex
100
AcDb2dVertex
 10
81.80322265625
 20
848.87255859375
 30
0.0
  0
VERTEX
  5
2CB
330
3C
100
AcDbEntity
  8
Layer 1
370
     0
100
AcDbVertex
100
AcDb2dVertex
 10
81.84716796875
 20
848.90869140625
 30
0.0
  0
VERTEX
  5
2CC
330
3C
100
AcDbEntity
  8
Layer 1
370
     0
100
AcDbVertex
100
AcDb2dVertex
 10
81.90380859375
 20
848.94287109375
 30
0.0
  0
VERTEX
  5
2CD
330
3C
100
AcDbEntity
  8
Layer 1
370
     0
100
AcDbVertex
100
AcDb2dVertex
 10
81.9794921875
 20
848.9580078125
 30
0.0
  0
VERTEX
  5
2CE
330
3C
100
AcDbEntity
  8
Layer 1
370
     0
100
AcDbVertex
100
AcDb2dVertex
 10
81.9765625
 20
848.93212890625
 30
0.0
  0
VERTEX
  5
2CF
330
3C
100
AcDbEntity
  8
Layer 1
370
     0
100
AcDbVertex
100
AcDb2dVertex
 10
82.001953125
 20
848.88037109375
 30
0.0
  0
VERTEX
  5
2D0
330
3C
100
AcDbEntity
  8
Layer 1
370
     0
100
AcDbVertex
100
AcDb2dVertex
 10
82.04248046875
 20
848.8408203125
 30
0.0
  0
VERTEX
  5
2D1
330
3C
100
AcDbEntity
  8
Layer 1
370
     0
100
AcDbVertex
100
AcDb2dVertex
 10
82.08544921875
 20
848.8525390625
 30
0.0
  0
VERTEX
  5
2D2
330
3C
100
AcDbEntity
  8
Layer 1
370
     0
100
AcDbVertex
100
AcDb2dVertex
 10
82.42724609375
 20
849.005859375
 30
0.0
  0
VERTEX
  5
2D3
330
3C
100
AcDbEntity
  8
Layer 1
370
     0
100
AcDbVertex
100
AcDb2dVertex
 10
83.025390625
 20
849.0927734375
 30
0.0
  0
VERTEX
  5
2D4
330
3C
100
AcDbEntity
  8
Layer 1
370
     0
100
AcDbVertex
100
AcDb2dVertex
 10
83.7099609375
 20
849.138671875
 30
0.0
  0
VERTEX
  5
2D5
330
3C
100
AcDbEntity
  8
Layer 1
370
     0
100
AcDbVertex
100
AcDb2dVertex
 10
84.30908203125
 20
849.169921875
 30
0.0
  0
VERTEX
  5
2D6
330
3C
100
AcDbEntity
  8
Layer 1
370
     0
100
AcDbVertex
100
AcDb2dVertex
 10
85.45166015625
 20
849.24609375
 30
0.0
  0
VERTEX
  5
2D7
330
3C
100
AcDbEntity
  8
Layer 1
370
     0
100
AcDbVertex
100
AcDb2dVertex
 10
86.5322265625
 20
849.32177734375
 30
0.0
  0
VERTEX
  5
2D8
330
3C
100
AcDbEntity
  8
Layer 1
370
     0
100
AcDbVertex
100
AcDb2dVertex
 10
87.5869140625
 20
849.4013671875
 30
0.0
  0
VERTEX
  5
2D9
330
3C
100
AcDbEntity
  8
Layer 1
370
     0
100
AcDbVertex
100
AcDb2dVertex
 10
88.64990234375
 20
849.48779296875
 30
0.0
  0
VERTEX
  5
2DA
330
3C
100
AcDbEntity
  8
Layer 1
370
     0
100
AcDbVertex
100
AcDb2dVertex
 10
89.38818359375
 20
849.552734375
 30
0.0
  0
VERTEX
  5
2DB
330
3C
100
AcDbEntity
  8
Layer 1
370
     0
100
AcDbVertex
100
AcDb2dVertex
 10
90.13525390625
 20
849.625
 30
0.0
  0
VERTEX
  5
2DC
330
3C
100
AcDbEntity
  8
Layer 1
370
     0
100
AcDbVertex
100
AcDb2dVertex
 10
90.88037109375
 20
849.70849609375
 30
0.0
  0
VERTEX
  5
2DD
330
3C
100
AcDbEntity
  8
Layer 1
370
     0
100
AcDbVertex
100
AcDb2dVertex
 10
91.61474609375
 20
849.80517578125
 30
0.0
  0
VERTEX
  5
2DE
330
3C
100
AcDbEntity
  8
Layer 1
370
     0
100
AcDbVertex
100
AcDb2dVertex
 10
91.67822265625
 20
849.7978515625
 30
0.0
  0
VERTEX
  5
2DF
330
3C
100
AcDbEntity
  8
Layer 1
370
     0
100
AcDbVertex
100
AcDb2dVertex
 10
91.6982421875
 20
849.7626953125
 30
0.0
  0
VERTEX
  5
2E0
330
3C
100
AcDbEntity
  8
Layer 1
370
     0
100
AcDbVertex
100
AcDb2dVertex
 10
91.703125
 20
849.72216796875
 30
0.0
  0
VERTEX
  5
2E1
330
3C
100
AcDbEntity
  8
Layer 1
370
     0
100
AcDbVertex
100
AcDb2dVertex
 10
91.720703125
 20
849.69921875
 30
0.0
  0
VERTEX
  5
2E2
330
3C
100
AcDbEntity
  8
Layer 1
370
     0
100
AcDbVertex
100
AcDb2dVertex
 10
91.90966796875
 20
849.736328125
 30
0.0
  0
VERTEX
  5
2E3
330
3C
100
AcDbEntity
  8
Layer 1
370
     0
100
AcDbVertex
100
AcDb2dVertex
 10
92.2509765625
 20
849.837890625
 30
0.0
  0
VERTEX
  5
2E4
330
3C
100
AcDbEntity
  8
Layer 1
370
     0
100
AcDbVertex
100
AcDb2dVertex
 10
92.6181640625
 20
849.9501953125
 30
0.0
  0
VERTEX
  5
2E5
330
3C
100
AcDbEntity
  8
Layer 1
370
     0
100
AcDbVertex
100
AcDb2dVertex
 10
92.88525390625
 20
850.01708984375
 30
0.0
  0
VERTEX
  5
2E6
330
3C
100
AcDbEntity
  8
Layer 1
370
     0
100
AcDbVertex
100
AcDb2dVertex
 10
93.7734375
 20
850.109375
 30
0.0
  0
VERTEX
  5
2E7
330
3C
100
AcDbEntity
  8
Layer 1
370
     0
100
AcDbVertex
100
AcDb2dVertex
 10
94.6337890625
 20
850.15478515625
 30
0.0
  0
VERTEX
  5
2E8
330
3C
100
AcDbEntity
  8
Layer 1
370
     0
100
AcDbVertex
100
AcDb2dVertex
 10
95.4658203125
 20
850.21044921875
 30
0.0
  0
VERTEX
  5
2E9
330
3C
100
AcDbEntity
  8
Layer 1
370
     0
100
AcDbVertex
100
AcDb2dVertex
 10
96.2734375
 20
850.3349609375
 30
0.0
  0
VERTEX
  5
2EA
330
3C
100
AcDbEntity
  8
Layer 1
370
     0
100
AcDbVertex
100
AcDb2dVertex
 10
96.4638671875
 20
850.359375
 30
0.0
  0
VERTEX
  5
2EB
330
3C
100
AcDbEntity
  8
Layer 1
370
     0
100
AcDbVertex
100
AcDb2dVertex
 10
96.6767578125
 20
850.3671875
 30
0.0
  0
VERTEX
  5
2EC
330
3C
100
AcDbEntity
  8
Layer 1
370
     0
100
AcDbVertex
100
AcDb2dVertex
 10
96.9267578125
 20
850.3857421875
 30
0.0
  0
VERTEX
  5
2ED
330
3C
100
AcDbEntity
  8
Layer 1
370
     0
100
AcDbVertex
100
AcDb2dVertex
 10
97.2265625
 20
850.4404296875
 30
0.0
  0
VERTEX
  5
2EE
330
3C
100
AcDbEntity
  8
Layer 1
370
     0
100
AcDbVertex
100
AcDb2dVertex
 10
97.26904296875
 20
850.46337890625
 30
0.0
  0
VERTEX
  5
2EF
330
3C
100
AcDbEntity
  8
Layer 1
370
     0
100
AcDbVertex
100
AcDb2dVertex
 10
97.3037109375
 20
850.49951171875
 30
0.0
  0
VERTEX
  5
2F0
330
3C
100
AcDbEntity
  8
Layer 1
370
     0
100
AcDbVertex
100
AcDb2dVertex
 10
97.326171875
 20
850.5322265625
 30
0.0
  0
VERTEX
  5
2F1
330
3C
100
AcDbEntity
  8
Layer 1
370
     0
100
AcDbVertex
100
AcDb2dVertex
 10
97.33203125
 20
850.54638671875
 30
0.0
  0
VERTEX
  5
2F2
330
3C
100
AcDbEntity
  8
Layer 1
370
     0
100
AcDbVertex
100
AcDb2dVertex
 10
97.48828125
 20
850.55224609375
 30
0.0
  0
VERTEX
  5
2F3
330
3C
100
AcDbEntity
  8
Layer 1
370
     0
100
AcDbVertex
100
AcDb2dVertex
 10
97.552734375
 20
850.53369140625
 30
0.0
  0
VERTEX
  5
2F4
330
3C
100
AcDbEntity
  8
Layer 1
370
     0
100
AcDbVertex
100
AcDb2dVertex
 10
97.61279296875
 20
850.521484375
 30
0.0
  0
VERTEX
  5
2F5
330
3C
100
AcDbEntity
  8
Layer 1
370
     0
100
AcDbVertex
100
AcDb2dVertex
 10
97.755859375
 20
850.54638671875
 30
0.0
  0
VERTEX
  5
2F6
330
3C
100
AcDbEntity
  8
Layer 1
370
     0
100
AcDbVertex
100
AcDb2dVertex
 10
97.861328125
 20
850.57080078125
 30
0.0
  0
VERTEX
  5
2F7
330
3C
100
AcDbEntity
  8
Layer 1
370
     0
100
AcDbVertex
100
AcDb2dVertex
 10
98.0126953125
 20
850.603515625
 30
0.0
  0
VERTEX
  5
2F8
330
3C
100
AcDbEntity
  8
Layer 1
370
     0
100
AcDbVertex
100
AcDb2dVertex
 10
98.16748046875
 20
850.63427734375
 30
0.0
  0
VERTEX
  5
2F9
330
3C
100
AcDbEntity
  8
Layer 1
370
     0
100
AcDbVertex
100
AcDb2dVertex
 10
98.28515625
 20
850.65234375
 30
0.0
  0
VERTEX
  5
2FA
330
3C
100
AcDbEntity
  8
Layer 1
370
     0
100
AcDbVertex
100
AcDb2dVertex
 10
98.34814453125
 20
850.642578125
 30
0.0
  0
VERTEX
  5
2FB
330
3C
100
AcDbEntity
  8
Layer 1
370
     0
100
AcDbVertex
100
AcDb2dVertex
 10
98.3681640625
 20
850.60791015625
 30
0.0
  0
VERTEX
  5
2FC
330
3C
100
AcDbEntity
  8
Layer 1
370
     0
100
AcDbVertex
100
AcDb2dVertex
 10
98.373046875
 20
850.56884765625
 30
0.0
  0
VERTEX
  5
2FD
330
3C
100
AcDbEntity
  8
Layer 1
370
     0
100
AcDbVertex
100
AcDb2dVertex
 10
98.39111328125
 20
850.54638671875
 30
0.0
  0
VERTEX
  5
2FE
330
3C
100
AcDbEntity
  8
Layer 1
370
     0
100
AcDbVertex
100
AcDb2dVertex
 10
98.45458984375
 20
850.5517578125
 30
0.0
  0
VERTEX
  5
2FF
330
3C
100
AcDbEntity
  8
Layer 1
370
     0
100
AcDbVertex
100
AcDb2dVertex
 10
98.4755859375
 20
850.587890625
 30
0.0
  0
VERTEX
  5
300
330
3C
100
AcDbEntity
  8
Layer 1
370
     0
100
AcDbVertex
100
AcDb2dVertex
 10
98.4814453125
 20
850.6298828125
 30
0.0
  0
VERTEX
  5
301
330
3C
100
AcDbEntity
  8
Layer 1
370
     0
100
AcDbVertex
100
AcDb2dVertex
 10
98.4970703125
 20
850.65234375
 30
0.0
  0
VERTEX
  5
302
330
3C
100
AcDbEntity
  8
Layer 1
370
     0
100
AcDbVertex
100
AcDb2dVertex
 10
99.59130859375
 20
850.79736328125
 30
0.0
  0
VERTEX
  5
303
330
3C
100
AcDbEntity
  8
Layer 1
370
     0
100
AcDbVertex
100
AcDb2dVertex
 10
100.6796875
 20
850.92236328125
 30
0.0
  0
VERTEX
  5
304
330
3C
100
AcDbEntity
  8
Layer 1
370
     0
100
AcDbVertex
100
AcDb2dVertex
 10
101.7626953125
 20
851.01806640625
 30
0.0
  0
VERTEX
  5
305
330
3C
100
AcDbEntity
  8
Layer 1
370
     0
100
AcDbVertex
100
AcDb2dVertex
 10
102.837890625
 20
851.07568359375
 30
0.0
  0
VERTEX
  5
306
330
3C
100
AcDbEntity
  8
Layer 1
370
     0
100
AcDbVertex
100
AcDb2dVertex
 10
103.6103515625
 20
851.091796875
 30
0.0
  0
VERTEX
  5
307
330
3C
100
AcDbEntity
  8
Layer 1
370
     0
100
AcDbVertex
100
AcDb2dVertex
 10
104.3876953125
 20
851.10205078125
 30
0.0
  0
VERTEX
  5
308
330
3C
100
AcDbEntity
  8
Layer 1
370
     0
100
AcDbVertex
100
AcDb2dVertex
 10
105.15771484375
 20
851.12548828125
 30
0.0
  0
VERTEX
  5
309
330
3C
100
AcDbEntity
  8
Layer 1
370
     0
100
AcDbVertex
100
AcDb2dVertex
 10
105.90869140625
 20
851.181640625
 30
0.0
  0
VERTEX
  5
30A
330
3C
100
AcDbEntity
  8
Layer 1
370
     0
100
AcDbVertex
100
AcDb2dVertex
 10
106.37109375
 20
851.263671875
 30
0.0
  0
VERTEX
  5
30B
330
3C
100
AcDbEntity
  8
Layer 1
370
     0
100
AcDbVertex
100
AcDb2dVertex
 10
106.86669921875
 20
851.39111328125
 30
0.0
  0
VERTEX
  5
30C
330
3C
100
AcDbEntity
  8
Layer 1
370
     0
100
AcDbVertex
100
AcDb2dVertex
 10
107.3330078125
 20
851.51953125
 30
0.0
  0
VERTEX
  5
30D
330
3C
100
AcDbEntity
  8
Layer 1
370
     0
100
AcDbVertex
100
AcDb2dVertex
 10
107.70849609375
 20
851.60546875
 30
0.0
  0
VERTEX
  5
30E
330
3C
100
AcDbEntity
  8
Layer 1
370
     0
100
AcDbVertex
100
AcDb2dVertex
 10
108.080078125
 20
851.64404296875
 30
0.0
  0
VERTEX
  5
30F
330
3C
100
AcDbEntity
  8
Layer 1
370
     0
100
AcDbVertex
100
AcDb2dVertex
 10
108.48095703125
 20
851.65966796875
 30
0.0
  0
VERTEX
  5
310
330
3C
100
AcDbEntity
  8
Layer 1
370
     0
100
AcDbVertex
100
AcDb2dVertex
 10
108.892578125
 20
851.67431640625
 30
0.0
  0
VERTEX
  5
311
330
3C
100
AcDbEntity
  8
Layer 1
370
     0
100
AcDbVertex
100
AcDb2dVertex
 10
109.296875
 20
851.7109375
 30
0.0
  0
VERTEX
  5
312
330
3C
100
AcDbEntity
  8
Layer 1
370
     0
100
AcDbVertex
100
AcDb2dVertex
 10
110.1259765625
 20
851.857421875
 30
0.0
  0
VERTEX
  5
313
330
3C
100
AcDbEntity
  8
Layer 1
370
     0
100
AcDbVertex
100
AcDb2dVertex
 10
110.9609375
 20
852.03662109375
 30
0.0
  0
VERTEX
  5
314
330
3C
100
AcDbEntity
  8
Layer 1
370
     0
100
AcDbVertex
100
AcDb2dVertex
 10
111.86376953125
 20
852.2119140625
 30
0.0
  0
VERTEX
  5
315
330
3C
100
AcDbEntity
  8
Layer 1
370
     0
100
AcDbVertex
100
AcDb2dVertex
 10
112.89697265625
 20
852.3466796875
 30
0.0
  0
VERTEX
  5
316
330
3C
100
AcDbEntity
  8
Layer 1
370
     0
100
AcDbVertex
100
AcDb2dVertex
 10
112.95947265625
 20
852.33642578125
 30
0.0
  0
VERTEX
  5
317
330
3C
100
AcDbEntity
  8
Layer 1
370
     0
100
AcDbVertex
100
AcDb2dVertex
 10
112.9794921875
 20
852.30126953125
 30
0.0
  0
VERTEX
  5
318
330
3C
100
AcDbEntity
  8
Layer 1
370
     0
100
AcDbVertex
100
AcDb2dVertex
 10
112.98486328125
 20
852.2626953125
 30
0.0
  0
VERTEX
  5
319
330
3C
100
AcDbEntity
  8
Layer 1
370
     0
100
AcDbVertex
100
AcDb2dVertex
 10
113.00244140625
 20
852.24072265625
 30
0.0
  0
VERTEX
  5
31A
330
3C
100
AcDbEntity
  8
Layer 1
370
     0
100
AcDbVertex
100
AcDb2dVertex
 10
113.06103515625
 20
852.271484375
 30
0.0
  0
VERTEX
  5
31B
330
3C
100
AcDbEntity
  8
Layer 1
370
     0
100
AcDbVertex
100
AcDb2dVertex
 10
113.1904296875
 20
852.33203125
 30
0.0
  0
VERTEX
  5
31C
330
3C
100
AcDbEntity
  8
Layer 1
370
     0
100
AcDbVertex
100
AcDb2dVertex
 10
113.33203125
 20
852.373046875
 30
0.0
  0
VERTEX
  5
31D
330
3C
100
AcDbEntity
  8
Layer 1
370
     0
100
AcDbVertex
100
AcDb2dVertex
 10
113.42626953125
 20
852.3466796875
 30
0.0
  0
VERTEX
  5
31E
330
3C
100
AcDbEntity
  8
Layer 1
370
     0
100
AcDbVertex
100
AcDb2dVertex
 10
113.392578125
 20
852.16162109375
 30
0.0
  0
VERTEX
  5
31F
330
3C
100
AcDbEntity
  8
Layer 1
370
     0
100
AcDbVertex
100
AcDb2dVertex
 10
113.17333984375
 20
851.923828125
 30
0.0
  0
VERTEX
  5
320
330
3C
100
AcDbEntity
  8
Layer 1
370
     0
100
AcDbVertex
100
AcDb2dVertex
 10
112.8681640625
 20
851.685546875
 30
0.0
  0
VERTEX
  5
321
330
3C
100
AcDbEntity
  8
Layer 1
370
     0
100
AcDbVertex
100
AcDb2dVertex
 10
112.5791015625
 20
851.49951171875
 30
0.0
  0
VERTEX
  5
322
330
3C
100
AcDbEntity
  8
Layer 1
370
     0
100
AcDbVertex
100
AcDb2dVertex
 10
112.41064453125
 20
851.4208984375
 30
0.0
  0
VERTEX
  5
323
330
3C
100
AcDbEntity
  8
Layer 1
370
     0
100
AcDbVertex
100
AcDb2dVertex
 10
112.25244140625
 20
851.37255859375
 30
0.0
  0
VERTEX
  5
324
330
3C
100
AcDbEntity
  8
Layer 1
370
     0
100
AcDbVertex
100
AcDb2dVertex
 10
112.0986328125
 20
851.3349609375
 30
0.0
  0
VERTEX
  5
325
330
3C
100
AcDbEntity
  8
Layer 1
370
     0
100
AcDbVertex
100
AcDb2dVertex
 10
111.94384765625
 20
851.28759765625
 30
0.0
  0
VERTEX
  5
326
330
3C
100
AcDbEntity
  8
Layer 1
370
     0
100
AcDbVertex
100
AcDb2dVertex
 10
111.8935546875
 20
851.24755859375
 30
0.0
  0
VERTEX
  5
327
330
3C
100
AcDbEntity
  8
Layer 1
370
     0
100
AcDbVertex
100
AcDb2dVertex
 10
111.83251953125
 20
851.1787109375
 30
0.0
  0
VERTEX
  5
328
330
3C
100
AcDbEntity
  8
Layer 1
370
     0
100
AcDbVertex
100
AcDb2dVertex
 10
111.7744140625
 20
851.111328125
 30
0.0
  0
VERTEX
  5
329
330
3C
100
AcDbEntity
  8
Layer 1
370
     0
100
AcDbVertex
100
AcDb2dVertex
 10
111.73193359375
 20
851.07568359375
 30
0.0
  0
VERTEX
  5
32A
330
3C
100
AcDbEntity
  8
Layer 1
370
     0
100
AcDbVertex
100
AcDb2dVertex
 10
111.40966796875
 20
851.00341796875
 30
0.0
  0
VERTEX
  5
32B
330
3C
100
AcDbEntity
  8
Layer 1
370
     0
100
AcDbVertex
100
AcDb2dVertex
 10
110.9296875
 20
850.91943359375
 30
0.0
  0
VERTEX
  5
32C
330
3C
100
AcDbEntity
  8
Layer 1
370
     0
100
AcDbVertex
100
AcDb2dVertex
 10
110.40087890625
 20
850.83447265625
 30
0.0
  0
VERTEX
  5
32D
330
3C
100
AcDbEntity
  8
Layer 1
370
     0
100
AcDbVertex
100
AcDb2dVertex
 10
109.93212890625
 20
850.75830078125
 30
0.0
  0
VERTEX
  5
32E
330
3C
100
AcDbEntity
  8
Layer 1
370
     0
100
AcDbVertex
100
AcDb2dVertex
 10
108.203125
 20
850.48681640625
 30
0.0
  0
VERTEX
  5
32F
330
3C
100
AcDbEntity
  8
Layer 1
370
     0
100
AcDbVertex
100
AcDb2dVertex
 10
106.3388671875
 20
850.24072265625
 30
0.0
  0
VERTEX
  5
330
330
3C
100
AcDbEntity
  8
Layer 1
370
     0
100
AcDbVertex
100
AcDb2dVertex
 10
104.39208984375
 20
850.0419921875
 30
0.0
  0
VERTEX
  5
331
330
3C
100
AcDbEntity
  8
Layer 1
370
     0
100
AcDbVertex
100
AcDb2dVertex
 10
102.41455078125
 20
849.9111328125
 30
0.0
  0
VERTEX
  5
332
330
3C
100
AcDbEntity
  8
Layer 1
370
     0
100
AcDbVertex
100
AcDb2dVertex
 10
100.8193359375
 20
849.87158203125
 30
0.0
  0
VERTEX
  5
333
330
3C
100
AcDbEntity
  8
Layer 1
370
     0
100
AcDbVertex
100
AcDb2dVertex
 10
99.3701171875
 20
849.84716796875
 30
0.0
  0
VERTEX
  5
334
330
3C
100
AcDbEntity
  8
Layer 1
370
     0
100
AcDbVertex
100
AcDb2dVertex
 10
98.013671875
 20
849.74853515625
 30
0.0
  0
VERTEX
  5
335
330
3C
100
AcDbEntity
  8
Layer 1
370
     0
100
AcDbVertex
100
AcDb2dVertex
 10
96.69677734375
 20
849.48779296875
 30
0.0
  0
VERTEX
  5
336
330
3C
100
AcDbEntity
  8
Layer 1
370
     0
100
AcDbVertex
100
AcDb2dVertex
 10
96.392578125
 20
849.39697265625
 30
0.0
  0
VERTEX
  5
337
330
3C
100
AcDbEntity
  8
Layer 1
370
     0
100
AcDbVertex
100
AcDb2dVertex
 10
96.009765625
 20
849.2802734375
 30
0.0
  0
VERTEX
  5
338
330
3C
100
AcDbEntity
  8
Layer 1
370
     0
100
AcDbVertex
100
AcDb2dVertex
 10
95.599609375
 20
849.16162109375
 30
0.0
  0
VERTEX
  5
339
330
3C
100
AcDbEntity
  8
Layer 1
370
     0
100
AcDbVertex
100
AcDb2dVertex
 10
95.21484375
 20
849.06396484375
 30
0.0
  0
VERTEX
  5
33A
330
3C
100
AcDbEntity
  8
Layer 1
370
     0
100
AcDbVertex
100
AcDb2dVertex
 10
94.85400390625
 20
848.99951171875
 30
0.0
  0
VERTEX
  5
33B
330
3C
100
AcDbEntity
  8
Layer 1
370
     0
100
AcDbVertex
100
AcDb2dVertex
 10
94.50830078125
 20
848.95751953125
 30
0.0
  0
VERTEX
  5
33C
330
3C
100
AcDbEntity
  8
Layer 1
370
     0
100
AcDbVertex
100
AcDb2dVertex
 10
94.171875
 20
848.91552734375
 30
0.0
  0
VERTEX
  5
33D
330
3C
100
AcDbEntity
  8
Layer 1
370
     0
100
AcDbVertex
100
AcDb2dVertex
 10
93.83837890625
 20
848.8525390625
 30
0.0
  0
VERTEX
  5
33E
330
3C
100
AcDbEntity
  8
Layer 1
370
     0
100
AcDbVertex
100
AcDb2dVertex
 10
93.4248046875
 20
848.7177734375
 30
0.0
  0
VERTEX
  5
33F
330
3C
100
AcDbEntity
  8
Layer 1
370
     0
100
AcDbVertex
100
AcDb2dVertex
 10
92.8896484375
 20
848.513671875
 30
0.0
  0
VERTEX
  5
340
330
3C
100
AcDbEntity
  8
Layer 1
370
     0
100
AcDbVertex
100
AcDb2dVertex
 10
92.37841796875
 20
848.31982421875
 30
0.0
  0
VERTEX
  5
341
330
3C
100
AcDbEntity
  8
Layer 1
370
     0
100
AcDbVertex
100
AcDb2dVertex
 10
92.0380859375
 20
848.216796875
 30
0.0
  0
VERTEX
  5
342
330
3C
100
AcDbEntity
  8
Layer 1
370
     0
100
AcDbVertex
100
AcDb2dVertex
 10
91.56494140625
 20
848.1669921875
 30
0.0
  0
VERTEX
  5
343
330
3C
100
AcDbEntity
  8
Layer 1
370
     0
100
AcDbVertex
100
AcDb2dVertex
 10
91.064453125
 20
848.14453125
 30
0.0
  0
VERTEX
  5
344
330
3C
100
AcDbEntity
  8
Layer 1
370
     0
100
AcDbVertex
100
AcDb2dVertex
 10
90.5478515625
 20
848.13134765625
 30
0.0
  0
VERTEX
  5
345
330
3C
100
AcDbEntity
  8
Layer 1
370
     0
100
AcDbVertex
100
AcDb2dVertex
 10
90.0263671875
 20
848.111328125
 30
0.0
  0
VERTEX
  5
346
330
3C
100
AcDbEntity
  8
Layer 1
370
     0
100
AcDbVertex
100
AcDb2dVertex
 10
88.76611328125
 20
848.06689453125
 30
0.0
  0
VERTEX
  5
347
330
3C
100
AcDbEntity
  8
Layer 1
370
     0
100
AcDbVertex
100
AcDb2dVertex
 10
87.42431640625
 20
848.05322265625
 30
0.0
  0
VERTEX
  5
348
330
3C
100
AcDbEntity
  8
Layer 1
370
     0
100
AcDbVertex
100
AcDb2dVertex
 10
86.0341796875
 20
848.04248046875
 30
0.0
  0
VERTEX
  5
349
330
3C
100
AcDbEntity
  8
Layer 1
370
     0
100
AcDbVertex
100
AcDb2dVertex
 10
84.62646484375
 20
848.00537109375
 30
0.0
  0
VERTEX
  5
34A
330
3C
100
AcDbEntity
  8
Layer 1
370
     0
100
AcDbVertex
100
AcDb2dVertex
 10
83.00537109375
 20
847.958984375
 30
0.0
  0
VERTEX
  5
34B
330
3C
100
AcDbEntity
  8
Layer 1
370
     0
100
AcDbVertex
100
AcDb2dVertex
 10
81.3994140625
 20
847.9326171875
 30
0.0
  0
VERTEX
  5
34C
330
3C
100
AcDbEntity
  8
Layer 1
370
     0
100
AcDbVertex
100
AcDb2dVertex
 10
79.81884765625
 20
847.8896484375
 30
0.0
  0
VERTEX
  5
34D
330
3C
100
AcDbEntity
  8
Layer 1
370
     0
100
AcDbVertex
100
AcDb2dVertex
 10
78.2734375
 20
847.79345703125
 30
0.0
  0
VERTEX
  5
34E
330
3C
100
AcDbEntity
  8
Layer 1
370
     0
100
AcDbVertex
100
AcDb2dVertex
 10
77.68603515625
 20
847.6494140625
 30
0.0
  0
VERTEX
  5
34F
330
3C
100
AcDbEntity
  8
Layer 1
370
     0
100
AcDbVertex
100
AcDb2dVertex
 10
77.0986328125
 20
847.373046875
 30
0.0
  0
VERTEX
  5
350
330
3C
100
AcDbEntity
  8
Layer 1
370
     0
100
AcDbVertex
100
AcDb2dVertex
 10
76.51611328125
 20
847.0419921875
 30
0.0
  0
VERTEX
  5
351
330
3C
100
AcDbEntity
  8
Layer 1
370
     0
100
AcDbVertex
100
AcDb2dVertex
 10
75.9443359375
 20
846.73486328125
 30
0.0
  0
VERTEX
  5
352
330
3C
100
AcDbEntity
  8
Layer 1
370
     0
100
AcDbVertex
100
AcDb2dVertex
 10
75.8212890625
 20
846.673828125
 30
0.0
  0
VERTEX
  5
353
330
3C
100
AcDbEntity
  8
Layer 1
370
     0
100
AcDbVertex
100
AcDb2dVertex
 10
75.7119140625
 20
846.62109375
 30
0.0
  0
VERTEX
  5
354
330
3C
100
AcDbEntity
  8
Layer 1
370
     0
100
AcDbVertex
100
AcDb2dVertex
 10
75.5859375
 20
846.572265625
 30
0.0
  0
VERTEX
  5
355
330
3C
100
AcDbEntity
  8
Layer 1
370
     0
100
AcDbVertex
100
AcDb2dVertex
 10
75.4150390625
 20
846.52294921875
 30
0.0
  0
VERTEX
  5
356
330
3C
100
AcDbEntity
  8
Layer 1
370
     0
100
AcDbVertex
100
AcDb2dVertex
 10
74.5966796875
 20
846.42333984375
 30
0.0
  0
VERTEX
  5
357
330
3C
100
AcDbEntity
  8
Layer 1
370
     0
100
AcDbVertex
100
AcDb2dVertex
 10
73.4501953125
 20
846.3974609375
 30
0.0
  0
VERTEX
  5
358
330
3C
100
AcDbEntity
  8
Layer 1
370
     0
100
AcDbVertex
100
AcDb2dVertex
 10
72.25390625
 20
846.4345703125
 30
0.0
  0
VERTEX
  5
359
330
3C
100
AcDbEntity
  8
Layer 1
370
     0
100
AcDbVertex
100
AcDb2dVertex
 10
71.28564453125
 20
846.52294921875
 30
0.0
  0
VERTEX
  5
35A
330
3C
100
AcDbEntity
  8
Layer 1
370
     0
100
AcDbVertex
100
AcDb2dVertex
 10
71.19482421875
 20
846.5205078125
 30
0.0
  0
VERTEX
  5
35B
330
3C
100
AcDbEntity
  8
Layer 1
370
     0
100
AcDbVertex
100
AcDb2dVertex
 10
71.064453125
 20
846.50830078125
 30
0.0
  0
VERTEX
  5
35C
330
3C
100
AcDbEntity
  8
Layer 1
370
     0
100
AcDbVertex
100
AcDb2dVertex
 10
70.9384765625
 20
846.50341796875
 30
0.0
  0
VERTEX
  5
35D
330
3C
100
AcDbEntity
  8
Layer 1
370
     0
100
AcDbVertex
100
AcDb2dVertex
 10
70.86181640625
 20
846.52294921875
 30
0.0
  0
VERTEX
  5
35E
330
3C
100
AcDbEntity
  8
Layer 1
370
     0
100
AcDbVertex
100
AcDb2dVertex
 10
70.68017578125
 20
846.53759765625
 30
0.0
  0
VERTEX
  5
35F
330
3C
100
AcDbEntity
  8
Layer 1
370
     0
100
AcDbVertex
100
AcDb2dVertex
 10
70.35302734375
 20
846.44580078125
 30
0.0
  0
VERTEX
  5
360
330
3C
100
AcDbEntity
  8
Layer 1
370
     0
100
AcDbVertex
100
AcDb2dVertex
 10
69.96240234375
 20
846.28662109375
 30
0.0
  0
VERTEX
  5
361
330
3C
100
AcDbEntity
  8
Layer 1
370
     0
100
AcDbVertex
100
AcDb2dVertex
 10
69.59130859375
 20
846.099609375
 30
0.0
  0
VERTEX
  5
362
330
3C
100
AcDbEntity
  8
Layer 1
370
     0
100
AcDbVertex
100
AcDb2dVertex
 10
69.35888671875
 20
845.9873046875
 30
0.0
  0
VERTEX
  5
363
330
3C
100
AcDbEntity
  8
Layer 1
370
     0
100
AcDbVertex
100
AcDb2dVertex
 10
69.115234375
 20
845.876953125
 30
0.0
  0
VERTEX
  5
364
330
3C
100
AcDbEntity
  8
Layer 1
370
     0
100
AcDbVertex
100
AcDb2dVertex
 10
68.8984375
 20
845.74560546875
 30
0.0
  0
VERTEX
  5
365
330
3C
100
AcDbEntity
  8
Layer 1
370
     0
100
AcDbVertex
100
AcDb2dVertex
 10
68.744140625
 20
845.5703125
 30
0.0
  0
VERTEX
  5
366
330
3C
100
AcDbEntity
  8
Layer 1
370
     0
100
AcDbVertex
100
AcDb2dVertex
 10
68.734375
 20
845.5234375
 30
0.0
  0
VERTEX
  5
367
330
3C
100
AcDbEntity
  8
Layer 1
370
     0
100
AcDbVertex
100
AcDb2dVertex
 10
68.7392578125
 20
845.46630859375
 30
0.0
  0
VERTEX
  5
368
330
3C
100
AcDbEntity
  8
Layer 1
370
     0
100
AcDbVertex
100
AcDb2dVertex
 10
68.74658203125
 20
845.40869140625
 30
0.0
  0
VERTEX
  5
369
330
3C
100
AcDbEntity
  8
Layer 1
370
     0
100
AcDbVertex
100
AcDb2dVertex
 10
68.744140625
 20
845.3583984375
 30
0.0
  0
VERTEX
  5
36A
330
3C
100
AcDbEntity
  8
Layer 1
370
     0
100
AcDbVertex
100
AcDb2dVertex
 10
68.71240234375
 20
845.1796875
 30
0.0
  0
VERTEX
  5
36B
330
3C
100
AcDbEntity
  8
Layer 1
370
     0
100
AcDbVertex
100
AcDb2dVertex
 10
68.68896484375
 20
844.91748046875
 30
0.0
  0
VERTEX
  5
36C
330
3C
100
AcDbEntity
  8
Layer 1
370
     0
100
AcDbVertex
100
AcDb2dVertex
 10
68.69287109375
 20
844.6376953125
 30
0.0
  0
VERTEX
  5
36D
330
3C
100
AcDbEntity
  8
Layer 1
370
     0
100
AcDbVertex
100
AcDb2dVertex
 10
68.744140625
 20
844.4052734375
 30
0.0
  0
VERTEX
  5
36E
330
3C
100
AcDbEntity
  8
Layer 1
370
     0
100
AcDbVertex
100
AcDb2dVertex
 10
68.84375
 20
844.27734375
 30
0.0
  0
VERTEX
  5
36F
330
3C
100
AcDbEntity
  8
Layer 1
370
     0
100
AcDbVertex
100
AcDb2dVertex
 10
68.98876953125
 20
844.15087890625
 30
0.0
  0
VERTEX
  5
370
330
3C
100
AcDbEntity
  8
Layer 1
370
     0
100
AcDbVertex
100
AcDb2dVertex
 10
69.1171875
 20
844.01904296875
 30
0.0
  0
VERTEX
  5
371
330
3C
100
AcDbEntity
  8
Layer 1
370
     0
100
AcDbVertex
100
AcDb2dVertex
 10
69.16796875
 20
843.8759765625
 30
0.0
  0
VERTEX
  5
372
330
3C
100
AcDbEntity
  8
Layer 1
370
     0
100
AcDbVertex
100
AcDb2dVertex
 10
69.00439453125
 20
843.52197265625
 30
0.0
  0
VERTEX
  5
373
330
3C
100
AcDbEntity
  8
Layer 1
370
     0
100
AcDbVertex
100
AcDb2dVertex
 10
68.6943359375
 20
843.25341796875
 30
0.0
  0
VERTEX
  5
374
330
3C
100
AcDbEntity
  8
Layer 1
370
     0
100
AcDbVertex
100
AcDb2dVertex
 10
68.43603515625
 20
842.978515625
 30
0.0
  0
VERTEX
  5
375
330
3C
100
AcDbEntity
  8
Layer 1
370
     0
100
AcDbVertex
100
AcDb2dVertex
 10
68.4267578125
 20
842.60546875
 30
0.0
  0
VERTEX
  5
376
330
3C
100
AcDbEntity
  8
Layer 1
370
     0
100
AcDbVertex
100
AcDb2dVertex
 10
68.47607421875
 20
842.5009765625
 30
0.0
  0
VERTEX
  5
377
330
3C
100
AcDbEntity
  8
Layer 1
370
     0
100
AcDbVertex
100
AcDb2dVertex
 10
68.52978515625
 20
842.39697265625
 30
0.0
  0
VERTEX
  5
378
330
3C
100
AcDbEntity
  8
Layer 1
370
     0
100
AcDbVertex
100
AcDb2dVertex
 10
68.5849609375
 20
842.2646484375
 30
0.0
  0
VERTEX
  5
379
330
3C
100
AcDbEntity
  8
Layer 1
370
     0
100
AcDbVertex
100
AcDb2dVertex
 10
68.638671875
 20
842.076171875
 30
0.0
  0
VERTEX
  5
37A
330
3C
100
AcDbEntity
  8
Layer 1
370
     0
100
AcDbVertex
100
AcDb2dVertex
 10
68.71337890625
 20
841.66552734375
 30
0.0
  0
VERTEX
  5
37B
330
3C
100
AcDbEntity
  8
Layer 1
370
     0
100
AcDbVertex
100
AcDb2dVertex
 10
68.763671875
 20
841.1904296875
 30
0.0
  0
VERTEX
  5
37C
330
3C
100
AcDbEntity
  8
Layer 1
370
     0
100
AcDbVertex
100
AcDb2dVertex
 10
68.77783203125
 20
840.681640625
 30
0.0
  0
VERTEX
  5
37D
330
3C
100
AcDbEntity
  8
Layer 1
370
     0
100
AcDbVertex
100
AcDb2dVertex
 10
68.744140625
 20
840.169921875
 30
0.0
  0
VERTEX
  5
37E
330
3C
100
AcDbEntity
  8
Layer 1
370
     0
100
AcDbVertex
100
AcDb2dVertex
 10
68.64599609375
 20
839.7548828125
 30
0.0
  0
VERTEX
  5
37F
330
3C
100
AcDbEntity
  8
Layer 1
370
     0
100
AcDbVertex
100
AcDb2dVertex
 10
68.4794921875
 20
839.330078125
 30
0.0
  0
VERTEX
  5
380
330
3C
100
AcDbEntity
  8
Layer 1
370
     0
100
AcDbVertex
100
AcDb2dVertex
 10
68.2861328125
 20
838.90185546875
 30
0.0
  0
VERTEX
  5
381
330
3C
100
AcDbEntity
  8
Layer 1
370
     0
100
AcDbVertex
100
AcDb2dVertex
 10
68.10888671875
 20
838.47607421875
 30
0.0
  0
VERTEX
  5
382
330
3C
100
AcDbEntity
  8
Layer 1
370
     0
100
AcDbVertex
100
AcDb2dVertex
 10
67.9970703125
 20
838.1904296875
 30
0.0
  0
VERTEX
  5
383
330
3C
100
AcDbEntity
  8
Layer 1
370
     0
100
AcDbVertex
100
AcDb2dVertex
 10
67.89501953125
 20
837.9013671875
 30
0.0
  0
VERTEX
  5
384
330
3C
100
AcDbEntity
  8
Layer 1
370
     0
100
AcDbVertex
100
AcDb2dVertex
 10
67.8203125
 20
837.5556640625
 30
0.0
  0
VERTEX
  5
385
330
3C
100
AcDbEntity
  8
Layer 1
370
     0
100
AcDbVertex
100
AcDb2dVertex
 10
67.79150390625
 20
837.099609375
 30
0.0
  0
VERTEX
  5
386
330
3C
100
AcDbEntity
  8
Layer 1
370
     0
100
AcDbVertex
100
AcDb2dVertex
 10
67.7841796875
 20
836.9892578125
 30
0.0
  0
VERTEX
  5
387
330
3C
100
AcDbEntity
  8
Layer 1
370
     0
100
AcDbVertex
100
AcDb2dVertex
 10
67.771484375
 20
836.82373046875
 30
0.0
  0
VERTEX
  5
388
330
3C
100
AcDbEntity
  8
Layer 1
370
     0
100
AcDbVertex
100
AcDb2dVertex
 10
67.76904296875
 20
836.66357421875
 30
0.0
  0
VERTEX
  5
389
330
3C
100
AcDbEntity
  8
Layer 1
370
     0
100
AcDbVertex
100
AcDb2dVertex
 10
67.79150390625
 20
836.5703125
 30
0.0
  0
VERTEX
  5
38A
330
3C
100
AcDbEntity
  8
Layer 1
370
     0
100
AcDbVertex
100
AcDb2dVertex
 10
67.96337890625
 20
836.55859375
 30
0.0
  0
VERTEX
  5
38B
330
3C
100
AcDbEntity
  8
Layer 1
370
     0
100
AcDbVertex
100
AcDb2dVertex
 10
68.271484375
 20
836.63232421875
 30
0.0
  0
VERTEX
  5
38C
330
3C
100
AcDbEntity
  8
Layer 1
370
     0
100
AcDbVertex
100
AcDb2dVertex
 10
68.6044921875
 20
836.75439453125
 30
0.0
  0
VERTEX
  5
38D
330
3C
100
AcDbEntity
  8
Layer 1
370
     0
100
AcDbVertex
100
AcDb2dVertex
 10
68.85009765625
 20
836.8876953125
 30
0.0
  0
VERTEX
  5
38E
330
3C
100
AcDbEntity
  8
Layer 1
370
     0
100
AcDbVertex
100
AcDb2dVertex
 10
68.9423828125
 20
836.96728515625
 30
0.0
  0
VERTEX
  5
38F
330
3C
100
AcDbEntity
  8
Layer 1
370
     0
100
AcDbVertex
100
AcDb2dVertex
 10
68.9931640625
 20
837.01171875
 30
0.0
  0
VERTEX
  5
390
330
3C
100
AcDbEntity
  8
Layer 1
370
     0
100
AcDbVertex
100
AcDb2dVertex
 10
69.07861328125
 20
837.0478515625
 30
0.0
  0
VERTEX
  5
391
330
3C
100
AcDbEntity
  8
Layer 1
370
     0
100
AcDbVertex
100
AcDb2dVertex
 10
69.27392578125
 20
837.099609375
 30
0.0
  0
VERTEX
  5
392
330
3C
100
AcDbEntity
  8
Layer 1
370
     0
100
AcDbVertex
100
AcDb2dVertex
 10
69.32861328125
 20
837.1240234375
 30
0.0
  0
VERTEX
  5
393
330
3C
100
AcDbEntity
  8
Layer 1
370
     0
100
AcDbVertex
100
AcDb2dVertex
 10
69.3466796875
 20
837.1533203125
 30
0.0
  0
VERTEX
  5
394
330
3C
100
AcDbEntity
  8
Layer 1
370
     0
100
AcDbVertex
100
AcDb2dVertex
 10
69.35546875
 20
837.18212890625
 30
0.0
  0
VERTEX
  5
395
330
3C
100
AcDbEntity
  8
Layer 1
370
     0
100
AcDbVertex
100
AcDb2dVertex
 10
69.3798828125
 20
837.20556640625
 30
0.0
  0
VERTEX
  5
396
330
3C
100
AcDbEntity
  8
Layer 1
370
     0
100
AcDbVertex
100
AcDb2dVertex
 10
69.6142578125
 20
837.3154296875
 30
0.0
  0
VERTEX
  5
397
330
3C
100
AcDbEntity
  8
Layer 1
370
     0
100
AcDbVertex
100
AcDb2dVertex
 10
69.87353515625
 20
837.431640625
 30
0.0
  0
VERTEX
  5
398
330
3C
100
AcDbEntity
  8
Layer 1
370
     0
100
AcDbVertex
100
AcDb2dVertex
 10
70.150390625
 20
837.54052734375
 30
0.0
  0
VERTEX
  5
399
330
3C
100
AcDbEntity
  8
Layer 1
370
     0
100
AcDbVertex
100
AcDb2dVertex
 10
70.4384765625
 20
837.62890625
 30
0.0
  0
VERTEX
  5
39A
330
3C
100
AcDbEntity
  8
Layer 1
370
     0
100
AcDbVertex
100
AcDb2dVertex
 10
71.1904296875
 20
837.69970703125
 30
0.0
  0
VERTEX
  5
39B
330
3C
100
AcDbEntity
  8
Layer 1
370
     0
100
AcDbVertex
100
AcDb2dVertex
 10
72.2060546875
 20
837.7001953125
 30
0.0
  0
VERTEX
  5
39C
330
3C
100
AcDbEntity
  8
Layer 1
370
     0
100
AcDbVertex
100
AcDb2dVertex
 10
73.23828125
 20
837.71826171875
 30
0.0
  0
VERTEX
  5
39D
330
3C
100
AcDbEntity
  8
Layer 1
370
     0
100
AcDbVertex
100
AcDb2dVertex
 10
74.03857421875
 20
837.8408203125
 30
0.0
  0
VERTEX
  5
39E
330
3C
100
AcDbEntity
  8
Layer 1
370
     0
100
AcDbVertex
100
AcDb2dVertex
 10
74.30810546875
 20
837.97216796875
 30
0.0
  0
VERTEX
  5
39F
330
3C
100
AcDbEntity
  8
Layer 1
370
     0
100
AcDbVertex
100
AcDb2dVertex
 10
74.53955078125
 20
838.15234375
 30
0.0
  0
VERTEX
  5
3A0
330
3C
100
AcDbEntity
  8
Layer 1
370
     0
100
AcDbVertex
100
AcDb2dVertex
 10
74.7587890625
 20
838.36181640625
 30
0.0
  0
VERTEX
  5
3A1
330
3C
100
AcDbEntity
  8
Layer 1
370
     0
100
AcDbVertex
100
AcDb2dVertex
 10
74.9912109375
 20
838.58203125
 30
0.0
  0
VERTEX
  5
3A2
330
3C
100
AcDbEntity
  8
Layer 1
370
     0
100
AcDbVertex
100
AcDb2dVertex
 10
75.2333984375
 20
838.82275390625
 30
0.0
  0
VERTEX
  5
3A3
330
3C
100
AcDbEntity
  8
Layer 1
370
     0
100
AcDbVertex
100
AcDb2dVertex
 10
75.453125
 20
839.0537109375
 30
0.0
  0
VERTEX
  5
3A4
330
3C
100
AcDbEntity
  8
Layer 1
370
     0
100
AcDbVertex
100
AcDb2dVertex
 10
75.68017578125
 20
839.234375
 30
0.0
  0
VERTEX
  5
3A5
330
3C
100
AcDbEntity
  8
Layer 1
370
     0
100
AcDbVertex
100
AcDb2dVertex
 10
75.9443359375
 20
839.3232421875
 30
0.0
  0
VERTEX
  5
3A6
330
3C
100
AcDbEntity
  8
Layer 1
370
     0
100
AcDbVertex
100
AcDb2dVertex
 10
76.18798828125
 20
839.2978515625
 30
0.0
  0
VERTEX
  5
3A7
330
3C
100
AcDbEntity
  8
Layer 1
370
     0
100
AcDbVertex
100
AcDb2dVertex
 10
76.4140625
 20
839.1953125
 30
0.0
  0
VERTEX
  5
3A8
330
3C
100
AcDbEntity
  8
Layer 1
370
     0
100
AcDbVertex
100
AcDb2dVertex
 10
76.64404296875
 20
839.05029296875
 30
0.0
  0
VERTEX
  5
3A9
330
3C
100
AcDbEntity
  8
Layer 1
370
     0
100
AcDbVertex
100
AcDb2dVertex
 10
76.8974609375
 20
838.8994140625
 30
0.0
  0
VERTEX
  5
3AA
330
3C
100
AcDbEntity
  8
Layer 1
370
     0
100
AcDbVertex
100
AcDb2dVertex
 10
77.16796875
 20
838.75048828125
 30
0.0
  0
VERTEX
  5
3AB
330
3C
100
AcDbEntity
  8
Layer 1
370
     0
100
AcDbVertex
100
AcDb2dVertex
 10
77.4453125
 20
838.5947265625
 30
0.0
  0
VERTEX
  5
3AC
330
3C
100
AcDbEntity
  8
Layer 1
370
     0
100
AcDbVertex
100
AcDb2dVertex
 10
77.71337890625
 20
838.45849609375
 30
0.0
  0
VERTEX
  5
3AD
330
3C
100
AcDbEntity
  8
Layer 1
370
     0
100
AcDbVertex
100
AcDb2dVertex
 10
77.9560546875
 20
838.3701171875
 30
0.0
  0
VERTEX
  5
3AE
330
3C
100
AcDbEntity
  8
Layer 1
370
     0
100
AcDbVertex
100
AcDb2dVertex
 10
78.37744140625
 20
838.2275390625
 30
0.0
  0
VERTEX
  5
3AF
330
3C
100
AcDbEntity
  8
Layer 1
370
     0
100
AcDbVertex
100
AcDb2dVertex
 10
78.8623046875
 20
838.05224609375
 30
0.0
  0
VERTEX
  5
3B0
330
3C
100
AcDbEntity
  8
Layer 1
370
     0
100
AcDbVertex
100
AcDb2dVertex
 10
79.423828125
 20
837.9306640625
 30
0.0
  0
VERTEX
  5
3B1
330
3C
100
AcDbEntity
  8
Layer 1
370
     0
100
AcDbVertex
100
AcDb2dVertex
 10
80.07373046875
 20
837.94677734375
 30
0.0
  0
VERTEX
  5
3B2
330
3C
100
AcDbEntity
  8
Layer 1
370
     0
100
AcDbVertex
100
AcDb2dVertex
 10
80.208984375
 20
837.9677734375
 30
0.0
  0
VERTEX
  5
3B3
330
3C
100
AcDbEntity
  8
Layer 1
370
     0
100
AcDbVertex
100
AcDb2dVertex
 10
80.36474609375
 20
837.99267578125
 30
0.0
  0
VERTEX
  5
3B4
330
3C
100
AcDbEntity
  8
Layer 1
370
     0
100
AcDbVertex
100
AcDb2dVertex
 10
80.50732421875
 20
838.021484375
 30
0.0
  0
VERTEX
  5
3B5
330
3C
100
AcDbEntity
  8
Layer 1
370
     0
100
AcDbVertex
100
AcDb2dVertex
 10
80.60302734375
 20
838.052734375
 30
0.0
  0
VERTEX
  5
3B6
330
3C
100
AcDbEntity
  8
Layer 1
370
     0
100
AcDbVertex
100
AcDb2dVertex
 10
80.68603515625
 20
838.11962890625
 30
0.0
  0
VERTEX
  5
3B7
330
3C
100
AcDbEntity
  8
Layer 1
370
     0
100
AcDbVertex
100
AcDb2dVertex
 10
80.806640625
 20
838.23828125
 30
0.0
  0
VERTEX
  5
3B8
330
3C
100
AcDbEntity
  8
Layer 1
370
     0
100
AcDbVertex
100
AcDb2dVertex
 10
80.9306640625
 20
838.36962890625
 30
0.0
  0
VERTEX
  5
3B9
330
3C
100
AcDbEntity
  8
Layer 1
370
     0
100
AcDbVertex
100
AcDb2dVertex
 10
81.0263671875
 20
838.47607421875
 30
0.0
  0
VERTEX
  5
3BA
330
3C
100
AcDbEntity
  8
Layer 1
370
     0
100
AcDbVertex
100
AcDb2dVertex
 10
81.10205078125
 20
838.5703125
 30
0.0
  0
VERTEX
  5
3BB
330
3C
100
AcDbEntity
  8
Layer 1
370
     0
100
AcDbVertex
100
AcDb2dVertex
 10
81.19287109375
 20
838.68310546875
 30
0.0
  0
VERTEX
  5
3BC
330
3C
100
AcDbEntity
  8
Layer 1
370
     0
100
AcDbVertex
100
AcDb2dVertex
 10
81.306640625
 20
838.7978515625
 30
0.0
  0
VERTEX
  5
3BD
330
3C
100
AcDbEntity
  8
Layer 1
370
     0
100
AcDbVertex
100
AcDb2dVertex
 10
81.4501953125
 20
838.8994140625
 30
0.0
  0
VERTEX
  5
3BE
330
3C
100
AcDbEntity
  8
Layer 1
370
     0
100
AcDbVertex
100
AcDb2dVertex
 10
81.63720703125
 20
838.9638671875
 30
0.0
  0
VERTEX
  5
3BF
330
3C
100
AcDbEntity
  8
Layer 1
370
     0
100
AcDbVertex
100
AcDb2dVertex
 10
81.87451171875
 20
839.0029296875
 30
0.0
  0
VERTEX
  5
3C0
330
3C
100
AcDbEntity
  8
Layer 1
370
     0
100
AcDbVertex
100
AcDb2dVertex
 10
82.1376953125
 20
839.04296875
 30
0.0
  0
VERTEX
  5
3C1
330
3C
100
AcDbEntity
  8
Layer 1
370
     0
100
AcDbVertex
100
AcDb2dVertex
 10
82.40283203125
 20
839.111328125
 30
0.0
  0
VERTEX
  5
3C2
330
3C
100
AcDbEntity
  8
Layer 1
370
     0
100
AcDbVertex
100
AcDb2dVertex
 10
82.4208984375
 20
839.1328125
 30
0.0
  0
VERTEX
  5
3C3
330
3C
100
AcDbEntity
  8
Layer 1
370
     0
100
AcDbVertex
100
AcDb2dVertex
 10
82.4306640625
 20
839.1669921875
 30
0.0
  0
VERTEX
  5
3C4
330
3C
100
AcDbEntity
  8
Layer 1
370
     0
100
AcDbVertex
100
AcDb2dVertex
 10
82.453125
 20
839.2001953125
 30
0.0
  0
VERTEX
  5
3C5
330
3C
100
AcDbEntity
  8
Layer 1
370
     0
100
AcDbVertex
100
AcDb2dVertex
 10
82.5087890625
 20
839.21728515625
 30
0.0
  0
VERTEX
  5
3C6
330
3C
100
AcDbEntity
  8
Layer 1
370
     0
100
AcDbVertex
100
AcDb2dVertex
 10
82.6201171875
 20
839.2421875
 30
0.0
  0
VERTEX
  5
3C7
330
3C
100
AcDbEntity
  8
Layer 1
370
     0
100
AcDbVertex
100
AcDb2dVertex
 10
82.7724609375
 20
839.29736328125
 30
0.0
  0
VERTEX
  5
3C8
330
3C
100
AcDbEntity
  8
Layer 1
370
     0
100
AcDbVertex
100
AcDb2dVertex
 10
82.95166015625
 20
839.365234375
 30
0.0
  0
VERTEX
  5
3C9
330
3C
100
AcDbEntity
  8
Layer 1
370
     0
100
AcDbVertex
100
AcDb2dVertex
 10
83.14404296875
 20
839.4287109375
 30
0.0
  0
VERTEX
  5
3CA
330
3C
100
AcDbEntity
  8
Layer 1
370
     0
100
AcDbVertex
100
AcDb2dVertex
 10
83.81591796875
 20
839.6171875
 30
0.0
  0
VERTEX
  5
3CB
330
3C
100
AcDbEntity
  8
Layer 1
370
     0
100
AcDbVertex
100
AcDb2dVertex
 10
84.39990234375
 20
839.7421875
 30
0.0
  0
VERTEX
  5
3CC
330
3C
100
AcDbEntity
  8
Layer 1
370
     0
100
AcDbVertex
100
AcDb2dVertex
 10
84.9912109375
 20
839.7900390625
 30
0.0
  0
VERTEX
  5
3CD
330
3C
100
AcDbEntity
  8
Layer 1
370
     0
100
AcDbVertex
100
AcDb2dVertex
 10
85.685546875
 20
839.74658203125
 30
0.0
  0
VERTEX
  5
3CE
330
3C
100
AcDbEntity
  8
Layer 1
370
     0
100
AcDbVertex
100
AcDb2dVertex
 10
85.92822265625
 20
839.6982421875
 30
0.0
  0
VERTEX
  5
3CF
330
3C
100
AcDbEntity
  8
Layer 1
370
     0
100
AcDbVertex
100
AcDb2dVertex
 10
86.3046875
 20
839.61767578125
 30
0.0
  0
VERTEX
  5
3D0
330
3C
100
AcDbEntity
  8
Layer 1
370
     0
100
AcDbVertex
100
AcDb2dVertex
 10
86.7158203125
 20
839.54833984375
 30
0.0
  0
VERTEX
  5
3D1
330
3C
100
AcDbEntity
  8
Layer 1
370
     0
100
AcDbVertex
100
AcDb2dVertex
 10
87.0615234375
 20
839.53466796875
 30
0.0
  0
VERTEX
  5
3D2
330
3C
100
AcDbEntity
  8
Layer 1
370
     0
100
AcDbVertex
100
AcDb2dVertex
 10
87.55810546875
 20
839.6650390625
 30
0.0
  0
VERTEX
  5
3D3
330
3C
100
AcDbEntity
  8
Layer 1
370
     0
100
AcDbVertex
100
AcDb2dVertex
 10
87.95947265625
 20
839.89453125
 30
0.0
  0
VERTEX
  5
3D4
330
3C
100
AcDbEntity
  8
Layer 1
370
     0
100
AcDbVertex
100
AcDb2dVertex
 10
88.3359375
 20
840.15576171875
 30
0.0
  0
VERTEX
  5
3D5
330
3C
100
AcDbEntity
  8
Layer 1
370
     0
100
AcDbVertex
100
AcDb2dVertex
 10
88.755859375
 20
840.3818359375
 30
0.0
  0
VERTEX
  5
3D6
330
3C
100
AcDbEntity
  8
Layer 1
370
     0
100
AcDbVertex
100
AcDb2dVertex
 10
89.5537109375
 20
840.5205078125
 30
0.0
  0
VERTEX
  5
3D7
330
3C
100
AcDbEntity
  8
Layer 1
370
     0
100
AcDbVertex
100
AcDb2dVertex
 10
90.6005859375
 20
840.5078125
 30
0.0
  0
VERTEX
  5
3D8
330
3C
100
AcDbEntity
  8
Layer 1
370
     0
100
AcDbVertex
100
AcDb2dVertex
 10
91.70458984375
 20
840.43212890625
 30
0.0
  0
VERTEX
  5
3D9
330
3C
100
AcDbEntity
  8
Layer 1
370
     0
100
AcDbVertex
100
AcDb2dVertex
 10
92.67333984375
 20
840.3818359375
 30
0.0
  0
VERTEX
  5
3DA
330
3C
100
AcDbEntity
  8
Layer 1
370
     0
100
AcDbVertex
100
AcDb2dVertex
 10
92.99853515625
 20
840.37548828125
 30
0.0
  0
VERTEX
  5
3DB
330
3C
100
AcDbEntity
  8
Layer 1
370
     0
100
AcDbVertex
100
AcDb2dVertex
 10
93.31591796875
 20
840.36767578125
 30
0.0
  0
VERTEX
  5
3DC
330
3C
100
AcDbEntity
  8
Layer 1
370
     0
100
AcDbVertex
100
AcDb2dVertex
 10
93.62939453125
 20
840.3671875
 30
0.0
  0
VERTEX
  5
3DD
330
3C
100
AcDbEntity
  8
Layer 1
370
     0
100
AcDbVertex
100
AcDb2dVertex
 10
93.9443359375
 20
840.3818359375
 30
0.0
  0
VERTEX
  5
3DE
330
3C
100
AcDbEntity
  8
Layer 1
370
     0
100
AcDbVertex
100
AcDb2dVertex
 10
94.52490234375
 20
840.4560546875
 30
0.0
  0
VERTEX
  5
3DF
330
3C
100
AcDbEntity
  8
Layer 1
370
     0
100
AcDbVertex
100
AcDb2dVertex
 10
95.10498046875
 20
840.56884765625
 30
0.0
  0
VERTEX
  5
3E0
330
3C
100
AcDbEntity
  8
Layer 1
370
     0
100
AcDbVertex
100
AcDb2dVertex
 10
95.68701171875
 20
840.69384765625
 30
0.0
  0
VERTEX
  5
3E1
330
3C
100
AcDbEntity
  8
Layer 1
370
     0
100
AcDbVertex
100
AcDb2dVertex
 10
96.2734375
 20
840.8056640625
 30
0.0
  0
VERTEX
  5
3E2
330
3C
100
AcDbEntity
  8
Layer 1
370
     0
100
AcDbVertex
100
AcDb2dVertex
 10
97.4306640625
 20
840.97119140625
 30
0.0
  0
VERTEX
  5
3E3
330
3C
100
AcDbEntity
  8
Layer 1
370
     0
100
AcDbVertex
100
AcDb2dVertex
 10
98.65625
 20
841.08251953125
 30
0.0
  0
VERTEX
  5
3E4
330
3C
100
AcDbEntity
  8
Layer 1
370
     0
100
AcDbVertex
100
AcDb2dVertex
 10
99.9345703125
 20
841.10791015625
 30
0.0
  0
VERTEX
  5
3E5
330
3C
100
AcDbEntity
  8
Layer 1
370
     0
100
AcDbVertex
100
AcDb2dVertex
 10
101.25
 20
841.01708984375
 30
0.0
  0
VERTEX
  5
3E6
330
3C
100
AcDbEntity
  8
Layer 1
370
     0
100
AcDbVertex
100
AcDb2dVertex
 10
101.4150390625
 20
840.9873046875
 30
0.0
  0
VERTEX
  5
3E7
330
3C
100
AcDbEntity
  8
Layer 1
370
     0
100
AcDbVertex
100
AcDb2dVertex
 10
101.54931640625
 20
840.9619140625
 30
0.0
  0
VERTEX
  5
3E8
330
3C
100
AcDbEntity
  8
Layer 1
370
     0
100
AcDbVertex
100
AcDb2dVertex
 10
101.71923828125
 20
840.96435546875
 30
0.0
  0
VERTEX
  5
3E9
330
3C
100
AcDbEntity
  8
Layer 1
370
     0
100
AcDbVertex
100
AcDb2dVertex
 10
101.9912109375
 20
841.01708984375
 30
0.0
  0
VERTEX
  5
3EA
330
3C
100
AcDbEntity
  8
Layer 1
370
     0
100
AcDbVertex
100
AcDb2dVertex
 10
102.0390625
 20
841.04150390625
 30
0.0
  0
VERTEX
  5
3EB
330
3C
100
AcDbEntity
  8
Layer 1
370
     0
100
AcDbVertex
100
AcDb2dVertex
 10
102.06591796875
 20
841.07568359375
 30
0.0
  0
VERTEX
  5
3EC
330
3C
100
AcDbEntity
  8
Layer 1
370
     0
100
AcDbVertex
100
AcDb2dVertex
 10
102.08203125
 20
841.10693359375
 30
0.0
  0
VERTEX
  5
3ED
330
3C
100
AcDbEntity
  8
Layer 1
370
     0
100
AcDbVertex
100
AcDb2dVertex
 10
102.0966796875
 20
841.123046875
 30
0.0
  0
VERTEX
  5
3EE
330
3C
100
AcDbEntity
  8
Layer 1
370
     0
100
AcDbVertex
100
AcDb2dVertex
 10
102.44189453125
 20
841.20654296875
 30
0.0
  0
VERTEX
  5
3EF
330
3C
100
AcDbEntity
  8
Layer 1
370
     0
100
AcDbVertex
100
AcDb2dVertex
 10
102.7880859375
 20
841.29052734375
 30
0.0
  0
VERTEX
  5
3F0
330
3C
100
AcDbEntity
  8
Layer 1
370
     0
100
AcDbVertex
100
AcDb2dVertex
 10
103.1328125
 20
841.39697265625
 30
0.0
  0
VERTEX
  5
3F1
330
3C
100
AcDbEntity
  8
Layer 1
370
     0
100
AcDbVertex
100
AcDb2dVertex
 10
103.47314453125
 20
841.54638671875
 30
0.0
  0
VERTEX
  5
3F2
330
3C
100
AcDbEntity
  8
Layer 1
370
     0
100
AcDbVertex
100
AcDb2dVertex
 10
103.548828125
 20
841.59326171875
 30
0.0
  0
VERTEX
  5
3F3
330
3C
100
AcDbEntity
  8
Layer 1
370
     0
100
AcDbVertex
100
AcDb2dVertex
 10
103.62548828125
 20
841.64892578125
 30
0.0
  0
VERTEX
  5
3F4
330
3C
100
AcDbEntity
  8
Layer 1
370
     0
100
AcDbVertex
100
AcDb2dVertex
 10
103.705078125
 20
841.7060546875
 30
0.0
  0
VERTEX
  5
3F5
330
3C
100
AcDbEntity
  8
Layer 1
370
     0
100
AcDbVertex
100
AcDb2dVertex
 10
103.791015625
 20
841.75830078125
 30
0.0
  0
VERTEX
  5
3F6
330
3C
100
AcDbEntity
  8
Layer 1
370
     0
100
AcDbVertex
100
AcDb2dVertex
 10
104.06591796875
 20
841.86669921875
 30
0.0
  0
VERTEX
  5
3F7
330
3C
100
AcDbEntity
  8
Layer 1
370
     0
100
AcDbVertex
100
AcDb2dVertex
 10
104.412109375
 20
841.962890625
 30
0.0
  0
VERTEX
  5
3F8
330
3C
100
AcDbEntity
  8
Layer 1
370
     0
100
AcDbVertex
100
AcDb2dVertex
 10
104.7919921875
 20
842.0625
 30
0.0
  0
VERTEX
  5
3F9
330
3C
100
AcDbEntity
  8
Layer 1
370
     0
100
AcDbVertex
100
AcDb2dVertex
 10
105.16748046875
 20
842.181640625
 30
0.0
  0
VERTEX
  5
3FA
330
3C
100
AcDbEntity
  8
Layer 1
370
     0
100
AcDbVertex
100
AcDb2dVertex
 10
105.51953125
 20
842.3388671875
 30
0.0
  0
VERTEX
  5
3FB
330
3C
100
AcDbEntity
  8
Layer 1
370
     0
100
AcDbVertex
100
AcDb2dVertex
 10
105.859375
 20
842.52783203125
 30
0.0
  0
VERTEX
  5
3FC
330
3C
100
AcDbEntity
  8
Layer 1
370
     0
100
AcDbVertex
100
AcDb2dVertex
 10
106.197265625
 20
842.72900390625
 30
0.0
  0
VERTEX
  5
3FD
330
3C
100
AcDbEntity
  8
Layer 1
370
     0
100
AcDbVertex
100
AcDb2dVertex
 10
106.5439453125
 20
842.9228515625
 30
0.0
  0
VERTEX
  5
3FE
330
3C
100
AcDbEntity
  8
Layer 1
370
     0
100
AcDbVertex
100
AcDb2dVertex
 10
106.58984375
 20
842.9267578125
 30
0.0
  0
VERTEX
  5
3FF
330
3C
100
AcDbEntity
  8
Layer 1
370
     0
100
AcDbVertex
100
AcDb2dVertex
 10
106.654296875
 20
842.91845703125
 30
0.0
  0
VERTEX
  5
400
330
3C
100
AcDbEntity
  8
Layer 1
370
     0
100
AcDbVertex
100
AcDb2dVertex
 10
106.716796875
 20
842.91259765625
 30
0.0
  0
VERTEX
  5
401
330
3C
100
AcDbEntity
  8
Layer 1
370
     0
100
AcDbVertex
100
AcDb2dVertex
 10
106.755859375
 20
842.9228515625
 30
0.0
  0
VERTEX
  5
402
330
3C
100
AcDbEntity
  8
Layer 1
370
     0
100
AcDbVertex
100
AcDb2dVertex
 10
107.009765625
 20
843.09619140625
 30
0.0
  0
VERTEX
  5
403
330
3C
100
AcDbEntity
  8
Layer 1
370
     0
100
AcDbVertex
100
AcDb2dVertex
 10
107.3857421875
 20
843.22021484375
 30
0.0
  0
VERTEX
  5
404
330
3C
100
AcDbEntity
  8
Layer 1
370
     0
100
AcDbVertex
100
AcDb2dVertex
 10
107.81689453125
 20
843.328125
 30
0.0
  0
VERTEX
  5
405
330
3C
100
AcDbEntity
  8
Layer 1
370
     0
100
AcDbVertex
100
AcDb2dVertex
 10
108.23779296875
 20
843.4521484375
 30
0.0
  0
VERTEX
  5
406
330
3C
100
AcDbEntity
  8
Layer 1
370
     0
100
AcDbVertex
100
AcDb2dVertex
 10
108.4453125
 20
843.54541015625
 30
0.0
  0
VERTEX
  5
407
330
3C
100
AcDbEntity
  8
Layer 1
370
     0
100
AcDbVertex
100
AcDb2dVertex
 10
108.6435546875
 20
843.65625
 30
0.0
  0
VERTEX
  5
408
330
3C
100
AcDbEntity
  8
Layer 1
370
     0
100
AcDbVertex
100
AcDb2dVertex
 10
108.85107421875
 20
843.77099609375
 30
0.0
  0
VERTEX
  5
409
330
3C
100
AcDbEntity
  8
Layer 1
370
     0
100
AcDbVertex
100
AcDb2dVertex
 10
109.0849609375
 20
843.8759765625
 30
0.0
  0
VERTEX
  5
40A
330
3C
100
AcDbEntity
  8
Layer 1
370
     0
100
AcDbVertex
100
AcDb2dVertex
 10
109.2587890625
 20
843.92529296875
 30
0.0
  0
VERTEX
  5
40B
330
3C
100
AcDbEntity
  8
Layer 1
370
     0
100
AcDbVertex
100
AcDb2dVertex
 10
109.4560546875
 20
843.95166015625
 30
0.0
  0
VERTEX
  5
40C
330
3C
100
AcDbEntity
  8
Layer 1
370
     0
100
AcDbVertex
100
AcDb2dVertex
 10
109.7060546875
 20
843.966796875
 30
0.0
  0
VERTEX
  5
40D
330
3C
100
AcDbEntity
  8
Layer 1
370
     0
100
AcDbVertex
100
AcDb2dVertex
 10
110.0380859375
 20
843.98193359375
 30
0.0
  0
VERTEX
  5
40E
330
3C
100
AcDbEntity
  8
Layer 1
370
     0
100
AcDbVertex
100
AcDb2dVertex
 10
110.46044921875
 20
844.0078125
 30
0.0
  0
VERTEX
  5
40F
330
3C
100
AcDbEntity
  8
Layer 1
370
     0
100
AcDbVertex
100
AcDb2dVertex
 10
110.94873046875
 20
844.041015625
 30
0.0
  0
VERTEX
  5
410
330
3C
100
AcDbEntity
  8
Layer 1
370
     0
100
AcDbVertex
100
AcDb2dVertex
 10
111.484375
 20
844.0712890625
 30
0.0
  0
VERTEX
  5
411
330
3C
100
AcDbEntity
  8
Layer 1
370
     0
100
AcDbVertex
100
AcDb2dVertex
 10
112.0498046875
 20
844.087890625
 30
0.0
  0
VERTEX
  5
412
330
3C
100
AcDbEntity
  8
Layer 1
370
     0
100
AcDbVertex
100
AcDb2dVertex
 10
112.88525390625
 20
844.0712890625
 30
0.0
  0
VERTEX
  5
413
330
3C
100
AcDbEntity
  8
Layer 1
370
     0
100
AcDbVertex
100
AcDb2dVertex
 10
113.72314453125
 20
844.04443359375
 30
0.0
  0
VERTEX
  5
414
330
3C
100
AcDbEntity
  8
Layer 1
370
     0
100
AcDbVertex
100
AcDb2dVertex
 10
114.4921875
 20
844.0654296875
 30
0.0
  0
VERTEX
  5
415
330
3C
100
AcDbEntity
  8
Layer 1
370
     0
100
AcDbVertex
100
AcDb2dVertex
 10
115.1201171875
 20
844.193359375
 30
0.0
  0
VERTEX
  5
416
330
3C
100
AcDbEntity
  8
Layer 1
370
     0
100
AcDbVertex
100
AcDb2dVertex
 10
115.16552734375
 20
844.1953125
 30
0.0
  0
VERTEX
  5
417
330
3C
100
AcDbEntity
  8
Layer 1
370
     0
100
AcDbVertex
100
AcDb2dVertex
 10
115.2314453125
 20
844.18798828125
 30
0.0
  0
VERTEX
  5
418
330
3C
100
AcDbEntity
  8
Layer 1
370
     0
100
AcDbVertex
100
AcDb2dVertex
 10
115.29443359375
 20
844.18359375
 30
0.0
  0
VERTEX
  5
419
330
3C
100
AcDbEntity
  8
Layer 1
370
     0
100
AcDbVertex
100
AcDb2dVertex
 10
115.33203125
 20
844.193359375
 30
0.0
  0
VERTEX
  5
41A
330
3C
100
AcDbEntity
  8
Layer 1
370
     0
100
AcDbVertex
100
AcDb2dVertex
 10
115.59375
 20
844.37890625
 30
0.0
  0
VERTEX
  5
41B
330
3C
100
AcDbEntity
  8
Layer 1
370
     0
100
AcDbVertex
100
AcDb2dVertex
 10
115.97021484375
 20
844.52734375
 30
0.0
  0
VERTEX
  5
41C
330
3C
100
AcDbEntity
  8
Layer 1
370
     0
100
AcDbVertex
100
AcDb2dVertex
 10
116.37158203125
 20
844.66845703125
 30
0.0
  0
VERTEX
  5
41D
330
3C
100
AcDbEntity
  8
Layer 1
370
     0
100
AcDbVertex
100
AcDb2dVertex
 10
116.70849609375
 20
844.8291015625
 30
0.0
  0
VERTEX
  5
41E
330
3C
100
AcDbEntity
  8
Layer 1
370
     0
100
AcDbVertex
100
AcDb2dVertex
 10
116.93994140625
 20
845.00341796875
 30
0.0
  0
VERTEX
  5
41F
330
3C
100
AcDbEntity
  8
Layer 1
370
     0
100
AcDbVertex
100
AcDb2dVertex
 10
117.134765625
 20
845.19091796875
 30
0.0
  0
VERTEX
  5
420
330
3C
100
AcDbEntity
  8
Layer 1
370
     0
100
AcDbVertex
100
AcDb2dVertex
 10
117.3017578125
 20
845.38232421875
 30
0.0
  0
VERTEX
  5
421
330
3C
100
AcDbEntity
  8
Layer 1
370
     0
100
AcDbVertex
100
AcDb2dVertex
 10
117.44970703125
 20
845.5703125
 30
0.0
  0
VERTEX
  5
422
330
3C
100
AcDbEntity
  8
Layer 1
370
     0
100
AcDbVertex
100
AcDb2dVertex
 10
117.5927734375
 20
845.78564453125
 30
0.0
  0
VERTEX
  5
423
330
3C
100
AcDbEntity
  8
Layer 1
370
     0
100
AcDbVertex
100
AcDb2dVertex
 10
117.71923828125
 20
846.0126953125
 30
0.0
  0
VERTEX
  5
424
330
3C
100
AcDbEntity
  8
Layer 1
370
     0
100
AcDbVertex
100
AcDb2dVertex
 10
117.84326171875
 20
846.23046875
 30
0.0
  0
VERTEX
  5
425
330
3C
100
AcDbEntity
  8
Layer 1
370
     0
100
AcDbVertex
100
AcDb2dVertex
 10
117.97900390625
 20
846.4169921875
 30
0.0
  0
VERTEX
  5
426
330
3C
100
AcDbEntity
  8
Layer 1
370
     0
100
AcDbVertex
100
AcDb2dVertex
 10
118.1171875
 20
846.53466796875
 30
0.0
  0
VERTEX
  5
427
330
3C
100
AcDbEntity
  8
Layer 1
370
     0
100
AcDbVertex
100
AcDb2dVertex
 10
118.2783203125
 20
846.62890625
 30
0.0
  0
VERTEX
  5
428
330
3C
100
AcDbEntity
  8
Layer 1
370
     0
100
AcDbVertex
100
AcDb2dVertex
 10
118.4482421875
 20
846.72314453125
 30
0.0
  0
VERTEX
  5
429
330
3C
100
AcDbEntity
  8
Layer 1
370
     0
100
AcDbVertex
100
AcDb2dVertex
 10
118.6142578125
 20
846.8408203125
 30
0.0
  0
VERTEX
  5
42A
330
3C
100
AcDbEntity
  8
Layer 1
370
     0
100
AcDbVertex
100
AcDb2dVertex
 10
119.001953125
 20
847.234375
 30
0.0
  0
VERTEX
  5
42B
330
3C
100
AcDbEntity
  8
Layer 1
370
     0
100
AcDbVertex
100
AcDb2dVertex
 10
119.40673828125
 20
847.67529296875
 30
0.0
  0
VERTEX
  5
42C
330
3C
100
AcDbEntity
  8
Layer 1
370
     0
100
AcDbVertex
100
AcDb2dVertex
 10
119.865234375
 20
848.0693359375
 30
0.0
  0
VERTEX
  5
42D
330
3C
100
AcDbEntity
  8
Layer 1
370
     0
100
AcDbVertex
100
AcDb2dVertex
 10
120.4140625
 20
848.32275390625
 30
0.0
  0
VERTEX
  5
42E
330
3C
100
AcDbEntity
  8
Layer 1
370
     0
100
AcDbVertex
100
AcDb2dVertex
 10
120.46875
 20
848.34716796875
 30
0.0
  0
VERTEX
  5
42F
330
3C
100
AcDbEntity
  8
Layer 1
370
     0
100
AcDbVertex
100
AcDb2dVertex
 10
120.4873046875
 20
848.37646484375
 30
0.0
  0
VERTEX
  5
430
330
3C
100
AcDbEntity
  8
Layer 1
370
     0
100
AcDbVertex
100
AcDb2dVertex
 10
120.49609375
 20
848.4052734375
 30
0.0
  0
VERTEX
  5
431
330
3C
100
AcDbEntity
  8
Layer 1
370
     0
100
AcDbVertex
100
AcDb2dVertex
 10
120.52001953125
 20
848.4287109375
 30
0.0
  0
VERTEX
  5
432
330
3C
100
AcDbEntity
  8
Layer 1
370
     0
100
AcDbVertex
100
AcDb2dVertex
 10
121.064453125
 20
848.5791015625
 30
0.0
  0
VERTEX
  5
433
330
3C
100
AcDbEntity
  8
Layer 1
370
     0
100
AcDbVertex
100
AcDb2dVertex
 10
121.74560546875
 20
848.62841796875
 30
0.0
  0
VERTEX
  5
434
330
3C
100
AcDbEntity
  8
Layer 1
370
     0
100
AcDbVertex
100
AcDb2dVertex
 10
122.501953125
 20
848.6044921875
 30
0.0
  0
VERTEX
  5
435
330
3C
100
AcDbEntity
  8
Layer 1
370
     0
100
AcDbVertex
100
AcDb2dVertex
 10
123.27294921875
 20
848.53466796875
 30
0.0
  0
VERTEX
  5
436
330
3C
100
AcDbEntity
  8
Layer 1
370
     0
100
AcDbVertex
100
AcDb2dVertex
 10
123.4208984375
 20
848.50537109375
 30
0.0
  0
VERTEX
  5
437
330
3C
100
AcDbEntity
  8
Layer 1
370
     0
100
AcDbVertex
100
AcDb2dVertex
 10
123.56103515625
 20
848.46435546875
 30
0.0
  0
VERTEX
  5
438
330
3C
100
AcDbEntity
  8
Layer 1
370
     0
100
AcDbVertex
100
AcDb2dVertex
 10
123.68994140625
 20
848.43212890625
 30
0.0
  0
VERTEX
  5
439
330
3C
100
AcDbEntity
  8
Layer 1
370
     0
100
AcDbVertex
100
AcDb2dVertex
 10
123.802734375
 20
848.4287109375
 30
0.0
  0
VERTEX
  5
43A
330
3C
100
AcDbEntity
  8
Layer 1
370
     0
100
AcDbVertex
100
AcDb2dVertex
 10
123.9873046875
 20
848.4990234375
 30
0.0
  0
VERTEX
  5
43B
330
3C
100
AcDbEntity
  8
Layer 1
370
     0
100
AcDbVertex
100
AcDb2dVertex
 10
124.259765625
 20
848.640625
 30
0.0
  0
VERTEX
  5
43C
330
3C
100
AcDbEntity
  8
Layer 1
370
     0
100
AcDbVertex
100
AcDb2dVertex
 10
124.5419921875
 20
848.80859375
 30
0.0
  0
VERTEX
  5
43D
330
3C
100
AcDbEntity
  8
Layer 1
370
     0
100
AcDbVertex
100
AcDb2dVertex
 10
124.75537109375
 20
848.9580078125
 30
0.0
  0
VERTEX
  5
43E
330
3C
100
AcDbEntity
  8
Layer 1
370
     0
100
AcDbVertex
100
AcDb2dVertex
 10
124.9306640625
 20
849.12890625
 30
0.0
  0
VERTEX
  5
43F
330
3C
100
AcDbEntity
  8
Layer 1
370
     0
100
AcDbVertex
100
AcDb2dVertex
 10
125.10693359375
 20
849.3388671875
 30
0.0
  0
VERTEX
  5
440
330
3C
100
AcDbEntity
  8
Layer 1
370
     0
100
AcDbVertex
100
AcDb2dVertex
 10
125.29248046875
 20
849.56982421875
 30
0.0
  0
VERTEX
  5
441
330
3C
100
AcDbEntity
  8
Layer 1
370
     0
100
AcDbVertex
100
AcDb2dVertex
 10
125.49658203125
 20
849.80517578125
 30
0.0
  0
VERTEX
  5
442
330
3C
100
AcDbEntity
  8
Layer 1
370
     0
100
AcDbVertex
100
AcDb2dVertex
 10
125.537109375
 20
849.84619140625
 30
0.0
  0
VERTEX
  5
443
330
3C
100
AcDbEntity
  8
Layer 1
370
     0
100
AcDbVertex
100
AcDb2dVertex
 10
125.609375
 20
849.91845703125
 30
0.0
  0
VERTEX
  5
444
330
3C
100
AcDbEntity
  8
Layer 1
370
     0
100
AcDbVertex
100
AcDb2dVertex
 10
125.677734375
 20
849.98681640625
 30
0.0
  0
VERTEX
  5
445
330
3C
100
AcDbEntity
  8
Layer 1
370
     0
100
AcDbVertex
100
AcDb2dVertex
 10
125.70849609375
 20
850.01708984375
 30
0.0
  0
VERTEX
  5
446
330
3C
100
AcDbEntity
  8
Layer 1
370
     0
100
AcDbVertex
100
AcDb2dVertex
 10
125.712890625
 20
850.138671875
 30
0.0
  0
VERTEX
  5
447
330
3C
100
AcDbEntity
  8
Layer 1
370
     0
100
AcDbVertex
100
AcDb2dVertex
 10
125.6708984375
 20
850.28076171875
 30
0.0
  0
VERTEX
  5
448
330
3C
100
AcDbEntity
  8
Layer 1
370
     0
100
AcDbVertex
100
AcDb2dVertex
 10
125.62109375
 20
850.44970703125
 30
0.0
  0
VERTEX
  5
449
330
3C
100
AcDbEntity
  8
Layer 1
370
     0
100
AcDbVertex
100
AcDb2dVertex
 10
125.6025390625
 20
850.65234375
 30
0.0
  0
VERTEX
  5
44A
330
3C
100
AcDbEntity
  8
Layer 1
370
     0
100
AcDbVertex
100
AcDb2dVertex
 10
125.6181640625
 20
850.673828125
 30
0.0
  0
VERTEX
  5
44B
330
3C
100
AcDbEntity
  8
Layer 1
370
     0
100
AcDbVertex
100
AcDb2dVertex
 10
125.65234375
 20
850.73095703125
 30
0.0
  0
VERTEX
  5
44C
330
3C
100
AcDbEntity
  8
Layer 1
370
     0
100
AcDbVertex
100
AcDb2dVertex
 10
125.6884765625
 20
850.8017578125
 30
0.0
  0
VERTEX
  5
44D
330
3C
100
AcDbEntity
  8
Layer 1
370
     0
100
AcDbVertex
100
AcDb2dVertex
 10
125.70849609375
 20
850.8642578125
 30
0.0
  0
VERTEX
  5
44E
330
3C
100
AcDbEntity
  8
Layer 1
370
     0
100
AcDbVertex
100
AcDb2dVertex
 10
125.7216796875
 20
851.029296875
 30
0.0
  0
VERTEX
  5
44F
330
3C
100
AcDbEntity
  8
Layer 1
370
     0
100
AcDbVertex
100
AcDb2dVertex
 10
125.73046875
 20
851.17578125
 30
0.0
  0
VERTEX
  5
450
330
3C
100
AcDbEntity
  8
Layer 1
370
     0
100
AcDbVertex
100
AcDb2dVertex
 10
125.7548828125
 20
851.3251953125
 30
0.0
  0
VERTEX
  5
451
330
3C
100
AcDbEntity
  8
Layer 1
370
     0
100
AcDbVertex
100
AcDb2dVertex
 10
125.814453125
 20
851.49951171875
 30
0.0
  0
VERTEX
  5
452
330
3C
100
AcDbEntity
  8
Layer 1
370
     0
100
AcDbVertex
100
AcDb2dVertex
 10
125.85546875
 20
851.55029296875
 30
0.0
  0
VERTEX
  5
453
330
3C
100
AcDbEntity
  8
Layer 1
370
     0
100
AcDbVertex
100
AcDb2dVertex
 10
125.923828125
 20
851.6103515625
 30
0.0
  0
VERTEX
  5
454
330
3C
100
AcDbEntity
  8
Layer 1
370
     0
100
AcDbVertex
100
AcDb2dVertex
 10
125.990234375
 20
851.66748046875
 30
0.0
  0
VERTEX
  5
455
330
3C
100
AcDbEntity
  8
Layer 1
370
     0
100
AcDbVertex
100
AcDb2dVertex
 10
126.02587890625
 20
851.7109375
 30
0.0
  0
VERTEX
  5
456
330
3C
100
AcDbEntity
  8
Layer 1
370
     0
100
AcDbVertex
100
AcDb2dVertex
 10
126.12109375
 20
852.1162109375
 30
0.0
  0
VERTEX
  5
457
330
3C
100
AcDbEntity
  8
Layer 1
370
     0
100
AcDbVertex
100
AcDb2dVertex
 10
126.1337890625
 20
852.5224609375
 30
0.0
  0
VERTEX
  5
458
330
3C
100
AcDbEntity
  8
Layer 1
370
     0
100
AcDbVertex
100
AcDb2dVertex
 10
126.06591796875
 20
852.919921875
 30
0.0
  0
VERTEX
  5
459
330
3C
100
AcDbEntity
  8
Layer 1
370
     0
100
AcDbVertex
100
AcDb2dVertex
 10
125.919921875
 20
853.29931640625
 30
0.0
  0
VERTEX
  5
45A
330
3C
100
AcDbEntity
  8
Layer 1
370
     0
100
AcDbVertex
100
AcDb2dVertex
 10
125.87939453125
 20
853.330078125
 30
0.0
  0
VERTEX
  5
45B
330
3C
100
AcDbEntity
  8
Layer 1
370
     0
100
AcDbVertex
100
AcDb2dVertex
 10
125.81201171875
 20
853.35546875
 30
0.0
  0
VERTEX
  5
45C
330
3C
100
AcDbEntity
  8
Layer 1
370
     0
100
AcDbVertex
100
AcDb2dVertex
 10
125.74560546875
 20
853.37890625
 30
0.0
  0
VERTEX
  5
45D
330
3C
100
AcDbEntity
  8
Layer 1
370
     0
100
AcDbVertex
100
AcDb2dVertex
 10
125.70849609375
 20
853.4052734375
 30
0.0
  0
VERTEX
  5
45E
330
3C
100
AcDbEntity
  8
Layer 1
370
     0
100
AcDbVertex
100
AcDb2dVertex
 10
125.5966796875
 20
853.72021484375
 30
0.0
  0
VERTEX
  5
45F
330
3C
100
AcDbEntity
  8
Layer 1
370
     0
100
AcDbVertex
100
AcDb2dVertex
 10
125.56640625
 20
854.02392578125
 30
0.0
  0
VERTEX
  5
460
330
3C
100
AcDbEntity
  8
Layer 1
370
     0
100
AcDbVertex
100
AcDb2dVertex
 10
125.63330078125
 20
854.33642578125
 30
0.0
  0
VERTEX
  5
461
330
3C
100
AcDbEntity
  8
Layer 1
370
     0
100
AcDbVertex
100
AcDb2dVertex
 10
125.814453125
 20
854.67578125
 30
0.0
  0
VERTEX
  5
462
330
3C
100
AcDbEntity
  8
Layer 1
370
     0
100
AcDbVertex
100
AcDb2dVertex
 10
125.91748046875
 20
854.7939453125
 30
0.0
  0
VERTEX
  5
463
330
3C
100
AcDbEntity
  8
Layer 1
370
     0
100
AcDbVertex
100
AcDb2dVertex
 10
126.05712890625
 20
854.9365234375
 30
0.0
  0
VERTEX
  5
464
330
3C
100
AcDbEntity
  8
Layer 1
370
     0
100
AcDbVertex
100
AcDb2dVertex
 10
126.181640625
 20
855.0810546875
 30
0.0
  0
VERTEX
  5
465
330
3C
100
AcDbEntity
  8
Layer 1
370
     0
100
AcDbVertex
100
AcDb2dVertex
 10
126.23779296875
 20
855.205078125
 30
0.0
  0
VERTEX
  5
466
330
3C
100
AcDbEntity
  8
Layer 1
370
     0
100
AcDbVertex
100
AcDb2dVertex
 10
126.21240234375
 20
855.279296875
 30
0.0
  0
VERTEX
  5
467
330
3C
100
AcDbEntity
  8
Layer 1
370
     0
100
AcDbVertex
100
AcDb2dVertex
 10
126.150390625
 20
855.36474609375
 30
0.0
  0
VERTEX
  5
468
330
3C
100
AcDbEntity
  8
Layer 1
370
     0
100
AcDbVertex
100
AcDb2dVertex
 10
126.07861328125
 20
855.4501953125
 30
0.0
  0
VERTEX
  5
469
330
3C
100
AcDbEntity
  8
Layer 1
370
     0
100
AcDbVertex
100
AcDb2dVertex
 10
126.02587890625
 20
855.52294921875
 30
0.0
  0
VERTEX
  5
46A
330
3C
100
AcDbEntity
  8
Layer 1
370
     0
100
AcDbVertex
100
AcDb2dVertex
 10
126.0
 20
855.59228515625
 30
0.0
  0
VERTEX
  5
46B
330
3C
100
AcDbEntity
  8
Layer 1
370
     0
100
AcDbVertex
100
AcDb2dVertex
 10
125.9794921875
 20
855.67626953125
 30
0.0
  0
VERTEX
  5
46C
330
3C
100
AcDbEntity
  8
Layer 1
370
     0
100
AcDbVertex
100
AcDb2dVertex
 10
125.95556640625
 20
855.7626953125
 30
0.0
  0
VERTEX
  5
46D
330
3C
100
AcDbEntity
  8
Layer 1
370
     0
100
AcDbVertex
100
AcDb2dVertex
 10
125.919921875
 20
855.84033203125
 30
0.0
  0
VERTEX
  5
46E
330
3C
100
AcDbEntity
  8
Layer 1
370
     0
100
AcDbVertex
100
AcDb2dVertex
 10
125.87841796875
 20
855.869140625
 30
0.0
  0
VERTEX
  5
46F
330
3C
100
AcDbEntity
  8
Layer 1
370
     0
100
AcDbVertex
100
AcDb2dVertex
 10
125.810546875
 20
855.8955078125
 30
0.0
  0
VERTEX
  5
470
330
3C
100
AcDbEntity
  8
Layer 1
370
     0
100
AcDbVertex
100
AcDb2dVertex
 10
125.74462890625
 20
855.92041015625
 30
0.0
  0
VERTEX
  5
471
330
3C
100
AcDbEntity
  8
Layer 1
370
     0
100
AcDbVertex
100
AcDb2dVertex
 10
125.70849609375
 20
855.9462890625
 30
0.0
  0
VERTEX
  5
472
330
3C
100
AcDbEntity
  8
Layer 1
370
     0
100
AcDbVertex
100
AcDb2dVertex
 10
125.6630859375
 20
856.046875
 30
0.0
  0
VERTEX
  5
473
330
3C
100
AcDbEntity
  8
Layer 1
370
     0
100
AcDbVertex
100
AcDb2dVertex
 10
125.6181640625
 20
856.1416015625
 30
0.0
  0
VERTEX
  5
474
330
3C
100
AcDbEntity
  8
Layer 1
370
     0
100
AcDbVertex
100
AcDb2dVertex
 10
125.5654296875
 20
856.2451171875
 30
0.0
  0
VERTEX
  5
475
330
3C
100
AcDbEntity
  8
Layer 1
370
     0
100
AcDbVertex
100
AcDb2dVertex
 10
125.49658203125
 20
856.3701171875
 30
0.0
  0
VERTEX
  5
476
330
3C
100
AcDbEntity
  8
Layer 1
370
     0
100
AcDbVertex
100
AcDb2dVertex
 10
125.4482421875
 20
856.4541015625
 30
0.0
  0
VERTEX
  5
477
330
3C
100
AcDbEntity
  8
Layer 1
370
     0
100
AcDbVertex
100
AcDb2dVertex
 10
125.43115234375
 20
856.4990234375
 30
0.0
  0
VERTEX
  5
478
330
3C
100
AcDbEntity
  8
Layer 1
370
     0
100
AcDbVertex
100
AcDb2dVertex
 10
125.447265625
 20
856.5322265625
 30
0.0
  0
VERTEX
  5
479
330
3C
100
AcDbEntity
  8
Layer 1
370
     0
100
AcDbVertex
100
AcDb2dVertex
 10
125.49658203125
 20
856.58154296875
 30
0.0
  0
VERTEX
  5
47A
330
3C
100
AcDbEntity
  8
Layer 1
370
     0
100
AcDbVertex
100
AcDb2dVertex
 10
125.49658203125
 20
856.58154296875
 30
0.0
  0
SEQEND
  5
47B
330
3C
100
AcDbEntity
  8
Layer 1
370
     0
  0
HATCH
  5
47C
330
1F
100
AcDbEntity
  8
Layer 1
 62
     7
420
 16777215
100
AcDbHatch
 10
0.0
 20
0.0
 30
0.0
210
0.0
220
0.0
230
1.0
  2
SOLID
 70
     1
 71
     0
 91
        1
 92
        1
 93
     1084
 72
     1
 10
125.49658203125
 20
856.58154296875
 11
125.7021484375
 21
856.68212890625
 72
     1
 10
125.7021484375
 20
856.68212890625
 11
125.998046875
 21
856.72314453125
 72
     1
 10
125.998046875
 20
856.72314453125
 11
126.28125
 21
856.69384765625
 72
     1
 10
126.28125
 20
856.69384765625
 11
126.44970703125
 21
856.58154296875
 72
     1
 10
126.44970703125
 20
856.58154296875
 11
126.4599609375
 21
856.5078125
 72
     1
 10
126.4599609375
 20
856.5078125
 11
126.447265625
 21
856.42138671875
 72
     1
 10
126.447265625
 20
856.42138671875
 11
126.43603515625
 21
856.33544921875
 72
     1
 10
126.43603515625
 20
856.33544921875
 11
126.44970703125
 21
856.26416015625
 72
     1
 10
126.44970703125
 20
856.26416015625
 11
126.5244140625
 21
856.1708984375
 72
     1
 10
126.5244140625
 20
856.1708984375
 11
126.619140625
 21
856.08447265625
 72
     1
 10
126.619140625
 20
856.08447265625
 11
126.70849609375
 21
856.0087890625
 72
     1
 10
126.70849609375
 20
856.0087890625
 11
126.76708984375
 21
855.9462890625
 72
     1
 10
126.76708984375
 20
855.9462890625
 11
126.7724609375
 21
855.90087890625
 72
     1
 10
126.7724609375
 20
855.90087890625
 11
126.763671875
 21
855.83642578125
 72
     1
 10
126.763671875
 20
855.83642578125
 11
126.75634765625
 21
855.7734375
 72
     1
 10
126.75634765625
 20
855.7734375
 11
126.76708984375
 21
855.734375
 72
     1
 10
126.76708984375
 20
855.734375
 11
126.83349609375
 21
855.68212890625
 72
     1
 10
126.83349609375
 20
855.68212890625
 11
126.8837890625
 21
855.64111328125
 72
     1
 10
126.8837890625
 20
855.64111328125
 11
126.9287109375
 21
855.59375
 72
     1
 10
126.9287109375
 20
855.59375
 11
126.97900390625
 21
855.52294921875
 72
     1
 10
126.97900390625
 20
855.52294921875
 11
127.12255859375
 21
855.298828125
 72
     1
 10
127.12255859375
 20
855.298828125
 11
127.20166015625
 21
855.1884765625
 72
     1
 10
127.20166015625
 20
855.1884765625
 11
127.27490234375
 21
855.1123046875
 72
     1
 10
127.27490234375
 20
855.1123046875
 11
127.40234375
 21
854.9931640625
 72
     1
 10
127.40234375
 20
854.9931640625
 11
127.625
 21
854.849609375
 72
     1
 10
127.625
 20
854.849609375
 11
127.94580078125
 21
854.69873046875
 72
     1
 10
127.94580078125
 20
854.69873046875
 11
128.28564453125
 21
854.53662109375
 72
     1
 10
128.28564453125
 20
854.53662109375
 11
128.5673828125
 21
854.3583984375
 72
     1
 10
128.5673828125
 20
854.3583984375
 11
128.8564453125
 21
854.0517578125
 72
     1
 10
128.8564453125
 20
854.0517578125
 11
129.1240234375
 21
853.67236328125
 72
     1
 10
129.1240234375
 20
853.67236328125
 11
129.3251953125
 21
853.318359375
 72
     1
 10
129.3251953125
 20
853.318359375
 11
129.4140625
 21
853.08740234375
 72
     1
 10
129.4140625
 20
853.08740234375
 11
129.38427734375
 21
852.58203125
 72
     1
 10
129.38427734375
 20
852.58203125
 11
129.22119140625
 21
852.10400390625
 72
     1
 10
129.22119140625
 20
852.10400390625
 11
129.0224609375
 21
851.6416015625
 72
     1
 10
129.0224609375
 20
851.6416015625
 11
128.884765625
 21
851.181640625
 72
     1
 10
128.884765625
 20
851.181640625
 11
128.88916015625
 21
851.06201171875
 72
     1
 10
128.88916015625
 20
851.06201171875
 11
128.9267578125
 21
850.970703125
 72
     1
 10
128.9267578125
 20
850.970703125
 11
128.97021484375
 21
850.90576171875
 72
     1
 10
128.97021484375
 20
850.90576171875
 11
128.99072265625
 21
850.8642578125
 72
     1
 10
128.99072265625
 20
850.8642578125
 11
128.96826171875
 21
850.767578125
 72
     1
 10
128.96826171875
 20
850.767578125
 11
128.921875
 21
850.634765625
 72
     1
 10
128.921875
 20
850.634765625
 11
128.88330078125
 21
850.45751953125
 72
     1
 10
128.88330078125
 20
850.45751953125
 11
128.884765625
 21
850.228515625
 72
     1
 10
128.884765625
 20
850.228515625
 11
128.91015625
 21
850.22900390625
 72
     1
 10
128.91015625
 20
850.22900390625
 11
128.962890625
 21
850.205078125
 72
     1
 10
128.962890625
 20
850.205078125
 11
129.00341796875
 21
850.16650390625
 72
     1
 10
129.00341796875
 20
850.16650390625
 11
128.99072265625
 21
850.123046875
 72
     1
 10
128.99072265625
 20
850.123046875
 11
128.91357421875
 21
849.92578125
 72
     1
 10
128.91357421875
 20
849.92578125
 11
128.921875
 21
849.60205078125
 72
     1
 10
128.921875
 20
849.60205078125
 11
128.9912109375
 21
849.248046875
 72
     1
 10
128.9912109375
 20
849.248046875
 11
129.0966796875
 21
848.9580078125
 72
     1
 10
129.0966796875
 20
848.9580078125
 11
129.18017578125
 21
848.7900390625
 72
     1
 10
129.18017578125
 20
848.7900390625
 11
129.2548828125
 21
848.662109375
 72
     1
 10
129.2548828125
 20
848.662109375
 11
129.35595703125
 21
848.55029296875
 72
     1
 10
129.35595703125
 20
848.55029296875
 11
129.52001953125
 21
848.4287109375
 72
     1
 10
129.52001953125
 20
848.4287109375
 11
129.599609375
 21
848.3916015625
 72
     1
 10
129.599609375
 20
848.3916015625
 11
129.68115234375
 21
848.37158203125
 72
     1
 10
129.68115234375
 20
848.37158203125
 11
129.76123046875
 21
848.35400390625
 72
     1
 10
129.76123046875
 20
848.35400390625
 11
129.837890625
 21
848.32275390625
 72
     1
 10
129.837890625
 20
848.32275390625
 11
130.0556640625
 21
848.138671875
 72
     1
 10
130.0556640625
 20
848.138671875
 11
130.251953125
 21
847.8896484375
 72
     1
 10
130.251953125
 20
847.8896484375
 11
130.45263671875
 21
847.619140625
 72
     1
 10
130.45263671875
 20
847.619140625
 11
130.6845703125
 21
847.3701171875
 72
     1
 10
130.6845703125
 20
847.3701171875
 11
130.72900390625
 21
847.36083984375
 72
     1
 10
130.72900390625
 20
847.36083984375
 11
130.79150390625
 21
847.37109375
 72
     1
 10
130.79150390625
 20
847.37109375
 11
130.853515625
 21
847.380859375
 72
     1
 10
130.853515625
 20
847.380859375
 11
130.896484375
 21
847.3701171875
 72
     1
 10
130.896484375
 20
847.3701171875
 11
130.904296875
 21
847.32763671875
 72
     1
 10
130.904296875
 20
847.32763671875
 11
130.89501953125
 21
847.26123046875
 72
     1
 10
130.89501953125
 20
847.26123046875
 11
130.88623046875
 21
847.1962890625
 72
     1
 10
130.88623046875
 20
847.1962890625
 11
130.896484375
 21
847.158203125
 72
     1
 10
130.896484375
 20
847.158203125
 11
130.9892578125
 21
847.130859375
 72
     1
 10
130.9892578125
 20
847.130859375
 11
131.1240234375
 21
847.11669921875
 72
     1
 10
131.1240234375
 20
847.11669921875
 11
131.27734375
 21
847.09716796875
 72
     1
 10
131.27734375
 20
847.09716796875
 11
131.42578125
 21
847.05224609375
 72
     1
 10
131.42578125
 20
847.05224609375
 11
131.501953125
 21
847.00537109375
 72
     1
 10
131.501953125
 20
847.00537109375
 11
131.57421875
 21
846.9462890625
 72
     1
 10
131.57421875
 20
846.9462890625
 11
131.65234375
 21
846.8876953125
 72
     1
 10
131.65234375
 20
846.8876953125
 11
131.74365234375
 21
846.8408203125
 72
     1
 10
131.74365234375
 20
846.8408203125
 11
131.85498046875
 21
846.80615234375
 72
     1
 10
131.85498046875
 20
846.80615234375
 11
131.95166015625
 21
846.78515625
 72
     1
 10
131.95166015625
 20
846.78515625
 11
132.05078125
 21
846.765625
 72
     1
 10
132.05078125
 20
846.765625
 11
132.1669921875
 21
846.73486328125
 72
     1
 10
132.1669921875
 20
846.73486328125
 11
132.39013671875
 21
846.66064453125
 72
     1
 10
132.39013671875
 20
846.66064453125
 11
132.56103515625
 21
846.57373046875
 72
     1
 10
132.56103515625
 20
846.57373046875
 11
132.72021484375
 21
846.43505859375
 72
     1
 10
132.72021484375
 20
846.43505859375
 11
132.908203125
 21
846.205078125
 72
     1
 10
132.908203125
 20
846.205078125
 11
132.93701171875
 21
846.1572265625
 72
     1
 10
132.93701171875
 20
846.1572265625
 11
132.958984375
 21
846.1064453125
 72
     1
 10
132.958984375
 20
846.1064453125
 11
132.98193359375
 21
846.05224609375
 72
     1
 10
132.98193359375
 20
846.05224609375
 11
133.01416015625
 21
845.99365234375
 72
     1
 10
133.01416015625
 20
845.99365234375
 11
133.064453125
 21
845.94287109375
 72
     1
 10
133.064453125
 20
845.94287109375
 11
133.11328125
 21
845.93017578125
 72
     1
 10
133.11328125
 20
845.93017578125
 11
133.166015625
 21
845.9228515625
 72
     1
 10
133.166015625
 20
845.9228515625
 11
133.22607421875
 21
845.8876953125
 72
     1
 10
133.22607421875
 20
845.8876953125
 11
133.32470703125
 21
845.80615234375
 72
     1
 10
133.32470703125
 20
845.80615234375
 11
133.427734375
 21
845.73193359375
 72
     1
 10
133.427734375
 20
845.73193359375
 11
133.53564453125
 21
845.65625
 72
     1
 10
133.53564453125
 20
845.65625
 11
133.6494140625
 21
845.5703125
 72
     1
 10
133.6494140625
 20
845.5703125
 11
133.802734375
 21
845.44921875
 72
     1
 10
133.802734375
 20
845.44921875
 11
133.9404296875
 21
845.35107421875
 72
     1
 10
133.9404296875
 20
845.35107421875
 11
134.09130859375
 21
845.2568359375
 72
     1
 10
134.09130859375
 20
845.2568359375
 11
134.28466796875
 21
845.146484375
 72
     1
 10
134.28466796875
 20
845.146484375
 11
134.3076171875
 21
845.11767578125
 72
     1
 10
134.3076171875
 20
845.11767578125
 11
134.3134765625
 21
845.083984375
 72
     1
 10
134.3134765625
 20
845.083984375
 11
134.33154296875
 21
845.0556640625
 72
     1
 10
134.33154296875
 20
845.0556640625
 11
134.390625
 21
845.04052734375
 72
     1
 10
134.390625
 20
845.04052734375
 11
134.48193359375
 21
844.98779296875
 72
     1
 10
134.48193359375
 20
844.98779296875
 11
134.55126953125
 21
844.8701171875
 72
     1
 10
134.55126953125
 20
844.8701171875
 11
134.6201171875
 21
844.73193359375
 72
     1
 10
134.6201171875
 20
844.73193359375
 11
134.7080078125
 21
844.6171875
 72
     1
 10
134.7080078125
 20
844.6171875
 11
134.82470703125
 21
844.55908203125
 72
     1
 10
134.82470703125
 20
844.55908203125
 11
134.9619140625
 21
844.52880859375
 72
     1
 10
134.9619140625
 20
844.52880859375
 11
135.10498046875
 21
844.490234375
 72
     1
 10
135.10498046875
 20
844.490234375
 11
135.23779296875
 21
844.4052734375
 72
     1
 10
135.23779296875
 20
844.4052734375
 11
135.3056640625
 21
844.32568359375
 72
     1
 10
135.3056640625
 20
844.32568359375
 11
135.3720703125
 21
844.220703125
 72
     1
 10
135.3720703125
 20
844.220703125
 11
135.4248046875
 21
844.10205078125
 72
     1
 10
135.4248046875
 20
844.10205078125
 11
135.44921875
 21
843.98193359375
 72
     1
 10
135.44921875
 20
843.98193359375
 11
135.439453125
 21
843.796875
 72
     1
 10
135.439453125
 20
843.796875
 11
135.3837890625
 21
843.68115234375
 72
     1
 10
135.3837890625
 20
843.68115234375
 11
135.28125
 21
843.58349609375
 72
     1
 10
135.28125
 20
843.58349609375
 11
135.1318359375
 21
843.4521484375
 72
     1
 10
135.1318359375
 20
843.4521484375
 11
134.99658203125
 21
843.3232421875
 72
     1
 10
134.99658203125
 20
843.3232421875
 11
134.8330078125
 21
843.1884765625
 72
     1
 10
134.8330078125
 20
843.1884765625
 11
134.6328125
 21
843.07958984375
 72
     1
 10
134.6328125
 20
843.07958984375
 11
134.390625
 21
843.02880859375
 72
     1
 10
134.390625
 20
843.02880859375
 11
134.1806640625
 21
843.0185546875
 72
     1
 10
134.1806640625
 20
843.0185546875
 11
133.9130859375
 21
843.00927734375
 72
     1
 10
133.9130859375
 20
843.00927734375
 11
133.61962890625
 21
843.009765625
 72
     1
 10
133.61962890625
 20
843.009765625
 11
133.33203125
 21
843.02880859375
 72
     1
 10
133.33203125
 20
843.02880859375
 11
132.4833984375
 21
843.294921875
 72
     1
 10
132.4833984375
 20
843.294921875
 11
131.60546875
 21
843.71142578125
 72
     1
 10
131.60546875
 20
843.71142578125
 11
130.6904296875
 21
843.99853515625
 72
     1
 10
130.6904296875
 20
843.99853515625
 11
129.73193359375
 21
843.8759765625
 72
     1
 10
129.73193359375
 20
843.8759765625
 11
129.58251953125
 21
843.8193359375
 72
     1
 10
129.58251953125
 20
843.8193359375
 11
129.46728515625
 21
843.779296875
 72
     1
 10
129.46728515625
 20
843.779296875
 11
129.37841796875
 21
843.73486328125
 72
     1
 10
129.37841796875
 20
843.73486328125
 11
129.30810546875
 21
843.6640625
 72
     1
 10
129.30810546875
 20
843.6640625
 11
129.26708984375
 21
843.564453125
 72
     1
 10
129.26708984375
 20
843.564453125
 11
129.25439453125
 21
843.455078125
 72
     1
 10
129.25439453125
 20
843.455078125
 11
129.2421875
 21
843.34423828125
 72
     1
 10
129.2421875
 20
843.34423828125
 11
129.20263671875
 21
843.24072265625
 72
     1
 10
129.20263671875
 20
843.24072265625
 11
129.08935546875
 21
843.06787109375
 72
     1
 10
129.08935546875
 20
843.06787109375
 11
128.97314453125
 21
842.9091796875
 72
     1
 10
128.97314453125
 20
842.9091796875
 11
128.83935546875
 21
842.75732421875
 72
     1
 10
128.83935546875
 20
842.75732421875
 11
128.6728515625
 21
842.60546875
 72
     1
 10
128.6728515625
 20
842.60546875
 11
128.62890625
 21
842.59765625
 72
     1
 10
128.62890625
 20
842.59765625
 11
128.564453125
 21
842.607421875
 72
     1
 10
128.564453125
 20
842.607421875
 11
128.50146484375
 21
842.6162109375
 72
     1
 10
128.50146484375
 20
842.6162109375
 11
128.46142578125
 21
842.60546875
 72
     1
 10
128.46142578125
 20
842.60546875
 11
128.31787109375
 21
842.43359375
 72
     1
 10
128.31787109375
 20
842.43359375
 11
128.13916015625
 21
842.28173828125
 72
     1
 10
128.13916015625
 20
842.28173828125
 11
127.88330078125
 21
842.18603515625
 72
     1
 10
127.88330078125
 20
842.18603515625
 11
127.50830078125
 21
842.181640625
 72
     1
 10
127.50830078125
 20
842.181640625
 11
127.2939453125
 21
842.25634765625
 72
     1
 10
127.2939453125
 20
842.25634765625
 11
127.09814453125
 21
842.3974609375
 72
     1
 10
127.09814453125
 20
842.3974609375
 11
126.8955078125
 21
842.56298828125
 72
     1
 10
126.8955078125
 20
842.56298828125
 11
126.6611328125
 21
842.71142578125
 72
     1
 10
126.6611328125
 20
842.71142578125
 11
126.49462890625
 21
842.77392578125
 72
     1
 10
126.49462890625
 20
842.77392578125
 11
126.32666015625
 21
842.82568359375
 72
     1
 10
126.32666015625
 20
842.82568359375
 11
126.1669921875
 21
842.8994140625
 72
     1
 10
126.1669921875
 20
842.8994140625
 11
126.02587890625
 21
843.02880859375
 72
     1
 10
126.02587890625
 20
843.02880859375
 11
125.9970703125
 21
843.09716796875
 72
     1
 10
125.9970703125
 20
843.09716796875
 11
125.97705078125
 21
843.18798828125
 72
     1
 10
125.97705078125
 20
843.18798828125
 11
125.95556640625
 21
843.27880859375
 72
     1
 10
125.95556640625
 20
843.27880859375
 11
125.919921875
 21
843.3466796875
 72
     1
 10
125.919921875
 20
843.3466796875
 11
125.80712890625
 21
843.4326171875
 72
     1
 10
125.80712890625
 20
843.4326171875
 11
125.6708984375
 21
843.50048828125
 72
     1
 10
125.6708984375
 20
843.50048828125
 11
125.5263671875
 21
843.57080078125
 72
     1
 10
125.5263671875
 20
843.57080078125
 11
125.390625
 21
843.6640625
 72
     1
 10
125.390625
 20
843.6640625
 11
125.1474609375
 21
843.89599609375
 72
     1
 10
125.1474609375
 20
843.89599609375
 11
124.90478515625
 21
844.13134765625
 72
     1
 10
124.90478515625
 20
844.13134765625
 11
124.6669921875
 21
844.31884765625
 72
     1
 10
124.6669921875
 20
844.31884765625
 11
124.43798828125
 21
844.4052734375
 72
     1
 10
124.43798828125
 20
844.4052734375
 11
124.25537109375
 21
844.37158203125
 72
     1
 10
124.25537109375
 20
844.37158203125
 11
124.0302734375
 21
844.2666015625
 72
     1
 10
124.0302734375
 20
844.2666015625
 11
123.7705078125
 21
844.125
 72
     1
 10
123.7705078125
 20
844.125
 11
123.48486328125
 21
843.98193359375
 72
     1
 10
123.48486328125
 20
843.98193359375
 11
123.3095703125
 21
843.90380859375
 72
     1
 10
123.3095703125
 20
843.90380859375
 11
123.1279296875
 21
843.82421875
 72
     1
 10
123.1279296875
 20
843.82421875
 11
122.939453125
 21
843.744140625
 72
     1
 10
122.939453125
 20
843.744140625
 11
122.74365234375
 21
843.6640625
 72
     1
 10
122.74365234375
 20
843.6640625
 11
122.6865234375
 21
843.63818359375
 72
     1
 10
122.6865234375
 20
843.63818359375
 11
122.61376953125
 21
843.6025390625
 72
     1
 10
122.61376953125
 20
843.6025390625
 11
122.552734375
 21
843.57080078125
 72
     1
 10
122.552734375
 20
843.57080078125
 11
122.53173828125
 21
843.55810546875
 72
     1
 10
122.53173828125
 20
843.55810546875
 11
122.41162109375
 21
843.56005859375
 72
     1
 10
122.41162109375
 20
843.56005859375
 11
122.32080078125
 21
843.59814453125
 72
     1
 10
122.32080078125
 20
843.59814453125
 11
122.25634765625
 21
843.642578125
 72
     1
 10
122.25634765625
 20
843.642578125
 11
122.21435546875
 21
843.6640625
 72
     1
 10
122.21435546875
 20
843.6640625
 11
122.16015625
 21
843.6474609375
 72
     1
 10
122.16015625
 20
843.6474609375
 11
122.1162109375
 21
843.61083984375
 72
     1
 10
122.1162109375
 20
843.61083984375
 11
122.068359375
 21
843.57421875
 72
     1
 10
122.068359375
 20
843.57421875
 11
122.00244140625
 21
843.55810546875
 72
     1
 10
122.00244140625
 20
843.55810546875
 11
121.90185546875
 21
843.5771484375
 72
     1
 10
121.90185546875
 20
843.5771484375
 11
121.82958984375
 21
843.6162109375
 72
     1
 10
121.82958984375
 20
843.6162109375
 11
121.7646484375
 21
843.65283203125
 72
     1
 10
121.7646484375
 20
843.65283203125
 11
121.68505859375
 21
843.6640625
 72
     1
 10
121.68505859375
 20
843.6640625
 11
121.65625
 21
843.64697265625
 72
     1
 10
121.65625
 20
843.64697265625
 11
121.60693359375
 21
843.611328125
 72
     1
 10
121.60693359375
 20
843.611328125
 11
121.54345703125
 21
843.57568359375
 72
     1
 10
121.54345703125
 20
843.57568359375
 11
121.47314453125
 21
843.55810546875
 72
     1
 10
121.47314453125
 20
843.55810546875
 11
121.412109375
 21
843.572265625
 72
     1
 10
121.412109375
 20
843.572265625
 11
121.39111328125
 21
843.60693359375
 72
     1
 10
121.39111328125
 20
843.60693359375
 11
121.384765625
 21
843.6435546875
 72
     1
 10
121.384765625
 20
843.6435546875
 11
121.3671875
 21
843.6640625
 72
     1
 10
121.3671875
 20
843.6640625
 11
121.306640625
 21
843.65185546875
 72
     1
 10
121.306640625
 20
843.65185546875
 11
121.19189453125
 21
843.6181640625
 72
     1
 10
121.19189453125
 20
843.6181640625
 11
121.05908203125
 21
843.5810546875
 72
     1
 10
121.05908203125
 20
843.5810546875
 11
120.94384765625
 21
843.55810546875
 72
     1
 10
120.94384765625
 20
843.55810546875
 11
120.9462890625
 21
843.57763671875
 72
     1
 10
120.9462890625
 20
843.57763671875
 11
120.92578125
 21
843.61767578125
 72
     1
 10
120.92578125
 20
843.61767578125
 11
120.8876953125
 21
843.654296875
 72
     1
 10
120.8876953125
 20
843.654296875
 11
120.837890625
 21
843.6640625
 72
     1
 10
120.837890625
 20
843.6640625
 11
120.83984375
 21
843.65185546875
 72
     1
 10
120.83984375
 20
843.65185546875
 11
120.8046875
 21
843.6162109375
 72
     1
 10
120.8046875
 20
843.6162109375
 11
120.759765625
 21
843.57861328125
 72
     1
 10
120.759765625
 20
843.57861328125
 11
120.73193359375
 21
843.55810546875
 72
     1
 10
120.73193359375
 20
843.55810546875
 11
120.158203125
 21
843.42529296875
 72
     1
 10
120.158203125
 20
843.42529296875
 11
119.3837890625
 21
843.39208984375
 72
     1
 10
119.3837890625
 20
843.39208984375
 11
118.54248046875
 21
843.38916015625
 72
     1
 10
118.54248046875
 20
843.38916015625
 11
117.76708984375
 21
843.3466796875
 72
     1
 10
117.76708984375
 20
843.3466796875
 11
117.46435546875
 21
843.29296875
 72
     1
 10
117.46435546875
 20
843.29296875
 11
117.1630859375
 21
843.21533203125
 72
     1
 10
117.1630859375
 20
843.21533203125
 11
116.8466796875
 21
843.12353515625
 72
     1
 10
116.8466796875
 20
843.12353515625
 11
116.49658203125
 21
843.02880859375
 72
     1
 10
116.49658203125
 20
843.02880859375
 11
116.41748046875
 21
843.015625
 72
     1
 10
116.41748046875
 20
843.015625
 11
116.2998046875
 21
842.99853515625
 72
     1
 10
116.2998046875
 20
842.99853515625
 11
116.1484375
 21
842.97021484375
 72
     1
 10
116.1484375
 20
842.97021484375
 11
115.96728515625
 21
842.9228515625
 72
     1
 10
115.96728515625
 20
842.9228515625
 11
115.9140625
 21
842.88427734375
 72
     1
 10
115.9140625
 20
842.88427734375
 11
115.85546875
 21
842.81689453125
 72
     1
 10
115.85546875
 20
842.81689453125
 11
115.7998046875
 21
842.74951171875
 72
     1
 10
115.7998046875
 20
842.74951171875
 11
115.75537109375
 21
842.71142578125
 72
     1
 10
115.75537109375
 20
842.71142578125
 11
115.02001953125
 21
842.54248046875
 72
     1
 10
115.02001953125
 20
842.54248046875
 11
114.14990234375
 21
842.49951171875
 72
     1
 10
114.14990234375
 20
842.49951171875
 11
113.2353515625
 21
842.5361328125
 72
     1
 10
113.2353515625
 20
842.5361328125
 11
112.3671875
 21
842.60546875
 72
     1
 10
112.3671875
 20
842.60546875
 11
111.67822265625
 21
842.673828125
 72
     1
 10
111.67822265625
 20
842.673828125
 11
110.98486328125
 21
842.73828125
 72
     1
 10
110.98486328125
 20
842.73828125
 11
110.29443359375
 21
842.76220703125
 72
     1
 10
110.29443359375
 20
842.76220703125
 11
109.6142578125
 21
842.71142578125
 72
     1
 10
109.6142578125
 20
842.71142578125
 11
109.15087890625
 21
842.580078125
 72
     1
 10
109.15087890625
 20
842.580078125
 11
108.67236328125
 21
842.35888671875
 72
     1
 10
108.67236328125
 20
842.35888671875
 11
108.1884765625
 21
842.10205078125
 72
     1
 10
108.1884765625
 20
842.10205078125
 11
107.70849609375
 21
841.8642578125
 72
     1
 10
107.70849609375
 20
841.8642578125
 11
107.6884765625
 21
841.84375
 72
     1
 10
107.6884765625
 20
841.84375
 11
107.67529296875
 21
841.8134765625
 72
     1
 10
107.67529296875
 20
841.8134765625
 11
107.65234375
 21
841.7822265625
 72
     1
 10
107.65234375
 20
841.7822265625
 11
107.6025390625
 21
841.75830078125
 72
     1
 10
107.6025390625
 20
841.75830078125
 11
107.27197265625
 21
841.654296875
 72
     1
 10
107.27197265625
 20
841.654296875
 11
106.96240234375
 21
841.5146484375
 72
     1
 10
106.96240234375
 20
841.5146484375
 11
106.65576171875
 21
841.33837890625
 72
     1
 10
106.65576171875
 20
841.33837890625
 11
106.33203125
 21
841.123046875
 72
     1
 10
106.33203125
 20
841.123046875
 11
106.24853515625
 21
841.05029296875
 72
     1
 10
106.24853515625
 20
841.05029296875
 11
106.171875
 21
840.96435546875
 72
     1
 10
106.171875
 20
840.96435546875
 11
106.09619140625
 21
840.87841796875
 72
     1
 10
106.09619140625
 20
840.87841796875
 11
106.0146484375
 21
840.8056640625
 72
     1
 10
106.0146484375
 20
840.8056640625
 11
105.70361328125
 21
840.599609375
 72
     1
 10
105.70361328125
 20
840.599609375
 11
105.36669921875
 21
840.3974609375
 72
     1
 10
105.36669921875
 20
840.3974609375
 11
105.009765625
 21
840.18798828125
 72
     1
 10
105.009765625
 20
840.18798828125
 11
104.63818359375
 21
839.95849609375
 72
     1
 10
104.63818359375
 20
839.95849609375
 11
104.61376953125
 21
839.9267578125
 72
     1
 10
104.61376953125
 20
839.9267578125
 11
104.60888671875
 21
839.8935546875
 72
     1
 10
104.60888671875
 20
839.8935546875
 11
104.591796875
 21
839.8662109375
 72
     1
 10
104.591796875
 20
839.8662109375
 11
104.5322265625
 21
839.8525390625
 72
     1
 10
104.5322265625
 20
839.8525390625
 11
104.439453125
 21
839.81201171875
 72
     1
 10
104.439453125
 20
839.81201171875
 11
104.3759765625
 21
839.7236328125
 72
     1
 10
104.3759765625
 20
839.7236328125
 11
104.31103515625
 21
839.62060546875
 72
     1
 10
104.31103515625
 20
839.62060546875
 11
104.21435546875
 21
839.53466796875
 72
     1
 10
104.21435546875
 20
839.53466796875
 11
104.0654296875
 21
839.4794921875
 72
     1
 10
104.0654296875
 20
839.4794921875
 11
103.87890625
 21
839.43603515625
 72
     1
 10
103.87890625
 20
839.43603515625
 11
103.6748046875
 21
839.3896484375
 72
     1
 10
103.6748046875
 20
839.3896484375
 11
103.47314453125
 21
839.3232421875
 72
     1
 10
103.47314453125
 20
839.3232421875
 11
103.40478515625
 21
839.30029296875
 72
     1
 10
103.40478515625
 20
839.30029296875
 11
103.322265625
 21
839.27783203125
 72
     1
 10
103.322265625
 20
839.27783203125
 11
103.236328125
 21
839.251953125
 72
     1
 10
103.236328125
 20
839.251953125
 11
103.15576171875
 21
839.21728515625
 72
     1
 10
103.15576171875
 20
839.21728515625
 11
103.10791015625
 21
839.17529296875
 72
     1
 10
103.10791015625
 20
839.17529296875
 11
103.04541015625
 21
839.10546875
 72
     1
 10
103.04541015625
 20
839.10546875
 11
102.98486328125
 21
839.0390625
 72
     1
 10
102.98486328125
 20
839.0390625
 11
102.94384765625
 21
839.00537109375
 72
     1
 10
102.94384765625
 20
839.00537109375
 11
102.6806640625
 21
838.95654296875
 72
     1
 10
102.6806640625
 20
838.95654296875
 11
102.384765625
 21
838.935546875
 72
     1
 10
102.384765625
 20
838.935546875
 11
102.0771484375
 21
838.9228515625
 72
     1
 10
102.0771484375
 20
838.9228515625
 11
101.779296875
 21
838.8994140625
 72
     1
 10
101.779296875
 20
838.8994140625
 11
101.3681640625
 21
838.84521484375
 72
     1
 10
101.3681640625
 20
838.84521484375
 11
100.98828125
 21
838.79150390625
 72
     1
 10
100.98828125
 20
838.79150390625
 11
100.6064453125
 21
838.73876953125
 72
     1
 10
100.6064453125
 20
838.73876953125
 11
100.19091796875
 21
838.6875
 72
     1
 10
100.19091796875
 20
838.6875
 11
100.11376953125
 21
838.68701171875
 72
     1
 10
100.11376953125
 20
838.68701171875
 11
100.03076171875
 21
838.6943359375
 72
     1
 10
100.03076171875
 20
838.6943359375
 11
99.94873046875
 21
838.6982421875
 72
     1
 10
99.94873046875
 20
838.6982421875
 11
99.87353515625
 21
838.6875
 72
     1
 10
99.87353515625
 20
838.6875
 11
99.833984375
 21
838.66455078125
 72
     1
 10
99.833984375
 20
838.66455078125
 11
99.796875
 21
838.62841796875
 72
     1
 10
99.796875
 20
838.62841796875
 11
99.77197265625
 21
838.595703125
 72
     1
 10
99.77197265625
 20
838.595703125
 11
99.767578125
 21
838.58203125
 72
     1
 10
99.767578125
 20
838.58203125
 11
99.673828125
 21
838.58740234375
 72
     1
 10
99.673828125
 20
838.58740234375
 11
99.625
 21
838.6220703125
 72
     1
 10
99.625
 20
838.6220703125
 11
99.59423828125
 21
838.66357421875
 72
     1
 10
99.59423828125
 20
838.66357421875
 11
99.5556640625
 21
838.6875
 72
     1
 10
99.5556640625
 20
838.6875
 11
99.40087890625
 21
838.67529296875
 72
     1
 10
99.40087890625
 20
838.67529296875
 11
99.26953125
 21
838.60888671875
 72
     1
 10
99.26953125
 20
838.60888671875
 11
99.1220703125
 21
838.52880859375
 72
     1
 10
99.1220703125
 20
838.52880859375
 11
98.92041015625
 21
838.47607421875
 72
     1
 10
98.92041015625
 20
838.47607421875
 11
97.98828125
 21
838.4130859375
 72
     1
 10
97.98828125
 20
838.4130859375
 11
97.0498046875
 21
838.39013671875
 72
     1
 10
97.0498046875
 20
838.39013671875
 11
96.12060546875
 21
838.3564453125
 72
     1
 10
96.12060546875
 20
838.3564453125
 11
95.21484375
 21
838.26416015625
 72
     1
 10
95.21484375
 20
838.26416015625
 11
95.1826171875
 21
838.24658203125
 72
     1
 10
95.1826171875
 20
838.24658203125
 11
95.13525390625
 21
838.21142578125
 72
     1
 10
95.13525390625
 20
838.21142578125
 11
95.07421875
 21
838.1767578125
 72
     1
 10
95.07421875
 20
838.1767578125
 11
95.0029296875
 21
838.158203125
 72
     1
 10
95.0029296875
 20
838.158203125
 11
94.8994140625
 21
838.15966796875
 72
     1
 10
94.8994140625
 20
838.15966796875
 11
94.78955078125
 21
838.16748046875
 72
     1
 10
94.78955078125
 20
838.16748046875
 11
94.6806640625
 21
838.1708984375
 72
     1
 10
94.6806640625
 20
838.1708984375
 11
94.5791015625
 21
838.158203125
 72
     1
 10
94.5791015625
 20
838.158203125
 11
94.4931640625
 21
838.13818359375
 72
     1
 10
94.4931640625
 20
838.13818359375
 11
94.3896484375
 21
838.1142578125
 72
     1
 10
94.3896484375
 20
838.1142578125
 11
94.27490234375
 21
838.0859375
 72
     1
 10
94.27490234375
 20
838.0859375
 11
94.15576171875
 21
838.052734375
 72
     1
 10
94.15576171875
 20
838.052734375
 11
94.06689453125
 21
838.029296875
 72
     1
 10
94.06689453125
 20
838.029296875
 11
93.9658203125
 21
838.00634765625
 72
     1
 10
93.9658203125
 20
838.00634765625
 11
93.853515625
 21
837.97998046875
 72
     1
 10
93.853515625
 20
837.97998046875
 11
93.732421875
 21
837.94677734375
 72
     1
 10
93.732421875
 20
837.94677734375
 11
93.6142578125
 21
837.91064453125
 72
     1
 10
93.6142578125
 20
837.91064453125
 11
93.4375
 21
837.857421875
 72
     1
 10
93.4375
 20
837.857421875
 11
93.22314453125
 21
837.7958984375
 72
     1
 10
93.22314453125
 20
837.7958984375
 11
92.9912109375
 21
837.73486328125
 72
     1
 10
92.9912109375
 20
837.73486328125
 11
92.7998046875
 21
837.70751953125
 72
     1
 10
92.7998046875
 20
837.70751953125
 11
92.517578125
 21
837.6865234375
 72
     1
 10
92.517578125
 20
837.6865234375
 11
92.1806640625
 21
837.6630859375
 72
     1
 10
92.1806640625
 20
837.6630859375
 11
91.826171875
 21
837.62890625
 72
     1
 10
91.826171875
 20
837.62890625
 11
91.55224609375
 21
837.57421875
 72
     1
 10
91.55224609375
 20
837.57421875
 11
91.2109375
 21
837.48388671875
 72
     1
 10
91.2109375
 20
837.48388671875
 11
90.83349609375
 21
837.38671875
 72
     1
 10
90.83349609375
 20
837.38671875
 11
90.4501953125
 21
837.3115234375
 72
     1
 10
90.4501953125
 20
837.3115234375
 11
90.45458984375
 21
837.33154296875
 72
     1
 10
90.45458984375
 20
837.33154296875
 11
90.4326171875
 21
837.37109375
 72
     1
 10
90.4326171875
 20
837.37109375
 11
90.39306640625
 21
837.40673828125
 72
     1
 10
90.39306640625
 20
837.40673828125
 11
90.34423828125
 21
837.4169921875
 72
     1
 10
90.34423828125
 20
837.4169921875
 11
90.33544921875
 21
837.4013671875
 72
     1
 10
90.33544921875
 20
837.4013671875
 11
90.31689453125
 21
837.36767578125
 72
     1
 10
90.31689453125
 20
837.36767578125
 11
90.28564453125
 21
837.33203125
 72
     1
 10
90.28564453125
 20
837.33203125
 11
90.23828125
 21
837.3115234375
 72
     1
 10
90.23828125
 20
837.3115234375
 11
90.15966796875
 21
837.3076171875
 72
     1
 10
90.15966796875
 20
837.3076171875
 11
90.07958984375
 21
837.31103515625
 72
     1
 10
90.07958984375
 20
837.31103515625
 11
89.99951171875
 21
837.31494140625
 72
     1
 10
89.99951171875
 20
837.31494140625
 11
89.92041015625
 21
837.3115234375
 72
     1
 10
89.92041015625
 20
837.3115234375
 11
89.5478515625
 21
837.28662109375
 72
     1
 10
89.5478515625
 20
837.28662109375
 11
89.068359375
 21
837.2724609375
 72
     1
 10
89.068359375
 20
837.2724609375
 11
88.53857421875
 21
837.251953125
 72
     1
 10
88.53857421875
 20
837.251953125
 11
88.0146484375
 21
837.20556640625
 72
     1
 10
88.0146484375
 20
837.20556640625
 11
87.6181640625
 21
837.1279296875
 72
     1
 10
87.6181640625
 20
837.1279296875
 11
87.1982421875
 21
837.0126953125
 72
     1
 10
87.1982421875
 20
837.0126953125
 11
86.76318359375
 21
836.8876953125
 72
     1
 10
86.76318359375
 20
836.8876953125
 11
86.32080078125
 21
836.78173828125
 72
     1
 10
86.32080078125
 20
836.78173828125
 11
86.1357421875
 21
836.75146484375
 72
     1
 10
86.1357421875
 20
836.75146484375
 11
85.9501953125
 21
836.728515625
 72
     1
 10
85.9501953125
 20
836.728515625
 11
85.7646484375
 21
836.70556640625
 72
     1
 10
85.7646484375
 20
836.70556640625
 11
85.57958984375
 21
836.67578125
 72
     1
 10
85.57958984375
 20
836.67578125
 11
85.35888671875
 21
836.62353515625
 72
     1
 10
85.35888671875
 20
836.62353515625
 11
85.13671875
 21
836.56005859375
 72
     1
 10
85.13671875
 20
836.56005859375
 11
84.92431640625
 21
836.50146484375
 72
     1
 10
84.92431640625
 20
836.50146484375
 11
84.732421875
 21
836.46435546875
 72
     1
 10
84.732421875
 20
836.46435546875
 11
84.0498046875
 21
836.40673828125
 72
     1
 10
84.0498046875
 20
836.40673828125
 11
83.3583984375
 21
836.3818359375
 72
     1
 10
83.3583984375
 20
836.3818359375
 11
82.66552734375
 21
836.37158203125
 72
     1
 10
82.66552734375
 20
836.37158203125
 11
81.9794921875
 21
836.3583984375
 72
     1
 10
81.9794921875
 20
836.3583984375
 11
81.2998046875
 21
836.34375
 72
     1
 10
81.2998046875
 20
836.34375
 11
80.6142578125
 21
836.33056640625
 72
     1
 10
80.6142578125
 20
836.33056640625
 11
79.9228515625
 21
836.30517578125
 72
     1
 10
79.9228515625
 20
836.30517578125
 11
79.2265625
 21
836.25244140625
 72
     1
 10
79.2265625
 20
836.25244140625
 11
78.9384765625
 21
836.21044921875
 72
     1
 10
78.9384765625
 20
836.21044921875
 11
78.64794921875
 21
836.15234375
 72
     1
 10
78.64794921875
 20
836.15234375
 11
78.35595703125
 21
836.091796875
 72
     1
 10
78.35595703125
 20
836.091796875
 11
78.06201171875
 21
836.041015625
 72
     1
 10
78.06201171875
 20
836.041015625
 11
77.77099609375
 21
836.0087890625
 72
     1
 10
77.77099609375
 20
836.0087890625
 11
77.47998046875
 21
835.986328125
 72
     1
 10
77.47998046875
 20
835.986328125
 11
77.18896484375
 21
835.96484375
 72
     1
 10
77.18896484375
 20
835.96484375
 11
76.8974609375
 21
835.93505859375
 72
     1
 10
76.8974609375
 20
835.93505859375
 11
76.89697265625
 21
835.92138671875
 72
     1
 10
76.89697265625
 20
835.92138671875
 11
76.869140625
 21
835.88720703125
 72
     1
 10
76.869140625
 20
835.88720703125
 11
76.8291015625
 21
835.85009765625
 72
     1
 10
76.8291015625
 20
835.85009765625
 11
76.79150390625
 21
835.8291015625
 72
     1
 10
76.79150390625
 20
835.8291015625
 11
76.533203125
 21
835.79248046875
 72
     1
 10
76.533203125
 20
835.79248046875
 11
76.18994140625
 21
835.7705078125
 72
     1
 10
76.18994140625
 20
835.7705078125
 11
75.830078125
 21
835.75146484375
 72
     1
 10
75.830078125
 20
835.75146484375
 11
75.5205078125
 21
835.72314453125
 72
     1
 10
75.5205078125
 20
835.72314453125
 11
75.197265625
 21
835.66845703125
 72
     1
 10
75.197265625
 20
835.66845703125
 11
74.87646484375
 21
835.60546875
 72
     1
 10
74.87646484375
 20
835.60546875
 11
74.560546875
 21
835.54833984375
 72
     1
 10
74.560546875
 20
835.54833984375
 11
74.25
 21
835.51123046875
 72
     1
 10
74.25
 20
835.51123046875
 11
73.65869140625
 21
835.490234375
 72
     1
 10
73.65869140625
 20
835.490234375
 11
72.98974609375
 21
835.48486328125
 72
     1
 10
72.98974609375
 20
835.48486328125
 11
72.31591796875
 21
835.46630859375
 72
     1
 10
72.31591796875
 20
835.46630859375
 11
71.708984375
 21
835.4052734375
 72
     1
 10
71.708984375
 20
835.4052734375
 11
71.5302734375
 21
835.3681640625
 72
     1
 10
71.5302734375
 20
835.3681640625
 11
71.33203125
 21
835.31689453125
 72
     1
 10
71.33203125
 20
835.31689453125
 11
71.1103515625
 21
835.2568359375
 72
     1
 10
71.1103515625
 20
835.2568359375
 11
70.86181640625
 21
835.19384765625
 72
     1
 10
70.86181640625
 20
835.19384765625
 11
70.6630859375
 21
835.14794921875
 72
     1
 10
70.6630859375
 20
835.14794921875
 11
70.4482421875
 21
835.0986328125
 72
     1
 10
70.4482421875
 20
835.0986328125
 11
70.22802734375
 21
835.0439453125
 72
     1
 10
70.22802734375
 20
835.0439453125
 11
70.01513671875
 21
834.98193359375
 72
     1
 10
70.01513671875
 20
834.98193359375
 11
69.982421875
 21
834.9443359375
 72
     1
 10
69.982421875
 20
834.9443359375
 11
69.95751953125
 21
834.87646484375
 72
     1
 10
69.95751953125
 20
834.87646484375
 11
69.93505859375
 21
834.80859375
 72
     1
 10
69.93505859375
 20
834.80859375
 11
69.9091796875
 21
834.77001953125
 72
     1
 10
69.9091796875
 20
834.77001953125
 11
69.703125
 21
834.712890625
 72
     1
 10
69.703125
 20
834.712890625
 11
69.42431640625
 21
834.66943359375
 72
     1
 10
69.42431640625
 20
834.66943359375
 11
69.123046875
 21
834.623046875
 72
     1
 10
69.123046875
 20
834.623046875
 11
68.85009765625
 21
834.55859375
 72
     1
 10
68.85009765625
 20
834.55859375
 11
68.8095703125
 21
834.53466796875
 72
     1
 10
68.8095703125
 20
834.53466796875
 11
68.76904296875
 21
834.5009765625
 72
     1
 10
68.76904296875
 20
834.5009765625
 11
68.71630859375
 21
834.46923828125
 72
     1
 10
68.71630859375
 20
834.46923828125
 11
68.638671875
 21
834.45263671875
 72
     1
 10
68.638671875
 20
834.45263671875
 11
68.51025390625
 21
834.44482421875
 72
     1
 10
68.51025390625
 20
834.44482421875
 11
68.34716796875
 21
834.4287109375
 72
     1
 10
68.34716796875
 20
834.4287109375
 11
68.1708984375
 21
834.3984375
 72
     1
 10
68.1708984375
 20
834.3984375
 11
68.00341796875
 21
834.3466796875
 72
     1
 10
68.00341796875
 20
834.3466796875
 11
67.9716796875
 21
834.3076171875
 72
     1
 10
67.9716796875
 20
834.3076171875
 11
67.94677734375
 21
834.23974609375
 72
     1
 10
67.94677734375
 20
834.23974609375
 11
67.923828125
 21
834.17236328125
 72
     1
 10
67.923828125
 20
834.17236328125
 11
67.8974609375
 21
834.134765625
 72
     1
 10
67.8974609375
 20
834.134765625
 11
67.84814453125
 21
834.12646484375
 72
     1
 10
67.84814453125
 20
834.12646484375
 11
67.79248046875
 21
834.1328125
 72
     1
 10
67.79248046875
 20
834.1328125
 11
67.736328125
 21
834.1396484375
 72
     1
 10
67.736328125
 20
834.1396484375
 11
67.685546875
 21
834.134765625
 72
     1
 10
67.685546875
 20
834.134765625
 11
67.13671875
 21
833.978515625
 72
     1
 10
67.13671875
 20
833.978515625
 11
66.35498046875
 21
833.80615234375
 72
     1
 10
66.35498046875
 20
833.80615234375
 11
65.603515625
 21
833.71875
 72
     1
 10
65.603515625
 20
833.71875
 11
65.14453125
 21
833.8173828125
 72
     1
 10
65.14453125
 20
833.8173828125
 11
65.01025390625
 21
834.0908203125
 72
     1
 10
65.01025390625
 20
834.0908203125
 11
65.041015625
 21
834.3984375
 72
     1
 10
65.041015625
 20
834.3984375
 11
65.1494140625
 21
834.70654296875
 72
     1
 10
65.1494140625
 20
834.70654296875
 11
65.25048828125
 21
834.98193359375
 72
     1
 10
65.25048828125
 20
834.98193359375
 11
65.25634765625
 21
835.0830078125
 72
     1
 10
65.25634765625
 20
835.0830078125
 11
65.2421875
 21
835.197265625
 72
     1
 10
65.2421875
 20
835.197265625
 11
65.2314453125
 21
835.3095703125
 72
     1
 10
65.2314453125
 20
835.3095703125
 11
65.25048828125
 21
835.4052734375
 72
     1
 10
65.25048828125
 20
835.4052734375
 11
65.291015625
 21
835.43603515625
 72
     1
 10
65.291015625
 20
835.43603515625
 11
65.35888671875
 21
835.46142578125
 72
     1
 10
65.35888671875
 20
835.46142578125
 11
65.42529296875
 21
835.4853515625
 72
     1
 10
65.42529296875
 20
835.4853515625
 11
65.4619140625
 21
835.51123046875
 72
     1
 10
65.4619140625
 20
835.51123046875
 11
65.53759765625
 21
835.728515625
 72
     1
 10
65.53759765625
 20
835.728515625
 11
65.5849609375
 21
835.91064453125
 72
     1
 10
65.5849609375
 20
835.91064453125
 11
65.650390625
 21
836.078125
 72
     1
 10
65.650390625
 20
836.078125
 11
65.77978515625
 21
836.25244140625
 72
     1
 10
65.77978515625
 20
836.25244140625
 11
65.80615234375
 21
836.279296875
 72
     1
 10
65.80615234375
 20
836.279296875
 11
65.833984375
 21
836.30615234375
 72
     1
 10
65.833984375
 20
836.30615234375
 11
65.86083984375
 21
836.3330078125
 72
     1
 10
65.86083984375
 20
836.3330078125
 11
65.8857421875
 21
836.3583984375
 72
     1
 10
65.8857421875
 20
836.3583984375
 11
65.92919921875
 21
836.38525390625
 72
     1
 10
65.92919921875
 20
836.38525390625
 11
65.99609375
 21
836.41357421875
 72
     1
 10
65.99609375
 20
836.41357421875
 11
66.06005859375
 21
836.4404296875
 72
     1
 10
66.06005859375
 20
836.4404296875
 11
66.09716796875
 21
836.46435546875
 72
     1
 10
66.09716796875
 20
836.46435546875
 11
66.10595703125
 21
836.5107421875
 72
     1
 10
66.10595703125
 20
836.5107421875
 11
66.09619140625
 21
836.5712890625
 72
     1
 10
66.09619140625
 20
836.5712890625
 11
66.0869140625
 21
836.63134765625
 72
     1
 10
66.0869140625
 20
836.63134765625
 11
66.09716796875
 21
836.67578125
 72
     1
 10
66.09716796875
 20
836.67578125
 11
66.1396484375
 21
836.70166015625
 72
     1
 10
66.1396484375
 20
836.70166015625
 11
66.2080078125
 21
836.72998046875
 72
     1
 10
66.2080078125
 20
836.72998046875
 11
66.27392578125
 21
836.75732421875
 72
     1
 10
66.27392578125
 20
836.75732421875
 11
66.30908203125
 21
836.78173828125
 72
     1
 10
66.30908203125
 20
836.78173828125
 11
66.35009765625
 21
836.88427734375
 72
     1
 10
66.35009765625
 20
836.88427734375
 11
66.38720703125
 21
836.982421875
 72
     1
 10
66.38720703125
 20
836.982421875
 11
66.4384765625
 21
837.08642578125
 72
     1
 10
66.4384765625
 20
837.08642578125
 11
66.52099609375
 21
837.20556640625
 72
     1
 10
66.52099609375
 20
837.20556640625
 11
66.880859375
 21
837.62744140625
 72
     1
 10
66.880859375
 20
837.62744140625
 11
67.19287109375
 21
838.07568359375
 72
     1
 10
67.19287109375
 20
838.07568359375
 11
67.380859375
 21
838.6708984375
 72
     1
 10
67.380859375
 20
838.6708984375
 11
67.3681640625
 21
839.53466796875
 72
     1
 10
67.3681640625
 20
839.53466796875
 11
67.337890625
 21
839.70166015625
 72
     1
 10
67.337890625
 20
839.70166015625
 11
67.291015625
 21
839.88232421875
 72
     1
 10
67.291015625
 20
839.88232421875
 11
67.22998046875
 21
840.07421875
 72
     1
 10
67.22998046875
 20
840.07421875
 11
67.15625
 21
840.27587890625
 72
     1
 10
67.15625
 20
840.27587890625
 11
67.10888671875
 21
840.3623046875
 72
     1
 10
67.10888671875
 20
840.3623046875
 11
67.05078125
 21
840.43212890625
 72
     1
 10
67.05078125
 20
840.43212890625
 11
66.99267578125
 21
840.50341796875
 72
     1
 10
66.99267578125
 20
840.50341796875
 11
66.9443359375
 21
840.59375
 72
     1
 10
66.9443359375
 20
840.59375
 11
66.93701171875
 21
840.6435546875
 72
     1
 10
66.93701171875
 20
840.6435546875
 11
66.94189453125
 21
840.69873046875
 72
     1
 10
66.94189453125
 20
840.69873046875
 11
66.94775390625
 21
840.75390625
 72
     1
 10
66.94775390625
 20
840.75390625
 11
66.9443359375
 21
840.8056640625
 72
     1
 10
66.9443359375
 20
840.8056640625
 11
66.923828125
 21
840.8916015625
 72
     1
 10
66.923828125
 20
840.8916015625
 11
66.89990234375
 21
840.9951171875
 72
     1
 10
66.89990234375
 20
840.9951171875
 11
66.87158203125
 21
841.10986328125
 72
     1
 10
66.87158203125
 20
841.10986328125
 11
66.83837890625
 21
841.22900390625
 72
     1
 10
66.83837890625
 20
841.22900390625
 11
66.80615234375
 21
841.3017578125
 72
     1
 10
66.80615234375
 20
841.3017578125
 11
66.74267578125
 21
841.43994140625
 72
     1
 10
66.74267578125
 20
841.43994140625
 11
66.67431640625
 21
841.60498046875
 72
     1
 10
66.67431640625
 20
841.60498046875
 11
66.626953125
 21
841.75830078125
 72
     1
 10
66.626953125
 20
841.75830078125
 11
66.64013671875
 21
841.810546875
 72
     1
 10
66.64013671875
 20
841.810546875
 11
66.68359375
 21
841.85595703125
 72
     1
 10
66.68359375
 20
841.85595703125
 11
66.72509765625
 21
841.90576171875
 72
     1
 10
66.72509765625
 20
841.90576171875
 11
66.732421875
 21
841.97021484375
 72
     1
 10
66.732421875
 20
841.97021484375
 11
66.7099609375
 21
842.00927734375
 72
     1
 10
66.7099609375
 20
842.00927734375
 11
66.64892578125
 21
842.1318359375
 72
     1
 10
66.64892578125
 20
842.1318359375
 11
66.5771484375
 21
842.279296875
 72
     1
 10
66.5771484375
 20
842.279296875
 11
66.52099609375
 21
842.3935546875
 72
     1
 10
66.52099609375
 20
842.3935546875
 11
66.43212890625
 21
842.56201171875
 72
     1
 10
66.43212890625
 20
842.56201171875
 11
66.31787109375
 21
842.74755859375
 72
     1
 10
66.31787109375
 20
842.74755859375
 11
66.1728515625
 21
842.94140625
 72
     1
 10
66.1728515625
 20
842.94140625
 11
65.9912109375
 21
843.134765625
 72
     1
 10
65.9912109375
 20
843.134765625
 11
65.8994140625
 21
843.19384765625
 72
     1
 10
65.8994140625
 20
843.19384765625
 11
65.7880859375
 21
843.23681640625
 72
     1
 10
65.7880859375
 20
843.23681640625
 11
65.67236328125
 21
843.28173828125
 72
     1
 10
65.67236328125
 20
843.28173828125
 11
65.56787109375
 21
843.3466796875
 72
     1
 10
65.56787109375
 20
843.3466796875
 11
65.51123046875
 21
843.41796875
 72
     1
 10
65.51123046875
 20
843.41796875
 11
65.46337890625
 21
843.5087890625
 72
     1
 10
65.46337890625
 20
843.5087890625
 11
65.41455078125
 21
843.59814453125
 72
     1
 10
65.41455078125
 20
843.59814453125
 11
65.3564453125
 21
843.6640625
 72
     1
 10
65.3564453125
 20
843.6640625
 11
65.1103515625
 21
843.80615234375
 72
     1
 10
65.1103515625
 20
843.80615234375
 11
64.80322265625
 21
843.9541015625
 72
     1
 10
64.80322265625
 20
843.9541015625
 11
64.4814453125
 21
844.115234375
 72
     1
 10
64.4814453125
 20
844.115234375
 11
64.19140625
 21
844.29931640625
 72
     1
 10
64.19140625
 20
844.29931640625
 11
64.11572265625
 21
844.369140625
 72
     1
 10
64.11572265625
 20
844.369140625
 11
64.0673828125
 21
844.42333984375
 72
     1
 10
64.0673828125
 20
844.42333984375
 11
64.00146484375
 21
844.46826171875
 72
     1
 10
64.00146484375
 20
844.46826171875
 11
63.8740234375
 21
844.51123046875
 72
     1
 10
63.8740234375
 20
844.51123046875
 11
63.61572265625
 21
844.51953125
 72
     1
 10
63.61572265625
 20
844.51953125
 11
63.24755859375
 21
844.48828125
 72
     1
 10
63.24755859375
 20
844.48828125
 11
62.8486328125
 21
844.46826171875
 72
     1
 10
62.8486328125
 20
844.46826171875
 11
62.49755859375
 21
844.51123046875
 72
     1
 10
62.49755859375
 20
844.51123046875
 11
62.46142578125
 21
844.5322265625
 72
     1
 10
62.46142578125
 20
844.5322265625
 11
62.41796875
 21
844.568359375
 72
     1
 10
62.41796875
 20
844.568359375
 11
62.38818359375
 21
844.6025390625
 72
     1
 10
62.38818359375
 20
844.6025390625
 11
62.3916015625
 21
844.6171875
 72
     1
 10
62.3916015625
 20
844.6171875
 11
62.25634765625
 21
844.599609375
 72
     1
 10
62.25634765625
 20
844.599609375
 11
62.123046875
 21
844.5693359375
 72
     1
 10
62.123046875
 20
844.5693359375
 11
61.96533203125
 21
844.5625
 72
     1
 10
61.96533203125
 20
844.5625
 11
61.75634765625
 21
844.6171875
 72
     1
 10
61.75634765625
 20
844.6171875
 11
61.7099609375
 21
844.64501953125
 72
     1
 10
61.7099609375
 20
844.64501953125
 11
61.68798828125
 21
844.67431640625
 72
     1
 10
61.68798828125
 20
844.67431640625
 11
61.673828125
 21
844.70166015625
 72
     1
 10
61.673828125
 20
844.70166015625
 11
61.650390625
 21
844.72314453125
 72
     1
 10
61.650390625
 20
844.72314453125
 11
61.5791015625
 21
844.75048828125
 72
     1
 10
61.5791015625
 20
844.75048828125
 11
61.5
 21
844.77099609375
 72
     1
 10
61.5
 20
844.77099609375
 11
61.41650390625
 21
844.7939453125
 72
     1
 10
61.41650390625
 20
844.7939453125
 11
61.33251953125
 21
844.8291015625
 72
     1
 10
61.33251953125
 20
844.8291015625
 11
61.30224609375
 21
844.86962890625
 72
     1
 10
61.30224609375
 20
844.86962890625
 11
61.27685546875
 21
844.9375
 72
     1
 10
61.27685546875
 20
844.9375
 11
61.2529296875
 21
845.00390625
 72
     1
 10
61.2529296875
 20
845.00390625
 11
61.2265625
 21
845.04052734375
 72
     1
 10
61.2265625
 20
845.04052734375
 11
61.1142578125
 21
845.06005859375
 72
     1
 10
61.1142578125
 20
845.06005859375
 11
60.9716796875
 21
845.060546875
 72
     1
 10
60.9716796875
 20
845.060546875
 11
60.82373046875
 21
845.078125
 72
     1
 10
60.82373046875
 20
845.078125
 11
60.697265625
 21
845.146484375
 72
     1
 10
60.697265625
 20
845.146484375
 11
60.66748046875
 21
845.1923828125
 72
     1
 10
60.66748046875
 20
845.1923828125
 11
60.6435546875
 21
845.251953125
 72
     1
 10
60.6435546875
 20
845.251953125
 11
60.62060546875
 21
845.31201171875
 72
     1
 10
60.62060546875
 20
845.31201171875
 11
60.591796875
 21
845.3583984375
 72
     1
 10
60.591796875
 20
845.3583984375
 11
60.474609375
 21
845.51513671875
 72
     1
 10
60.474609375
 20
845.51513671875
 11
60.318359375
 21
845.80419921875
 72
     1
 10
60.318359375
 20
845.80419921875
 11
60.2197265625
 21
846.16162109375
 72
     1
 10
60.2197265625
 20
846.16162109375
 11
60.27392578125
 21
846.52294921875
 72
     1
 10
60.27392578125
 20
846.52294921875
 11
60.42041015625
 21
846.66357421875
 72
     1
 10
60.42041015625
 20
846.66357421875
 11
60.640625
 21
846.73486328125
 72
     1
 10
60.640625
 20
846.73486328125
 11
60.86279296875
 21
846.75341796875
 72
     1
 10
60.86279296875
 20
846.75341796875
 11
61.01513671875
 21
846.73486328125
 72
     1
 10
61.01513671875
 20
846.73486328125
 11
61.212890625
 21
846.7001953125
 72
     1
 10
61.212890625
 20
846.7001953125
 11
61.359375
 21
846.73388671875
 72
     1
 10
61.359375
 20
846.73388671875
 11
61.51904296875
 21
846.794921875
 72
     1
 10
61.51904296875
 20
846.794921875
 11
61.75634765625
 21
846.8408203125
 72
     1
 10
61.75634765625
 20
846.8408203125
 11
61.92822265625
 21
846.830078125
 72
     1
 10
61.92822265625
 20
846.830078125
 11
62.1015625
 21
846.78955078125
 72
     1
 10
62.1015625
 20
846.78955078125
 11
62.26123046875
 21
846.74853515625
 72
     1
 10
62.26123046875
 20
846.74853515625
 11
62.3916015625
 21
846.73486328125
 72
     1
 10
62.3916015625
 20
846.73486328125
 11
62.5859375
 21
846.77587890625
 72
     1
 10
62.5859375
 20
846.77587890625
 11
62.81494140625
 21
846.84765625
 72
     1
 10
62.81494140625
 20
846.84765625
 11
63.0439453125
 21
846.916015625
 72
     1
 10
63.0439453125
 20
846.916015625
 11
63.23876953125
 21
846.9462890625
 72
     1
 10
63.23876953125
 20
846.9462890625
 11
63.34765625
 21
846.9326171875
 72
     1
 10
63.34765625
 20
846.9326171875
 11
63.4013671875
 21
846.91064453125
 72
     1
 10
63.4013671875
 20
846.91064453125
 11
63.47900390625
 21
846.90576171875
 72
     1
 10
63.47900390625
 20
846.90576171875
 11
63.662109375
 21
846.9462890625
 72
     1
 10
63.662109375
 20
846.9462890625
 11
63.77734375
 21
846.990234375
 72
     1
 10
63.77734375
 20
846.990234375
 11
63.880859375
 21
847.03515625
 72
     1
 10
63.880859375
 20
847.03515625
 11
64.0078125
 21
847.0625
 72
     1
 10
64.0078125
 20
847.0625
 11
64.19140625
 21
847.05224609375
 72
     1
 10
64.19140625
 20
847.05224609375
 11
64.19140625
 21
847.02685546875
 72
     1
 10
64.19140625
 20
847.02685546875
 11
64.21533203125
 21
846.9736328125
 72
     1
 10
64.21533203125
 20
846.9736328125
 11
64.25390625
 21
846.93310546875
 72
     1
 10
64.25390625
 20
846.93310546875
 11
64.29736328125
 21
846.9462890625
 72
     1
 10
64.29736328125
 20
846.9462890625
 11
64.697265625
 21
847.0849609375
 72
     1
 10
64.697265625
 20
847.0849609375
 11
65.39599609375
 21
847.10009765625
 72
     1
 10
65.39599609375
 20
847.10009765625
 11
66.1806640625
 21
847.06494140625
 72
     1
 10
66.1806640625
 20
847.06494140625
 11
66.83837890625
 21
847.05224609375
 72
     1
 10
66.83837890625
 20
847.05224609375
 11
67.4208984375
 21
847.09130859375
 72
     1
 10
67.4208984375
 20
847.09130859375
 11
68.00048828125
 21
847.14794921875
 72
     1
 10
68.00048828125
 20
847.14794921875
 11
68.5810546875
 21
847.20947265625
 72
     1
 10
68.5810546875
 20
847.20947265625
 11
69.16796875
 21
847.26416015625
 72
     1
 10
69.16796875
 20
847.26416015625
 11
69.34912109375
 21
847.28564453125
 72
     1
 10
69.34912109375
 20
847.28564453125
 11
69.5322265625
 21
847.31640625
 72
     1
 10
69.5322265625
 20
847.31640625
 11
69.71875
 21
847.34716796875
 72
     1
 10
69.71875
 20
847.34716796875
 11
69.9091796875
 21
847.3701171875
 72
     1
 10
69.9091796875
 20
847.3701171875
 11
69.9716796875
 21
847.35888671875
 72
     1
 10
69.9716796875
 20
847.35888671875
 11
69.99169921875
 21
847.32421875
 72
     1
 10
69.99169921875
 20
847.32421875
 11
69.9970703125
 21
847.28564453125
 72
     1
 10
69.9970703125
 20
847.28564453125
 11
70.01513671875
 21
847.26416015625
 72
     1
 10
70.01513671875
 20
847.26416015625
 11
70.0693359375
 21
847.2763671875
 72
     1
 10
70.0693359375
 20
847.2763671875
 11
70.19140625
 21
847.30712890625
 72
     1
 10
70.19140625
 20
847.30712890625
 11
70.35791015625
 21
847.34326171875
 72
     1
 10
70.35791015625
 20
847.34326171875
 11
70.54443359375
 21
847.3701171875
 72
     1
 10
70.54443359375
 20
847.3701171875
 11
70.7431640625
 21
847.39404296875
 72
     1
 10
70.7431640625
 20
847.39404296875
 11
70.9248046875
 21
847.423828125
 72
     1
 10
70.9248046875
 20
847.423828125
 11
71.1015625
 21
847.453125
 72
     1
 10
71.1015625
 20
847.453125
 11
71.28564453125
 21
847.47607421875
 72
     1
 10
71.28564453125
 20
847.47607421875
 11
71.28369140625
 21
847.45654296875
 72
     1
 10
71.28369140625
 20
847.45654296875
 11
71.3037109375
 21
847.41650390625
 72
     1
 10
71.3037109375
 20
847.41650390625
 11
71.3408203125
 21
847.3798828125
 72
     1
 10
71.3408203125
 20
847.3798828125
 11
71.3916015625
 21
847.3701171875
 72
     1
 10
71.3916015625
 20
847.3701171875
 11
71.4013671875
 21
847.38623046875
 72
     1
 10
71.4013671875
 20
847.38623046875
 11
71.41845703125
 21
847.42041015625
 72
     1
 10
71.41845703125
 20
847.42041015625
 11
71.4482421875
 21
847.4560546875
 72
     1
 10
71.4482421875
 20
847.4560546875
 11
71.4970703125
 21
847.47607421875
 72
     1
 10
71.4970703125
 20
847.47607421875
 11
71.9453125
 21
847.51953125
 72
     1
 10
71.9453125
 20
847.51953125
 11
72.42529296875
 21
847.564453125
 72
     1
 10
72.42529296875
 20
847.564453125
 11
72.91796875
 21
847.61767578125
 72
     1
 10
72.91796875
 20
847.61767578125
 11
73.4033203125
 21
847.6875
 72
     1
 10
73.4033203125
 20
847.6875
 11
73.5009765625
 21
847.7138671875
 72
     1
 10
73.5009765625
 20
847.7138671875
 11
73.57275390625
 21
847.74560546875
 72
     1
 10
73.57275390625
 20
847.74560546875
 11
73.638671875
 21
847.775390625
 72
     1
 10
73.638671875
 20
847.775390625
 11
73.720703125
 21
847.79345703125
 72
     1
 10
73.720703125
 20
847.79345703125
 11
73.78369140625
 21
847.78369140625
 72
     1
 10
73.78369140625
 20
847.78369140625
 11
73.8037109375
 21
847.7490234375
 72
     1
 10
73.8037109375
 20
847.7490234375
 11
73.80859375
 21
847.7099609375
 72
     1
 10
73.80859375
 20
847.7099609375
 11
73.82666015625
 21
847.6875
 72
     1
 10
73.82666015625
 20
847.6875
 11
73.89013671875
 21
847.69287109375
 72
     1
 10
73.89013671875
 20
847.69287109375
 11
73.9111328125
 21
847.7294921875
 72
     1
 10
73.9111328125
 20
847.7294921875
 11
73.91650390625
 21
847.771484375
 72
     1
 10
73.91650390625
 20
847.771484375
 11
73.9326171875
 21
847.79345703125
 72
     1
 10
73.9326171875
 20
847.79345703125
 11
74.5849609375
 21
847.86572265625
 72
     1
 10
74.5849609375
 20
847.86572265625
 11
75.2978515625
 21
847.9150390625
 72
     1
 10
75.2978515625
 20
847.9150390625
 11
76.0693359375
 21
847.95654296875
 72
     1
 10
76.0693359375
 20
847.95654296875
 11
76.8974609375
 21
848.00537109375
 72
     1
 10
76.8974609375
 20
848.00537109375
 11
77.28662109375
 21
848.02685546875
 72
     1
 10
77.28662109375
 20
848.02685546875
 11
77.6708984375
 21
848.044921875
 72
     1
 10
77.6708984375
 20
848.044921875
 11
78.0390625
 21
848.06982421875
 72
     1
 10
78.0390625
 20
848.06982421875
 11
78.37939453125
 21
848.111328125
 72
     1
 10
78.37939453125
 20
848.111328125
 11
78.64453125
 21
848.17333984375
 72
     1
 10
78.64453125
 20
848.17333984375
 11
78.90966796875
 21
848.259765625
 72
     1
 10
78.90966796875
 20
848.259765625
 11
79.1748046875
 21
848.35107421875
 72
     1
 10
79.1748046875
 20
848.35107421875
 11
79.4384765625
 21
848.4287109375
 72
     1
 10
79.4384765625
 20
848.4287109375
 11
79.9951171875
 21
848.54736328125
 72
     1
 10
79.9951171875
 20
848.54736328125
 11
80.56494140625
 21
848.6455078125
 72
     1
 10
80.56494140625
 20
848.6455078125
 11
81.15380859375
 21
848.74169921875
 72
     1
 10
81.15380859375
 20
848.74169921875
 11
81.767578125
 21
848.8525390625
 72
     1
 10
81.767578125
 20
848.8525390625
 11
81.80322265625
 21
848.87255859375
 72
     1
 10
81.80322265625
 20
848.87255859375
 11
81.84716796875
 21
848.90869140625
 72
     1
 10
81.84716796875
 20
848.90869140625
 11
81.90380859375
 21
848.94287109375
 72
     1
 10
81.90380859375
 20
848.94287109375
 11
81.9794921875
 21
848.9580078125
 72
     1
 10
81.9794921875
 20
848.9580078125
 11
81.9765625
 21
848.93212890625
 72
     1
 10
81.9765625
 20
848.93212890625
 11
82.001953125
 21
848.88037109375
 72
     1
 10
82.001953125
 20
848.88037109375
 11
82.04248046875
 21
848.8408203125
 72
     1
 10
82.04248046875
 20
848.8408203125
 11
82.08544921875
 21
848.8525390625
 72
     1
 10
82.08544921875
 20
848.8525390625
 11
82.42724609375
 21
849.005859375
 72
     1
 10
82.42724609375
 20
849.005859375
 11
83.025390625
 21
849.0927734375
 72
     1
 10
83.025390625
 20
849.0927734375
 11
83.7099609375
 21
849.138671875
 72
     1
 10
83.7099609375
 20
849.138671875
 11
84.30908203125
 21
849.169921875
 72
     1
 10
84.30908203125
 20
849.169921875
 11
85.45166015625
 21
849.24609375
 72
     1
 10
85.45166015625
 20
849.24609375
 11
86.5322265625
 21
849.32177734375
 72
     1
 10
86.5322265625
 20
849.32177734375
 11
87.5869140625
 21
849.4013671875
 72
     1
 10
87.5869140625
 20
849.4013671875
 11
88.64990234375
 21
849.48779296875
 72
     1
 10
88.64990234375
 20
849.48779296875
 11
89.38818359375
 21
849.552734375
 72
     1
 10
89.38818359375
 20
849.552734375
 11
90.13525390625
 21
849.625
 72
     1
 10
90.13525390625
 20
849.625
 11
90.88037109375
 21
849.70849609375
 72
     1
 10
90.88037109375
 20
849.70849609375
 11
91.61474609375
 21
849.80517578125
 72
     1
 10
91.61474609375
 20
849.80517578125
 11
91.67822265625
 21
849.7978515625
 72
     1
 10
91.67822265625
 20
849.7978515625
 11
91.6982421875
 21
849.7626953125
 72
     1
 10
91.6982421875
 20
849.7626953125
 11
91.703125
 21
849.72216796875
 72
     1
 10
91.703125
 20
849.72216796875
 11
91.720703125
 21
849.69921875
 72
     1
 10
91.720703125
 20
849.69921875
 11
91.90966796875
 21
849.736328125
 72
     1
 10
91.90966796875
 20
849.736328125
 11
92.2509765625
 21
849.837890625
 72
     1
 10
92.2509765625
 20
849.837890625
 11
92.6181640625
 21
849.9501953125
 72
     1
 10
92.6181640625
 20
849.9501953125
 11
92.88525390625
 21
850.01708984375
 72
     1
 10
92.88525390625
 20
850.01708984375
 11
93.7734375
 21
850.109375
 72
     1
 10
93.7734375
 20
850.109375
 11
94.6337890625
 21
850.15478515625
 72
     1
 10
94.6337890625
 20
850.15478515625
 11
95.4658203125
 21
850.21044921875
 72
     1
 10
95.4658203125
 20
850.21044921875
 11
96.2734375
 21
850.3349609375
 72
     1
 10
96.2734375
 20
850.3349609375
 11
96.4638671875
 21
850.359375
 72
     1
 10
96.4638671875
 20
850.359375
 11
96.6767578125
 21
850.3671875
 72
     1
 10
96.6767578125
 20
850.3671875
 11
96.9267578125
 21
850.3857421875
 72
     1
 10
96.9267578125
 20
850.3857421875
 11
97.2265625
 21
850.4404296875
 72
     1
 10
97.2265625
 20
850.4404296875
 11
97.26904296875
 21
850.46337890625
 72
     1
 10
97.26904296875
 20
850.46337890625
 11
97.3037109375
 21
850.49951171875
 72
     1
 10
97.3037109375
 20
850.49951171875
 11
97.326171875
 21
850.5322265625
 72
     1
 10
97.326171875
 20
850.5322265625
 11
97.33203125
 21
850.54638671875
 72
     1
 10
97.33203125
 20
850.54638671875
 11
97.48828125
 21
850.55224609375
 72
     1
 10
97.48828125
 20
850.55224609375
 11
97.552734375
 21
850.53369140625
 72
     1
 10
97.552734375
 20
850.53369140625
 11
97.61279296875
 21
850.521484375
 72
     1
 10
97.61279296875
 20
850.521484375
 11
97.755859375
 21
850.54638671875
 72
     1
 10
97.755859375
 20
850.54638671875
 11
97.861328125
 21
850.57080078125
 72
     1
 10
97.861328125
 20
850.57080078125
 11
98.0126953125
 21
850.603515625
 72
     1
 10
98.0126953125
 20
850.603515625
 11
98.16748046875
 21
850.63427734375
 72
     1
 10
98.16748046875
 20
850.63427734375
 11
98.28515625
 21
850.65234375
 72
     1
 10
98.28515625
 20
850.65234375
 11
98.34814453125
 21
850.642578125
 72
     1
 10
98.34814453125
 20
850.642578125
 11
98.3681640625
 21
850.60791015625
 72
     1
 10
98.3681640625
 20
850.60791015625
 11
98.373046875
 21
850.56884765625
 72
     1
 10
98.373046875
 20
850.56884765625
 11
98.39111328125
 21
850.54638671875
 72
     1
 10
98.39111328125
 20
850.54638671875
 11
98.45458984375
 21
850.5517578125
 72
     1
 10
98.45458984375
 20
850.5517578125
 11
98.4755859375
 21
850.587890625
 72
     1
 10
98.4755859375
 20
850.587890625
 11
98.4814453125
 21
850.6298828125
 72
     1
 10
98.4814453125
 20
850.6298828125
 11
98.4970703125
 21
850.65234375
 72
     1
 10
98.4970703125
 20
850.65234375
 11
99.59130859375
 21
850.79736328125
 72
     1
 10
99.59130859375
 20
850.79736328125
 11
100.6796875
 21
850.92236328125
 72
     1
 10
100.6796875
 20
850.92236328125
 11
101.7626953125
 21
851.01806640625
 72
     1
 10
101.7626953125
 20
851.01806640625
 11
102.837890625
 21
851.07568359375
 72
     1
 10
102.837890625
 20
851.07568359375
 11
103.6103515625
 21
851.091796875
 72
     1
 10
103.6103515625
 20
851.091796875
 11
104.3876953125
 21
851.10205078125
 72
     1
 10
104.3876953125
 20
851.10205078125
 11
105.15771484375
 21
851.12548828125
 72
     1
 10
105.15771484375
 20
851.12548828125
 11
105.90869140625
 21
851.181640625
 72
     1
 10
105.90869140625
 20
851.181640625
 11
106.37109375
 21
851.263671875
 72
     1
 10
106.37109375
 20
851.263671875
 11
106.86669921875
 21
851.39111328125
 72
     1
 10
106.86669921875
 20
851.39111328125
 11
107.3330078125
 21
851.51953125
 72
     1
 10
107.3330078125
 20
851.51953125
 11
107.70849609375
 21
851.60546875
 72
     1
 10
107.70849609375
 20
851.60546875
 11
108.080078125
 21
851.64404296875
 72
     1
 10
108.080078125
 20
851.64404296875
 11
108.48095703125
 21
851.65966796875
 72
     1
 10
108.48095703125
 20
851.65966796875
 11
108.892578125
 21
851.67431640625
 72
     1
 10
108.892578125
 20
851.67431640625
 11
109.296875
 21
851.7109375
 72
     1
 10
109.296875
 20
851.7109375
 11
110.1259765625
 21
851.857421875
 72
     1
 10
110.1259765625
 20
851.857421875
 11
110.9609375
 21
852.03662109375
 72
     1
 10
110.9609375
 20
852.03662109375
 11
111.86376953125
 21
852.2119140625
 72
     1
 10
111.86376953125
 20
852.2119140625
 11
112.89697265625
 21
852.3466796875
 72
     1
 10
112.89697265625
 20
852.3466796875
 11
112.95947265625
 21
852.33642578125
 72
     1
 10
112.95947265625
 20
852.33642578125
 11
112.9794921875
 21
852.30126953125
 72
     1
 10
112.9794921875
 20
852.30126953125
 11
112.98486328125
 21
852.2626953125
 72
     1
 10
112.98486328125
 20
852.2626953125
 11
113.00244140625
 21
852.24072265625
 72
     1
 10
113.00244140625
 20
852.24072265625
 11
113.06103515625
 21
852.271484375
 72
     1
 10
113.06103515625
 20
852.271484375
 11
113.1904296875
 21
852.33203125
 72
     1
 10
113.1904296875
 20
852.33203125
 11
113.33203125
 21
852.373046875
 72
     1
 10
113.33203125
 20
852.373046875
 11
113.42626953125
 21
852.3466796875
 72
     1
 10
113.42626953125
 20
852.3466796875
 11
113.392578125
 21
852.16162109375
 72
     1
 10
113.392578125
 20
852.16162109375
 11
113.17333984375
 21
851.923828125
 72
     1
 10
113.17333984375
 20
851.923828125
 11
112.8681640625
 21
851.685546875
 72
     1
 10
112.8681640625
 20
851.685546875
 11
112.5791015625
 21
851.49951171875
 72
     1
 10
112.5791015625
 20
851.49951171875
 11
112.41064453125
 21
851.4208984375
 72
     1
 10
112.41064453125
 20
851.4208984375
 11
112.25244140625
 21
851.37255859375
 72
     1
 10
112.25244140625
 20
851.37255859375
 11
112.0986328125
 21
851.3349609375
 72
     1
 10
112.0986328125
 20
851.3349609375
 11
111.94384765625
 21
851.28759765625
 72
     1
 10
111.94384765625
 20
851.28759765625
 11
111.8935546875
 21
851.24755859375
 72
     1
 10
111.8935546875
 20
851.24755859375
 11
111.83251953125
 21
851.1787109375
 72
     1
 10
111.83251953125
 20
851.1787109375
 11
111.7744140625
 21
851.111328125
 72
     1
 10
111.7744140625
 20
851.111328125
 11
111.73193359375
 21
851.07568359375
 72
     1
 10
111.73193359375
 20
851.07568359375
 11
111.40966796875
 21
851.00341796875
 72
     1
 10
111.40966796875
 20
851.00341796875
 11
110.9296875
 21
850.91943359375
 72
     1
 10
110.9296875
 20
850.91943359375
 11
110.40087890625
 21
850.83447265625
 72
     1
 10
110.40087890625
 20
850.83447265625
 11
109.93212890625
 21
850.75830078125
 72
     1
 10
109.93212890625
 20
850.75830078125
 11
108.203125
 21
850.48681640625
 72
     1
 10
108.203125
 20
850.48681640625
 11
106.3388671875
 21
850.24072265625
 72
     1
 10
106.3388671875
 20
850.24072265625
 11
104.39208984375
 21
850.0419921875
 72
     1
 10
104.39208984375
 20
850.0419921875
 11
102.41455078125
 21
849.9111328125
 72
     1
 10
102.41455078125
 20
849.9111328125
 11
100.8193359375
 21
849.87158203125
 72
     1
 10
100.8193359375
 20
849.87158203125
 11
99.3701171875
 21
849.84716796875
 72
     1
 10
99.3701171875
 20
849.84716796875
 11
98.013671875
 21
849.74853515625
 72
     1
 10
98.013671875
 20
849.74853515625
 11
96.69677734375
 21
849.48779296875
 72
     1
 10
96.69677734375
 20
849.48779296875
 11
96.392578125
 21
849.39697265625
 72
     1
 10
96.392578125
 20
849.39697265625
 11
96.009765625
 21
849.2802734375
 72
     1
 10
96.009765625
 20
849.2802734375
 11
95.599609375
 21
849.16162109375
 72
     1
 10
95.599609375
 20
849.16162109375
 11
95.21484375
 21
849.06396484375
 72
     1
 10
95.21484375
 20
849.06396484375
 11
94.85400390625
 21
848.99951171875
 72
     1
 10
94.85400390625
 20
848.99951171875
 11
94.50830078125
 21
848.95751953125
 72
     1
 10
94.50830078125
 20
848.95751953125
 11
94.171875
 21
848.91552734375
 72
     1
 10
94.171875
 20
848.91552734375
 11
93.83837890625
 21
848.8525390625
 72
     1
 10
93.83837890625
 20
848.8525390625
 11
93.4248046875
 21
848.7177734375
 72
     1
 10
93.4248046875
 20
848.7177734375
 11
92.8896484375
 21
848.513671875
 72
     1
 10
92.8896484375
 20
848.513671875
 11
92.37841796875
 21
848.31982421875
 72
     1
 10
92.37841796875
 20
848.31982421875
 11
92.0380859375
 21
848.216796875
 72
     1
 10
92.0380859375
 20
848.216796875
 11
91.56494140625
 21
848.1669921875
 72
     1
 10
91.56494140625
 20
848.1669921875
 11
91.064453125
 21
848.14453125
 72
     1
 10
91.064453125
 20
848.14453125
 11
90.5478515625
 21
848.13134765625
 72
     1
 10
90.5478515625
 20
848.13134765625
 11
90.0263671875
 21
848.111328125
 72
     1
 10
90.0263671875
 20
848.111328125
 11
88.76611328125
 21
848.06689453125
 72
     1
 10
88.76611328125
 20
848.06689453125
 11
87.42431640625
 21
848.05322265625
 72
     1
 10
87.42431640625
 20
848.05322265625
 11
86.0341796875
 21
848.04248046875
 72
     1
 10
86.0341796875
 20
848.04248046875
 11
84.62646484375
 21
848.00537109375
 72
     1
 10
84.62646484375
 20
848.00537109375
 11
83.00537109375
 21
847.958984375
 72
     1
 10
83.00537109375
 20
847.958984375
 11
81.3994140625
 21
847.9326171875
 72
     1
 10
81.3994140625
 20
847.9326171875
 11
79.81884765625
 21
847.8896484375
 72
     1
 10
79.81884765625
 20
847.8896484375
 11
78.2734375
 21
847.79345703125
 72
     1
 10
78.2734375
 20
847.79345703125
 11
77.68603515625
 21
847.6494140625
 72
     1
 10
77.68603515625
 20
847.6494140625
 11
77.0986328125
 21
847.373046875
 72
     1
 10
77.0986328125
 20
847.373046875
 11
76.51611328125
 21
847.0419921875
 72
     1
 10
76.51611328125
 20
847.0419921875
 11
75.9443359375
 21
846.73486328125
 72
     1
 10
75.9443359375
 20
846.73486328125
 11
75.8212890625
 21
846.673828125
 72
     1
 10
75.8212890625
 20
846.673828125
 11
75.7119140625
 21
846.62109375
 72
     1
 10
75.7119140625
 20
846.62109375
 11
75.5859375
 21
846.572265625
 72
     1
 10
75.5859375
 20
846.572265625
 11
75.4150390625
 21
846.52294921875
 72
     1
 10
75.4150390625
 20
846.52294921875
 11
74.5966796875
 21
846.42333984375
 72
     1
 10
74.5966796875
 20
846.42333984375
 11
73.4501953125
 21
846.3974609375
 72
     1
 10
73.4501953125
 20
846.3974609375
 11
72.25390625
 21
846.4345703125
 72
     1
 10
72.25390625
 20
846.4345703125
 11
71.28564453125
 21
846.52294921875
 72
     1
 10
71.28564453125
 20
846.52294921875
 11
71.19482421875
 21
846.5205078125
 72
     1
 10
71.19482421875
 20
846.5205078125
 11
71.064453125
 21
846.50830078125
 72
     1
 10
71.064453125
 20
846.50830078125
 11
70.9384765625
 21
846.50341796875
 72
     1
 10
70.9384765625
 20
846.50341796875
 11
70.86181640625
 21
846.52294921875
 72
     1
 10
70.86181640625
 20
846.52294921875
 11
70.68017578125
 21
846.53759765625
 72
     1
 10
70.68017578125
 20
846.53759765625
 11
70.35302734375
 21
846.44580078125
 72
     1
 10
70.35302734375
 20
846.44580078125
 11
69.96240234375
 21
846.28662109375
 72
     1
 10
69.96240234375
 20
846.28662109375
 11
69.59130859375
 21
846.099609375
 72
     1
 10
69.59130859375
 20
846.099609375
 11
69.35888671875
 21
845.9873046875
 72
     1
 10
69.35888671875
 20
845.9873046875
 11
69.115234375
 21
845.876953125
 72
     1
 10
69.115234375
 20
845.876953125
 11
68.8984375
 21
845.74560546875
 72
     1
 10
68.8984375
 20
845.74560546875
 11
68.744140625
 21
845.5703125
 72
     1
 10
68.744140625
 20
845.5703125
 11
68.734375
 21
845.5234375
 72
     1
 10
68.734375
 20
845.5234375
 11
68.7392578125
 21
845.46630859375
 72
     1
 10
68.7392578125
 20
845.46630859375
 11
68.74658203125
 21
845.40869140625
 72
     1
 10
68.74658203125
 20
845.40869140625
 11
68.744140625
 21
845.3583984375
 72
     1
 10
68.744140625
 20
845.3583984375
 11
68.71240234375
 21
845.1796875
 72
     1
 10
68.71240234375
 20
845.1796875
 11
68.68896484375
 21
844.91748046875
 72
     1
 10
68.68896484375
 20
844.91748046875
 11
68.69287109375
 21
844.6376953125
 72
     1
 10
68.69287109375
 20
844.6376953125
 11
68.744140625
 21
844.4052734375
 72
     1
 10
68.744140625
 20
844.4052734375
 11
68.84375
 21
844.27734375
 72
     1
 10
68.84375
 20
844.27734375
 11
68.98876953125
 21
844.15087890625
 72
     1
 10
68.98876953125
 20
844.15087890625
 11
69.1171875
 21
844.01904296875
 72
     1
 10
69.1171875
 20
844.01904296875
 11
69.16796875
 21
843.8759765625
 72
     1
 10
69.16796875
 20
843.8759765625
 11
69.00439453125
 21
843.52197265625
 72
     1
 10
69.00439453125
 20
843.52197265625
 11
68.6943359375
 21
843.25341796875
 72
     1
 10
68.6943359375
 20
843.25341796875
 11
68.43603515625
 21
842.978515625
 72
     1
 10
68.43603515625
 20
842.978515625
 11
68.4267578125
 21
842.60546875
 72
     1
 10
68.4267578125
 20
842.60546875
 11
68.47607421875
 21
842.5009765625
 72
     1
 10
68.47607421875
 20
842.5009765625
 11
68.52978515625
 21
842.39697265625
 72
     1
 10
68.52978515625
 20
842.39697265625
 11
68.5849609375
 21
842.2646484375
 72
     1
 10
68.5849609375
 20
842.2646484375
 11
68.638671875
 21
842.076171875
 72
     1
 10
68.638671875
 20
842.076171875
 11
68.71337890625
 21
841.66552734375
 72
     1
 10
68.71337890625
 20
841.66552734375
 11
68.763671875
 21
841.1904296875
 72
     1
 10
68.763671875
 20
841.1904296875
 11
68.77783203125
 21
840.681640625
 72
     1
 10
68.77783203125
 20
840.681640625
 11
68.744140625
 21
840.169921875
 72
     1
 10
68.744140625
 20
840.169921875
 11
68.64599609375
 21
839.7548828125
 72
     1
 10
68.64599609375
 20
839.7548828125
 11
68.4794921875
 21
839.330078125
 72
     1
 10
68.4794921875
 20
839.330078125
 11
68.2861328125
 21
838.90185546875
 72
     1
 10
68.2861328125
 20
838.90185546875
 11
68.10888671875
 21
838.47607421875
 72
     1
 10
68.10888671875
 20
838.47607421875
 11
67.9970703125
 21
838.1904296875
 72
     1
 10
67.9970703125
 20
838.1904296875
 11
67.89501953125
 21
837.9013671875
 72
     1
 10
67.89501953125
 20
837.9013671875
 11
67.8203125
 21
837.5556640625
 72
     1
 10
67.8203125
 20
837.5556640625
 11
67.79150390625
 21
837.099609375
 72
     1
 10
67.79150390625
 20
837.099609375
 11
67.7841796875
 21
836.9892578125
 72
     1
 10
67.7841796875
 20
836.9892578125
 11
67.771484375
 21
836.82373046875
 72
     1
 10
67.771484375
 20
836.82373046875
 11
67.76904296875
 21
836.66357421875
 72
     1
 10
67.76904296875
 20
836.66357421875
 11
67.79150390625
 21
836.5703125
 72
     1
 10
67.79150390625
 20
836.5703125
 11
67.96337890625
 21
836.55859375
 72
     1
 10
67.96337890625
 20
836.55859375
 11
68.271484375
 21
836.63232421875
 72
     1
 10
68.271484375
 20
836.63232421875
 11
68.6044921875
 21
836.75439453125
 72
     1
 10
68.6044921875
 20
836.75439453125
 11
68.85009765625
 21
836.8876953125
 72
     1
 10
68.85009765625
 20
836.8876953125
 11
68.9423828125
 21
836.96728515625
 72
     1
 10
68.9423828125
 20
836.96728515625
 11
68.9931640625
 21
837.01171875
 72
     1
 10
68.9931640625
 20
837.01171875
 11
69.07861328125
 21
837.0478515625
 72
     1
 10
69.07861328125
 20
837.0478515625
 11
69.27392578125
 21
837.099609375
 72
     1
 10
69.27392578125
 20
837.099609375
 11
69.32861328125
 21
837.1240234375
 72
     1
 10
69.32861328125
 20
837.1240234375
 11
69.3466796875
 21
837.1533203125
 72
     1
 10
69.3466796875
 20
837.1533203125
 11
69.35546875
 21
837.18212890625
 72
     1
 10
69.35546875
 20
837.18212890625
 11
69.3798828125
 21
837.20556640625
 72
     1
 10
69.3798828125
 20
837.20556640625
 11
69.6142578125
 21
837.3154296875
 72
     1
 10
69.6142578125
 20
837.3154296875
 11
69.87353515625
 21
837.431640625
 72
     1
 10
69.87353515625
 20
837.431640625
 11
70.150390625
 21
837.54052734375
 72
     1
 10
70.150390625
 20
837.54052734375
 11
70.4384765625
 21
837.62890625
 72
     1
 10
70.4384765625
 20
837.62890625
 11
71.1904296875
 21
837.69970703125
 72
     1
 10
71.1904296875
 20
837.69970703125
 11
72.2060546875
 21
837.7001953125
 72
     1
 10
72.2060546875
 20
837.7001953125
 11
73.23828125
 21
837.71826171875
 72
     1
 10
73.23828125
 20
837.71826171875
 11
74.03857421875
 21
837.8408203125
 72
     1
 10
74.03857421875
 20
837.8408203125
 11
74.30810546875
 21
837.97216796875
 72
     1
 10
74.30810546875
 20
837.97216796875
 11
74.53955078125
 21
838.15234375
 72
     1
 10
74.53955078125
 20
838.15234375
 11
74.7587890625
 21
838.36181640625
 72
     1
 10
74.7587890625
 20
838.36181640625
 11
74.9912109375
 21
838.58203125
 72
     1
 10
74.9912109375
 20
838.58203125
 11
75.2333984375
 21
838.82275390625
 72
     1
 10
75.2333984375
 20
838.82275390625
 11
75.453125
 21
839.0537109375
 72
     1
 10
75.453125
 20
839.0537109375
 11
75.68017578125
 21
839.234375
 72
     1
 10
75.68017578125
 20
839.234375
 11
75.9443359375
 21
839.3232421875
 72
     1
 10
75.9443359375
 20
839.3232421875
 11
76.18798828125
 21
839.2978515625
 72
     1
 10
76.18798828125
 20
839.2978515625
 11
76.4140625
 21
839.1953125
 72
     1
 10
76.4140625
 20
839.1953125
 11
76.64404296875
 21
839.05029296875
 72
     1
 10
76.64404296875
 20
839.05029296875
 11
76.8974609375
 21
838.8994140625
 72
     1
 10
76.8974609375
 20
838.8994140625
 11
77.16796875
 21
838.75048828125
 72
     1
 10
77.16796875
 20
838.75048828125
 11
77.4453125
 21
838.5947265625
 72
     1
 10
77.4453125
 20
838.5947265625
 11
77.71337890625
 21
838.45849609375
 72
     1
 10
77.71337890625
 20
838.45849609375
 11
77.9560546875
 21
838.3701171875
 72
     1
 10
77.9560546875
 20
838.3701171875
 11
78.37744140625
 21
838.2275390625
 72
     1
 10
78.37744140625
 20
838.2275390625
 11
78.8623046875
 21
838.05224609375
 72
     1
 10
78.8623046875
 20
838.05224609375
 11
79.423828125
 21
837.9306640625
 72
     1
 10
79.423828125
 20
837.9306640625
 11
80.07373046875
 21
837.94677734375
 72
     1
 10
80.07373046875
 20
837.94677734375
 11
80.208984375
 21
837.9677734375
 72
     1
 10
80.208984375
 20
837.9677734375
 11
80.36474609375
 21
837.99267578125
 72
     1
 10
80.36474609375
 20
837.99267578125
 11
80.50732421875
 21
838.021484375
 72
     1
 10
80.50732421875
 20
838.021484375
 11
80.60302734375
 21
838.052734375
 72
     1
 10
80.60302734375
 20
838.052734375
 11
80.68603515625
 21
838.11962890625
 72
     1
 10
80.68603515625
 20
838.11962890625
 11
80.806640625
 21
838.23828125
 72
     1
 10
80.806640625
 20
838.23828125
 11
80.9306640625
 21
838.36962890625
 72
     1
 10
80.9306640625
 20
838.36962890625
 11
81.0263671875
 21
838.47607421875
 72
     1
 10
81.0263671875
 20
838.47607421875
 11
81.10205078125
 21
838.5703125
 72
     1
 10
81.10205078125
 20
838.5703125
 11
81.19287109375
 21
838.68310546875
 72
     1
 10
81.19287109375
 20
838.68310546875
 11
81.306640625
 21
838.7978515625
 72
     1
 10
81.306640625
 20
838.7978515625
 11
81.4501953125
 21
838.8994140625
 72
     1
 10
81.4501953125
 20
838.8994140625
 11
81.63720703125
 21
838.9638671875
 72
     1
 10
81.63720703125
 20
838.9638671875
 11
81.87451171875
 21
839.0029296875
 72
     1
 10
81.87451171875
 20
839.0029296875
 11
82.1376953125
 21
839.04296875
 72
     1
 10
82.1376953125
 20
839.04296875
 11
82.40283203125
 21
839.111328125
 72
     1
 10
82.40283203125
 20
839.111328125
 11
82.4208984375
 21
839.1328125
 72
     1
 10
82.4208984375
 20
839.1328125
 11
82.4306640625
 21
839.1669921875
 72
     1
 10
82.4306640625
 20
839.1669921875
 11
82.453125
 21
839.2001953125
 72
     1
 10
82.453125
 20
839.2001953125
 11
82.5087890625
 21
839.21728515625
 72
     1
 10
82.5087890625
 20
839.21728515625
 11
82.6201171875
 21
839.2421875
 72
     1
 10
82.6201171875
 20
839.2421875
 11
82.7724609375
 21
839.29736328125
 72
     1
 10
82.7724609375
 20
839.29736328125
 11
82.95166015625
 21
839.365234375
 72
     1
 10
82.95166015625
 20
839.365234375
 11
83.14404296875
 21
839.4287109375
 72
     1
 10
83.14404296875
 20
839.4287109375
 11
83.81591796875
 21
839.6171875
 72
     1
 10
83.81591796875
 20
839.6171875
 11
84.39990234375
 21
839.7421875
 72
     1
 10
84.39990234375
 20
839.7421875
 11
84.9912109375
 21
839.7900390625
 72
     1
 10
84.9912109375
 20
839.7900390625
 11
85.685546875
 21
839.74658203125
 72
     1
 10
85.685546875
 20
839.74658203125
 11
85.92822265625
 21
839.6982421875
 72
     1
 10
85.92822265625
 20
839.6982421875
 11
86.3046875
 21
839.61767578125
 72
     1
 10
86.3046875
 20
839.61767578125
 11
86.7158203125
 21
839.54833984375
 72
     1
 10
86.7158203125
 20
839.54833984375
 11
87.0615234375
 21
839.53466796875
 72
     1
 10
87.0615234375
 20
839.53466796875
 11
87.55810546875
 21
839.6650390625
 72
     1
 10
87.55810546875
 20
839.6650390625
 11
87.95947265625
 21
839.89453125
 72
     1
 10
87.95947265625
 20
839.89453125
 11
88.3359375
 21
840.15576171875
 72
     1
 10
88.3359375
 20
840.15576171875
 11
88.755859375
 21
840.3818359375
 72
     1
 10
88.755859375
 20
840.3818359375
 11
89.5537109375
 21
840.5205078125
 72
     1
 10
89.5537109375
 20
840.5205078125
 11
90.6005859375
 21
840.5078125
 72
     1
 10
90.6005859375
 20
840.5078125
 11
91.70458984375
 21
840.43212890625
 72
     1
 10
91.70458984375
 20
840.43212890625
 11
92.67333984375
 21
840.3818359375
 72
     1
 10
92.67333984375
 20
840.3818359375
 11
92.99853515625
 21
840.37548828125
 72
     1
 10
92.99853515625
 20
840.37548828125
 11
93.31591796875
 21
840.36767578125
 72
     1
 10
93.31591796875
 20
840.36767578125
 11
93.62939453125
 21
840.3671875
 72
     1
 10
93.62939453125
 20
840.3671875
 11
93.9443359375
 21
840.3818359375
 72
     1
 10
93.9443359375
 20
840.3818359375
 11
94.52490234375
 21
840.4560546875
 72
     1
 10
94.52490234375
 20
840.4560546875
 11
95.10498046875
 21
840.56884765625
 72
     1
 10
95.10498046875
 20
840.56884765625
 11
95.68701171875
 21
840.69384765625
 72
     1
 10
95.68701171875
 20
840.69384765625
 11
96.2734375
 21
840.8056640625
 72
     1
 10
96.2734375
 20
840.8056640625
 11
97.4306640625
 21
840.97119140625
 72
     1
 10
97.4306640625
 20
840.97119140625
 11
98.65625
 21
841.08251953125
 72
     1
 10
98.65625
 20
841.08251953125
 11
99.9345703125
 21
841.10791015625
 72
     1
 10
99.9345703125
 20
841.10791015625
 11
101.25
 21
841.01708984375
 72
     1
 10
101.25
 20
841.01708984375
 11
101.4150390625
 21
840.9873046875
 72
     1
 10
101.4150390625
 20
840.9873046875
 11
101.54931640625
 21
840.9619140625
 72
     1
 10
101.54931640625
 20
840.9619140625
 11
101.71923828125
 21
840.96435546875
 72
     1
 10
101.71923828125
 20
840.96435546875
 11
101.9912109375
 21
841.01708984375
 72
     1
 10
101.9912109375
 20
841.01708984375
 11
102.0390625
 21
841.04150390625
 72
     1
 10
102.0390625
 20
841.04150390625
 11
102.06591796875
 21
841.07568359375
 72
     1
 10
102.06591796875
 20
841.07568359375
 11
102.08203125
 21
841.10693359375
 72
     1
 10
102.08203125
 20
841.10693359375
 11
102.0966796875
 21
841.123046875
 72
     1
 10
102.0966796875
 20
841.123046875
 11
102.44189453125
 21
841.20654296875
 72
     1
 10
102.44189453125
 20
841.20654296875
 11
102.7880859375
 21
841.29052734375
 72
     1
 10
102.7880859375
 20
841.29052734375
 11
103.1328125
 21
841.39697265625
 72
     1
 10
103.1328125
 20
841.39697265625
 11
103.47314453125
 21
841.54638671875
 72
     1
 10
103.47314453125
 20
841.54638671875
 11
103.548828125
 21
841.59326171875
 72
     1
 10
103.548828125
 20
841.59326171875
 11
103.62548828125
 21
841.64892578125
 72
     1
 10
103.62548828125
 20
841.64892578125
 11
103.705078125
 21
841.7060546875
 72
     1
 10
103.705078125
 20
841.7060546875
 11
103.791015625
 21
841.75830078125
 72
     1
 10
103.791015625
 20
841.75830078125
 11
104.06591796875
 21
841.86669921875
 72
     1
 10
104.06591796875
 20
841.86669921875
 11
104.412109375
 21
841.962890625
 72
     1
 10
104.412109375
 20
841.962890625
 11
104.7919921875
 21
842.0625
 72
     1
 10
104.7919921875
 20
842.0625
 11
105.16748046875
 21
842.181640625
 72
     1
 10
105.16748046875
 20
842.181640625
 11
105.51953125
 21
842.3388671875
 72
     1
 10
105.51953125
 20
842.3388671875
 11
105.859375
 21
842.52783203125
 72
     1
 10
105.859375
 20
842.52783203125
 11
106.197265625
 21
842.72900390625
 72
     1
 10
106.197265625
 20
842.72900390625
 11
106.5439453125
 21
842.9228515625
 72
     1
 10
106.5439453125
 20
842.9228515625
 11
106.58984375
 21
842.9267578125
 72
     1
 10
106.58984375
 20
842.9267578125
 11
106.654296875
 21
842.91845703125
 72
     1
 10
106.654296875
 20
842.91845703125
 11
106.716796875
 21
842.91259765625
 72
     1
 10
106.716796875
 20
842.91259765625
 11
106.755859375
 21
842.9228515625
 72
     1
 10
106.755859375
 20
842.9228515625
 11
107.009765625
 21
843.09619140625
 72
     1
 10
107.009765625
 20
843.09619140625
 11
107.3857421875
 21
843.22021484375
 72
     1
 10
107.3857421875
 20
843.22021484375
 11
107.81689453125
 21
843.328125
 72
     1
 10
107.81689453125
 20
843.328125
 11
108.23779296875
 21
843.4521484375
 72
     1
 10
108.23779296875
 20
843.4521484375
 11
108.4453125
 21
843.54541015625
 72
     1
 10
108.4453125
 20
843.54541015625
 11
108.6435546875
 21
843.65625
 72
     1
 10
108.6435546875
 20
843.65625
 11
108.85107421875
 21
843.77099609375
 72
     1
 10
108.85107421875
 20
843.77099609375
 11
109.0849609375
 21
843.8759765625
 72
     1
 10
109.0849609375
 20
843.8759765625
 11
109.2587890625
 21
843.92529296875
 72
     1
 10
109.2587890625
 20
843.92529296875
 11
109.4560546875
 21
843.95166015625
 72
     1
 10
109.4560546875
 20
843.95166015625
 11
109.7060546875
 21
843.966796875
 72
     1
 10
109.7060546875
 20
843.966796875
 11
110.0380859375
 21
843.98193359375
 72
     1
 10
110.0380859375
 20
843.98193359375
 11
110.46044921875
 21
844.0078125
 72
     1
 10
110.46044921875
 20
844.0078125
 11
110.94873046875
 21
844.041015625
 72
     1
 10
110.94873046875
 20
844.041015625
 11
111.484375
 21
844.0712890625
 72
     1
 10
111.484375
 20
844.0712890625
 11
112.0498046875
 21
844.087890625
 72
     1
 10
112.0498046875
 20
844.087890625
 11
112.88525390625
 21
844.0712890625
 72
     1
 10
112.88525390625
 20
844.0712890625
 11
113.72314453125
 21
844.04443359375
 72
     1
 10
113.72314453125
 20
844.04443359375
 11
114.4921875
 21
844.0654296875
 72
     1
 10
114.4921875
 20
844.0654296875
 11
115.1201171875
 21
844.193359375
 72
     1
 10
115.1201171875
 20
844.193359375
 11
115.16552734375
 21
844.1953125
 72
     1
 10
115.16552734375
 20
844.1953125
 11
115.2314453125
 21
844.18798828125
 72
     1
 10
115.2314453125
 20
844.18798828125
 11
115.29443359375
 21
844.18359375
 72
     1
 10
115.29443359375
 20
844.18359375
 11
115.33203125
 21
844.193359375
 72
     1
 10
115.33203125
 20
844.193359375
 11
115.59375
 21
844.37890625
 72
     1
 10
115.59375
 20
844.37890625
 11
115.97021484375
 21
844.52734375
 72
     1
 10
115.97021484375
 20
844.52734375
 11
116.37158203125
 21
844.66845703125
 72
     1
 10
116.37158203125
 20
844.66845703125
 11
116.70849609375
 21
844.8291015625
 72
     1
 10
116.70849609375
 20
844.8291015625
 11
116.93994140625
 21
845.00341796875
 72
     1
 10
116.93994140625
 20
845.00341796875
 11
117.134765625
 21
845.19091796875
 72
     1
 10
117.134765625
 20
845.19091796875
 11
117.3017578125
 21
845.38232421875
 72
     1
 10
117.3017578125
 20
845.38232421875
 11
117.44970703125
 21
845.5703125
 72
     1
 10
117.44970703125
 20
845.5703125
 11
117.5927734375
 21
845.78564453125
 72
     1
 10
117.5927734375
 20
845.78564453125
 11
117.71923828125
 21
846.0126953125
 72
     1
 10
117.71923828125
 20
846.0126953125
 11
117.84326171875
 21
846.23046875
 72
     1
 10
117.84326171875
 20
846.23046875
 11
117.97900390625
 21
846.4169921875
 72
     1
 10
117.97900390625
 20
846.4169921875
 11
118.1171875
 21
846.53466796875
 72
     1
 10
118.1171875
 20
846.53466796875
 11
118.2783203125
 21
846.62890625
 72
     1
 10
118.2783203125
 20
846.62890625
 11
118.4482421875
 21
846.72314453125
 72
     1
 10
118.4482421875
 20
846.72314453125
 11
118.6142578125
 21
846.8408203125
 72
     1
 10
118.6142578125
 20
846.8408203125
 11
119.001953125
 21
847.234375
 72
     1
 10
119.001953125
 20
847.234375
 11
119.40673828125
 21
847.67529296875
 72
     1
 10
119.40673828125
 20
847.67529296875
 11
119.865234375
 21
848.0693359375
 72
     1
 10
119.865234375
 20
848.0693359375
 11
120.4140625
 21
848.32275390625
 72
     1
 10
120.4140625
 20
848.32275390625
 11
120.46875
 21
848.34716796875
 72
     1
 10
120.46875
 20
848.34716796875
 11
120.4873046875
 21
848.37646484375
 72
     1
 10
120.4873046875
 20
848.37646484375
 11
120.49609375
 21
848.4052734375
 72
     1
 10
120.49609375
 20
848.4052734375
 11
120.52001953125
 21
848.4287109375
 72
     1
 10
120.52001953125
 20
848.4287109375
 11
121.064453125
 21
848.5791015625
 72
     1
 10
121.064453125
 20
848.5791015625
 11
121.74560546875
 21
848.62841796875
 72
     1
 10
121.74560546875
 20
848.62841796875
 11
122.501953125
 21
848.6044921875
 72
     1
 10
122.501953125
 20
848.6044921875
 11
123.27294921875
 21
848.53466796875
 72
     1
 10
123.27294921875
 20
848.53466796875
 11
123.4208984375
 21
848.50537109375
 72
     1
 10
123.4208984375
 20
848.50537109375
 11
123.56103515625
 21
848.46435546875
 72
     1
 10
123.56103515625
 20
848.46435546875
 11
123.68994140625
 21
848.43212890625
 72
     1
 10
123.68994140625
 20
848.43212890625
 11
123.802734375
 21
848.4287109375
 72
     1
 10
123.802734375
 20
848.4287109375
 11
123.9873046875
 21
848.4990234375
 72
     1
 10
123.9873046875
 20
848.4990234375
 11
124.259765625
 21
848.640625
 72
     1
 10
124.259765625
 20
848.640625
 11
124.5419921875
 21
848.80859375
 72
     1
 10
124.5419921875
 20
848.80859375
 11
124.75537109375
 21
848.9580078125
 72
     1
 10
124.75537109375
 20
848.9580078125
 11
124.9306640625
 21
849.12890625
 72
     1
 10
124.9306640625
 20
849.12890625
 11
125.10693359375
 21
849.3388671875
 72
     1
 10
125.10693359375
 20
849.3388671875
 11
125.29248046875
 21
849.56982421875
 72
     1
 10
125.29248046875
 20
849.56982421875
 11
125.49658203125
 21
849.80517578125
 72
     1
 10
125.49658203125
 20
849.80517578125
 11
125.537109375
 21
849.84619140625
 72
     1
 10
125.537109375
 20
849.84619140625
 11
125.609375
 21
849.91845703125
 72
     1
 10
125.609375
 20
849.91845703125
 11
125.677734375
 21
849.98681640625
 72
     1
 10
125.677734375
 20
849.98681640625
 11
125.70849609375
 21
850.01708984375
 72
     1
 10
125.70849609375
 20
850.01708984375
 11
125.712890625
 21
850.138671875
 72
     1
 10
125.712890625
 20
850.138671875
 11
125.6708984375
 21
850.28076171875
 72
     1
 10
125.6708984375
 20
850.28076171875
 11
125.62109375
 21
850.44970703125
 72
     1
 10
125.62109375
 20
850.44970703125
 11
125.6025390625
 21
850.65234375
 72
     1
 10
125.6025390625
 20
850.65234375
 11
125.6181640625
 21
850.673828125
 72
     1
 10
125.6181640625
 20
850.673828125
 11
125.65234375
 21
850.73095703125
 72
     1
 10
125.65234375
 20
850.73095703125
 11
125.6884765625
 21
850.8017578125
 72
     1
 10
125.6884765625
 20
850.8017578125
 11
125.70849609375
 21
850.8642578125
 72
     1
 10
125.70849609375
 20
850.8642578125
 11
125.7216796875
 21
851.029296875
 72
     1
 10
125.7216796875
 20
851.029296875
 11
125.73046875
 21
851.17578125
 72
     1
 10
125.73046875
 20
851.17578125
 11
125.7548828125
 21
851.3251953125
 72
     1
 10
125.7548828125
 20
851.3251953125
 11
125.814453125
 21
851.49951171875
 72
     1
 10
125.814453125
 20
851.49951171875
 11
125.85546875
 21
851.55029296875
 72
     1
 10
125.85546875
 20
851.55029296875
 11
125.923828125
 21
851.6103515625
 72
     1
 10
125.923828125
 20
851.6103515625
 11
125.990234375
 21
851.66748046875
 72
     1
 10
125.990234375
 20
851.66748046875
 11
126.02587890625
 21
851.7109375
 72
     1
 10
126.02587890625
 20
851.7109375
 11
126.12109375
 21
852.1162109375
 72
     1
 10
126.12109375
 20
852.1162109375
 11
126.1337890625
 21
852.5224609375
 72
     1
 10
126.1337890625
 20
852.5224609375
 11
126.06591796875
 21
852.919921875
 72
     1
 10
126.06591796875
 20
852.919921875
 11
125.919921875
 21
853.29931640625
 72
     1
 10
125.919921875
 20
853.29931640625
 11
125.87939453125
 21
853.330078125
 72
     1
 10
125.87939453125
 20
853.330078125
 11
125.81201171875
 21
853.35546875
 72
     1
 10
125.81201171875
 20
853.35546875
 11
125.74560546875
 21
853.37890625
 72
     1
 10
125.74560546875
 20
853.37890625
 11
125.70849609375
 21
853.4052734375
 72
     1
 10
125.70849609375
 20
853.4052734375
 11
125.5966796875
 21
853.72021484375
 72
     1
 10
125.5966796875
 20
853.72021484375
 11
125.56640625
 21
854.02392578125
 72
     1
 10
125.56640625
 20
854.02392578125
 11
125.63330078125
 21
854.33642578125
 72
     1
 10
125.63330078125
 20
854.33642578125
 11
125.814453125
 21
854.67578125
 72
     1
 10
125.814453125
 20
854.67578125
 11
125.91748046875
 21
854.7939453125
 72
     1
 10
125.91748046875
 20
854.7939453125
 11
126.05712890625
 21
854.9365234375
 72
     1
 10
126.05712890625
 20
854.9365234375
 11
126.181640625
 21
855.0810546875
 72
     1
 10
126.181640625
 20
855.0810546875
 11
126.23779296875
 21
855.205078125
 72
     1
 10
126.23779296875
 20
855.205078125
 11
126.21240234375
 21
855.279296875
 72
     1
 10
126.21240234375
 20
855.279296875
 11
126.150390625
 21
855.36474609375
 72
     1
 10
126.150390625
 20
855.36474609375
 11
126.07861328125
 21
855.4501953125
 72
     1
 10
126.07861328125
 20
855.4501953125
 11
126.02587890625
 21
855.52294921875
 72
     1
 10
126.02587890625
 20
855.52294921875
 11
126.0
 21
855.59228515625
 72
     1
 10
126.0
 20
855.59228515625
 11
125.9794921875
 21
855.67626953125
 72
     1
 10
125.9794921875
 20
855.67626953125
 11
125.95556640625
 21
855.7626953125
 72
     1
 10
125.95556640625
 20
855.7626953125
 11
125.919921875
 21
855.84033203125
 72
     1
 10
125.919921875
 20
855.84033203125
 11
125.87841796875
 21
855.869140625
 72
     1
 10
125.87841796875
 20
855.869140625
 11
125.810546875
 21
855.8955078125
 72
     1
 10
125.810546875
 20
855.8955078125
 11
125.74462890625
 21
855.92041015625
 72
     1
 10
125.74462890625
 20
855.92041015625
 11
125.70849609375
 21
855.9462890625
 72
     1
 10
125.70849609375
 20
855.9462890625
 11
125.6630859375
 21
856.046875
 72
     1
 10
125.6630859375
 20
856.046875
 11
125.6181640625
 21
856.1416015625
 72
     1
 10
125.6181640625
 20
856.1416015625
 11
125.5654296875
 21
856.2451171875
 72
     1
 10
125.5654296875
 20
856.2451171875
 11
125.49658203125
 21
856.3701171875
 72
     1
 10
125.49658203125
 20
856.3701171875
 11
125.4482421875
 21
856.4541015625
 72
     1
 10
125.4482421875
 20
856.4541015625
 11
125.43115234375
 21
856.4990234375
 72
     1
 10
125.43115234375
 20
856.4990234375
 11
125.447265625
 21
856.5322265625
 72
     1
 10
125.447265625
 20
856.5322265625
 11
125.49658203125
 21
856.58154296875
 97
        0
 75
     0
 76
     1
 98
        0
  0
POLYLINE
  5
47D
330
1F
100
AcDbEntity
  8
Layer 1
370
     0
100
AcDb2dPolyline
 66
     1
 10
0.0
 20
0.0
 30
0.0
  0
VERTEX
  5
47E
330
47D
100
AcDbEntity
  8
Layer 1
370
     0
100
AcDbVertex
100
AcDb2dVertex
 10
894.0869140625
 20
85.662109375
 30
0.0
  0
VERTEX
  5
47F
330
47D
100
AcDbEntity
  8
Layer 1
370
     0
100
AcDbVertex
100
AcDb2dVertex
 10
894.4287109375
 20
85.74609375
 30
0.0
  0
VERTEX
  5
480
330
47D
100
AcDbEntity
  8
Layer 1
370
     0
100
AcDbVertex
100
AcDb2dVertex
 10
894.9111328125
 20
85.626953125
 30
0.0
  0
VERTEX
  5
481
330
47D
100
AcDbEntity
  8
Layer 1
370
     0
100
AcDbVertex
100
AcDb2dVertex
 10
895.484375
 20
85.4208984375
 30
0.0
  0
VERTEX
  5
482
330
47D
100
AcDbEntity
  8
Layer 1
370
     0
100
AcDbVertex
100
AcDb2dVertex
 10
896.0986328125
 20
85.23828125
 30
0.0
  0
VERTEX
  5
483
330
47D
100
AcDbEntity
  8
Layer 1
370
     0
100
AcDbVertex
100
AcDb2dVertex
 10
896.9296875
 20
85.1005859375
 30
0.0
  0
VERTEX
  5
484
330
47D
100
AcDbEntity
  8
Layer 1
370
     0
100
AcDbVertex
100
AcDb2dVertex
 10
897.8017578125
 20
84.9970703125
 30
0.0
  0
VERTEX
  5
485
330
47D
100
AcDbEntity
  8
Layer 1
370
     0
100
AcDbVertex
100
AcDb2dVertex
 10
898.66796875
 20
84.8818359375
 30
0.0
  0
VERTEX
  5
486
330
47D
100
AcDbEntity
  8
Layer 1
370
     0
100
AcDbVertex
100
AcDb2dVertex
 10
899.486328125
 20
84.708984375
 30
0.0
  0
VERTEX
  5
487
330
47D
100
AcDbEntity
  8
Layer 1
370
     0
100
AcDbVertex
100
AcDb2dVertex
 10
899.525390625
 20
84.6875
 30
0.0
  0
VERTEX
  5
488
330
47D
100
AcDbEntity
  8
Layer 1
370
     0
100
AcDbVertex
100
AcDb2dVertex
 10
899.5673828125
 20
84.6533203125
 30
0.0
  0
VERTEX
  5
489
330
47D
100
AcDbEntity
  8
Layer 1
370
     0
100
AcDbVertex
100
AcDb2dVertex
 10
899.623046875
 20
84.62109375
 30
0.0
  0
VERTEX
  5
48A
330
47D
100
AcDbEntity
  8
Layer 1
370
     0
100
AcDbVertex
100
AcDb2dVertex
 10
899.6982421875
 20
84.603515625
 30
0.0
  0
VERTEX
  5
48B
330
47D
100
AcDbEntity
  8
Layer 1
370
     0
100
AcDbVertex
100
AcDb2dVertex
 10
899.8115234375
 20
84.58984375
 30
0.0
  0
VERTEX
  5
48C
330
47D
100
AcDbEntity
  8
Layer 1
370
     0
100
AcDbVertex
100
AcDb2dVertex
 10
899.91015625
 20
84.564453125
 30
0.0
  0
VERTEX
  5
48D
330
47D
100
AcDbEntity
  8
Layer 1
370
     0
100
AcDbVertex
100
AcDb2dVertex
 10
900.0078125
 20
84.5322265625
 30
0.0
  0
VERTEX
  5
48E
330
47D
100
AcDbEntity
  8
Layer 1
370
     0
100
AcDbVertex
100
AcDb2dVertex
 10
900.1220703125
 20
84.4970703125
 30
0.0
  0
VERTEX
  5
48F
330
47D
100
AcDbEntity
  8
Layer 1
370
     0
100
AcDbVertex
100
AcDb2dVertex
 10
900.25
 20
84.4697265625
 30
0.0
  0
VERTEX
  5
490
330
47D
100
AcDbEntity
  8
Layer 1
370
     0
100
AcDbVertex
100
AcDb2dVertex
 10
900.3515625
 20
84.45703125
 30
0.0
  0
VERTEX
  5
491
330
47D
100
AcDbEntity
  8
Layer 1
370
     0
100
AcDbVertex
100
AcDb2dVertex
 10
900.470703125
 20
84.4384765625
 30
0.0
  0
VERTEX
  5
492
330
47D
100
AcDbEntity
  8
Layer 1
370
     0
100
AcDbVertex
100
AcDb2dVertex
 10
900.6513671875
 20
84.3916015625
 30
0.0
  0
VERTEX
  5
493
330
47D
100
AcDbEntity
  8
Layer 1
370
     0
100
AcDbVertex
100
AcDb2dVertex
 10
900.8486328125
 20
84.3369140625
 30
0.0
  0
VERTEX
  5
494
330
47D
100
AcDbEntity
  8
Layer 1
370
     0
100
AcDbVertex
100
AcDb2dVertex
 10
901.240234375
 20
84.236328125
 30
0.0
  0
VERTEX
  5
495
330
47D
100
AcDbEntity
  8
Layer 1
370
     0
100
AcDbVertex
100
AcDb2dVertex
 10
901.6015625
 20
84.16015625
 30
0.0
  0
VERTEX
  5
496
330
47D
100
AcDbEntity
  8
Layer 1
370
     0
100
AcDbVertex
100
AcDb2dVertex
 10
901.7099609375
 20
84.1796875
 30
0.0
  0
VERTEX
  5
497
330
47D
100
AcDbEntity
  8
Layer 1
370
     0
100
AcDbVertex
100
AcDb2dVertex
 10
901.77734375
 20
83.9970703125
 30
0.0
  0
VERTEX
  5
498
330
47D
100
AcDbEntity
  8
Layer 1
370
     0
100
AcDbVertex
100
AcDb2dVertex
 10
901.7509765625
 20
83.7490234375
 30
0.0
  0
VERTEX
  5
499
330
47D
100
AcDbEntity
  8
Layer 1
370
     0
100
AcDbVertex
100
AcDb2dVertex
 10
901.73046875
 20
83.4521484375
 30
0.0
  0
VERTEX
  5
49A
330
47D
100
AcDbEntity
  8
Layer 1
370
     0
100
AcDbVertex
100
AcDb2dVertex
 10
901.81640625
 20
83.12109375
 30
0.0
  0
VERTEX
  5
49B
330
47D
100
AcDbEntity
  8
Layer 1
370
     0
100
AcDbVertex
100
AcDb2dVertex
 10
902.025390625
 20
82.935546875
 30
0.0
  0
VERTEX
  5
49C
330
47D
100
AcDbEntity
  8
Layer 1
370
     0
100
AcDbVertex
100
AcDb2dVertex
 10
902.388671875
 20
82.74609375
 30
0.0
  0
VERTEX
  5
49D
330
47D
100
AcDbEntity
  8
Layer 1
370
     0
100
AcDbVertex
100
AcDb2dVertex
 10
902.783203125
 20
82.5595703125
 30
0.0
  0
VERTEX
  5
49E
330
47D
100
AcDbEntity
  8
Layer 1
370
     0
100
AcDbVertex
100
AcDb2dVertex
 10
903.0869140625
 20
82.3798828125
 30
0.0
  0
VERTEX
  5
49F
330
47D
100
AcDbEntity
  8
Layer 1
370
     0
100
AcDbVertex
100
AcDb2dVertex
 10
903.1875
 20
82.275390625
 30
0.0
  0
VERTEX
  5
4A0
330
47D
100
AcDbEntity
  8
Layer 1
370
     0
100
AcDbVertex
100
AcDb2dVertex
 10
903.279296875
 20
82.1474609375
 30
0.0
  0
VERTEX
  5
4A1
330
47D
100
AcDbEntity
  8
Layer 1
370
     0
100
AcDbVertex
100
AcDb2dVertex
 10
903.380859375
 20
82.0029296875
 30
0.0
  0
VERTEX
  5
4A2
330
47D
100
AcDbEntity
  8
Layer 1
370
     0
100
AcDbVertex
100
AcDb2dVertex
 10
903.509765625
 20
81.8505859375
 30
0.0
  0
VERTEX
  5
4A3
330
47D
100
AcDbEntity
  8
Layer 1
370
     0
100
AcDbVertex
100
AcDb2dVertex
 10
903.6083984375
 20
81.748046875
 30
0.0
  0
VERTEX
  5
4A4
330
47D
100
AcDbEntity
  8
Layer 1
370
     0
100
AcDbVertex
100
AcDb2dVertex
 10
903.712890625
 20
81.6396484375
 30
0.0
  0
VERTEX
  5
4A5
330
47D
100
AcDbEntity
  8
Layer 1
370
     0
100
AcDbVertex
100
AcDb2dVertex
 10
903.8212890625
 20
81.5302734375
 30
0.0
  0
VERTEX
  5
4A6
330
47D
100
AcDbEntity
  8
Layer 1
370
     0
100
AcDbVertex
100
AcDb2dVertex
 10
903.93359375
 20
81.4267578125
 30
0.0
  0
VERTEX
  5
4A7
330
47D
100
AcDbEntity
  8
Layer 1
370
     0
100
AcDbVertex
100
AcDb2dVertex
 10
904.185546875
 20
81.23828125
 30
0.0
  0
VERTEX
  5
4A8
330
47D
100
AcDbEntity
  8
Layer 1
370
     0
100
AcDbVertex
100
AcDb2dVertex
 10
904.4638671875
 20
81.0615234375
 30
0.0
  0
VERTEX
  5
4A9
330
47D
100
AcDbEntity
  8
Layer 1
370
     0
100
AcDbVertex
100
AcDb2dVertex
 10
904.7412109375
 20
80.8818359375
 30
0.0
  0
VERTEX
  5
4AA
330
47D
100
AcDbEntity
  8
Layer 1
370
     0
100
AcDbVertex
100
AcDb2dVertex
 10
904.9921875
 20
80.685546875
 30
0.0
  0
VERTEX
  5
4AB
330
47D
100
AcDbEntity
  8
Layer 1
370
     0
100
AcDbVertex
100
AcDb2dVertex
 10
905.337890625
 20
80.3203125
 30
0.0
  0
VERTEX
  5
4AC
330
47D
100
AcDbEntity
  8
Layer 1
370
     0
100
AcDbVertex
100
AcDb2dVertex
 10
905.6357421875
 20
79.939453125
 30
0.0
  0
VERTEX
  5
4AD
330
47D
100
AcDbEntity
  8
Layer 1
370
     0
100
AcDbVertex
100
AcDb2dVertex
 10
905.9033203125
 20
79.587890625
 30
0.0
  0
VERTEX
  5
4AE
330
47D
100
AcDbEntity
  8
Layer 1
370
     0
100
AcDbVertex
100
AcDb2dVertex
 10
906.1572265625
 20
79.3095703125
 30
0.0
  0
VERTEX
  5
4AF
330
47D
100
AcDbEntity
  8
Layer 1
370
     0
100
AcDbVertex
100
AcDb2dVertex
 10
906.228515625
 20
79.271484375
 30
0.0
  0
VERTEX
  5
4B0
330
47D
100
AcDbEntity
  8
Layer 1
370
     0
100
AcDbVertex
100
AcDb2dVertex
 10
906.3115234375
 20
79.255859375
 30
0.0
  0
VERTEX
  5
4B1
330
47D
100
AcDbEntity
  8
Layer 1
370
     0
100
AcDbVertex
100
AcDb2dVertex
 10
906.3955078125
 20
79.240234375
 30
0.0
  0
VERTEX
  5
4B2
330
47D
100
AcDbEntity
  8
Layer 1
370
     0
100
AcDbVertex
100
AcDb2dVertex
 10
906.474609375
 20
79.203125
 30
0.0
  0
VERTEX
  5
4B3
330
47D
100
AcDbEntity
  8
Layer 1
370
     0
100
AcDbVertex
100
AcDb2dVertex
 10
906.5068359375
 20
79.158203125
 30
0.0
  0
VERTEX
  5
4B4
330
47D
100
AcDbEntity
  8
Layer 1
370
     0
100
AcDbVertex
100
AcDb2dVertex
 10
906.529296875
 20
79.0966796875
 30
0.0
  0
VERTEX
  5
4B5
330
47D
100
AcDbEntity
  8
Layer 1
370
     0
100
AcDbVertex
100
AcDb2dVertex
 10
906.55078125
 20
79.0341796875
 30
0.0
  0
VERTEX
  5
4B6
330
47D
100
AcDbEntity
  8
Layer 1
370
     0
100
AcDbVertex
100
AcDb2dVertex
 10
906.5810546875
 20
78.9912109375
 30
0.0
  0
VERTEX
  5
4B7
330
47D
100
AcDbEntity
  8
Layer 1
370
     0
100
AcDbVertex
100
AcDb2dVertex
 10
906.6513671875
 20
78.9599609375
 30
0.0
  0
VERTEX
  5
4B8
330
47D
100
AcDbEntity
  8
Layer 1
370
     0
100
AcDbVertex
100
AcDb2dVertex
 10
906.736328125
 20
78.9423828125
 30
0.0
  0
VERTEX
  5
4B9
330
47D
100
AcDbEntity
  8
Layer 1
370
     0
100
AcDbVertex
100
AcDb2dVertex
 10
906.822265625
 20
78.9228515625
 30
0.0
  0
VERTEX
  5
4BA
330
47D
100
AcDbEntity
  8
Layer 1
370
     0
100
AcDbVertex
100
AcDb2dVertex
 10
906.8984375
 20
78.8857421875
 30
0.0
  0
VERTEX
  5
4BB
330
47D
100
AcDbEntity
  8
Layer 1
370
     0
100
AcDbVertex
100
AcDb2dVertex
 10
906.931640625
 20
78.8408203125
 30
0.0
  0
VERTEX
  5
4BC
330
47D
100
AcDbEntity
  8
Layer 1
370
     0
100
AcDbVertex
100
AcDb2dVertex
 10
906.953125
 20
78.779296875
 30
0.0
  0
VERTEX
  5
4BD
330
47D
100
AcDbEntity
  8
Layer 1
370
     0
100
AcDbVertex
100
AcDb2dVertex
 10
906.9736328125
 20
78.71875
 30
0.0
  0
VERTEX
  5
4BE
330
47D
100
AcDbEntity
  8
Layer 1
370
     0
100
AcDbVertex
100
AcDb2dVertex
 10
907.00390625
 20
78.673828125
 30
0.0
  0
VERTEX
  5
4BF
330
47D
100
AcDbEntity
  8
Layer 1
370
     0
100
AcDbVertex
100
AcDb2dVertex
 10
907.0810546875
 20
78.6376953125
 30
0.0
  0
VERTEX
  5
4C0
330
47D
100
AcDbEntity
  8
Layer 1
370
     0
100
AcDbVertex
100
AcDb2dVertex
 10
907.1669921875
 20
78.623046875
 30
0.0
  0
VERTEX
  5
4C1
330
47D
100
AcDbEntity
  8
Layer 1
370
     0
100
AcDbVertex
100
AcDb2dVertex
 10
907.2509765625
 20
78.607421875
 30
0.0
  0
VERTEX
  5
4C2
330
47D
100
AcDbEntity
  8
Layer 1
370
     0
100
AcDbVertex
100
AcDb2dVertex
 10
907.322265625
 20
78.568359375
 30
0.0
  0
VERTEX
  5
4C3
330
47D
100
AcDbEntity
  8
Layer 1
370
     0
100
AcDbVertex
100
AcDb2dVertex
 10
907.509765625
 20
78.3779296875
 30
0.0
  0
VERTEX
  5
4C4
330
47D
100
AcDbEntity
  8
Layer 1
370
     0
100
AcDbVertex
100
AcDb2dVertex
 10
907.673828125
 20
78.1357421875
 30
0.0
  0
VERTEX
  5
4C5
330
47D
100
AcDbEntity
  8
Layer 1
370
     0
100
AcDbVertex
100
AcDb2dVertex
 10
907.71484375
 20
77.87109375
 30
0.0
  0
VERTEX
  5
4C6
330
47D
100
AcDbEntity
  8
Layer 1
370
     0
100
AcDbVertex
100
AcDb2dVertex
 10
907.533203125
 20
77.615234375
 30
0.0
  0
VERTEX
  5
4C7
330
47D
100
AcDbEntity
  8
Layer 1
370
     0
100
AcDbVertex
100
AcDb2dVertex
 10
907.46484375
 20
77.5654296875
 30
0.0
  0
VERTEX
  5
4C8
330
47D
100
AcDbEntity
  8
Layer 1
370
     0
100
AcDbVertex
100
AcDb2dVertex
 10
907.369140625
 20
77.4990234375
 30
0.0
  0
VERTEX
  5
4C9
330
47D
100
AcDbEntity
  8
Layer 1
370
     0
100
AcDbVertex
100
AcDb2dVertex
 10
907.2763671875
 20
77.4375
 30
0.0
  0
VERTEX
  5
4CA
330
47D
100
AcDbEntity
  8
Layer 1
370
     0
100
AcDbVertex
100
AcDb2dVertex
 10
907.2158203125
 20
77.4033203125
 30
0.0
  0
VERTEX
  5
4CB
330
47D
100
AcDbEntity
  8
Layer 1
370
     0
100
AcDbVertex
100
AcDb2dVertex
 10
906.8564453125
 20
77.3271484375
 30
0.0
  0
VERTEX
  5
4CC
330
47D
100
AcDbEntity
  8
Layer 1
370
     0
100
AcDbVertex
100
AcDb2dVertex
 10
906.49609375
 20
77.3076171875
 30
0.0
  0
VERTEX
  5
4CD
330
47D
100
AcDbEntity
  8
Layer 1
370
     0
100
AcDbVertex
100
AcDb2dVertex
 10
906.1767578125
 20
77.2568359375
 30
0.0
  0
VERTEX
  5
4CE
330
47D
100
AcDbEntity
  8
Layer 1
370
     0
100
AcDbVertex
100
AcDb2dVertex
 10
905.9453125
 20
77.0859375
 30
0.0
  0
VERTEX
  5
4CF
330
47D
100
AcDbEntity
  8
Layer 1
370
     0
100
AcDbVertex
100
AcDb2dVertex
 10
905.904296875
 20
76.9853515625
 30
0.0
  0
VERTEX
  5
4D0
330
47D
100
AcDbEntity
  8
Layer 1
370
     0
100
AcDbVertex
100
AcDb2dVertex
 10
905.890625
 20
76.876953125
 30
0.0
  0
VERTEX
  5
4D1
330
47D
100
AcDbEntity
  8
Layer 1
370
     0
100
AcDbVertex
100
AcDb2dVertex
 10
905.87890625
 20
76.7666015625
 30
0.0
  0
VERTEX
  5
4D2
330
47D
100
AcDbEntity
  8
Layer 1
370
     0
100
AcDbVertex
100
AcDb2dVertex
 10
905.83984375
 20
76.662109375
 30
0.0
  0
VERTEX
  5
4D3
330
47D
100
AcDbEntity
  8
Layer 1
370
     0
100
AcDbVertex
100
AcDb2dVertex
 10
905.66015625
 20
76.3876953125
 30
0.0
  0
VERTEX
  5
4D4
330
47D
100
AcDbEntity
  8
Layer 1
370
     0
100
AcDbVertex
100
AcDb2dVertex
 10
905.48046875
 20
76.109375
 30
0.0
  0
VERTEX
  5
4D5
330
47D
100
AcDbEntity
  8
Layer 1
370
     0
100
AcDbVertex
100
AcDb2dVertex
 10
905.322265625
 20
75.7890625
 30
0.0
  0
VERTEX
  5
4D6
330
47D
100
AcDbEntity
  8
Layer 1
370
     0
100
AcDbVertex
100
AcDb2dVertex
 10
905.2041015625
 20
75.3916015625
 30
0.0
  0
VERTEX
  5
4D7
330
47D
100
AcDbEntity
  8
Layer 1
370
     0
100
AcDbVertex
100
AcDb2dVertex
 10
905.177734375
 20
75.09375
 30
0.0
  0
VERTEX
  5
4D8
330
47D
100
AcDbEntity
  8
Layer 1
370
     0
100
AcDbVertex
100
AcDb2dVertex
 10
905.1953125
 20
74.8076171875
 30
0.0
  0
VERTEX
  5
4D9
330
47D
100
AcDbEntity
  8
Layer 1
370
     0
100
AcDbVertex
100
AcDb2dVertex
 10
905.2177734375
 20
74.5234375
 30
0.0
  0
VERTEX
  5
4DA
330
47D
100
AcDbEntity
  8
Layer 1
370
     0
100
AcDbVertex
100
AcDb2dVertex
 10
905.2041015625
 20
74.2265625
 30
0.0
  0
VERTEX
  5
4DB
330
47D
100
AcDbEntity
  8
Layer 1
370
     0
100
AcDbVertex
100
AcDb2dVertex
 10
905.1875
 20
74.1953125
 30
0.0
  0
VERTEX
  5
4DC
330
47D
100
AcDbEntity
  8
Layer 1
370
     0
100
AcDbVertex
100
AcDb2dVertex
 10
905.15234375
 20
74.1474609375
 30
0.0
  0
VERTEX
  5
4DD
330
47D
100
AcDbEntity
  8
Layer 1
370
     0
100
AcDbVertex
100
AcDb2dVertex
 10
905.1171875
 20
74.0869140625
 30
0.0
  0
VERTEX
  5
4DE
330
47D
100
AcDbEntity
  8
Layer 1
370
     0
100
AcDbVertex
100
AcDb2dVertex
 10
905.0986328125
 20
74.015625
 30
0.0
  0
VERTEX
  5
4DF
330
47D
100
AcDbEntity
  8
Layer 1
370
     0
100
AcDbVertex
100
AcDb2dVertex
 10
905.04296875
 20
73.8154296875
 30
0.0
  0
VERTEX
  5
4E0
330
47D
100
AcDbEntity
  8
Layer 1
370
     0
100
AcDbVertex
100
AcDb2dVertex
 10
904.908203125
 20
73.5712890625
 30
0.0
  0
VERTEX
  5
4E1
330
47D
100
AcDbEntity
  8
Layer 1
370
     0
100
AcDbVertex
100
AcDb2dVertex
 10
904.708984375
 20
73.310546875
 30
0.0
  0
VERTEX
  5
4E2
330
47D
100
AcDbEntity
  8
Layer 1
370
     0
100
AcDbVertex
100
AcDb2dVertex
 10
904.462890625
 20
73.0625
 30
0.0
  0
VERTEX
  5
4E3
330
47D
100
AcDbEntity
  8
Layer 1
370
     0
100
AcDbVertex
100
AcDb2dVertex
 10
904.3681640625
 20
73.001953125
 30
0.0
  0
VERTEX
  5
4E4
330
47D
100
AcDbEntity
  8
Layer 1
370
     0
100
AcDbVertex
100
AcDb2dVertex
 10
904.251953125
 20
72.951171875
 30
0.0
  0
VERTEX
  5
4E5
330
47D
100
AcDbEntity
  8
Layer 1
370
     0
100
AcDbVertex
100
AcDb2dVertex
 10
904.134765625
 20
72.90234375
 30
0.0
  0
VERTEX
  5
4E6
330
47D
100
AcDbEntity
  8
Layer 1
370
     0
100
AcDbVertex
100
AcDb2dVertex
 10
904.0390625
 20
72.8505859375
 30
0.0
  0
VERTEX
  5
4E7
330
47D
100
AcDbEntity
  8
Layer 1
370
     0
100
AcDbVertex
100
AcDb2dVertex
 10
903.9306640625
 20
72.7578125
 30
0.0
  0
VERTEX
  5
4E8
330
47D
100
AcDbEntity
  8
Layer 1
370
     0
100
AcDbVertex
100
AcDb2dVertex
 10
903.8427734375
 20
72.6611328125
 30
0.0
  0
VERTEX
  5
4E9
330
47D
100
AcDbEntity
  8
Layer 1
370
     0
100
AcDbVertex
100
AcDb2dVertex
 10
903.7734375
 20
72.580078125
 30
0.0
  0
VERTEX
  5
4EA
330
47D
100
AcDbEntity
  8
Layer 1
370
     0
100
AcDbVertex
100
AcDb2dVertex
 10
903.7216796875
 20
72.533203125
 30
0.0
  0
VERTEX
  5
4EB
330
47D
100
AcDbEntity
  8
Layer 1
370
     0
100
AcDbVertex
100
AcDb2dVertex
 10
903.556640625
 20
72.466796875
 30
0.0
  0
VERTEX
  5
4EC
330
47D
100
AcDbEntity
  8
Layer 1
370
     0
100
AcDbVertex
100
AcDb2dVertex
 10
903.3271484375
 20
72.3994140625
 30
0.0
  0
VERTEX
  5
4ED
330
47D
100
AcDbEntity
  8
Layer 1
370
     0
100
AcDbVertex
100
AcDb2dVertex
 10
903.056640625
 20
72.3203125
 30
0.0
  0
VERTEX
  5
4EE
330
47D
100
AcDbEntity
  8
Layer 1
370
     0
100
AcDbVertex
100
AcDb2dVertex
 10
902.76953125
 20
72.21484375
 30
0.0
  0
VERTEX
  5
4EF
330
47D
100
AcDbEntity
  8
Layer 1
370
     0
100
AcDbVertex
100
AcDb2dVertex
 10
902.7490234375
 20
72.1904296875
 30
0.0
  0
VERTEX
  5
4F0
330
47D
100
AcDbEntity
  8
Layer 1
370
     0
100
AcDbVertex
100
AcDb2dVertex
 10
902.7412109375
 20
72.1572265625
 30
0.0
  0
VERTEX
  5
4F1
330
47D
100
AcDbEntity
  8
Layer 1
370
     0
100
AcDbVertex
100
AcDb2dVertex
 10
902.720703125
 20
72.1259765625
 30
0.0
  0
VERTEX
  5
4F2
330
47D
100
AcDbEntity
  8
Layer 1
370
     0
100
AcDbVertex
100
AcDb2dVertex
 10
902.6630859375
 20
72.109375
 30
0.0
  0
VERTEX
  5
4F3
330
47D
100
AcDbEntity
  8
Layer 1
370
     0
100
AcDbVertex
100
AcDb2dVertex
 10
902.126953125
 20
71.939453125
 30
0.0
  0
VERTEX
  5
4F4
330
47D
100
AcDbEntity
  8
Layer 1
370
     0
100
AcDbVertex
100
AcDb2dVertex
 10
901.46875
 20
71.5986328125
 30
0.0
  0
VERTEX
  5
4F5
330
47D
100
AcDbEntity
  8
Layer 1
370
     0
100
AcDbVertex
100
AcDb2dVertex
 10
900.798828125
 20
71.2763671875
 30
0.0
  0
VERTEX
  5
4F6
330
47D
100
AcDbEntity
  8
Layer 1
370
     0
100
AcDbVertex
100
AcDb2dVertex
 10
900.2275390625
 20
71.15625
 30
0.0
  0
VERTEX
  5
4F7
330
47D
100
AcDbEntity
  8
Layer 1
370
     0
100
AcDbVertex
100
AcDb2dVertex
 10
899.9033203125
 20
71.2548828125
 30
0.0
  0
VERTEX
  5
4F8
330
47D
100
AcDbEntity
  8
Layer 1
370
     0
100
AcDbVertex
100
AcDb2dVertex
 10
899.5439453125
 20
71.46484375
 30
0.0
  0
VERTEX
  5
4F9
330
47D
100
AcDbEntity
  8
Layer 1
370
     0
100
AcDbVertex
100
AcDb2dVertex
 10
899.208984375
 20
71.7314453125
 30
0.0
  0
VERTEX
  5
4FA
330
47D
100
AcDbEntity
  8
Layer 1
370
     0
100
AcDbVertex
100
AcDb2dVertex
 10
898.95703125
 20
72.00390625
 30
0.0
  0
VERTEX
  5
4FB
330
47D
100
AcDbEntity
  8
Layer 1
370
     0
100
AcDbVertex
100
AcDb2dVertex
 10
898.849609375
 20
72.193359375
 30
0.0
  0
VERTEX
  5
4FC
330
47D
100
AcDbEntity
  8
Layer 1
370
     0
100
AcDbVertex
100
AcDb2dVertex
 10
898.7451171875
 20
72.4384765625
 30
0.0
  0
VERTEX
  5
4FD
330
47D
100
AcDbEntity
  8
Layer 1
370
     0
100
AcDbVertex
100
AcDb2dVertex
 10
898.640625
 20
72.7041015625
 30
0.0
  0
VERTEX
  5
4FE
330
47D
100
AcDbEntity
  8
Layer 1
370
     0
100
AcDbVertex
100
AcDb2dVertex
 10
898.5341796875
 20
72.9560546875
 30
0.0
  0
VERTEX
  5
4FF
330
47D
100
AcDbEntity
  8
Layer 1
370
     0
100
AcDbVertex
100
AcDb2dVertex
 10
898.4541015625
 20
73.1142578125
 30
0.0
  0
VERTEX
  5
500
330
47D
100
AcDbEntity
  8
Layer 1
370
     0
100
AcDbVertex
100
AcDb2dVertex
 10
898.375
 20
73.2587890625
 30
0.0
  0
VERTEX
  5
501
330
47D
100
AcDbEntity
  8
Layer 1
370
     0
100
AcDbVertex
100
AcDb2dVertex
 10
898.2958984375
 20
73.4111328125
 30
0.0
  0
VERTEX
  5
502
330
47D
100
AcDbEntity
  8
Layer 1
370
     0
100
AcDbVertex
100
AcDb2dVertex
 10
898.2158203125
 20
73.591796875
 30
0.0
  0
VERTEX
  5
503
330
47D
100
AcDbEntity
  8
Layer 1
370
     0
100
AcDbVertex
100
AcDb2dVertex
 10
898.2138671875
 20
73.63671875
 30
0.0
  0
VERTEX
  5
504
330
47D
100
AcDbEntity
  8
Layer 1
370
     0
100
AcDbVertex
100
AcDb2dVertex
 10
898.2216796875
 20
73.7021484375
 30
0.0
  0
VERTEX
  5
505
330
47D
100
AcDbEntity
  8
Layer 1
370
     0
100
AcDbVertex
100
AcDb2dVertex
 10
898.2265625
 20
73.765625
 30
0.0
  0
VERTEX
  5
506
330
47D
100
AcDbEntity
  8
Layer 1
370
     0
100
AcDbVertex
100
AcDb2dVertex
 10
898.2158203125
 20
73.8037109375
 30
0.0
  0
VERTEX
  5
507
330
47D
100
AcDbEntity
  8
Layer 1
370
     0
100
AcDbVertex
100
AcDb2dVertex
 10
898.0634765625
 20
74.095703125
 30
0.0
  0
VERTEX
  5
508
330
47D
100
AcDbEntity
  8
Layer 1
370
     0
100
AcDbVertex
100
AcDb2dVertex
 10
897.9189453125
 20
74.6064453125
 30
0.0
  0
VERTEX
  5
509
330
47D
100
AcDbEntity
  8
Layer 1
370
     0
100
AcDbVertex
100
AcDb2dVertex
 10
897.7890625
 20
75.166015625
 30
0.0
  0
VERTEX
  5
50A
330
47D
100
AcDbEntity
  8
Layer 1
370
     0
100
AcDbVertex
100
AcDb2dVertex
 10
897.6865234375
 20
75.603515625
 30
0.0
  0
VERTEX
  5
50B
330
47D
100
AcDbEntity
  8
Layer 1
370
     0
100
AcDbVertex
100
AcDb2dVertex
 10
897.6591796875
 20
75.677734375
 30
0.0
  0
VERTEX
  5
50C
330
47D
100
AcDbEntity
  8
Layer 1
370
     0
100
AcDbVertex
100
AcDb2dVertex
 10
897.626953125
 20
75.734375
 30
0.0
  0
VERTEX
  5
50D
330
47D
100
AcDbEntity
  8
Layer 1
370
     0
100
AcDbVertex
100
AcDb2dVertex
 10
897.5986328125
 20
75.77734375
 30
0.0
  0
VERTEX
  5
50E
330
47D
100
AcDbEntity
  8
Layer 1
370
     0
100
AcDbVertex
100
AcDb2dVertex
 10
897.5810546875
 20
75.8154296875
 30
0.0
  0
VERTEX
  5
50F
330
47D
100
AcDbEntity
  8
Layer 1
370
     0
100
AcDbVertex
100
AcDb2dVertex
 10
897.484375
 20
76.1513671875
 30
0.0
  0
VERTEX
  5
510
330
47D
100
AcDbEntity
  8
Layer 1
370
     0
100
AcDbVertex
100
AcDb2dVertex
 10
897.373046875
 20
76.54296875
 30
0.0
  0
VERTEX
  5
511
330
47D
100
AcDbEntity
  8
Layer 1
370
     0
100
AcDbVertex
100
AcDb2dVertex
 10
897.259765625
 20
76.94140625
 30
0.0
  0
VERTEX
  5
512
330
47D
100
AcDbEntity
  8
Layer 1
370
     0
100
AcDbVertex
100
AcDb2dVertex
 10
897.1572265625
 20
77.2978515625
 30
0.0
  0
VERTEX
  5
513
330
47D
100
AcDbEntity
  8
Layer 1
370
     0
100
AcDbVertex
100
AcDb2dVertex
 10
897.072265625
 20
77.6357421875
 30
0.0
  0
VERTEX
  5
514
330
47D
100
AcDbEntity
  8
Layer 1
370
     0
100
AcDbVertex
100
AcDb2dVertex
 10
896.98828125
 20
78.0859375
 30
0.0
  0
VERTEX
  5
515
330
47D
100
AcDbEntity
  8
Layer 1
370
     0
100
AcDbVertex
100
AcDb2dVertex
 10
896.9345703125
 20
78.564453125
 30
0.0
  0
VERTEX
  5
516
330
47D
100
AcDbEntity
  8
Layer 1
370
     0
100
AcDbVertex
100
AcDb2dVertex
 10
896.9453125
 20
78.9912109375
 30
0.0
  0
VERTEX
  5
517
330
47D
100
AcDbEntity
  8
Layer 1
370
     0
100
AcDbVertex
100
AcDb2dVertex
 10
897.08203125
 20
79.533203125
 30
0.0
  0
VERTEX
  5
518
330
47D
100
AcDbEntity
  8
Layer 1
370
     0
100
AcDbVertex
100
AcDb2dVertex
 10
897.365234375
 20
79.779296875
 30
0.0
  0
VERTEX
  5
519
330
47D
100
AcDbEntity
  8
Layer 1
370
     0
100
AcDbVertex
100
AcDb2dVertex
 10
897.9140625
 20
79.8427734375
 30
0.0
  0
VERTEX
  5
51A
330
47D
100
AcDbEntity
  8
Layer 1
370
     0
100
AcDbVertex
100
AcDb2dVertex
 10
898.8515625
 20
79.8388671875
 30
0.0
  0
VERTEX
  5
51B
330
47D
100
AcDbEntity
  8
Layer 1
370
     0
100
AcDbVertex
100
AcDb2dVertex
 10
899.205078125
 20
79.814453125
 30
0.0
  0
VERTEX
  5
51C
330
47D
100
AcDbEntity
  8
Layer 1
370
     0
100
AcDbVertex
100
AcDb2dVertex
 10
899.6162109375
 20
79.7744140625
 30
0.0
  0
VERTEX
  5
51D
330
47D
100
AcDbEntity
  8
Layer 1
370
     0
100
AcDbVertex
100
AcDb2dVertex
 10
900.015625
 20
79.765625
 30
0.0
  0
VERTEX
  5
51E
330
47D
100
AcDbEntity
  8
Layer 1
370
     0
100
AcDbVertex
100
AcDb2dVertex
 10
900.333984375
 20
79.8388671875
 30
0.0
  0
VERTEX
  5
51F
330
47D
100
AcDbEntity
  8
Layer 1
370
     0
100
AcDbVertex
100
AcDb2dVertex
 10
900.4990234375
 20
80.03515625
 30
0.0
  0
VERTEX
  5
520
330
47D
100
AcDbEntity
  8
Layer 1
370
     0
100
AcDbVertex
100
AcDb2dVertex
 10
900.63671875
 20
80.3671875
 30
0.0
  0
VERTEX
  5
521
330
47D
100
AcDbEntity
  8
Layer 1
370
     0
100
AcDbVertex
100
AcDb2dVertex
 10
900.7548828125
 20
80.7255859375
 30
0.0
  0
VERTEX
  5
522
330
47D
100
AcDbEntity
  8
Layer 1
370
     0
100
AcDbVertex
100
AcDb2dVertex
 10
900.86328125
 20
81.0029296875
 30
0.0
  0
VERTEX
  5
523
330
47D
100
AcDbEntity
  8
Layer 1
370
     0
100
AcDbVertex
100
AcDb2dVertex
 10
900.91015625
 20
81.056640625
 30
0.0
  0
VERTEX
  5
524
330
47D
100
AcDbEntity
  8
Layer 1
370
     0
100
AcDbVertex
100
AcDb2dVertex
 10
900.9931640625
 20
81.15234375
 30
0.0
  0
VERTEX
  5
525
330
47D
100
AcDbEntity
  8
Layer 1
370
     0
100
AcDbVertex
100
AcDb2dVertex
 10
901.064453125
 20
81.251953125
 30
0.0
  0
VERTEX
  5
526
330
47D
100
AcDbEntity
  8
Layer 1
370
     0
100
AcDbVertex
100
AcDb2dVertex
 10
901.0751953125
 20
81.3212890625
 30
0.0
  0
VERTEX
  5
527
330
47D
100
AcDbEntity
  8
Layer 1
370
     0
100
AcDbVertex
100
AcDb2dVertex
 10
900.9208984375
 20
81.357421875
 30
0.0
  0
VERTEX
  5
528
330
47D
100
AcDbEntity
  8
Layer 1
370
     0
100
AcDbVertex
100
AcDb2dVertex
 10
900.669921875
 20
81.310546875
 30
0.0
  0
VERTEX
  5
529
330
47D
100
AcDbEntity
  8
Layer 1
370
     0
100
AcDbVertex
100
AcDb2dVertex
 10
900.3837890625
 20
81.2421875
 30
0.0
  0
VERTEX
  5
52A
330
47D
100
AcDbEntity
  8
Layer 1
370
     0
100
AcDbVertex
100
AcDb2dVertex
 10
900.1220703125
 20
81.21484375
 30
0.0
  0
VERTEX
  5
52B
330
47D
100
AcDbEntity
  8
Layer 1
370
     0
100
AcDbVertex
100
AcDb2dVertex
 10
899.91796875
 20
81.2548828125
 30
0.0
  0
VERTEX
  5
52C
330
47D
100
AcDbEntity
  8
Layer 1
370
     0
100
AcDbVertex
100
AcDb2dVertex
 10
899.6728515625
 20
81.3359375
 30
0.0
  0
VERTEX
  5
52D
330
47D
100
AcDbEntity
  8
Layer 1
370
     0
100
AcDbVertex
100
AcDb2dVertex
 10
899.4130859375
 20
81.4365234375
 30
0.0
  0
VERTEX
  5
52E
330
47D
100
AcDbEntity
  8
Layer 1
370
     0
100
AcDbVertex
100
AcDb2dVertex
 10
899.1689453125
 20
81.533203125
 30
0.0
  0
VERTEX
  5
52F
330
47D
100
AcDbEntity
  8
Layer 1
370
     0
100
AcDbVertex
100
AcDb2dVertex
 10
899.123046875
 20
81.53515625
 30
0.0
  0
VERTEX
  5
530
330
47D
100
AcDbEntity
  8
Layer 1
370
     0
100
AcDbVertex
100
AcDb2dVertex
 10
899.0576171875
 20
81.52734375
 30
0.0
  0
VERTEX
  5
531
330
47D
100
AcDbEntity
  8
Layer 1
370
     0
100
AcDbVertex
100
AcDb2dVertex
 10
898.9951171875
 20
81.5224609375
 30
0.0
  0
VERTEX
  5
532
330
47D
100
AcDbEntity
  8
Layer 1
370
     0
100
AcDbVertex
100
AcDb2dVertex
 10
898.95703125
 20
81.533203125
 30
0.0
  0
VERTEX
  5
533
330
47D
100
AcDbEntity
  8
Layer 1
370
     0
100
AcDbVertex
100
AcDb2dVertex
 10
898.6484375
 20
81.720703125
 30
0.0
  0
VERTEX
  5
534
330
47D
100
AcDbEntity
  8
Layer 1
370
     0
100
AcDbVertex
100
AcDb2dVertex
 10
898.146484375
 20
81.888671875
 30
0.0
  0
VERTEX
  5
535
330
47D
100
AcDbEntity
  8
Layer 1
370
     0
100
AcDbVertex
100
AcDb2dVertex
 10
897.599609375
 20
82.037109375
 30
0.0
  0
VERTEX
  5
536
330
47D
100
AcDbEntity
  8
Layer 1
370
     0
100
AcDbVertex
100
AcDb2dVertex
 10
897.1572265625
 20
82.16796875
 30
0.0
  0
VERTEX
  5
537
330
47D
100
AcDbEntity
  8
Layer 1
370
     0
100
AcDbVertex
100
AcDb2dVertex
 10
897.1064453125
 20
82.2080078125
 30
0.0
  0
VERTEX
  5
538
330
47D
100
AcDbEntity
  8
Layer 1
370
     0
100
AcDbVertex
100
AcDb2dVertex
 10
897.0458984375
 20
82.27734375
 30
0.0
  0
VERTEX
  5
539
330
47D
100
AcDbEntity
  8
Layer 1
370
     0
100
AcDbVertex
100
AcDb2dVertex
 10
896.9873046875
 20
82.3447265625
 30
0.0
  0
VERTEX
  5
53A
330
47D
100
AcDbEntity
  8
Layer 1
370
     0
100
AcDbVertex
100
AcDb2dVertex
 10
896.9453125
 20
82.3798828125
 30
0.0
  0
VERTEX
  5
53B
330
47D
100
AcDbEntity
  8
Layer 1
370
     0
100
AcDbVertex
100
AcDb2dVertex
 10
896.7451171875
 20
82.4296875
 30
0.0
  0
VERTEX
  5
53C
330
47D
100
AcDbEntity
  8
Layer 1
370
     0
100
AcDbVertex
100
AcDb2dVertex
 10
896.5263671875
 20
82.47265625
 30
0.0
  0
VERTEX
  5
53D
330
47D
100
AcDbEntity
  8
Layer 1
370
     0
100
AcDbVertex
100
AcDb2dVertex
 10
896.3056640625
 20
82.5224609375
 30
0.0
  0
VERTEX
  5
53E
330
47D
100
AcDbEntity
  8
Layer 1
370
     0
100
AcDbVertex
100
AcDb2dVertex
 10
896.0986328125
 20
82.591796875
 30
0.0
  0
VERTEX
  5
53F
330
47D
100
AcDbEntity
  8
Layer 1
370
     0
100
AcDbVertex
100
AcDb2dVertex
 10
895.9423828125
 20
82.6533203125
 30
0.0
  0
VERTEX
  5
540
330
47D
100
AcDbEntity
  8
Layer 1
370
     0
100
AcDbVertex
100
AcDb2dVertex
 10
895.79296875
 20
82.7080078125
 30
0.0
  0
VERTEX
  5
541
330
47D
100
AcDbEntity
  8
Layer 1
370
     0
100
AcDbVertex
100
AcDb2dVertex
 10
895.6640625
 20
82.7578125
 30
0.0
  0
VERTEX
  5
542
330
47D
100
AcDbEntity
  8
Layer 1
370
     0
100
AcDbVertex
100
AcDb2dVertex
 10
895.5693359375
 20
82.8037109375
 30
0.0
  0
VERTEX
  5
543
330
47D
100
AcDbEntity
  8
Layer 1
370
     0
100
AcDbVertex
100
AcDb2dVertex
 10
895.5400390625
 20
82.845703125
 30
0.0
  0
VERTEX
  5
544
330
47D
100
AcDbEntity
  8
Layer 1
370
     0
100
AcDbVertex
100
AcDb2dVertex
 10
895.513671875
 20
82.9130859375
 30
0.0
  0
VERTEX
  5
545
330
47D
100
AcDbEntity
  8
Layer 1
370
     0
100
AcDbVertex
100
AcDb2dVertex
 10
895.48828125
 20
82.9794921875
 30
0.0
  0
VERTEX
  5
546
330
47D
100
AcDbEntity
  8
Layer 1
370
     0
100
AcDbVertex
100
AcDb2dVertex
 10
895.462890625
 20
83.015625
 30
0.0
  0
VERTEX
  5
547
330
47D
100
AcDbEntity
  8
Layer 1
370
     0
100
AcDbVertex
100
AcDb2dVertex
 10
895.330078125
 20
83.0703125
 30
0.0
  0
VERTEX
  5
548
330
47D
100
AcDbEntity
  8
Layer 1
370
     0
100
AcDbVertex
100
AcDb2dVertex
 10
895.177734375
 20
83.142578125
 30
0.0
  0
VERTEX
  5
549
330
47D
100
AcDbEntity
  8
Layer 1
370
     0
100
AcDbVertex
100
AcDb2dVertex
 10
895.009765625
 20
83.2568359375
 30
0.0
  0
VERTEX
  5
54A
330
47D
100
AcDbEntity
  8
Layer 1
370
     0
100
AcDbVertex
100
AcDb2dVertex
 10
894.828125
 20
83.4384765625
 30
0.0
  0
VERTEX
  5
54B
330
47D
100
AcDbEntity
  8
Layer 1
370
     0
100
AcDbVertex
100
AcDb2dVertex
 10
894.791015625
 20
83.513671875
 30
0.0
  0
VERTEX
  5
54C
330
47D
100
AcDbEntity
  8
Layer 1
370
     0
100
AcDbVertex
100
AcDb2dVertex
 10
894.775390625
 20
83.599609375
 30
0.0
  0
VERTEX
  5
54D
330
47D
100
AcDbEntity
  8
Layer 1
370
     0
100
AcDbVertex
100
AcDb2dVertex
 10
894.759765625
 20
83.6845703125
 30
0.0
  0
VERTEX
  5
54E
330
47D
100
AcDbEntity
  8
Layer 1
370
     0
100
AcDbVertex
100
AcDb2dVertex
 10
894.7216796875
 20
83.755859375
 30
0.0
  0
VERTEX
  5
54F
330
47D
100
AcDbEntity
  8
Layer 1
370
     0
100
AcDbVertex
100
AcDb2dVertex
 10
894.67578125
 20
83.7841796875
 30
0.0
  0
VERTEX
  5
550
330
47D
100
AcDbEntity
  8
Layer 1
370
     0
100
AcDbVertex
100
AcDb2dVertex
 10
894.61328125
 20
83.80859375
 30
0.0
  0
VERTEX
  5
551
330
47D
100
AcDbEntity
  8
Layer 1
370
     0
100
AcDbVertex
100
AcDb2dVertex
 10
894.55078125
 20
83.8330078125
 30
0.0
  0
VERTEX
  5
552
330
47D
100
AcDbEntity
  8
Layer 1
370
     0
100
AcDbVertex
100
AcDb2dVertex
 10
894.509765625
 20
83.8623046875
 30
0.0
  0
VERTEX
  5
553
330
47D
100
AcDbEntity
  8
Layer 1
370
     0
100
AcDbVertex
100
AcDb2dVertex
 10
894.478515625
 20
83.9326171875
 30
0.0
  0
VERTEX
  5
554
330
47D
100
AcDbEntity
  8
Layer 1
370
     0
100
AcDbVertex
100
AcDb2dVertex
 10
894.4609375
 20
84.017578125
 30
0.0
  0
VERTEX
  5
555
330
47D
100
AcDbEntity
  8
Layer 1
370
     0
100
AcDbVertex
100
AcDb2dVertex
 10
894.4404296875
 20
84.103515625
 30
0.0
  0
VERTEX
  5
556
330
47D
100
AcDbEntity
  8
Layer 1
370
     0
100
AcDbVertex
100
AcDb2dVertex
 10
894.404296875
 20
84.1796875
 30
0.0
  0
VERTEX
  5
557
330
47D
100
AcDbEntity
  8
Layer 1
370
     0
100
AcDbVertex
100
AcDb2dVertex
 10
894.33203125
 20
84.259765625
 30
0.0
  0
VERTEX
  5
558
330
47D
100
AcDbEntity
  8
Layer 1
370
     0
100
AcDbVertex
100
AcDb2dVertex
 10
894.248046875
 20
84.341796875
 30
0.0
  0
VERTEX
  5
559
330
47D
100
AcDbEntity
  8
Layer 1
370
     0
100
AcDbVertex
100
AcDb2dVertex
 10
894.1630859375
 20
84.4501953125
 30
0.0
  0
VERTEX
  5
55A
330
47D
100
AcDbEntity
  8
Layer 1
370
     0
100
AcDbVertex
100
AcDb2dVertex
 10
894.0869140625
 20
84.603515625
 30
0.0
  0
VERTEX
  5
55B
330
47D
100
AcDbEntity
  8
Layer 1
370
     0
100
AcDbVertex
100
AcDb2dVertex
 10
894.0615234375
 20
84.6611328125
 30
0.0
  0
VERTEX
  5
55C
330
47D
100
AcDbEntity
  8
Layer 1
370
     0
100
AcDbVertex
100
AcDb2dVertex
 10
894.025390625
 20
84.734375
 30
0.0
  0
VERTEX
  5
55D
330
47D
100
AcDbEntity
  8
Layer 1
370
     0
100
AcDbVertex
100
AcDb2dVertex
 10
893.9931640625
 20
84.7958984375
 30
0.0
  0
VERTEX
  5
55E
330
47D
100
AcDbEntity
  8
Layer 1
370
     0
100
AcDbVertex
100
AcDb2dVertex
 10
893.98046875
 20
84.8154296875
 30
0.0
  0
VERTEX
  5
55F
330
47D
100
AcDbEntity
  8
Layer 1
370
     0
100
AcDbVertex
100
AcDb2dVertex
 10
893.994140625
 20
84.9423828125
 30
0.0
  0
VERTEX
  5
560
330
47D
100
AcDbEntity
  8
Layer 1
370
     0
100
AcDbVertex
100
AcDb2dVertex
 10
894.064453125
 20
85.0
 30
0.0
  0
VERTEX
  5
561
330
47D
100
AcDbEntity
  8
Layer 1
370
     0
100
AcDbVertex
100
AcDb2dVertex
 10
894.1455078125
 20
85.044921875
 30
0.0
  0
VERTEX
  5
562
330
47D
100
AcDbEntity
  8
Layer 1
370
     0
100
AcDbVertex
100
AcDb2dVertex
 10
894.1923828125
 20
85.1328125
 30
0.0
  0
VERTEX
  5
563
330
47D
100
AcDbEntity
  8
Layer 1
370
     0
100
AcDbVertex
100
AcDb2dVertex
 10
894.154296875
 20
85.1533203125
 30
0.0
  0
VERTEX
  5
564
330
47D
100
AcDbEntity
  8
Layer 1
370
     0
100
AcDbVertex
100
AcDb2dVertex
 10
894.091796875
 20
85.3173828125
 30
0.0
  0
VERTEX
  5
565
330
47D
100
AcDbEntity
  8
Layer 1
370
     0
100
AcDbVertex
100
AcDb2dVertex
 10
894.052734375
 20
85.5205078125
 30
0.0
  0
VERTEX
  5
566
330
47D
100
AcDbEntity
  8
Layer 1
370
     0
100
AcDbVertex
100
AcDb2dVertex
 10
894.0869140625
 20
85.662109375
 30
0.0
  0
VERTEX
  5
567
330
47D
100
AcDbEntity
  8
Layer 1
370
     0
100
AcDbVertex
100
AcDb2dVertex
 10
894.0869140625
 20
85.662109375
 30
0.0
  0
SEQEND
  5
568
330
47D
100
AcDbEntity
  8
Layer 1
370
     0
  0
HATCH
  5
569
330
1F
100
AcDbEntity
  8
Layer 1
 62
     7
420
 16777215
100
AcDbHatch
 10
0.0
 20
0.0
 30
0.0
210
0.0
220
0.0
230
1.0
  2
SOLID
 70
     1
 71
     0
 91
        1
 92
        1
 93
      232
 72
     1
 10
894.0869140625
 20
85.662109375
 11
894.4287109375
 21
85.74609375
 72
     1
 10
894.4287109375
 20
85.74609375
 11
894.9111328125
 21
85.626953125
 72
     1
 10
894.9111328125
 20
85.626953125
 11
895.484375
 21
85.4208984375
 72
     1
 10
895.484375
 20
85.4208984375
 11
896.0986328125
 21
85.23828125
 72
     1
 10
896.0986328125
 20
85.23828125
 11
896.9296875
 21
85.1005859375
 72
     1
 10
896.9296875
 20
85.1005859375
 11
897.8017578125
 21
84.9970703125
 72
     1
 10
897.8017578125
 20
84.9970703125
 11
898.66796875
 21
84.8818359375
 72
     1
 10
898.66796875
 20
84.8818359375
 11
899.486328125
 21
84.708984375
 72
     1
 10
899.486328125
 20
84.708984375
 11
899.525390625
 21
84.6875
 72
     1
 10
899.525390625
 20
84.6875
 11
899.5673828125
 21
84.6533203125
 72
     1
 10
899.5673828125
 20
84.6533203125
 11
899.623046875
 21
84.62109375
 72
     1
 10
899.623046875
 20
84.62109375
 11
899.6982421875
 21
84.603515625
 72
     1
 10
899.6982421875
 20
84.603515625
 11
899.8115234375
 21
84.58984375
 72
     1
 10
899.8115234375
 20
84.58984375
 11
899.91015625
 21
84.564453125
 72
     1
 10
899.91015625
 20
84.564453125
 11
900.0078125
 21
84.5322265625
 72
     1
 10
900.0078125
 20
84.5322265625
 11
900.1220703125
 21
84.4970703125
 72
     1
 10
900.1220703125
 20
84.4970703125
 11
900.25
 21
84.4697265625
 72
     1
 10
900.25
 20
84.4697265625
 11
900.3515625
 21
84.45703125
 72
     1
 10
900.3515625
 20
84.45703125
 11
900.470703125
 21
84.4384765625
 72
     1
 10
900.470703125
 20
84.4384765625
 11
900.6513671875
 21
84.3916015625
 72
     1
 10
900.6513671875
 20
84.3916015625
 11
900.8486328125
 21
84.3369140625
 72
     1
 10
900.8486328125
 20
84.3369140625
 11
901.240234375
 21
84.236328125
 72
     1
 10
901.240234375
 20
84.236328125
 11
901.6015625
 21
84.16015625
 72
     1
 10
901.6015625
 20
84.16015625
 11
901.7099609375
 21
84.1796875
 72
     1
 10
901.7099609375
 20
84.1796875
 11
901.77734375
 21
83.9970703125
 72
     1
 10
901.77734375
 20
83.9970703125
 11
901.7509765625
 21
83.7490234375
 72
     1
 10
901.7509765625
 20
83.7490234375
 11
901.73046875
 21
83.4521484375
 72
     1
 10
901.73046875
 20
83.4521484375
 11
901.81640625
 21
83.12109375
 72
     1
 10
901.81640625
 20
83.12109375
 11
902.025390625
 21
82.935546875
 72
     1
 10
902.025390625
 20
82.935546875
 11
902.388671875
 21
82.74609375
 72
     1
 10
902.388671875
 20
82.74609375
 11
902.783203125
 21
82.5595703125
 72
     1
 10
902.783203125
 20
82.5595703125
 11
903.0869140625
 21
82.3798828125
 72
     1
 10
903.0869140625
 20
82.3798828125
 11
903.1875
 21
82.275390625
 72
     1
 10
903.1875
 20
82.275390625
 11
903.279296875
 21
82.1474609375
 72
     1
 10
903.279296875
 20
82.1474609375
 11
903.380859375
 21
82.0029296875
 72
     1
 10
903.380859375
 20
82.0029296875
 11
903.509765625
 21
81.8505859375
 72
     1
 10
903.509765625
 20
81.8505859375
 11
903.6083984375
 21
81.748046875
 72
     1
 10
903.6083984375
 20
81.748046875
 11
903.712890625
 21
81.6396484375
 72
     1
 10
903.712890625
 20
81.6396484375
 11
903.8212890625
 21
81.5302734375
 72
     1
 10
903.8212890625
 20
81.5302734375
 11
903.93359375
 21
81.4267578125
 72
     1
 10
903.93359375
 20
81.4267578125
 11
904.185546875
 21
81.23828125
 72
     1
 10
904.185546875
 20
81.23828125
 11
904.4638671875
 21
81.0615234375
 72
     1
 10
904.4638671875
 20
81.0615234375
 11
904.7412109375
 21
80.8818359375
 72
     1
 10
904.7412109375
 20
80.8818359375
 11
904.9921875
 21
80.685546875
 72
     1
 10
904.9921875
 20
80.685546875
 11
905.337890625
 21
80.3203125
 72
     1
 10
905.337890625
 20
80.3203125
 11
905.6357421875
 21
79.939453125
 72
     1
 10
905.6357421875
 20
79.939453125
 11
905.9033203125
 21
79.587890625
 72
     1
 10
905.9033203125
 20
79.587890625
 11
906.1572265625
 21
79.3095703125
 72
     1
 10
906.1572265625
 20
79.3095703125
 11
906.228515625
 21
79.271484375
 72
     1
 10
906.228515625
 20
79.271484375
 11
906.3115234375
 21
79.255859375
 72
     1
 10
906.3115234375
 20
79.255859375
 11
906.3955078125
 21
79.240234375
 72
     1
 10
906.3955078125
 20
79.240234375
 11
906.474609375
 21
79.203125
 72
     1
 10
906.474609375
 20
79.203125
 11
906.5068359375
 21
79.158203125
 72
     1
 10
906.5068359375
 20
79.158203125
 11
906.529296875
 21
79.0966796875
 72
     1
 10
906.529296875
 20
79.0966796875
 11
906.55078125
 21
79.0341796875
 72
     1
 10
906.55078125
 20
79.0341796875
 11
906.5810546875
 21
78.9912109375
 72
     1
 10
906.5810546875
 20
78.9912109375
 11
906.6513671875
 21
78.9599609375
 72
     1
 10
906.6513671875
 20
78.9599609375
 11
906.736328125
 21
78.9423828125
 72
     1
 10
906.736328125
 20
78.9423828125
 11
906.822265625
 21
78.9228515625
 72
     1
 10
906.822265625
 20
78.9228515625
 11
906.8984375
 21
78.8857421875
 72
     1
 10
906.8984375
 20
78.8857421875
 11
906.931640625
 21
78.8408203125
 72
     1
 10
906.931640625
 20
78.8408203125
 11
906.953125
 21
78.779296875
 72
     1
 10
906.953125
 20
78.779296875
 11
906.9736328125
 21
78.71875
 72
     1
 10
906.9736328125
 20
78.71875
 11
907.00390625
 21
78.673828125
 72
     1
 10
907.00390625
 20
78.673828125
 11
907.0810546875
 21
78.6376953125
 72
     1
 10
907.0810546875
 20
78.6376953125
 11
907.1669921875
 21
78.623046875
 72
     1
 10
907.1669921875
 20
78.623046875
 11
907.2509765625
 21
78.607421875
 72
     1
 10
907.2509765625
 20
78.607421875
 11
907.322265625
 21
78.568359375
 72
     1
 10
907.322265625
 20
78.568359375
 11
907.509765625
 21
78.3779296875
 72
     1
 10
907.509765625
 20
78.3779296875
 11
907.673828125
 21
78.1357421875
 72
     1
 10
907.673828125
 20
78.1357421875
 11
907.71484375
 21
77.87109375
 72
     1
 10
907.71484375
 20
77.87109375
 11
907.533203125
 21
77.615234375
 72
     1
 10
907.533203125
 20
77.615234375
 11
907.46484375
 21
77.5654296875
 72
     1
 10
907.46484375
 20
77.5654296875
 11
907.369140625
 21
77.4990234375
 72
     1
 10
907.369140625
 20
77.4990234375
 11
907.2763671875
 21
77.4375
 72
     1
 10
907.2763671875
 20
77.4375
 11
907.2158203125
 21
77.4033203125
 72
     1
 10
907.2158203125
 20
77.4033203125
 11
906.8564453125
 21
77.3271484375
 72
     1
 10
906.8564453125
 20
77.3271484375
 11
906.49609375
 21
77.3076171875
 72
     1
 10
906.49609375
 20
77.3076171875
 11
906.1767578125
 21
77.2568359375
 72
     1
 10
906.1767578125
 20
77.2568359375
 11
905.9453125
 21
77.0859375
 72
     1
 10
905.9453125
 20
77.0859375
 11
905.904296875
 21
76.9853515625
 72
     1
 10
905.904296875
 20
76.9853515625
 11
905.890625
 21
76.876953125
 72
     1
 10
905.890625
 20
76.876953125
 11
905.87890625
 21
76.7666015625
 72
     1
 10
905.87890625
 20
76.7666015625
 11
905.83984375
 21
76.662109375
 72
     1
 10
905.83984375
 20
76.662109375
 11
905.66015625
 21
76.3876953125
 72
     1
 10
905.66015625
 20
76.3876953125
 11
905.48046875
 21
76.109375
 72
     1
 10
905.48046875
 20
76.109375
 11
905.322265625
 21
75.7890625
 72
     1
 10
905.322265625
 20
75.7890625
 11
905.2041015625
 21
75.3916015625
 72
     1
 10
905.2041015625
 20
75.3916015625
 11
905.177734375
 21
75.09375
 72
     1
 10
905.177734375
 20
75.09375
 11
905.1953125
 21
74.8076171875
 72
     1
 10
905.1953125
 20
74.8076171875
 11
905.2177734375
 21
74.5234375
 72
     1
 10
905.2177734375
 20
74.5234375
 11
905.2041015625
 21
74.2265625
 72
     1
 10
905.2041015625
 20
74.2265625
 11
905.1875
 21
74.1953125
 72
     1
 10
905.1875
 20
74.1953125
 11
905.15234375
 21
74.1474609375
 72
     1
 10
905.15234375
 20
74.1474609375
 11
905.1171875
 21
74.0869140625
 72
     1
 10
905.1171875
 20
74.0869140625
 11
905.0986328125
 21
74.015625
 72
     1
 10
905.0986328125
 20
74.015625
 11
905.04296875
 21
73.8154296875
 72
     1
 10
905.04296875
 20
73.8154296875
 11
904.908203125
 21
73.5712890625
 72
     1
 10
904.908203125
 20
73.5712890625
 11
904.708984375
 21
73.310546875
 72
     1
 10
904.708984375
 20
73.310546875
 11
904.462890625
 21
73.0625
 72
     1
 10
904.462890625
 20
73.0625
 11
904.3681640625
 21
73.001953125
 72
     1
 10
904.3681640625
 20
73.001953125
 11
904.251953125
 21
72.951171875
 72
     1
 10
904.251953125
 20
72.951171875
 11
904.134765625
 21
72.90234375
 72
     1
 10
904.134765625
 20
72.90234375
 11
904.0390625
 21
72.8505859375
 72
     1
 10
904.0390625
 20
72.8505859375
 11
903.9306640625
 21
72.7578125
 72
     1
 10
903.9306640625
 20
72.7578125
 11
903.8427734375
 21
72.6611328125
 72
     1
 10
903.8427734375
 20
72.6611328125
 11
903.7734375
 21
72.580078125
 72
     1
 10
903.7734375
 20
72.580078125
 11
903.7216796875
 21
72.533203125
 72
     1
 10
903.7216796875
 20
72.533203125
 11
903.556640625
 21
72.466796875
 72
     1
 10
903.556640625
 20
72.466796875
 11
903.3271484375
 21
72.3994140625
 72
     1
 10
903.3271484375
 20
72.3994140625
 11
903.056640625
 21
72.3203125
 72
     1
 10
903.056640625
 20
72.3203125
 11
902.76953125
 21
72.21484375
 72
     1
 10
902.76953125
 20
72.21484375
 11
902.7490234375
 21
72.1904296875
 72
     1
 10
902.7490234375
 20
72.1904296875
 11
902.7412109375
 21
72.1572265625
 72
     1
 10
902.7412109375
 20
72.1572265625
 11
902.720703125
 21
72.1259765625
 72
     1
 10
902.720703125
 20
72.1259765625
 11
902.6630859375
 21
72.109375
 72
     1
 10
902.6630859375
 20
72.109375
 11
902.126953125
 21
71.939453125
 72
     1
 10
902.126953125
 20
71.939453125
 11
901.46875
 21
71.5986328125
 72
     1
 10
901.46875
 20
71.5986328125
 11
900.798828125
 21
71.2763671875
 72
     1
 10
900.798828125
 20
71.2763671875
 11
900.2275390625
 21
71.15625
 72
     1
 10
900.2275390625
 20
71.15625
 11
899.9033203125
 21
71.2548828125
 72
     1
 10
899.9033203125
 20
71.2548828125
 11
899.5439453125
 21
71.46484375
 72
     1
 10
899.5439453125
 20
71.46484375
 11
899.208984375
 21
71.7314453125
 72
     1
 10
899.208984375
 20
71.7314453125
 11
898.95703125
 21
72.00390625
 72
     1
 10
898.95703125
 20
72.00390625
 11
898.849609375
 21
72.193359375
 72
     1
 10
898.849609375
 20
72.193359375
 11
898.7451171875
 21
72.4384765625
 72
     1
 10
898.7451171875
 20
72.4384765625
 11
898.640625
 21
72.7041015625
 72
     1
 10
898.640625
 20
72.7041015625
 11
898.5341796875
 21
72.9560546875
 72
     1
 10
898.5341796875
 20
72.9560546875
 11
898.4541015625
 21
73.1142578125
 72
     1
 10
898.4541015625
 20
73.1142578125
 11
898.375
 21
73.2587890625
 72
     1
 10
898.375
 20
73.2587890625
 11
898.2958984375
 21
73.4111328125
 72
     1
 10
898.2958984375
 20
73.4111328125
 11
898.2158203125
 21
73.591796875
 72
     1
 10
898.2158203125
 20
73.591796875
 11
898.2138671875
 21
73.63671875
 72
     1
 10
898.2138671875
 20
73.63671875
 11
898.2216796875
 21
73.7021484375
 72
     1
 10
898.2216796875
 20
73.7021484375
 11
898.2265625
 21
73.765625
 72
     1
 10
898.2265625
 20
73.765625
 11
898.2158203125
 21
73.8037109375
 72
     1
 10
898.2158203125
 20
73.8037109375
 11
898.0634765625
 21
74.095703125
 72
     1
 10
898.0634765625
 20
74.095703125
 11
897.9189453125
 21
74.6064453125
 72
     1
 10
897.9189453125
 20
74.6064453125
 11
897.7890625
 21
75.166015625
 72
     1
 10
897.7890625
 20
75.166015625
 11
897.6865234375
 21
75.603515625
 72
     1
 10
897.6865234375
 20
75.603515625
 11
897.6591796875
 21
75.677734375
 72
     1
 10
897.6591796875
 20
75.677734375
 11
897.626953125
 21
75.734375
 72
     1
 10
897.626953125
 20
75.734375
 11
897.5986328125
 21
75.77734375
 72
     1
 10
897.5986328125
 20
75.77734375
 11
897.5810546875
 21
75.8154296875
 72
     1
 10
897.5810546875
 20
75.8154296875
 11
897.484375
 21
76.1513671875
 72
     1
 10
897.484375
 20
76.1513671875
 11
897.373046875
 21
76.54296875
 72
     1
 10
897.373046875
 20
76.54296875
 11
897.259765625
 21
76.94140625
 72
     1
 10
897.259765625
 20
76.94140625
 11
897.1572265625
 21
77.2978515625
 72
     1
 10
897.1572265625
 20
77.2978515625
 11
897.072265625
 21
77.6357421875
 72
     1
 10
897.072265625
 20
77.6357421875
 11
896.98828125
 21
78.0859375
 72
     1
 10
896.98828125
 20
78.0859375
 11
896.9345703125
 21
78.564453125
 72
     1
 10
896.9345703125
 20
78.564453125
 11
896.9453125
 21
78.9912109375
 72
     1
 10
896.9453125
 20
78.9912109375
 11
897.08203125
 21
79.533203125
 72
     1
 10
897.08203125
 20
79.533203125
 11
897.365234375
 21
79.779296875
 72
     1
 10
897.365234375
 20
79.779296875
 11
897.9140625
 21
79.8427734375
 72
     1
 10
897.9140625
 20
79.8427734375
 11
898.8515625
 21
79.8388671875
 72
     1
 10
898.8515625
 20
79.8388671875
 11
899.205078125
 21
79.814453125
 72
     1
 10
899.205078125
 20
79.814453125
 11
899.6162109375
 21
79.7744140625
 72
     1
 10
899.6162109375
 20
79.7744140625
 11
900.015625
 21
79.765625
 72
     1
 10
900.015625
 20
79.765625
 11
900.333984375
 21
79.8388671875
 72
     1
 10
900.333984375
 20
79.8388671875
 11
900.4990234375
 21
80.03515625
 72
     1
 10
900.4990234375
 20
80.03515625
 11
900.63671875
 21
80.3671875
 72
     1
 10
900.63671875
 20
80.3671875
 11
900.7548828125
 21
80.7255859375
 72
     1
 10
900.7548828125
 20
80.7255859375
 11
900.86328125
 21
81.0029296875
 72
     1
 10
900.86328125
 20
81.0029296875
 11
900.91015625
 21
81.056640625
 72
     1
 10
900.91015625
 20
81.056640625
 11
900.9931640625
 21
81.15234375
 72
     1
 10
900.9931640625
 20
81.15234375
 11
901.064453125
 21
81.251953125
 72
     1
 10
901.064453125
 20
81.251953125
 11
901.0751953125
 21
81.3212890625
 72
     1
 10
901.0751953125
 20
81.3212890625
 11
900.9208984375
 21
81.357421875
 72
     1
 10
900.9208984375
 20
81.357421875
 11
900.669921875
 21
81.310546875
 72
     1
 10
900.669921875
 20
81.310546875
 11
900.3837890625
 21
81.2421875
 72
     1
 10
900.3837890625
 20
81.2421875
 11
900.1220703125
 21
81.21484375
 72
     1
 10
900.1220703125
 20
81.21484375
 11
899.91796875
 21
81.2548828125
 72
     1
 10
899.91796875
 20
81.2548828125
 11
899.6728515625
 21
81.3359375
 72
     1
 10
899.6728515625
 20
81.3359375
 11
899.4130859375
 21
81.4365234375
 72
     1
 10
899.4130859375
 20
81.4365234375
 11
899.1689453125
 21
81.533203125
 72
     1
 10
899.1689453125
 20
81.533203125
 11
899.123046875
 21
81.53515625
 72
     1
 10
899.123046875
 20
81.53515625
 11
899.0576171875
 21
81.52734375
 72
     1
 10
899.0576171875
 20
81.52734375
 11
898.9951171875
 21
81.5224609375
 72
     1
 10
898.9951171875
 20
81.5224609375
 11
898.95703125
 21
81.533203125
 72
     1
 10
898.95703125
 20
81.533203125
 11
898.6484375
 21
81.720703125
 72
     1
 10
898.6484375
 20
81.720703125
 11
898.146484375
 21
81.888671875
 72
     1
 10
898.146484375
 20
81.888671875
 11
897.599609375
 21
82.037109375
 72
     1
 10
897.599609375
 20
82.037109375
 11
897.1572265625
 21
82.16796875
 72
     1
 10
897.1572265625
 20
82.16796875
 11
897.1064453125
 21
82.2080078125
 72
     1
 10
897.1064453125
 20
82.2080078125
 11
897.0458984375
 21
82.27734375
 72
     1
 10
897.0458984375
 20
82.27734375
 11
896.9873046875
 21
82.3447265625
 72
     1
 10
896.9873046875
 20
82.3447265625
 11
896.9453125
 21
82.3798828125
 72
     1
 10
896.9453125
 20
82.3798828125
 11
896.7451171875
 21
82.4296875
 72
     1
 10
896.7451171875
 20
82.4296875
 11
896.5263671875
 21
82.47265625
 72
     1
 10
896.5263671875
 20
82.47265625
 11
896.3056640625
 21
82.5224609375
 72
     1
 10
896.3056640625
 20
82.5224609375
 11
896.0986328125
 21
82.591796875
 72
     1
 10
896.0986328125
 20
82.591796875
 11
895.9423828125
 21
82.6533203125
 72
     1
 10
895.9423828125
 20
82.6533203125
 11
895.79296875
 21
82.7080078125
 72
     1
 10
895.79296875
 20
82.7080078125
 11
895.6640625
 21
82.7578125
 72
     1
 10
895.6640625
 20
82.7578125
 11
895.5693359375
 21
82.8037109375
 72
     1
 10
895.5693359375
 20
82.8037109375
 11
895.5400390625
 21
82.845703125
 72
     1
 10
895.5400390625
 20
82.845703125
 11
895.513671875
 21
82.9130859375
 72
     1
 10
895.513671875
 20
82.9130859375
 11
895.48828125
 21
82.9794921875
 72
     1
 10
895.48828125
 20
82.9794921875
 11
895.462890625
 21
83.015625
 72
     1
 10
895.462890625
 20
83.015625
 11
895.330078125
 21
83.0703125
 72
     1
 10
895.330078125
 20
83.0703125
 11
895.177734375
 21
83.142578125
 72
     1
 10
895.177734375
 20
83.142578125
 11
895.009765625
 21
83.2568359375
 72
     1
 10
895.009765625
 20
83.2568359375
 11
894.828125
 21
83.4384765625
 72
     1
 10
894.828125
 20
83.4384765625
 11
894.791015625
 21
83.513671875
 72
     1
 10
894.791015625
 20
83.513671875
 11
894.775390625
 21
83.599609375
 72
     1
 10
894.775390625
 20
83.599609375
 11
894.759765625
 21
83.6845703125
 72
     1
 10
894.759765625
 20
83.6845703125
 11
894.7216796875
 21
83.755859375
 72
     1
 10
894.7216796875
 20
83.755859375
 11
894.67578125
 21
83.7841796875
 72
     1
 10
894.67578125
 20
83.7841796875
 11
894.61328125
 21
83.80859375
 72
     1
 10
894.61328125
 20
83.80859375
 11
894.55078125
 21
83.8330078125
 72
     1
 10
894.55078125
 20
83.8330078125
 11
894.509765625
 21
83.8623046875
 72
     1
 10
894.509765625
 20
83.8623046875
 11
894.478515625
 21
83.9326171875
 72
     1
 10
894.478515625
 20
83.9326171875
 11
894.4609375
 21
84.017578125
 72
     1
 10
894.4609375
 20
84.017578125
 11
894.4404296875
 21
84.103515625
 72
     1
 10
894.4404296875
 20
84.103515625
 11
894.404296875
 21
84.1796875
 72
     1
 10
894.404296875
 20
84.1796875
 11
894.33203125
 21
84.259765625
 72
     1
 10
894.33203125
 20
84.259765625
 11
894.248046875
 21
84.341796875
 72
     1
 10
894.248046875
 20
84.341796875
 11
894.1630859375
 21
84.4501953125
 72
     1
 10
894.1630859375
 20
84.4501953125
 11
894.0869140625
 21
84.603515625
 72
     1
 10
894.0869140625
 20
84.603515625
 11
894.0615234375
 21
84.6611328125
 72
     1
 10
894.0615234375
 20
84.6611328125
 11
894.025390625
 21
84.734375
 72
     1
 10
894.025390625
 20
84.734375
 11
893.9931640625
 21
84.7958984375
 72
     1
 10
893.9931640625
 20
84.7958984375
 11
893.98046875
 21
84.8154296875
 72
     1
 10
893.98046875
 20
84.8154296875
 11
893.994140625
 21
84.9423828125
 72
     1
 10
893.994140625
 20
84.9423828125
 11
894.064453125
 21
85.0
 72
     1
 10
894.064453125
 20
85.0
 11
894.1455078125
 21
85.044921875
 72
     1
 10
894.1455078125
 20
85.044921875
 11
894.1923828125
 21
85.1328125
 72
     1
 10
894.1923828125
 20
85.1328125
 11
894.154296875
 21
85.1533203125
 72
     1
 10
894.154296875
 20
85.1533203125
 11
894.091796875
 21
85.3173828125
 72
     1
 10
894.091796875
 20
85.3173828125
 11
894.052734375
 21
85.5205078125
 72
     1
 10
894.052734375
 20
85.5205078125
 11
894.0869140625
 21
85.662109375
 97
        0
 75
     0
 76
     1
 98
        0
  0
POLYLINE
  5
56A
330
1F
100
AcDbEntity
  8
Layer 1
370
     0
100
AcDb2dPolyline
 66
     1
 10
0.0
 20
0.0
 30
0.0
  0
VERTEX
  5
56B
330
56A
100
AcDbEntity
  8
Layer 1
370
     0
100
AcDbVertex
100
AcDb2dVertex
 10
907.7451171875
 20
76.23828125
 30
0.0
  0
VERTEX
  5
56C
330
56A
100
AcDbEntity
  8
Layer 1
370
     0
100
AcDbVertex
100
AcDb2dVertex
 10
907.767578125
 20
76.26171875
 30
0.0
  0
VERTEX
  5
56D
330
56A
100
AcDbEntity
  8
Layer 1
370
     0
100
AcDbVertex
100
AcDb2dVertex
 10
907.7783203125
 20
76.2919921875
 30
0.0
  0
VERTEX
  5
56E
330
56A
100
AcDbEntity
  8
Layer 1
370
     0
100
AcDbVertex
100
AcDb2dVertex
 10
907.798828125
 20
76.3212890625
 30
0.0
  0
VERTEX
  5
56F
330
56A
100
AcDbEntity
  8
Layer 1
370
     0
100
AcDbVertex
100
AcDb2dVertex
 10
907.8515625
 20
76.3447265625
 30
0.0
  0
VERTEX
  5
570
330
56A
100
AcDbEntity
  8
Layer 1
370
     0
100
AcDbVertex
100
AcDb2dVertex
 10
908.4052734375
 20
76.3603515625
 30
0.0
  0
VERTEX
  5
571
330
56A
100
AcDbEntity
  8
Layer 1
370
     0
100
AcDbVertex
100
AcDb2dVertex
 10
908.537109375
 20
76.0859375
 30
0.0
  0
VERTEX
  5
572
330
56A
100
AcDbEntity
  8
Layer 1
370
     0
100
AcDbVertex
100
AcDb2dVertex
 10
908.4580078125
 20
75.623046875
 30
0.0
  0
VERTEX
  5
573
330
56A
100
AcDbEntity
  8
Layer 1
370
     0
100
AcDbVertex
100
AcDb2dVertex
 10
908.380859375
 20
75.07421875
 30
0.0
  0
VERTEX
  5
574
330
56A
100
AcDbEntity
  8
Layer 1
370
     0
100
AcDbVertex
100
AcDb2dVertex
 10
908.4072265625
 20
74.5576171875
 30
0.0
  0
VERTEX
  5
575
330
56A
100
AcDbEntity
  8
Layer 1
370
     0
100
AcDbVertex
100
AcDb2dVertex
 10
908.47265625
 20
73.9560546875
 30
0.0
  0
VERTEX
  5
576
330
56A
100
AcDbEntity
  8
Layer 1
370
     0
100
AcDbVertex
100
AcDb2dVertex
 10
908.5458984375
 20
73.4375
 30
0.0
  0
VERTEX
  5
577
330
56A
100
AcDbEntity
  8
Layer 1
370
     0
100
AcDbVertex
100
AcDb2dVertex
 10
908.5927734375
 20
73.16796875
 30
0.0
  0
VERTEX
  5
578
330
56A
100
AcDbEntity
  8
Layer 1
370
     0
100
AcDbVertex
100
AcDb2dVertex
 10
908.6337890625
 20
73.078125
 30
0.0
  0
VERTEX
  5
579
330
56A
100
AcDbEntity
  8
Layer 1
370
     0
100
AcDbVertex
100
AcDb2dVertex
 10
908.6943359375
 20
72.9951171875
 30
0.0
  0
VERTEX
  5
57A
330
56A
100
AcDbEntity
  8
Layer 1
370
     0
100
AcDbVertex
100
AcDb2dVertex
 10
908.7578125
 20
72.919921875
 30
0.0
  0
VERTEX
  5
57B
330
56A
100
AcDbEntity
  8
Layer 1
370
     0
100
AcDbVertex
100
AcDb2dVertex
 10
908.8046875
 20
72.8505859375
 30
0.0
  0
VERTEX
  5
57C
330
56A
100
AcDbEntity
  8
Layer 1
370
     0
100
AcDbVertex
100
AcDb2dVertex
 10
908.8798828125
 20
72.6708984375
 30
0.0
  0
VERTEX
  5
57D
330
56A
100
AcDbEntity
  8
Layer 1
370
     0
100
AcDbVertex
100
AcDb2dVertex
 10
908.9443359375
 20
72.486328125
 30
0.0
  0
VERTEX
  5
57E
330
56A
100
AcDbEntity
  8
Layer 1
370
     0
100
AcDbVertex
100
AcDb2dVertex
 10
909.0185546875
 20
72.298828125
 30
0.0
  0
VERTEX
  5
57F
330
56A
100
AcDbEntity
  8
Layer 1
370
     0
100
AcDbVertex
100
AcDb2dVertex
 10
909.1220703125
 20
72.109375
 30
0.0
  0
VERTEX
  5
580
330
56A
100
AcDbEntity
  8
Layer 1
370
     0
100
AcDbVertex
100
AcDb2dVertex
 10
909.1884765625
 20
72.005859375
 30
0.0
  0
VERTEX
  5
581
330
56A
100
AcDbEntity
  8
Layer 1
370
     0
100
AcDbVertex
100
AcDb2dVertex
 10
909.2578125
 20
71.904296875
 30
0.0
  0
VERTEX
  5
582
330
56A
100
AcDbEntity
  8
Layer 1
370
     0
100
AcDbVertex
100
AcDb2dVertex
 10
909.337890625
 20
71.798828125
 30
0.0
  0
VERTEX
  5
583
330
56A
100
AcDbEntity
  8
Layer 1
370
     0
100
AcDbVertex
100
AcDb2dVertex
 10
909.439453125
 20
71.685546875
 30
0.0
  0
VERTEX
  5
584
330
56A
100
AcDbEntity
  8
Layer 1
370
     0
100
AcDbVertex
100
AcDb2dVertex
 10
909.4912109375
 20
71.59375
 30
0.0
  0
VERTEX
  5
585
330
56A
100
AcDbEntity
  8
Layer 1
370
     0
100
AcDbVertex
100
AcDb2dVertex
 10
909.529296875
 20
71.46484375
 30
0.0
  0
VERTEX
  5
586
330
56A
100
AcDbEntity
  8
Layer 1
370
     0
100
AcDbVertex
100
AcDb2dVertex
 10
909.576171875
 20
71.314453125
 30
0.0
  0
VERTEX
  5
587
330
56A
100
AcDbEntity
  8
Layer 1
370
     0
100
AcDbVertex
100
AcDb2dVertex
 10
909.6513671875
 20
71.15625
 30
0.0
  0
VERTEX
  5
588
330
56A
100
AcDbEntity
  8
Layer 1
370
     0
100
AcDbVertex
100
AcDb2dVertex
 10
909.748046875
 20
71.0244140625
 30
0.0
  0
VERTEX
  5
589
330
56A
100
AcDbEntity
  8
Layer 1
370
     0
100
AcDbVertex
100
AcDb2dVertex
 10
909.8583984375
 20
70.8974609375
 30
0.0
  0
VERTEX
  5
58A
330
56A
100
AcDbEntity
  8
Layer 1
370
     0
100
AcDbVertex
100
AcDb2dVertex
 10
909.970703125
 20
70.767578125
 30
0.0
  0
VERTEX
  5
58B
330
56A
100
AcDbEntity
  8
Layer 1
370
     0
100
AcDbVertex
100
AcDb2dVertex
 10
910.0751953125
 20
70.626953125
 30
0.0
  0
VERTEX
  5
58C
330
56A
100
AcDbEntity
  8
Layer 1
370
     0
100
AcDbVertex
100
AcDb2dVertex
 10
910.2294921875
 20
70.39453125
 30
0.0
  0
VERTEX
  5
58D
330
56A
100
AcDbEntity
  8
Layer 1
370
     0
100
AcDbVertex
100
AcDb2dVertex
 10
910.3896484375
 20
70.1640625
 30
0.0
  0
VERTEX
  5
58E
330
56A
100
AcDbEntity
  8
Layer 1
370
     0
100
AcDbVertex
100
AcDb2dVertex
 10
910.55078125
 20
69.927734375
 30
0.0
  0
VERTEX
  5
58F
330
56A
100
AcDbEntity
  8
Layer 1
370
     0
100
AcDbVertex
100
AcDb2dVertex
 10
910.7099609375
 20
69.673828125
 30
0.0
  0
VERTEX
  5
590
330
56A
100
AcDbEntity
  8
Layer 1
370
     0
100
AcDbVertex
100
AcDb2dVertex
 10
910.828125
 20
69.4658203125
 30
0.0
  0
VERTEX
  5
591
330
56A
100
AcDbEntity
  8
Layer 1
370
     0
100
AcDbVertex
100
AcDb2dVertex
 10
910.962890625
 20
69.21875
 30
0.0
  0
VERTEX
  5
592
330
56A
100
AcDbEntity
  8
Layer 1
370
     0
100
AcDbVertex
100
AcDb2dVertex
 10
911.1025390625
 20
68.9609375
 30
0.0
  0
VERTEX
  5
593
330
56A
100
AcDbEntity
  8
Layer 1
370
     0
100
AcDbVertex
100
AcDb2dVertex
 10
911.2392578125
 20
68.720703125
 30
0.0
  0
VERTEX
  5
594
330
56A
100
AcDbEntity
  8
Layer 1
370
     0
100
AcDbVertex
100
AcDb2dVertex
 10
911.291015625
 20
68.6396484375
 30
0.0
  0
VERTEX
  5
595
330
56A
100
AcDbEntity
  8
Layer 1
370
     0
100
AcDbVertex
100
AcDb2dVertex
 10
911.349609375
 20
68.5556640625
 30
0.0
  0
VERTEX
  5
596
330
56A
100
AcDbEntity
  8
Layer 1
370
     0
100
AcDbVertex
100
AcDb2dVertex
 10
911.4052734375
 20
68.474609375
 30
0.0
  0
VERTEX
  5
597
330
56A
100
AcDbEntity
  8
Layer 1
370
     0
100
AcDbVertex
100
AcDb2dVertex
 10
911.451171875
 20
68.4033203125
 30
0.0
  0
VERTEX
  5
598
330
56A
100
AcDbEntity
  8
Layer 1
370
     0
100
AcDbVertex
100
AcDb2dVertex
 10
911.6318359375
 20
68.126953125
 30
0.0
  0
VERTEX
  5
599
330
56A
100
AcDbEntity
  8
Layer 1
370
     0
100
AcDbVertex
100
AcDb2dVertex
 10
911.8408203125
 20
67.8828125
 30
0.0
  0
VERTEX
  5
59A
330
56A
100
AcDbEntity
  8
Layer 1
370
     0
100
AcDbVertex
100
AcDb2dVertex
 10
912.119140625
 20
67.6337890625
 30
0.0
  0
VERTEX
  5
59B
330
56A
100
AcDbEntity
  8
Layer 1
370
     0
100
AcDbVertex
100
AcDb2dVertex
 10
912.509765625
 20
67.3447265625
 30
0.0
  0
VERTEX
  5
59C
330
56A
100
AcDbEntity
  8
Layer 1
370
     0
100
AcDbVertex
100
AcDb2dVertex
 10
912.6728515625
 20
67.2236328125
 30
0.0
  0
VERTEX
  5
59D
330
56A
100
AcDbEntity
  8
Layer 1
370
     0
100
AcDbVertex
100
AcDb2dVertex
 10
912.85546875
 20
67.0830078125
 30
0.0
  0
VERTEX
  5
59E
330
56A
100
AcDbEntity
  8
Layer 1
370
     0
100
AcDbVertex
100
AcDb2dVertex
 10
913.0498046875
 20
66.94140625
 30
0.0
  0
VERTEX
  5
59F
330
56A
100
AcDbEntity
  8
Layer 1
370
     0
100
AcDbVertex
100
AcDb2dVertex
 10
913.2509765625
 20
66.8154296875
 30
0.0
  0
VERTEX
  5
5A0
330
56A
100
AcDbEntity
  8
Layer 1
370
     0
100
AcDbVertex
100
AcDb2dVertex
 10
913.3955078125
 20
66.744140625
 30
0.0
  0
VERTEX
  5
5A1
330
56A
100
AcDbEntity
  8
Layer 1
370
     0
100
AcDbVertex
100
AcDb2dVertex
 10
913.564453125
 20
66.703125
 30
0.0
  0
VERTEX
  5
5A2
330
56A
100
AcDbEntity
  8
Layer 1
370
     0
100
AcDbVertex
100
AcDb2dVertex
 10
913.7890625
 20
66.71875
 30
0.0
  0
VERTEX
  5
5A3
330
56A
100
AcDbEntity
  8
Layer 1
370
     0
100
AcDbVertex
100
AcDb2dVertex
 10
914.0986328125
 20
66.8154296875
 30
0.0
  0
VERTEX
  5
5A4
330
56A
100
AcDbEntity
  8
Layer 1
370
     0
100
AcDbVertex
100
AcDb2dVertex
 10
914.1181640625
 20
66.8388671875
 30
0.0
  0
VERTEX
  5
5A5
330
56A
100
AcDbEntity
  8
Layer 1
370
     0
100
AcDbVertex
100
AcDb2dVertex
 10
914.126953125
 20
66.873046875
 30
0.0
  0
VERTEX
  5
5A6
330
56A
100
AcDbEntity
  8
Layer 1
370
     0
100
AcDbVertex
100
AcDb2dVertex
 10
914.146484375
 20
66.904296875
 30
0.0
  0
VERTEX
  5
5A7
330
56A
100
AcDbEntity
  8
Layer 1
370
     0
100
AcDbVertex
100
AcDb2dVertex
 10
914.2041015625
 20
66.9208984375
 30
0.0
  0
VERTEX
  5
5A8
330
56A
100
AcDbEntity
  8
Layer 1
370
     0
100
AcDbVertex
100
AcDb2dVertex
 10
914.3466796875
 20
66.9462890625
 30
0.0
  0
VERTEX
  5
5A9
330
56A
100
AcDbEntity
  8
Layer 1
370
     0
100
AcDbVertex
100
AcDb2dVertex
 10
914.45703125
 20
66.970703125
 30
0.0
  0
VERTEX
  5
5AA
330
56A
100
AcDbEntity
  8
Layer 1
370
     0
100
AcDbVertex
100
AcDb2dVertex
 10
914.5732421875
 20
66.943359375
 30
0.0
  0
VERTEX
  5
5AB
330
56A
100
AcDbEntity
  8
Layer 1
370
     0
100
AcDbVertex
100
AcDb2dVertex
 10
914.7333984375
 20
66.8154296875
 30
0.0
  0
VERTEX
  5
5AC
330
56A
100
AcDbEntity
  8
Layer 1
370
     0
100
AcDbVertex
100
AcDb2dVertex
 10
914.8125
 20
66.705078125
 30
0.0
  0
VERTEX
  5
5AD
330
56A
100
AcDbEntity
  8
Layer 1
370
     0
100
AcDbVertex
100
AcDb2dVertex
 10
914.8759765625
 20
66.5712890625
 30
0.0
  0
VERTEX
  5
5AE
330
56A
100
AcDbEntity
  8
Layer 1
370
     0
100
AcDbVertex
100
AcDb2dVertex
 10
914.9482421875
 20
66.427734375
 30
0.0
  0
VERTEX
  5
5AF
330
56A
100
AcDbEntity
  8
Layer 1
370
     0
100
AcDbVertex
100
AcDb2dVertex
 10
915.05078125
 20
66.2861328125
 30
0.0
  0
VERTEX
  5
5B0
330
56A
100
AcDbEntity
  8
Layer 1
370
     0
100
AcDbVertex
100
AcDb2dVertex
 10
915.09765625
 20
66.255859375
 30
0.0
  0
VERTEX
  5
5B1
330
56A
100
AcDbEntity
  8
Layer 1
370
     0
100
AcDbVertex
100
AcDb2dVertex
 10
915.1591796875
 20
66.2333984375
 30
0.0
  0
VERTEX
  5
5B2
330
56A
100
AcDbEntity
  8
Layer 1
370
     0
100
AcDbVertex
100
AcDb2dVertex
 10
915.2197265625
 20
66.2109375
 30
0.0
  0
VERTEX
  5
5B3
330
56A
100
AcDbEntity
  8
Layer 1
370
     0
100
AcDbVertex
100
AcDb2dVertex
 10
915.2626953125
 20
66.1796875
 30
0.0
  0
VERTEX
  5
5B4
330
56A
100
AcDbEntity
  8
Layer 1
370
     0
100
AcDbVertex
100
AcDb2dVertex
 10
915.296875
 20
66.1083984375
 30
0.0
  0
VERTEX
  5
5B5
330
56A
100
AcDbEntity
  8
Layer 1
370
     0
100
AcDbVertex
100
AcDb2dVertex
 10
915.314453125
 20
66.025390625
 30
0.0
  0
VERTEX
  5
5B6
330
56A
100
AcDbEntity
  8
Layer 1
370
     0
100
AcDbVertex
100
AcDb2dVertex
 10
915.33203125
 20
65.939453125
 30
0.0
  0
VERTEX
  5
5B7
330
56A
100
AcDbEntity
  8
Layer 1
370
     0
100
AcDbVertex
100
AcDb2dVertex
 10
915.369140625
 20
65.8623046875
 30
0.0
  0
VERTEX
  5
5B8
330
56A
100
AcDbEntity
  8
Layer 1
370
     0
100
AcDbVertex
100
AcDb2dVertex
 10
915.4140625
 20
65.830078125
 30
0.0
  0
VERTEX
  5
5B9
330
56A
100
AcDbEntity
  8
Layer 1
370
     0
100
AcDbVertex
100
AcDb2dVertex
 10
915.4765625
 20
65.80859375
 30
0.0
  0
VERTEX
  5
5BA
330
56A
100
AcDbEntity
  8
Layer 1
370
     0
100
AcDbVertex
100
AcDb2dVertex
 10
915.5380859375
 20
65.787109375
 30
0.0
  0
VERTEX
  5
5BB
330
56A
100
AcDbEntity
  8
Layer 1
370
     0
100
AcDbVertex
100
AcDb2dVertex
 10
915.580078125
 20
65.7568359375
 30
0.0
  0
VERTEX
  5
5BC
330
56A
100
AcDbEntity
  8
Layer 1
370
     0
100
AcDbVertex
100
AcDb2dVertex
 10
915.6123046875
 20
65.685546875
 30
0.0
  0
VERTEX
  5
5BD
330
56A
100
AcDbEntity
  8
Layer 1
370
     0
100
AcDbVertex
100
AcDb2dVertex
 10
915.630859375
 20
65.6005859375
 30
0.0
  0
VERTEX
  5
5BE
330
56A
100
AcDbEntity
  8
Layer 1
370
     0
100
AcDbVertex
100
AcDb2dVertex
 10
915.6494140625
 20
65.5146484375
 30
0.0
  0
VERTEX
  5
5BF
330
56A
100
AcDbEntity
  8
Layer 1
370
     0
100
AcDbVertex
100
AcDb2dVertex
 10
915.6865234375
 20
65.4384765625
 30
0.0
  0
VERTEX
  5
5C0
330
56A
100
AcDbEntity
  8
Layer 1
370
     0
100
AcDbVertex
100
AcDb2dVertex
 10
915.7314453125
 20
65.4072265625
 30
0.0
  0
VERTEX
  5
5C1
330
56A
100
AcDbEntity
  8
Layer 1
370
     0
100
AcDbVertex
100
AcDb2dVertex
 10
915.79296875
 20
65.384765625
 30
0.0
  0
VERTEX
  5
5C2
330
56A
100
AcDbEntity
  8
Layer 1
370
     0
100
AcDbVertex
100
AcDb2dVertex
 10
915.8544921875
 20
65.36328125
 30
0.0
  0
VERTEX
  5
5C3
330
56A
100
AcDbEntity
  8
Layer 1
370
     0
100
AcDbVertex
100
AcDb2dVertex
 10
915.8984375
 20
65.3330078125
 30
0.0
  0
VERTEX
  5
5C4
330
56A
100
AcDbEntity
  8
Layer 1
370
     0
100
AcDbVertex
100
AcDb2dVertex
 10
916.056640625
 20
65.10546875
 30
0.0
  0
VERTEX
  5
5C5
330
56A
100
AcDbEntity
  8
Layer 1
370
     0
100
AcDbVertex
100
AcDb2dVertex
 10
916.208984375
 20
64.8642578125
 30
0.0
  0
VERTEX
  5
5C6
330
56A
100
AcDbEntity
  8
Layer 1
370
     0
100
AcDbVertex
100
AcDb2dVertex
 10
916.3642578125
 20
64.619140625
 30
0.0
  0
VERTEX
  5
5C7
330
56A
100
AcDbEntity
  8
Layer 1
370
     0
100
AcDbVertex
100
AcDb2dVertex
 10
916.533203125
 20
64.3798828125
 30
0.0
  0
VERTEX
  5
5C8
330
56A
100
AcDbEntity
  8
Layer 1
370
     0
100
AcDbVertex
100
AcDb2dVertex
 10
916.6123046875
 20
64.3212890625
 30
0.0
  0
VERTEX
  5
5C9
330
56A
100
AcDbEntity
  8
Layer 1
370
     0
100
AcDbVertex
100
AcDb2dVertex
 10
916.71484375
 20
64.265625
 30
0.0
  0
VERTEX
  5
5CA
330
56A
100
AcDbEntity
  8
Layer 1
370
     0
100
AcDbVertex
100
AcDb2dVertex
 10
916.806640625
 20
64.1875
 30
0.0
  0
VERTEX
  5
5CB
330
56A
100
AcDbEntity
  8
Layer 1
370
     0
100
AcDbVertex
100
AcDb2dVertex
 10
916.8515625
 20
64.0625
 30
0.0
  0
VERTEX
  5
5CC
330
56A
100
AcDbEntity
  8
Layer 1
370
     0
100
AcDbVertex
100
AcDb2dVertex
 10
916.8896484375
 20
63.9658203125
 30
0.0
  0
VERTEX
  5
5CD
330
56A
100
AcDbEntity
  8
Layer 1
370
     0
100
AcDbVertex
100
AcDb2dVertex
 10
916.9775390625
 20
63.810546875
 30
0.0
  0
VERTEX
  5
5CE
330
56A
100
AcDbEntity
  8
Layer 1
370
     0
100
AcDbVertex
100
AcDb2dVertex
 10
917.08203125
 20
63.6484375
 30
0.0
  0
VERTEX
  5
5CF
330
56A
100
AcDbEntity
  8
Layer 1
370
     0
100
AcDbVertex
100
AcDb2dVertex
 10
917.1689453125
 20
63.533203125
 30
0.0
  0
VERTEX
  5
5D0
330
56A
100
AcDbEntity
  8
Layer 1
370
     0
100
AcDbVertex
100
AcDb2dVertex
 10
917.376953125
 20
63.33984375
 30
0.0
  0
VERTEX
  5
5D1
330
56A
100
AcDbEntity
  8
Layer 1
370
     0
100
AcDbVertex
100
AcDb2dVertex
 10
917.6201171875
 20
63.16015625
 30
0.0
  0
VERTEX
  5
5D2
330
56A
100
AcDbEntity
  8
Layer 1
370
     0
100
AcDbVertex
100
AcDb2dVertex
 10
917.8759765625
 20
62.9814453125
 30
0.0
  0
VERTEX
  5
5D3
330
56A
100
AcDbEntity
  8
Layer 1
370
     0
100
AcDbVertex
100
AcDb2dVertex
 10
918.1220703125
 20
62.7919921875
 30
0.0
  0
VERTEX
  5
5D4
330
56A
100
AcDbEntity
  8
Layer 1
370
     0
100
AcDbVertex
100
AcDb2dVertex
 10
918.3564453125
 20
62.5703125
 30
0.0
  0
VERTEX
  5
5D5
330
56A
100
AcDbEntity
  8
Layer 1
370
     0
100
AcDbVertex
100
AcDb2dVertex
 10
918.56640625
 20
62.353515625
 30
0.0
  0
VERTEX
  5
5D6
330
56A
100
AcDbEntity
  8
Layer 1
370
     0
100
AcDbVertex
100
AcDb2dVertex
 10
918.765625
 20
62.1708984375
 30
0.0
  0
VERTEX
  5
5D7
330
56A
100
AcDbEntity
  8
Layer 1
370
     0
100
AcDbVertex
100
AcDb2dVertex
 10
918.96875
 20
62.05078125
 30
0.0
  0
VERTEX
  5
5D8
330
56A
100
AcDbEntity
  8
Layer 1
370
     0
100
AcDbVertex
100
AcDb2dVertex
 10
919.0185546875
 20
62.04296875
 30
0.0
  0
VERTEX
  5
5D9
330
56A
100
AcDbEntity
  8
Layer 1
370
     0
100
AcDbVertex
100
AcDb2dVertex
 10
919.0732421875
 20
62.0478515625
 30
0.0
  0
VERTEX
  5
5DA
330
56A
100
AcDbEntity
  8
Layer 1
370
     0
100
AcDbVertex
100
AcDb2dVertex
 10
919.12890625
 20
62.0537109375
 30
0.0
  0
VERTEX
  5
5DB
330
56A
100
AcDbEntity
  8
Layer 1
370
     0
100
AcDbVertex
100
AcDb2dVertex
 10
919.1806640625
 20
62.05078125
 30
0.0
  0
VERTEX
  5
5DC
330
56A
100
AcDbEntity
  8
Layer 1
370
     0
100
AcDbVertex
100
AcDb2dVertex
 10
919.4169921875
 20
62.005859375
 30
0.0
  0
VERTEX
  5
5DD
330
56A
100
AcDbEntity
  8
Layer 1
370
     0
100
AcDbVertex
100
AcDb2dVertex
 10
919.8330078125
 20
61.9404296875
 30
0.0
  0
VERTEX
  5
5DE
330
56A
100
AcDbEntity
  8
Layer 1
370
     0
100
AcDbVertex
100
AcDb2dVertex
 10
920.3193359375
 20
61.8779296875
 30
0.0
  0
VERTEX
  5
5DF
330
56A
100
AcDbEntity
  8
Layer 1
370
     0
100
AcDbVertex
100
AcDb2dVertex
 10
920.7685546875
 20
61.8388671875
 30
0.0
  0
VERTEX
  5
5E0
330
56A
100
AcDbEntity
  8
Layer 1
370
     0
100
AcDbVertex
100
AcDb2dVertex
 10
921.060546875
 20
61.8310546875
 30
0.0
  0
VERTEX
  5
5E1
330
56A
100
AcDbEntity
  8
Layer 1
370
     0
100
AcDbVertex
100
AcDb2dVertex
 10
921.2470703125
 20
61.7822265625
 30
0.0
  0
VERTEX
  5
5E2
330
56A
100
AcDbEntity
  8
Layer 1
370
     0
100
AcDbVertex
100
AcDb2dVertex
 10
921.326171875
 20
61.6025390625
 30
0.0
  0
VERTEX
  5
5E3
330
56A
100
AcDbEntity
  8
Layer 1
370
     0
100
AcDbVertex
100
AcDb2dVertex
 10
921.2978515625
 20
61.203125
 30
0.0
  0
VERTEX
  5
5E4
330
56A
100
AcDbEntity
  8
Layer 1
370
     0
100
AcDbVertex
100
AcDb2dVertex
 10
921.2626953125
 20
61.0556640625
 30
0.0
  0
VERTEX
  5
5E5
330
56A
100
AcDbEntity
  8
Layer 1
370
     0
100
AcDbVertex
100
AcDb2dVertex
 10
921.21484375
 20
60.9599609375
 30
0.0
  0
VERTEX
  5
5E6
330
56A
100
AcDbEntity
  8
Layer 1
370
     0
100
AcDbVertex
100
AcDb2dVertex
 10
921.1552734375
 20
60.880859375
 30
0.0
  0
VERTEX
  5
5E7
330
56A
100
AcDbEntity
  8
Layer 1
370
     0
100
AcDbVertex
100
AcDb2dVertex
 10
921.0859375
 20
60.7802734375
 30
0.0
  0
VERTEX
  5
5E8
330
56A
100
AcDbEntity
  8
Layer 1
370
     0
100
AcDbVertex
100
AcDb2dVertex
 10
920.892578125
 20
60.5390625
 30
0.0
  0
VERTEX
  5
5E9
330
56A
100
AcDbEntity
  8
Layer 1
370
     0
100
AcDbVertex
100
AcDb2dVertex
 10
920.6904296875
 20
60.3828125
 30
0.0
  0
VERTEX
  5
5EA
330
56A
100
AcDbEntity
  8
Layer 1
370
     0
100
AcDbVertex
100
AcDb2dVertex
 10
920.52734375
 20
60.2919921875
 30
0.0
  0
VERTEX
  5
5EB
330
56A
100
AcDbEntity
  8
Layer 1
370
     0
100
AcDbVertex
100
AcDb2dVertex
 10
920.451171875
 20
60.2509765625
 30
0.0
  0
VERTEX
  5
5EC
330
56A
100
AcDbEntity
  8
Layer 1
370
     0
100
AcDbVertex
100
AcDb2dVertex
 10
920.4169921875
 20
60.1484375
 30
0.0
  0
VERTEX
  5
5ED
330
56A
100
AcDbEntity
  8
Layer 1
370
     0
100
AcDbVertex
100
AcDb2dVertex
 10
920.3955078125
 20
59.9970703125
 30
0.0
  0
VERTEX
  5
5EE
330
56A
100
AcDbEntity
  8
Layer 1
370
     0
100
AcDbVertex
100
AcDb2dVertex
 10
920.3759765625
 20
59.8408203125
 30
0.0
  0
VERTEX
  5
5EF
330
56A
100
AcDbEntity
  8
Layer 1
370
     0
100
AcDbVertex
100
AcDb2dVertex
 10
920.345703125
 20
59.7216796875
 30
0.0
  0
VERTEX
  5
5F0
330
56A
100
AcDbEntity
  8
Layer 1
370
     0
100
AcDbVertex
100
AcDb2dVertex
 10
920.3017578125
 20
59.6474609375
 30
0.0
  0
VERTEX
  5
5F1
330
56A
100
AcDbEntity
  8
Layer 1
370
     0
100
AcDbVertex
100
AcDb2dVertex
 10
920.2451171875
 20
59.568359375
 30
0.0
  0
VERTEX
  5
5F2
330
56A
100
AcDbEntity
  8
Layer 1
370
     0
100
AcDbVertex
100
AcDb2dVertex
 10
920.185546875
 20
59.4873046875
 30
0.0
  0
VERTEX
  5
5F3
330
56A
100
AcDbEntity
  8
Layer 1
370
     0
100
AcDbVertex
100
AcDb2dVertex
 10
920.1337890625
 20
59.4033203125
 30
0.0
  0
VERTEX
  5
5F4
330
56A
100
AcDbEntity
  8
Layer 1
370
     0
100
AcDbVertex
100
AcDb2dVertex
 10
919.9375
 20
59.0634765625
 30
0.0
  0
VERTEX
  5
5F5
330
56A
100
AcDbEntity
  8
Layer 1
370
     0
100
AcDbVertex
100
AcDb2dVertex
 10
919.71484375
 20
58.703125
 30
0.0
  0
VERTEX
  5
5F6
330
56A
100
AcDbEntity
  8
Layer 1
370
     0
100
AcDbVertex
100
AcDb2dVertex
 10
919.490234375
 20
58.322265625
 30
0.0
  0
VERTEX
  5
5F7
330
56A
100
AcDbEntity
  8
Layer 1
370
     0
100
AcDbVertex
100
AcDb2dVertex
 10
919.2861328125
 20
57.9208984375
 30
0.0
  0
VERTEX
  5
5F8
330
56A
100
AcDbEntity
  8
Layer 1
370
     0
100
AcDbVertex
100
AcDb2dVertex
 10
919.283203125
 20
57.8759765625
 30
0.0
  0
VERTEX
  5
5F9
330
56A
100
AcDbEntity
  8
Layer 1
370
     0
100
AcDbVertex
100
AcDb2dVertex
 10
919.291015625
 20
57.810546875
 30
0.0
  0
VERTEX
  5
5FA
330
56A
100
AcDbEntity
  8
Layer 1
370
     0
100
AcDbVertex
100
AcDb2dVertex
 10
919.2958984375
 20
57.748046875
 30
0.0
  0
VERTEX
  5
5FB
330
56A
100
AcDbEntity
  8
Layer 1
370
     0
100
AcDbVertex
100
AcDb2dVertex
 10
919.2861328125
 20
57.708984375
 30
0.0
  0
VERTEX
  5
5FC
330
56A
100
AcDbEntity
  8
Layer 1
370
     0
100
AcDbVertex
100
AcDb2dVertex
 10
919.240234375
 20
57.6689453125
 30
0.0
  0
VERTEX
  5
5FD
330
56A
100
AcDbEntity
  8
Layer 1
370
     0
100
AcDbVertex
100
AcDb2dVertex
 10
919.1728515625
 20
57.60546875
 30
0.0
  0
VERTEX
  5
5FE
330
56A
100
AcDbEntity
  8
Layer 1
370
     0
100
AcDbVertex
100
AcDb2dVertex
 10
919.109375
 20
57.541015625
 30
0.0
  0
VERTEX
  5
5FF
330
56A
100
AcDbEntity
  8
Layer 1
370
     0
100
AcDbVertex
100
AcDb2dVertex
 10
919.07421875
 20
57.498046875
 30
0.0
  0
VERTEX
  5
600
330
56A
100
AcDbEntity
  8
Layer 1
370
     0
100
AcDbVertex
100
AcDb2dVertex
 10
919.04296875
 20
57.392578125
 30
0.0
  0
VERTEX
  5
601
330
56A
100
AcDbEntity
  8
Layer 1
370
     0
100
AcDbVertex
100
AcDb2dVertex
 10
919.0302734375
 20
57.28125
 30
0.0
  0
VERTEX
  5
602
330
56A
100
AcDbEntity
  8
Layer 1
370
     0
100
AcDbVertex
100
AcDb2dVertex
 10
919.0126953125
 20
57.1728515625
 30
0.0
  0
VERTEX
  5
603
330
56A
100
AcDbEntity
  8
Layer 1
370
     0
100
AcDbVertex
100
AcDb2dVertex
 10
918.96875
 20
57.07421875
 30
0.0
  0
VERTEX
  5
604
330
56A
100
AcDbEntity
  8
Layer 1
370
     0
100
AcDbVertex
100
AcDb2dVertex
 10
918.685546875
 20
56.76953125
 30
0.0
  0
VERTEX
  5
605
330
56A
100
AcDbEntity
  8
Layer 1
370
     0
100
AcDbVertex
100
AcDb2dVertex
 10
918.2880859375
 20
56.466796875
 30
0.0
  0
VERTEX
  5
606
330
56A
100
AcDbEntity
  8
Layer 1
370
     0
100
AcDbVertex
100
AcDb2dVertex
 10
917.833984375
 20
56.17578125
 30
0.0
  0
VERTEX
  5
607
330
56A
100
AcDbEntity
  8
Layer 1
370
     0
100
AcDbVertex
100
AcDb2dVertex
 10
917.380859375
 20
55.9091796875
 30
0.0
  0
VERTEX
  5
608
330
56A
100
AcDbEntity
  8
Layer 1
370
     0
100
AcDbVertex
100
AcDb2dVertex
 10
917.2353515625
 20
55.818359375
 30
0.0
  0
VERTEX
  5
609
330
56A
100
AcDbEntity
  8
Layer 1
370
     0
100
AcDbVertex
100
AcDb2dVertex
 10
917.1015625
 20
55.7265625
 30
0.0
  0
VERTEX
  5
60A
330
56A
100
AcDbEntity
  8
Layer 1
370
     0
100
AcDbVertex
100
AcDb2dVertex
 10
916.974609375
 20
55.6474609375
 30
0.0
  0
VERTEX
  5
60B
330
56A
100
AcDbEntity
  8
Layer 1
370
     0
100
AcDbVertex
100
AcDb2dVertex
 10
916.8515625
 20
55.591796875
 30
0.0
  0
VERTEX
  5
60C
330
56A
100
AcDbEntity
  8
Layer 1
370
     0
100
AcDbVertex
100
AcDb2dVertex
 10
916.544921875
 20
55.5234375
 30
0.0
  0
VERTEX
  5
60D
330
56A
100
AcDbEntity
  8
Layer 1
370
     0
100
AcDbVertex
100
AcDb2dVertex
 10
916.0234375
 20
55.4375
 30
0.0
  0
VERTEX
  5
60E
330
56A
100
AcDbEntity
  8
Layer 1
370
     0
100
AcDbVertex
100
AcDb2dVertex
 10
915.466796875
 20
55.375
 30
0.0
  0
VERTEX
  5
60F
330
56A
100
AcDbEntity
  8
Layer 1
370
     0
100
AcDbVertex
100
AcDb2dVertex
 10
915.05078125
 20
55.3798828125
 30
0.0
  0
VERTEX
  5
610
330
56A
100
AcDbEntity
  8
Layer 1
370
     0
100
AcDbVertex
100
AcDb2dVertex
 10
915.0166015625
 20
55.3984375
 30
0.0
  0
VERTEX
  5
611
330
56A
100
AcDbEntity
  8
Layer 1
370
     0
100
AcDbVertex
100
AcDb2dVertex
 10
914.970703125
 20
55.43359375
 30
0.0
  0
VERTEX
  5
612
330
56A
100
AcDbEntity
  8
Layer 1
370
     0
100
AcDbVertex
100
AcDb2dVertex
 10
914.912109375
 20
55.46875
 30
0.0
  0
VERTEX
  5
613
330
56A
100
AcDbEntity
  8
Layer 1
370
     0
100
AcDbVertex
100
AcDb2dVertex
 10
914.83984375
 20
55.486328125
 30
0.0
  0
VERTEX
  5
614
330
56A
100
AcDbEntity
  8
Layer 1
370
     0
100
AcDbVertex
100
AcDb2dVertex
 10
914.66015625
 20
55.5361328125
 30
0.0
  0
VERTEX
  5
615
330
56A
100
AcDbEntity
  8
Layer 1
370
     0
100
AcDbVertex
100
AcDb2dVertex
 10
914.5166015625
 20
55.642578125
 30
0.0
  0
VERTEX
  5
616
330
56A
100
AcDbEntity
  8
Layer 1
370
     0
100
AcDbVertex
100
AcDb2dVertex
 10
914.375
 20
55.7763671875
 30
0.0
  0
VERTEX
  5
617
330
56A
100
AcDbEntity
  8
Layer 1
370
     0
100
AcDbVertex
100
AcDb2dVertex
 10
914.2041015625
 20
55.9091796875
 30
0.0
  0
VERTEX
  5
618
330
56A
100
AcDbEntity
  8
Layer 1
370
     0
100
AcDbVertex
100
AcDb2dVertex
 10
914.1328125
 20
55.939453125
 30
0.0
  0
VERTEX
  5
619
330
56A
100
AcDbEntity
  8
Layer 1
370
     0
100
AcDbVertex
100
AcDb2dVertex
 10
914.05078125
 20
55.9580078125
 30
0.0
  0
VERTEX
  5
61A
330
56A
100
AcDbEntity
  8
Layer 1
370
     0
100
AcDbVertex
100
AcDb2dVertex
 10
913.966796875
 20
55.9794921875
 30
0.0
  0
VERTEX
  5
61B
330
56A
100
AcDbEntity
  8
Layer 1
370
     0
100
AcDbVertex
100
AcDb2dVertex
 10
913.88671875
 20
56.015625
 30
0.0
  0
VERTEX
  5
61C
330
56A
100
AcDbEntity
  8
Layer 1
370
     0
100
AcDbVertex
100
AcDb2dVertex
 10
913.857421875
 20
56.056640625
 30
0.0
  0
VERTEX
  5
61D
330
56A
100
AcDbEntity
  8
Layer 1
370
     0
100
AcDbVertex
100
AcDb2dVertex
 10
913.8310546875
 20
56.125
 30
0.0
  0
VERTEX
  5
61E
330
56A
100
AcDbEntity
  8
Layer 1
370
     0
100
AcDbVertex
100
AcDb2dVertex
 10
913.8056640625
 20
56.19140625
 30
0.0
  0
VERTEX
  5
61F
330
56A
100
AcDbEntity
  8
Layer 1
370
     0
100
AcDbVertex
100
AcDb2dVertex
 10
913.7802734375
 20
56.2275390625
 30
0.0
  0
VERTEX
  5
620
330
56A
100
AcDbEntity
  8
Layer 1
370
     0
100
AcDbVertex
100
AcDb2dVertex
 10
913.6787109375
 20
56.2724609375
 30
0.0
  0
VERTEX
  5
621
330
56A
100
AcDbEntity
  8
Layer 1
370
     0
100
AcDbVertex
100
AcDb2dVertex
 10
913.578125
 20
56.318359375
 30
0.0
  0
VERTEX
  5
622
330
56A
100
AcDbEntity
  8
Layer 1
370
     0
100
AcDbVertex
100
AcDb2dVertex
 10
913.4736328125
 20
56.3720703125
 30
0.0
  0
VERTEX
  5
623
330
56A
100
AcDbEntity
  8
Layer 1
370
     0
100
AcDbVertex
100
AcDb2dVertex
 10
913.357421875
 20
56.439453125
 30
0.0
  0
VERTEX
  5
624
330
56A
100
AcDbEntity
  8
Layer 1
370
     0
100
AcDbVertex
100
AcDb2dVertex
 10
913.298828125
 20
56.48828125
 30
0.0
  0
VERTEX
  5
625
330
56A
100
AcDbEntity
  8
Layer 1
370
     0
100
AcDbVertex
100
AcDb2dVertex
 10
913.244140625
 20
56.5517578125
 30
0.0
  0
VERTEX
  5
626
330
56A
100
AcDbEntity
  8
Layer 1
370
     0
100
AcDbVertex
100
AcDb2dVertex
 10
913.1923828125
 20
56.611328125
 30
0.0
  0
VERTEX
  5
627
330
56A
100
AcDbEntity
  8
Layer 1
370
     0
100
AcDbVertex
100
AcDb2dVertex
 10
913.1455078125
 20
56.650390625
 30
0.0
  0
VERTEX
  5
628
330
56A
100
AcDbEntity
  8
Layer 1
370
     0
100
AcDbVertex
100
AcDb2dVertex
 10
912.94140625
 20
56.712890625
 30
0.0
  0
VERTEX
  5
629
330
56A
100
AcDbEntity
  8
Layer 1
370
     0
100
AcDbVertex
100
AcDb2dVertex
 10
912.7666015625
 20
56.685546875
 30
0.0
  0
VERTEX
  5
62A
330
56A
100
AcDbEntity
  8
Layer 1
370
     0
100
AcDbVertex
100
AcDb2dVertex
 10
912.595703125
 20
56.6142578125
 30
0.0
  0
VERTEX
  5
62B
330
56A
100
AcDbEntity
  8
Layer 1
370
     0
100
AcDbVertex
100
AcDb2dVertex
 10
912.404296875
 20
56.544921875
 30
0.0
  0
VERTEX
  5
62C
330
56A
100
AcDbEntity
  8
Layer 1
370
     0
100
AcDbVertex
100
AcDb2dVertex
 10
912.353515625
 20
56.5419921875
 30
0.0
  0
VERTEX
  5
62D
330
56A
100
AcDbEntity
  8
Layer 1
370
     0
100
AcDbVertex
100
AcDb2dVertex
 10
912.296875
 20
56.5478515625
 30
0.0
  0
VERTEX
  5
62E
330
56A
100
AcDbEntity
  8
Layer 1
370
     0
100
AcDbVertex
100
AcDb2dVertex
 10
912.2421875
 20
56.552734375
 30
0.0
  0
VERTEX
  5
62F
330
56A
100
AcDbEntity
  8
Layer 1
370
     0
100
AcDbVertex
100
AcDb2dVertex
 10
912.1923828125
 20
56.544921875
 30
0.0
  0
VERTEX
  5
630
330
56A
100
AcDbEntity
  8
Layer 1
370
     0
100
AcDbVertex
100
AcDb2dVertex
 10
912.1396484375
 20
56.50390625
 30
0.0
  0
VERTEX
  5
631
330
56A
100
AcDbEntity
  8
Layer 1
370
     0
100
AcDbVertex
100
AcDb2dVertex
 10
912.08203125
 20
56.4375
 30
0.0
  0
VERTEX
  5
632
330
56A
100
AcDbEntity
  8
Layer 1
370
     0
100
AcDbVertex
100
AcDb2dVertex
 10
912.0263671875
 20
56.3720703125
 30
0.0
  0
VERTEX
  5
633
330
56A
100
AcDbEntity
  8
Layer 1
370
     0
100
AcDbVertex
100
AcDb2dVertex
 10
911.98046875
 20
56.3330078125
 30
0.0
  0
VERTEX
  5
634
330
56A
100
AcDbEntity
  8
Layer 1
370
     0
100
AcDbVertex
100
AcDb2dVertex
 10
911.931640625
 20
56.32421875
 30
0.0
  0
VERTEX
  5
635
330
56A
100
AcDbEntity
  8
Layer 1
370
     0
100
AcDbVertex
100
AcDb2dVertex
 10
911.8759765625
 20
56.3291015625
 30
0.0
  0
VERTEX
  5
636
330
56A
100
AcDbEntity
  8
Layer 1
370
     0
100
AcDbVertex
100
AcDb2dVertex
 10
911.8193359375
 20
56.3359375
 30
0.0
  0
VERTEX
  5
637
330
56A
100
AcDbEntity
  8
Layer 1
370
     0
100
AcDbVertex
100
AcDb2dVertex
 10
911.7685546875
 20
56.3330078125
 30
0.0
  0
VERTEX
  5
638
330
56A
100
AcDbEntity
  8
Layer 1
370
     0
100
AcDbVertex
100
AcDb2dVertex
 10
911.306640625
 20
56.21484375
 30
0.0
  0
VERTEX
  5
639
330
56A
100
AcDbEntity
  8
Layer 1
370
     0
100
AcDbVertex
100
AcDb2dVertex
 10
910.7099609375
 20
56.0849609375
 30
0.0
  0
VERTEX
  5
63A
330
56A
100
AcDbEntity
  8
Layer 1
370
     0
100
AcDbVertex
100
AcDb2dVertex
 10
910.033203125
 20
56.0
 30
0.0
  0
VERTEX
  5
63B
330
56A
100
AcDbEntity
  8
Layer 1
370
     0
100
AcDbVertex
100
AcDb2dVertex
 10
909.333984375
 20
56.015625
 30
0.0
  0
VERTEX
  5
63C
330
56A
100
AcDbEntity
  8
Layer 1
370
     0
100
AcDbVertex
100
AcDb2dVertex
 10
909.193359375
 20
56.044921875
 30
0.0
  0
VERTEX
  5
63D
330
56A
100
AcDbEntity
  8
Layer 1
370
     0
100
AcDbVertex
100
AcDb2dVertex
 10
909.041015625
 20
56.095703125
 30
0.0
  0
VERTEX
  5
63E
330
56A
100
AcDbEntity
  8
Layer 1
370
     0
100
AcDbVertex
100
AcDb2dVertex
 10
908.876953125
 20
56.158203125
 30
0.0
  0
VERTEX
  5
63F
330
56A
100
AcDbEntity
  8
Layer 1
370
     0
100
AcDbVertex
100
AcDb2dVertex
 10
908.6982421875
 20
56.2275390625
 30
0.0
  0
VERTEX
  5
640
330
56A
100
AcDbEntity
  8
Layer 1
370
     0
100
AcDbVertex
100
AcDb2dVertex
 10
908.396484375
 20
56.3359375
 30
0.0
  0
VERTEX
  5
641
330
56A
100
AcDbEntity
  8
Layer 1
370
     0
100
AcDbVertex
100
AcDb2dVertex
 10
908.181640625
 20
56.4248046875
 30
0.0
  0
VERTEX
  5
642
330
56A
100
AcDbEntity
  8
Layer 1
370
     0
100
AcDbVertex
100
AcDb2dVertex
 10
907.9873046875
 20
56.546875
 30
0.0
  0
VERTEX
  5
643
330
56A
100
AcDbEntity
  8
Layer 1
370
     0
100
AcDbVertex
100
AcDb2dVertex
 10
907.7451171875
 20
56.7568359375
 30
0.0
  0
VERTEX
  5
644
330
56A
100
AcDbEntity
  8
Layer 1
370
     0
100
AcDbVertex
100
AcDb2dVertex
 10
907.7041015625
 20
56.779296875
 30
0.0
  0
VERTEX
  5
645
330
56A
100
AcDbEntity
  8
Layer 1
370
     0
100
AcDbVertex
100
AcDb2dVertex
 10
907.634765625
 20
56.8095703125
 30
0.0
  0
VERTEX
  5
646
330
56A
100
AcDbEntity
  8
Layer 1
370
     0
100
AcDbVertex
100
AcDb2dVertex
 10
907.568359375
 20
56.83984375
 30
0.0
  0
VERTEX
  5
647
330
56A
100
AcDbEntity
  8
Layer 1
370
     0
100
AcDbVertex
100
AcDb2dVertex
 10
907.533203125
 20
56.8623046875
 30
0.0
  0
VERTEX
  5
648
330
56A
100
AcDbEntity
  8
Layer 1
370
     0
100
AcDbVertex
100
AcDb2dVertex
 10
907.529296875
 20
56.91015625
 30
0.0
  0
VERTEX
  5
649
330
56A
100
AcDbEntity
  8
Layer 1
370
     0
100
AcDbVertex
100
AcDb2dVertex
 10
907.5380859375
 20
56.97265625
 30
0.0
  0
VERTEX
  5
64A
330
56A
100
AcDbEntity
  8
Layer 1
370
     0
100
AcDbVertex
100
AcDb2dVertex
 10
907.544921875
 20
57.033203125
 30
0.0
  0
VERTEX
  5
64B
330
56A
100
AcDbEntity
  8
Layer 1
370
     0
100
AcDbVertex
100
AcDb2dVertex
 10
907.533203125
 20
57.07421875
 30
0.0
  0
VERTEX
  5
64C
330
56A
100
AcDbEntity
  8
Layer 1
370
     0
100
AcDbVertex
100
AcDb2dVertex
 10
907.3701171875
 20
57.220703125
 30
0.0
  0
VERTEX
  5
64D
330
56A
100
AcDbEntity
  8
Layer 1
370
     0
100
AcDbVertex
100
AcDb2dVertex
 10
907.197265625
 20
57.3515625
 30
0.0
  0
VERTEX
  5
64E
330
56A
100
AcDbEntity
  8
Layer 1
370
     0
100
AcDbVertex
100
AcDb2dVertex
 10
907.033203125
 20
57.4775390625
 30
0.0
  0
VERTEX
  5
64F
330
56A
100
AcDbEntity
  8
Layer 1
370
     0
100
AcDbVertex
100
AcDb2dVertex
 10
906.8984375
 20
57.603515625
 30
0.0
  0
VERTEX
  5
650
330
56A
100
AcDbEntity
  8
Layer 1
370
     0
100
AcDbVertex
100
AcDb2dVertex
 10
906.890625
 20
57.6474609375
 30
0.0
  0
VERTEX
  5
651
330
56A
100
AcDbEntity
  8
Layer 1
370
     0
100
AcDbVertex
100
AcDb2dVertex
 10
906.900390625
 20
57.7119140625
 30
0.0
  0
VERTEX
  5
652
330
56A
100
AcDbEntity
  8
Layer 1
370
     0
100
AcDbVertex
100
AcDb2dVertex
 10
906.9091796875
 20
57.775390625
 30
0.0
  0
VERTEX
  5
653
330
56A
100
AcDbEntity
  8
Layer 1
370
     0
100
AcDbVertex
100
AcDb2dVertex
 10
906.8984375
 20
57.8154296875
 30
0.0
  0
VERTEX
  5
654
330
56A
100
AcDbEntity
  8
Layer 1
370
     0
100
AcDbVertex
100
AcDb2dVertex
 10
906.6650390625
 20
58.0087890625
 30
0.0
  0
VERTEX
  5
655
330
56A
100
AcDbEntity
  8
Layer 1
370
     0
100
AcDbVertex
100
AcDb2dVertex
 10
906.3359375
 20
58.296875
 30
0.0
  0
VERTEX
  5
656
330
56A
100
AcDbEntity
  8
Layer 1
370
     0
100
AcDbVertex
100
AcDb2dVertex
 10
906.0234375
 20
58.6103515625
 30
0.0
  0
VERTEX
  5
657
330
56A
100
AcDbEntity
  8
Layer 1
370
     0
100
AcDbVertex
100
AcDb2dVertex
 10
905.83984375
 20
58.8740234375
 30
0.0
  0
VERTEX
  5
658
330
56A
100
AcDbEntity
  8
Layer 1
370
     0
100
AcDbVertex
100
AcDb2dVertex
 10
905.796875
 20
59.083984375
 30
0.0
  0
VERTEX
  5
659
330
56A
100
AcDbEntity
  8
Layer 1
370
     0
100
AcDbVertex
100
AcDb2dVertex
 10
905.767578125
 20
59.3896484375
 30
0.0
  0
VERTEX
  5
65A
330
56A
100
AcDbEntity
  8
Layer 1
370
     0
100
AcDbVertex
100
AcDb2dVertex
 10
905.7470703125
 20
59.7021484375
 30
0.0
  0
VERTEX
  5
65B
330
56A
100
AcDbEntity
  8
Layer 1
370
     0
100
AcDbVertex
100
AcDb2dVertex
 10
905.7333984375
 20
59.9326171875
 30
0.0
  0
VERTEX
  5
65C
330
56A
100
AcDbEntity
  8
Layer 1
370
     0
100
AcDbVertex
100
AcDb2dVertex
 10
905.7197265625
 20
60.25
 30
0.0
  0
VERTEX
  5
65D
330
56A
100
AcDbEntity
  8
Layer 1
370
     0
100
AcDbVertex
100
AcDb2dVertex
 10
905.716796875
 20
60.5595703125
 30
0.0
  0
VERTEX
  5
65E
330
56A
100
AcDbEntity
  8
Layer 1
370
     0
100
AcDbVertex
100
AcDb2dVertex
 10
905.72265625
 20
60.8466796875
 30
0.0
  0
VERTEX
  5
65F
330
56A
100
AcDbEntity
  8
Layer 1
370
     0
100
AcDbVertex
100
AcDb2dVertex
 10
905.7333984375
 20
61.09765625
 30
0.0
  0
VERTEX
  5
660
330
56A
100
AcDbEntity
  8
Layer 1
370
     0
100
AcDbVertex
100
AcDb2dVertex
 10
905.767578125
 20
61.322265625
 30
0.0
  0
VERTEX
  5
661
330
56A
100
AcDbEntity
  8
Layer 1
370
     0
100
AcDbVertex
100
AcDb2dVertex
 10
905.8212890625
 20
61.5849609375
 30
0.0
  0
VERTEX
  5
662
330
56A
100
AcDbEntity
  8
Layer 1
370
     0
100
AcDbVertex
100
AcDb2dVertex
 10
905.8583984375
 20
61.869140625
 30
0.0
  0
VERTEX
  5
663
330
56A
100
AcDbEntity
  8
Layer 1
370
     0
100
AcDbVertex
100
AcDb2dVertex
 10
905.83984375
 20
62.15625
 30
0.0
  0
VERTEX
  5
664
330
56A
100
AcDbEntity
  8
Layer 1
370
     0
100
AcDbVertex
100
AcDb2dVertex
 10
905.34375
 20
62.919921875
 30
0.0
  0
VERTEX
  5
665
330
56A
100
AcDbEntity
  8
Layer 1
370
     0
100
AcDbVertex
100
AcDb2dVertex
 10
904.5498046875
 20
63.474609375
 30
0.0
  0
VERTEX
  5
666
330
56A
100
AcDbEntity
  8
Layer 1
370
     0
100
AcDbVertex
100
AcDb2dVertex
 10
903.8974609375
 20
64.138671875
 30
0.0
  0
VERTEX
  5
667
330
56A
100
AcDbEntity
  8
Layer 1
370
     0
100
AcDbVertex
100
AcDb2dVertex
 10
903.828125
 20
65.2265625
 30
0.0
  0
VERTEX
  5
668
330
56A
100
AcDbEntity
  8
Layer 1
370
     0
100
AcDbVertex
100
AcDb2dVertex
 10
903.94921875
 20
65.4697265625
 30
0.0
  0
VERTEX
  5
669
330
56A
100
AcDbEntity
  8
Layer 1
370
     0
100
AcDbVertex
100
AcDb2dVertex
 10
904.1494140625
 20
65.662109375
 30
0.0
  0
VERTEX
  5
66A
330
56A
100
AcDbEntity
  8
Layer 1
370
     0
100
AcDbVertex
100
AcDb2dVertex
 10
904.400390625
 20
65.849609375
 30
0.0
  0
VERTEX
  5
66B
330
56A
100
AcDbEntity
  8
Layer 1
370
     0
100
AcDbVertex
100
AcDb2dVertex
 10
904.6748046875
 20
66.07421875
 30
0.0
  0
VERTEX
  5
66C
330
56A
100
AcDbEntity
  8
Layer 1
370
     0
100
AcDbVertex
100
AcDb2dVertex
 10
904.919921875
 20
66.310546875
 30
0.0
  0
VERTEX
  5
66D
330
56A
100
AcDbEntity
  8
Layer 1
370
     0
100
AcDbVertex
100
AcDb2dVertex
 10
905.134765625
 20
66.537109375
 30
0.0
  0
VERTEX
  5
66E
330
56A
100
AcDbEntity
  8
Layer 1
370
     0
100
AcDbVertex
100
AcDb2dVertex
 10
905.3056640625
 20
66.744140625
 30
0.0
  0
VERTEX
  5
66F
330
56A
100
AcDbEntity
  8
Layer 1
370
     0
100
AcDbVertex
100
AcDb2dVertex
 10
905.416015625
 20
66.9208984375
 30
0.0
  0
VERTEX
  5
670
330
56A
100
AcDbEntity
  8
Layer 1
370
     0
100
AcDbVertex
100
AcDb2dVertex
 10
905.4873046875
 20
67.140625
 30
0.0
  0
VERTEX
  5
671
330
56A
100
AcDbEntity
  8
Layer 1
370
     0
100
AcDbVertex
100
AcDb2dVertex
 10
905.5556640625
 20
67.451171875
 30
0.0
  0
VERTEX
  5
672
330
56A
100
AcDbEntity
  8
Layer 1
370
     0
100
AcDbVertex
100
AcDb2dVertex
 10
905.6328125
 20
67.814453125
 30
0.0
  0
VERTEX
  5
673
330
56A
100
AcDbEntity
  8
Layer 1
370
     0
100
AcDbVertex
100
AcDb2dVertex
 10
905.7333984375
 20
68.19140625
 30
0.0
  0
VERTEX
  5
674
330
56A
100
AcDbEntity
  8
Layer 1
370
     0
100
AcDbVertex
100
AcDb2dVertex
 10
905.75
 20
68.205078125
 30
0.0
  0
VERTEX
  5
675
330
56A
100
AcDbEntity
  8
Layer 1
370
     0
100
AcDbVertex
100
AcDb2dVertex
 10
905.7822265625
 20
68.2236328125
 30
0.0
  0
VERTEX
  5
676
330
56A
100
AcDbEntity
  8
Layer 1
370
     0
100
AcDbVertex
100
AcDb2dVertex
 10
905.81640625
 20
68.2529296875
 30
0.0
  0
VERTEX
  5
677
330
56A
100
AcDbEntity
  8
Layer 1
370
     0
100
AcDbVertex
100
AcDb2dVertex
 10
905.83984375
 20
68.2978515625
 30
0.0
  0
VERTEX
  5
678
330
56A
100
AcDbEntity
  8
Layer 1
370
     0
100
AcDbVertex
100
AcDb2dVertex
 10
905.9140625
 20
68.52734375
 30
0.0
  0
VERTEX
  5
679
330
56A
100
AcDbEntity
  8
Layer 1
370
     0
100
AcDbVertex
100
AcDb2dVertex
 10
906.0107421875
 20
68.787109375
 30
0.0
  0
VERTEX
  5
67A
330
56A
100
AcDbEntity
  8
Layer 1
370
     0
100
AcDbVertex
100
AcDb2dVertex
 10
906.1015625
 20
69.0673828125
 30
0.0
  0
VERTEX
  5
67B
330
56A
100
AcDbEntity
  8
Layer 1
370
     0
100
AcDbVertex
100
AcDb2dVertex
 10
906.1572265625
 20
69.3564453125
 30
0.0
  0
VERTEX
  5
67C
330
56A
100
AcDbEntity
  8
Layer 1
370
     0
100
AcDbVertex
100
AcDb2dVertex
 10
906.1611328125
 20
69.6171875
 30
0.0
  0
VERTEX
  5
67D
330
56A
100
AcDbEntity
  8
Layer 1
370
     0
100
AcDbVertex
100
AcDb2dVertex
 10
906.1328125
 20
69.876953125
 30
0.0
  0
VERTEX
  5
67E
330
56A
100
AcDbEntity
  8
Layer 1
370
     0
100
AcDbVertex
100
AcDb2dVertex
 10
906.08984375
 20
70.1416015625
 30
0.0
  0
VERTEX
  5
67F
330
56A
100
AcDbEntity
  8
Layer 1
370
     0
100
AcDbVertex
100
AcDb2dVertex
 10
906.05078125
 20
70.4150390625
 30
0.0
  0
VERTEX
  5
680
330
56A
100
AcDbEntity
  8
Layer 1
370
     0
100
AcDbVertex
100
AcDb2dVertex
 10
906.0166015625
 20
70.6611328125
 30
0.0
  0
VERTEX
  5
681
330
56A
100
AcDbEntity
  8
Layer 1
370
     0
100
AcDbVertex
100
AcDb2dVertex
 10
905.9765625
 20
70.9296875
 30
0.0
  0
VERTEX
  5
682
330
56A
100
AcDbEntity
  8
Layer 1
370
     0
100
AcDbVertex
100
AcDb2dVertex
 10
905.947265625
 20
71.2060546875
 30
0.0
  0
VERTEX
  5
683
330
56A
100
AcDbEntity
  8
Layer 1
370
     0
100
AcDbVertex
100
AcDb2dVertex
 10
905.9453125
 20
71.4736328125
 30
0.0
  0
VERTEX
  5
684
330
56A
100
AcDbEntity
  8
Layer 1
370
     0
100
AcDbVertex
100
AcDb2dVertex
 10
906.0244140625
 20
71.8955078125
 30
0.0
  0
VERTEX
  5
685
330
56A
100
AcDbEntity
  8
Layer 1
370
     0
100
AcDbVertex
100
AcDb2dVertex
 10
906.1748046875
 20
72.380859375
 30
0.0
  0
VERTEX
  5
686
330
56A
100
AcDbEntity
  8
Layer 1
370
     0
100
AcDbVertex
100
AcDb2dVertex
 10
906.341796875
 20
72.8896484375
 30
0.0
  0
VERTEX
  5
687
330
56A
100
AcDbEntity
  8
Layer 1
370
     0
100
AcDbVertex
100
AcDb2dVertex
 10
906.474609375
 20
73.3798828125
 30
0.0
  0
VERTEX
  5
688
330
56A
100
AcDbEntity
  8
Layer 1
370
     0
100
AcDbVertex
100
AcDb2dVertex
 10
906.501953125
 20
73.546875
 30
0.0
  0
VERTEX
  5
689
330
56A
100
AcDbEntity
  8
Layer 1
370
     0
100
AcDbVertex
100
AcDb2dVertex
 10
906.521484375
 20
73.7080078125
 30
0.0
  0
VERTEX
  5
68A
330
56A
100
AcDbEntity
  8
Layer 1
370
     0
100
AcDbVertex
100
AcDb2dVertex
 10
906.5439453125
 20
73.86328125
 30
0.0
  0
VERTEX
  5
68B
330
56A
100
AcDbEntity
  8
Layer 1
370
     0
100
AcDbVertex
100
AcDb2dVertex
 10
906.5810546875
 20
74.015625
 30
0.0
  0
VERTEX
  5
68C
330
56A
100
AcDbEntity
  8
Layer 1
370
     0
100
AcDbVertex
100
AcDb2dVertex
 10
906.59765625
 20
74.029296875
 30
0.0
  0
VERTEX
  5
68D
330
56A
100
AcDbEntity
  8
Layer 1
370
     0
100
AcDbVertex
100
AcDb2dVertex
 10
906.62890625
 20
74.046875
 30
0.0
  0
VERTEX
  5
68E
330
56A
100
AcDbEntity
  8
Layer 1
370
     0
100
AcDbVertex
100
AcDb2dVertex
 10
906.6630859375
 20
74.076171875
 30
0.0
  0
VERTEX
  5
68F
330
56A
100
AcDbEntity
  8
Layer 1
370
     0
100
AcDbVertex
100
AcDb2dVertex
 10
906.6865234375
 20
74.12109375
 30
0.0
  0
VERTEX
  5
690
330
56A
100
AcDbEntity
  8
Layer 1
370
     0
100
AcDbVertex
100
AcDb2dVertex
 10
906.7646484375
 20
74.3671875
 30
0.0
  0
VERTEX
  5
691
330
56A
100
AcDbEntity
  8
Layer 1
370
     0
100
AcDbVertex
100
AcDb2dVertex
 10
906.8662109375
 20
74.6005859375
 30
0.0
  0
VERTEX
  5
692
330
56A
100
AcDbEntity
  8
Layer 1
370
     0
100
AcDbVertex
100
AcDb2dVertex
 10
906.984375
 20
74.833984375
 30
0.0
  0
VERTEX
  5
693
330
56A
100
AcDbEntity
  8
Layer 1
370
     0
100
AcDbVertex
100
AcDb2dVertex
 10
907.1103515625
 20
75.07421875
 30
0.0
  0
VERTEX
  5
694
330
56A
100
AcDbEntity
  8
Layer 1
370
     0
100
AcDbVertex
100
AcDb2dVertex
 10
907.1689453125
 20
75.2099609375
 30
0.0
  0
VERTEX
  5
695
330
56A
100
AcDbEntity
  8
Layer 1
370
     0
100
AcDbVertex
100
AcDb2dVertex
 10
907.2177734375
 20
75.3505859375
 30
0.0
  0
VERTEX
  5
696
330
56A
100
AcDbEntity
  8
Layer 1
370
     0
100
AcDbVertex
100
AcDb2dVertex
 10
907.265625
 20
75.486328125
 30
0.0
  0
VERTEX
  5
697
330
56A
100
AcDbEntity
  8
Layer 1
370
     0
100
AcDbVertex
100
AcDb2dVertex
 10
907.322265625
 20
75.603515625
 30
0.0
  0
VERTEX
  5
698
330
56A
100
AcDbEntity
  8
Layer 1
370
     0
100
AcDbVertex
100
AcDb2dVertex
 10
907.40234375
 20
75.720703125
 30
0.0
  0
VERTEX
  5
699
330
56A
100
AcDbEntity
  8
Layer 1
370
     0
100
AcDbVertex
100
AcDb2dVertex
 10
907.490234375
 20
75.8310546875
 30
0.0
  0
VERTEX
  5
69A
330
56A
100
AcDbEntity
  8
Layer 1
370
     0
100
AcDbVertex
100
AcDb2dVertex
 10
907.5732421875
 20
75.93359375
 30
0.0
  0
VERTEX
  5
69B
330
56A
100
AcDbEntity
  8
Layer 1
370
     0
100
AcDbVertex
100
AcDb2dVertex
 10
907.6396484375
 20
76.02734375
 30
0.0
  0
VERTEX
  5
69C
330
56A
100
AcDbEntity
  8
Layer 1
370
     0
100
AcDbVertex
100
AcDb2dVertex
 10
907.6591796875
 20
76.0673828125
 30
0.0
  0
VERTEX
  5
69D
330
56A
100
AcDbEntity
  8
Layer 1
370
     0
100
AcDbVertex
100
AcDb2dVertex
 10
907.69140625
 20
76.13671875
 30
0.0
  0
VERTEX
  5
69E
330
56A
100
AcDbEntity
  8
Layer 1
370
     0
100
AcDbVertex
100
AcDb2dVertex
 10
907.7236328125
 20
76.205078125
 30
0.0
  0
VERTEX
  5
69F
330
56A
100
AcDbEntity
  8
Layer 1
370
     0
100
AcDbVertex
100
AcDb2dVertex
 10
907.7451171875
 20
76.23828125
 30
0.0
  0
VERTEX
  5
6A0
330
56A
100
AcDbEntity
  8
Layer 1
370
     0
100
AcDbVertex
100
AcDb2dVertex
 10
907.7451171875
 20
76.23828125
 30
0.0
  0
SEQEND
  5
6A1
330
56A
100
AcDbEntity
  8
Layer 1
370
     0
  0
HATCH
  5
6A2
330
1F
100
AcDbEntity
  8
Layer 1
 62
     7
420
 16777215
100
AcDbHatch
 10
0.0
 20
0.0
 30
0.0
210
0.0
220
0.0
230
1.0
  2
SOLID
 70
     1
 71
     0
 91
        1
 92
        1
 93
      308
 72
     1
 10
907.7451171875
 20
76.23828125
 11
907.767578125
 21
76.26171875
 72
     1
 10
907.767578125
 20
76.26171875
 11
907.7783203125
 21
76.2919921875
 72
     1
 10
907.7783203125
 20
76.2919921875
 11
907.798828125
 21
76.3212890625
 72
     1
 10
907.798828125
 20
76.3212890625
 11
907.8515625
 21
76.3447265625
 72
     1
 10
907.8515625
 20
76.3447265625
 11
908.4052734375
 21
76.3603515625
 72
     1
 10
908.4052734375
 20
76.3603515625
 11
908.537109375
 21
76.0859375
 72
     1
 10
908.537109375
 20
76.0859375
 11
908.4580078125
 21
75.623046875
 72
     1
 10
908.4580078125
 20
75.623046875
 11
908.380859375
 21
75.07421875
 72
     1
 10
908.380859375
 20
75.07421875
 11
908.4072265625
 21
74.5576171875
 72
     1
 10
908.4072265625
 20
74.5576171875
 11
908.47265625
 21
73.9560546875
 72
     1
 10
908.47265625
 20
73.9560546875
 11
908.5458984375
 21
73.4375
 72
     1
 10
908.5458984375
 20
73.4375
 11
908.5927734375
 21
73.16796875
 72
     1
 10
908.5927734375
 20
73.16796875
 11
908.6337890625
 21
73.078125
 72
     1
 10
908.6337890625
 20
73.078125
 11
908.6943359375
 21
72.9951171875
 72
     1
 10
908.6943359375
 20
72.9951171875
 11
908.7578125
 21
72.919921875
 72
     1
 10
908.7578125
 20
72.919921875
 11
908.8046875
 21
72.8505859375
 72
     1
 10
908.8046875
 20
72.8505859375
 11
908.8798828125
 21
72.6708984375
 72
     1
 10
908.8798828125
 20
72.6708984375
 11
908.9443359375
 21
72.486328125
 72
     1
 10
908.9443359375
 20
72.486328125
 11
909.0185546875
 21
72.298828125
 72
     1
 10
909.0185546875
 20
72.298828125
 11
909.1220703125
 21
72.109375
 72
     1
 10
909.1220703125
 20
72.109375
 11
909.1884765625
 21
72.005859375
 72
     1
 10
909.1884765625
 20
72.005859375
 11
909.2578125
 21
71.904296875
 72
     1
 10
909.2578125
 20
71.904296875
 11
909.337890625
 21
71.798828125
 72
     1
 10
909.337890625
 20
71.798828125
 11
909.439453125
 21
71.685546875
 72
     1
 10
909.439453125
 20
71.685546875
 11
909.4912109375
 21
71.59375
 72
     1
 10
909.4912109375
 20
71.59375
 11
909.529296875
 21
71.46484375
 72
     1
 10
909.529296875
 20
71.46484375
 11
909.576171875
 21
71.314453125
 72
     1
 10
909.576171875
 20
71.314453125
 11
909.6513671875
 21
71.15625
 72
     1
 10
909.6513671875
 20
71.15625
 11
909.748046875
 21
71.0244140625
 72
     1
 10
909.748046875
 20
71.0244140625
 11
909.8583984375
 21
70.8974609375
 72
     1
 10
909.8583984375
 20
70.8974609375
 11
909.970703125
 21
70.767578125
 72
     1
 10
909.970703125
 20
70.767578125
 11
910.0751953125
 21
70.626953125
 72
     1
 10
910.0751953125
 20
70.626953125
 11
910.2294921875
 21
70.39453125
 72
     1
 10
910.2294921875
 20
70.39453125
 11
910.3896484375
 21
70.1640625
 72
     1
 10
910.3896484375
 20
70.1640625
 11
910.55078125
 21
69.927734375
 72
     1
 10
910.55078125
 20
69.927734375
 11
910.7099609375
 21
69.673828125
 72
     1
 10
910.7099609375
 20
69.673828125
 11
910.828125
 21
69.4658203125
 72
     1
 10
910.828125
 20
69.4658203125
 11
910.962890625
 21
69.21875
 72
     1
 10
910.962890625
 20
69.21875
 11
911.1025390625
 21
68.9609375
 72
     1
 10
911.1025390625
 20
68.9609375
 11
911.2392578125
 21
68.720703125
 72
     1
 10
911.2392578125
 20
68.720703125
 11
911.291015625
 21
68.6396484375
 72
     1
 10
911.291015625
 20
68.6396484375
 11
911.349609375
 21
68.5556640625
 72
     1
 10
911.349609375
 20
68.5556640625
 11
911.4052734375
 21
68.474609375
 72
     1
 10
911.4052734375
 20
68.474609375
 11
911.451171875
 21
68.4033203125
 72
     1
 10
911.451171875
 20
68.4033203125
 11
911.6318359375
 21
68.126953125
 72
     1
 10
911.6318359375
 20
68.126953125
 11
911.8408203125
 21
67.8828125
 72
     1
 10
911.8408203125
 20
67.8828125
 11
912.119140625
 21
67.6337890625
 72
     1
 10
912.119140625
 20
67.6337890625
 11
912.509765625
 21
67.3447265625
 72
     1
 10
912.509765625
 20
67.3447265625
 11
912.6728515625
 21
67.2236328125
 72
     1
 10
912.6728515625
 20
67.2236328125
 11
912.85546875
 21
67.0830078125
 72
     1
 10
912.85546875
 20
67.0830078125
 11
913.0498046875
 21
66.94140625
 72
     1
 10
913.0498046875
 20
66.94140625
 11
913.2509765625
 21
66.8154296875
 72
     1
 10
913.2509765625
 20
66.8154296875
 11
913.3955078125
 21
66.744140625
 72
     1
 10
913.3955078125
 20
66.744140625
 11
913.564453125
 21
66.703125
 72
     1
 10
913.564453125
 20
66.703125
 11
913.7890625
 21
66.71875
 72
     1
 10
913.7890625
 20
66.71875
 11
914.0986328125
 21
66.8154296875
 72
     1
 10
914.0986328125
 20
66.8154296875
 11
914.1181640625
 21
66.8388671875
 72
     1
 10
914.1181640625
 20
66.8388671875
 11
914.126953125
 21
66.873046875
 72
     1
 10
914.126953125
 20
66.873046875
 11
914.146484375
 21
66.904296875
 72
     1
 10
914.146484375
 20
66.904296875
 11
914.2041015625
 21
66.9208984375
 72
     1
 10
914.2041015625
 20
66.9208984375
 11
914.3466796875
 21
66.9462890625
 72
     1
 10
914.3466796875
 20
66.9462890625
 11
914.45703125
 21
66.970703125
 72
     1
 10
914.45703125
 20
66.970703125
 11
914.5732421875
 21
66.943359375
 72
     1
 10
914.5732421875
 20
66.943359375
 11
914.7333984375
 21
66.8154296875
 72
     1
 10
914.7333984375
 20
66.8154296875
 11
914.8125
 21
66.705078125
 72
     1
 10
914.8125
 20
66.705078125
 11
914.8759765625
 21
66.5712890625
 72
     1
 10
914.8759765625
 20
66.5712890625
 11
914.9482421875
 21
66.427734375
 72
     1
 10
914.9482421875
 20
66.427734375
 11
915.05078125
 21
66.2861328125
 72
     1
 10
915.05078125
 20
66.2861328125
 11
915.09765625
 21
66.255859375
 72
     1
 10
915.09765625
 20
66.255859375
 11
915.1591796875
 21
66.2333984375
 72
     1
 10
915.1591796875
 20
66.2333984375
 11
915.2197265625
 21
66.2109375
 72
     1
 10
915.2197265625
 20
66.2109375
 11
915.2626953125
 21
66.1796875
 72
     1
 10
915.2626953125
 20
66.1796875
 11
915.296875
 21
66.1083984375
 72
     1
 10
915.296875
 20
66.1083984375
 11
915.314453125
 21
66.025390625
 72
     1
 10
915.314453125
 20
66.025390625
 11
915.33203125
 21
65.939453125
 72
     1
 10
915.33203125
 20
65.939453125
 11
915.369140625
 21
65.8623046875
 72
     1
 10
915.369140625
 20
65.8623046875
 11
915.4140625
 21
65.830078125
 72
     1
 10
915.4140625
 20
65.830078125
 11
915.4765625
 21
65.80859375
 72
     1
 10
915.4765625
 20
65.80859375
 11
915.5380859375
 21
65.787109375
 72
     1
 10
915.5380859375
 20
65.787109375
 11
915.580078125
 21
65.7568359375
 72
     1
 10
915.580078125
 20
65.7568359375
 11
915.6123046875
 21
65.685546875
 72
     1
 10
915.6123046875
 20
65.685546875
 11
915.630859375
 21
65.6005859375
 72
     1
 10
915.630859375
 20
65.6005859375
 11
915.6494140625
 21
65.5146484375
 72
     1
 10
915.6494140625
 20
65.5146484375
 11
915.6865234375
 21
65.4384765625
 72
     1
 10
915.6865234375
 20
65.4384765625
 11
915.7314453125
 21
65.4072265625
 72
     1
 10
915.7314453125
 20
65.4072265625
 11
915.79296875
 21
65.384765625
 72
     1
 10
915.79296875
 20
65.384765625
 11
915.8544921875
 21
65.36328125
 72
     1
 10
915.8544921875
 20
65.36328125
 11
915.8984375
 21
65.3330078125
 72
     1
 10
915.8984375
 20
65.3330078125
 11
916.056640625
 21
65.10546875
 72
     1
 10
916.056640625
 20
65.10546875
 11
916.208984375
 21
64.8642578125
 72
     1
 10
916.208984375
 20
64.8642578125
 11
916.3642578125
 21
64.619140625
 72
     1
 10
916.3642578125
 20
64.619140625
 11
916.533203125
 21
64.3798828125
 72
     1
 10
916.533203125
 20
64.3798828125
 11
916.6123046875
 21
64.3212890625
 72
     1
 10
916.6123046875
 20
64.3212890625
 11
916.71484375
 21
64.265625
 72
     1
 10
916.71484375
 20
64.265625
 11
916.806640625
 21
64.1875
 72
     1
 10
916.806640625
 20
64.1875
 11
916.8515625
 21
64.0625
 72
     1
 10
916.8515625
 20
64.0625
 11
916.8896484375
 21
63.9658203125
 72
     1
 10
916.8896484375
 20
63.9658203125
 11
916.9775390625
 21
63.810546875
 72
     1
 10
916.9775390625
 20
63.810546875
 11
917.08203125
 21
63.6484375
 72
     1
 10
917.08203125
 20
63.6484375
 11
917.1689453125
 21
63.533203125
 72
     1
 10
917.1689453125
 20
63.533203125
 11
917.376953125
 21
63.33984375
 72
     1
 10
917.376953125
 20
63.33984375
 11
917.6201171875
 21
63.16015625
 72
     1
 10
917.6201171875
 20
63.16015625
 11
917.8759765625
 21
62.9814453125
 72
     1
 10
917.8759765625
 20
62.9814453125
 11
918.1220703125
 21
62.7919921875
 72
     1
 10
918.1220703125
 20
62.7919921875
 11
918.3564453125
 21
62.5703125
 72
     1
 10
918.3564453125
 20
62.5703125
 11
918.56640625
 21
62.353515625
 72
     1
 10
918.56640625
 20
62.353515625
 11
918.765625
 21
62.1708984375
 72
     1
 10
918.765625
 20
62.1708984375
 11
918.96875
 21
62.05078125
 72
     1
 10
918.96875
 20
62.05078125
 11
919.0185546875
 21
62.04296875
 72
     1
 10
919.0185546875
 20
62.04296875
 11
919.0732421875
 21
62.0478515625
 72
     1
 10
919.0732421875
 20
62.0478515625
 11
919.12890625
 21
62.0537109375
 72
     1
 10
919.12890625
 20
62.0537109375
 11
919.1806640625
 21
62.05078125
 72
     1
 10
919.1806640625
 20
62.05078125
 11
919.4169921875
 21
62.005859375
 72
     1
 10
919.4169921875
 20
62.005859375
 11
919.8330078125
 21
61.9404296875
 72
     1
 10
919.8330078125
 20
61.9404296875
 11
920.3193359375
 21
61.8779296875
 72
     1
 10
920.3193359375
 20
61.8779296875
 11
920.7685546875
 21
61.8388671875
 72
     1
 10
920.7685546875
 20
61.8388671875
 11
921.060546875
 21
61.8310546875
 72
     1
 10
921.060546875
 20
61.8310546875
 11
921.2470703125
 21
61.7822265625
 72
     1
 10
921.2470703125
 20
61.7822265625
 11
921.326171875
 21
61.6025390625
 72
     1
 10
921.326171875
 20
61.6025390625
 11
921.2978515625
 21
61.203125
 72
     1
 10
921.2978515625
 20
61.203125
 11
921.2626953125
 21
61.0556640625
 72
     1
 10
921.2626953125
 20
61.0556640625
 11
921.21484375
 21
60.9599609375
 72
     1
 10
921.21484375
 20
60.9599609375
 11
921.1552734375
 21
60.880859375
 72
     1
 10
921.1552734375
 20
60.880859375
 11
921.0859375
 21
60.7802734375
 72
     1
 10
921.0859375
 20
60.7802734375
 11
920.892578125
 21
60.5390625
 72
     1
 10
920.892578125
 20
60.5390625
 11
920.6904296875
 21
60.3828125
 72
     1
 10
920.6904296875
 20
60.3828125
 11
920.52734375
 21
60.2919921875
 72
     1
 10
920.52734375
 20
60.2919921875
 11
920.451171875
 21
60.2509765625
 72
     1
 10
920.451171875
 20
60.2509765625
 11
920.4169921875
 21
60.1484375
 72
     1
 10
920.4169921875
 20
60.1484375
 11
920.3955078125
 21
59.9970703125
 72
     1
 10
920.3955078125
 20
59.9970703125
 11
920.3759765625
 21
59.8408203125
 72
     1
 10
920.3759765625
 20
59.8408203125
 11
920.345703125
 21
59.7216796875
 72
     1
 10
920.345703125
 20
59.7216796875
 11
920.3017578125
 21
59.6474609375
 72
     1
 10
920.3017578125
 20
59.6474609375
 11
920.2451171875
 21
59.568359375
 72
     1
 10
920.2451171875
 20
59.568359375
 11
920.185546875
 21
59.4873046875
 72
     1
 10
920.185546875
 20
59.4873046875
 11
920.1337890625
 21
59.4033203125
 72
     1
 10
920.1337890625
 20
59.4033203125
 11
919.9375
 21
59.0634765625
 72
     1
 10
919.9375
 20
59.0634765625
 11
919.71484375
 21
58.703125
 72
     1
 10
919.71484375
 20
58.703125
 11
919.490234375
 21
58.322265625
 72
     1
 10
919.490234375
 20
58.322265625
 11
919.2861328125
 21
57.9208984375
 72
     1
 10
919.2861328125
 20
57.9208984375
 11
919.283203125
 21
57.8759765625
 72
     1
 10
919.283203125
 20
57.8759765625
 11
919.291015625
 21
57.810546875
 72
     1
 10
919.291015625
 20
57.810546875
 11
919.2958984375
 21
57.748046875
 72
     1
 10
919.2958984375
 20
57.748046875
 11
919.2861328125
 21
57.708984375
 72
     1
 10
919.2861328125
 20
57.708984375
 11
919.240234375
 21
57.6689453125
 72
     1
 10
919.240234375
 20
57.6689453125
 11
919.1728515625
 21
57.60546875
 72
     1
 10
919.1728515625
 20
57.60546875
 11
919.109375
 21
57.541015625
 72
     1
 10
919.109375
 20
57.541015625
 11
919.07421875
 21
57.498046875
 72
     1
 10
919.07421875
 20
57.498046875
 11
919.04296875
 21
57.392578125
 72
     1
 10
919.04296875
 20
57.392578125
 11
919.0302734375
 21
57.28125
 72
     1
 10
919.0302734375
 20
57.28125
 11
919.0126953125
 21
57.1728515625
 72
     1
 10
919.0126953125
 20
57.1728515625
 11
918.96875
 21
57.07421875
 72
     1
 10
918.96875
 20
57.07421875
 11
918.685546875
 21
56.76953125
 72
     1
 10
918.685546875
 20
56.76953125
 11
918.2880859375
 21
56.466796875
 72
     1
 10
918.2880859375
 20
56.466796875
 11
917.833984375
 21
56.17578125
 72
     1
 10
917.833984375
 20
56.17578125
 11
917.380859375
 21
55.9091796875
 72
     1
 10
917.380859375
 20
55.9091796875
 11
917.2353515625
 21
55.818359375
 72
     1
 10
917.2353515625
 20
55.818359375
 11
917.1015625
 21
55.7265625
 72
     1
 10
917.1015625
 20
55.7265625
 11
916.974609375
 21
55.6474609375
 72
     1
 10
916.974609375
 20
55.6474609375
 11
916.8515625
 21
55.591796875
 72
     1
 10
916.8515625
 20
55.591796875
 11
916.544921875
 21
55.5234375
 72
     1
 10
916.544921875
 20
55.5234375
 11
916.0234375
 21
55.4375
 72
     1
 10
916.0234375
 20
55.4375
 11
915.466796875
 21
55.375
 72
     1
 10
915.466796875
 20
55.375
 11
915.05078125
 21
55.3798828125
 72
     1
 10
915.05078125
 20
55.3798828125
 11
915.0166015625
 21
55.3984375
 72
     1
 10
915.0166015625
 20
55.3984375
 11
914.970703125
 21
55.43359375
 72
     1
 10
914.970703125
 20
55.43359375
 11
914.912109375
 21
55.46875
 72
     1
 10
914.912109375
 20
55.46875
 11
914.83984375
 21
55.486328125
 72
     1
 10
914.83984375
 20
55.486328125
 11
914.66015625
 21
55.5361328125
 72
     1
 10
914.66015625
 20
55.5361328125
 11
914.5166015625
 21
55.642578125
 72
     1
 10
914.5166015625
 20
55.642578125
 11
914.375
 21
55.7763671875
 72
     1
 10
914.375
 20
55.7763671875
 11
914.2041015625
 21
55.9091796875
 72
     1
 10
914.2041015625
 20
55.9091796875
 11
914.1328125
 21
55.939453125
 72
     1
 10
914.1328125
 20
55.939453125
 11
914.05078125
 21
55.9580078125
 72
     1
 10
914.05078125
 20
55.9580078125
 11
913.966796875
 21
55.9794921875
 72
     1
 10
913.966796875
 20
55.9794921875
 11
913.88671875
 21
56.015625
 72
     1
 10
913.88671875
 20
56.015625
 11
913.857421875
 21
56.056640625
 72
     1
 10
913.857421875
 20
56.056640625
 11
913.8310546875
 21
56.125
 72
     1
 10
913.8310546875
 20
56.125
 11
913.8056640625
 21
56.19140625
 72
     1
 10
913.8056640625
 20
56.19140625
 11
913.7802734375
 21
56.2275390625
 72
     1
 10
913.7802734375
 20
56.2275390625
 11
913.6787109375
 21
56.2724609375
 72
     1
 10
913.6787109375
 20
56.2724609375
 11
913.578125
 21
56.318359375
 72
     1
 10
913.578125
 20
56.318359375
 11
913.4736328125
 21
56.3720703125
 72
     1
 10
913.4736328125
 20
56.3720703125
 11
913.357421875
 21
56.439453125
 72
     1
 10
913.357421875
 20
56.439453125
 11
913.298828125
 21
56.48828125
 72
     1
 10
913.298828125
 20
56.48828125
 11
913.244140625
 21
56.5517578125
 72
     1
 10
913.244140625
 20
56.5517578125
 11
913.1923828125
 21
56.611328125
 72
     1
 10
913.1923828125
 20
56.611328125
 11
913.1455078125
 21
56.650390625
 72
     1
 10
913.1455078125
 20
56.650390625
 11
912.94140625
 21
56.712890625
 72
     1
 10
912.94140625
 20
56.712890625
 11
912.7666015625
 21
56.685546875
 72
     1
 10
912.7666015625
 20
56.685546875
 11
912.595703125
 21
56.6142578125
 72
     1
 10
912.595703125
 20
56.6142578125
 11
912.404296875
 21
56.544921875
 72
     1
 10
912.404296875
 20
56.544921875
 11
912.353515625
 21
56.5419921875
 72
     1
 10
912.353515625
 20
56.5419921875
 11
912.296875
 21
56.5478515625
 72
     1
 10
912.296875
 20
56.5478515625
 11
912.2421875
 21
56.552734375
 72
     1
 10
912.2421875
 20
56.552734375
 11
912.1923828125
 21
56.544921875
 72
     1
 10
912.1923828125
 20
56.544921875
 11
912.1396484375
 21
56.50390625
 72
     1
 10
912.1396484375
 20
56.50390625
 11
912.08203125
 21
56.4375
 72
     1
 10
912.08203125
 20
56.4375
 11
912.0263671875
 21
56.3720703125
 72
     1
 10
912.0263671875
 20
56.3720703125
 11
911.98046875
 21
56.3330078125
 72
     1
 10
911.98046875
 20
56.3330078125
 11
911.931640625
 21
56.32421875
 72
     1
 10
911.931640625
 20
56.32421875
 11
911.8759765625
 21
56.3291015625
 72
     1
 10
911.8759765625
 20
56.3291015625
 11
911.8193359375
 21
56.3359375
 72
     1
 10
911.8193359375
 20
56.3359375
 11
911.7685546875
 21
56.3330078125
 72
     1
 10
911.7685546875
 20
56.3330078125
 11
911.306640625
 21
56.21484375
 72
     1
 10
911.306640625
 20
56.21484375
 11
910.7099609375
 21
56.0849609375
 72
     1
 10
910.7099609375
 20
56.0849609375
 11
910.033203125
 21
56.0
 72
     1
 10
910.033203125
 20
56.0
 11
909.333984375
 21
56.015625
 72
     1
 10
909.333984375
 20
56.015625
 11
909.193359375
 21
56.044921875
 72
     1
 10
909.193359375
 20
56.044921875
 11
909.041015625
 21
56.095703125
 72
     1
 10
909.041015625
 20
56.095703125
 11
908.876953125
 21
56.158203125
 72
     1
 10
908.876953125
 20
56.158203125
 11
908.6982421875
 21
56.2275390625
 72
     1
 10
908.6982421875
 20
56.2275390625
 11
908.396484375
 21
56.3359375
 72
     1
 10
908.396484375
 20
56.3359375
 11
908.181640625
 21
56.4248046875
 72
     1
 10
908.181640625
 20
56.4248046875
 11
907.9873046875
 21
56.546875
 72
     1
 10
907.9873046875
 20
56.546875
 11
907.7451171875
 21
56.7568359375
 72
     1
 10
907.7451171875
 20
56.7568359375
 11
907.7041015625
 21
56.779296875
 72
     1
 10
907.7041015625
 20
56.779296875
 11
907.634765625
 21
56.8095703125
 72
     1
 10
907.634765625
 20
56.8095703125
 11
907.568359375
 21
56.83984375
 72
     1
 10
907.568359375
 20
56.83984375
 11
907.533203125
 21
56.8623046875
 72
     1
 10
907.533203125
 20
56.8623046875
 11
907.529296875
 21
56.91015625
 72
     1
 10
907.529296875
 20
56.91015625
 11
907.5380859375
 21
56.97265625
 72
     1
 10
907.5380859375
 20
56.97265625
 11
907.544921875
 21
57.033203125
 72
     1
 10
907.544921875
 20
57.033203125
 11
907.533203125
 21
57.07421875
 72
     1
 10
907.533203125
 20
57.07421875
 11
907.3701171875
 21
57.220703125
 72
     1
 10
907.3701171875
 20
57.220703125
 11
907.197265625
 21
57.3515625
 72
     1
 10
907.197265625
 20
57.3515625
 11
907.033203125
 21
57.4775390625
 72
     1
 10
907.033203125
 20
57.4775390625
 11
906.8984375
 21
57.603515625
 72
     1
 10
906.8984375
 20
57.603515625
 11
906.890625
 21
57.6474609375
 72
     1
 10
906.890625
 20
57.6474609375
 11
906.900390625
 21
57.7119140625
 72
     1
 10
906.900390625
 20
57.7119140625
 11
906.9091796875
 21
57.775390625
 72
     1
 10
906.9091796875
 20
57.775390625
 11
906.8984375
 21
57.8154296875
 72
     1
 10
906.8984375
 20
57.8154296875
 11
906.6650390625
 21
58.0087890625
 72
     1
 10
906.6650390625
 20
58.0087890625
 11
906.3359375
 21
58.296875
 72
     1
 10
906.3359375
 20
58.296875
 11
906.0234375
 21
58.6103515625
 72
     1
 10
906.0234375
 20
58.6103515625
 11
905.83984375
 21
58.8740234375
 72
     1
 10
905.83984375
 20
58.8740234375
 11
905.796875
 21
59.083984375
 72
     1
 10
905.796875
 20
59.083984375
 11
905.767578125
 21
59.3896484375
 72
     1
 10
905.767578125
 20
59.3896484375
 11
905.7470703125
 21
59.7021484375
 72
     1
 10
905.7470703125
 20
59.7021484375
 11
905.7333984375
 21
59.9326171875
 72
     1
 10
905.7333984375
 20
59.9326171875
 11
905.7197265625
 21
60.25
 72
     1
 10
905.7197265625
 20
60.25
 11
905.716796875
 21
60.5595703125
 72
     1
 10
905.716796875
 20
60.5595703125
 11
905.72265625
 21
60.8466796875
 72
     1
 10
905.72265625
 20
60.8466796875
 11
905.7333984375
 21
61.09765625
 72
     1
 10
905.7333984375
 20
61.09765625
 11
905.767578125
 21
61.322265625
 72
     1
 10
905.767578125
 20
61.322265625
 11
905.8212890625
 21
61.5849609375
 72
     1
 10
905.8212890625
 20
61.5849609375
 11
905.8583984375
 21
61.869140625
 72
     1
 10
905.8583984375
 20
61.869140625
 11
905.83984375
 21
62.15625
 72
     1
 10
905.83984375
 20
62.15625
 11
905.34375
 21
62.919921875
 72
     1
 10
905.34375
 20
62.919921875
 11
904.5498046875
 21
63.474609375
 72
     1
 10
904.5498046875
 20
63.474609375
 11
903.8974609375
 21
64.138671875
 72
     1
 10
903.8974609375
 20
64.138671875
 11
903.828125
 21
65.2265625
 72
     1
 10
903.828125
 20
65.2265625
 11
903.94921875
 21
65.4697265625
 72
     1
 10
903.94921875
 20
65.4697265625
 11
904.1494140625
 21
65.662109375
 72
     1
 10
904.1494140625
 20
65.662109375
 11
904.400390625
 21
65.849609375
 72
     1
 10
904.400390625
 20
65.849609375
 11
904.6748046875
 21
66.07421875
 72
     1
 10
904.6748046875
 20
66.07421875
 11
904.919921875
 21
66.310546875
 72
     1
 10
904.919921875
 20
66.310546875
 11
905.134765625
 21
66.537109375
 72
     1
 10
905.134765625
 20
66.537109375
 11
905.3056640625
 21
66.744140625
 72
     1
 10
905.3056640625
 20
66.744140625
 11
905.416015625
 21
66.9208984375
 72
     1
 10
905.416015625
 20
66.9208984375
 11
905.4873046875
 21
67.140625
 72
     1
 10
905.4873046875
 20
67.140625
 11
905.5556640625
 21
67.451171875
 72
     1
 10
905.5556640625
 20
67.451171875
 11
905.6328125
 21
67.814453125
 72
     1
 10
905.6328125
 20
67.814453125
 11
905.7333984375
 21
68.19140625
 72
     1
 10
905.7333984375
 20
68.19140625
 11
905.75
 21
68.205078125
 72
     1
 10
905.75
 20
68.205078125
 11
905.7822265625
 21
68.2236328125
 72
     1
 10
905.7822265625
 20
68.2236328125
 11
905.81640625
 21
68.2529296875
 72
     1
 10
905.81640625
 20
68.2529296875
 11
905.83984375
 21
68.2978515625
 72
     1
 10
905.83984375
 20
68.2978515625
 11
905.9140625
 21
68.52734375
 72
     1
 10
905.9140625
 20
68.52734375
 11
906.0107421875
 21
68.787109375
 72
     1
 10
906.0107421875
 20
68.787109375
 11
906.1015625
 21
69.0673828125
 72
     1
 10
906.1015625
 20
69.0673828125
 11
906.1572265625
 21
69.3564453125
 72
     1
 10
906.1572265625
 20
69.3564453125
 11
906.1611328125
 21
69.6171875
 72
     1
 10
906.1611328125
 20
69.6171875
 11
906.1328125
 21
69.876953125
 72
     1
 10
906.1328125
 20
69.876953125
 11
906.08984375
 21
70.1416015625
 72
     1
 10
906.08984375
 20
70.1416015625
 11
906.05078125
 21
70.4150390625
 72
     1
 10
906.05078125
 20
70.4150390625
 11
906.0166015625
 21
70.6611328125
 72
     1
 10
906.0166015625
 20
70.6611328125
 11
905.9765625
 21
70.9296875
 72
     1
 10
905.9765625
 20
70.9296875
 11
905.947265625
 21
71.2060546875
 72
     1
 10
905.947265625
 20
71.2060546875
 11
905.9453125
 21
71.4736328125
 72
     1
 10
905.9453125
 20
71.4736328125
 11
906.0244140625
 21
71.8955078125
 72
     1
 10
906.0244140625
 20
71.8955078125
 11
906.1748046875
 21
72.380859375
 72
     1
 10
906.1748046875
 20
72.380859375
 11
906.341796875
 21
72.8896484375
 72
     1
 10
906.341796875
 20
72.8896484375
 11
906.474609375
 21
73.3798828125
 72
     1
 10
906.474609375
 20
73.3798828125
 11
906.501953125
 21
73.546875
 72
     1
 10
906.501953125
 20
73.546875
 11
906.521484375
 21
73.7080078125
 72
     1
 10
906.521484375
 20
73.7080078125
 11
906.5439453125
 21
73.86328125
 72
     1
 10
906.5439453125
 20
73.86328125
 11
906.5810546875
 21
74.015625
 72
     1
 10
906.5810546875
 20
74.015625
 11
906.59765625
 21
74.029296875
 72
     1
 10
906.59765625
 20
74.029296875
 11
906.62890625
 21
74.046875
 72
     1
 10
906.62890625
 20
74.046875
 11
906.6630859375
 21
74.076171875
 72
     1
 10
906.6630859375
 20
74.076171875
 11
906.6865234375
 21
74.12109375
 72
     1
 10
906.6865234375
 20
74.12109375
 11
906.7646484375
 21
74.3671875
 72
     1
 10
906.7646484375
 20
74.3671875
 11
906.8662109375
 21
74.6005859375
 72
     1
 10
906.8662109375
 20
74.6005859375
 11
906.984375
 21
74.833984375
 72
     1
 10
906.984375
 20
74.833984375
 11
907.1103515625
 21
75.07421875
 72
     1
 10
907.1103515625
 20
75.07421875
 11
907.1689453125
 21
75.2099609375
 72
     1
 10
907.1689453125
 20
75.2099609375
 11
907.2177734375
 21
75.3505859375
 72
     1
 10
907.2177734375
 20
75.3505859375
 11
907.265625
 21
75.486328125
 72
     1
 10
907.265625
 20
75.486328125
 11
907.322265625
 21
75.603515625
 72
     1
 10
907.322265625
 20
75.603515625
 11
907.40234375
 21
75.720703125
 72
     1
 10
907.40234375
 20
75.720703125
 11
907.490234375
 21
75.8310546875
 72
     1
 10
907.490234375
 20
75.8310546875
 11
907.5732421875
 21
75.93359375
 72
     1
 10
907.5732421875
 20
75.93359375
 11
907.6396484375
 21
76.02734375
 72
     1
 10
907.6396484375
 20
76.02734375
 11
907.6591796875
 21
76.0673828125
 72
     1
 10
907.6591796875
 20
76.0673828125
 11
907.69140625
 21
76.13671875
 72
     1
 10
907.69140625
 20
76.13671875
 11
907.7236328125
 21
76.205078125
 72
     1
 10
907.7236328125
 20
76.205078125
 11
907.7451171875
 21
76.23828125
 97
        0
 75
     0
 76
     1
 98
        0
  0
POLYLINE
  5
6A3
330
1F
100
AcDbEntity
  8
Layer 1
370
     0
100
AcDb2dPolyline
 66
     1
 10
0.0
 20
0.0
 30
0.0
  0
VERTEX
  5
6A4
330
6A3
100
AcDbEntity
  8
Layer 1
370
     0
100
AcDbVertex
100
AcDb2dVertex
 10
920.556640625
 20
-35.25390625
 30
0.0
  0
VERTEX
  5
6A5
330
6A3
100
AcDbEntity
  8
Layer 1
370
     0
100
AcDbVertex
100
AcDb2dVertex
 10
920.59375
 20
-35.23046875
 30
0.0
  0
VERTEX
  5
6A6
330
6A3
100
AcDbEntity
  8
Layer 1
370
     0
100
AcDbVertex
100
AcDb2dVertex
 10
920.634765625
 20
-35.19140625
 30
0.0
  0
VERTEX
  5
6A7
330
6A3
100
AcDbEntity
  8
Layer 1
370
     0
100
AcDbVertex
100
AcDb2dVertex
 10
920.6904296875
 20
-35.15625
 30
0.0
  0
VERTEX
  5
6A8
330
6A3
100
AcDbEntity
  8
Layer 1
370
     0
100
AcDbVertex
100
AcDb2dVertex
 10
920.7685546875
 20
-35.1484375
 30
0.0
  0
VERTEX
  5
6A9
330
6A3
100
AcDbEntity
  8
Layer 1
370
     0
100
AcDbVertex
100
AcDb2dVertex
 10
920.8759765625
 20
-35.162109375
 30
0.0
  0
VERTEX
  5
6AA
330
6A3
100
AcDbEntity
  8
Layer 1
370
     0
100
AcDbVertex
100
AcDb2dVertex
 10
920.984375
 20
-35.1826171875
 30
0.0
  0
VERTEX
  5
6AB
330
6A3
100
AcDbEntity
  8
Layer 1
370
     0
100
AcDbVertex
100
AcDb2dVertex
 10
921.0908203125
 20
-35.212890625
 30
0.0
  0
VERTEX
  5
6AC
330
6A3
100
AcDbEntity
  8
Layer 1
370
     0
100
AcDbVertex
100
AcDb2dVertex
 10
921.1923828125
 20
-35.25390625
 30
0.0
  0
VERTEX
  5
6AD
330
6A3
100
AcDbEntity
  8
Layer 1
370
     0
100
AcDbVertex
100
AcDb2dVertex
 10
921.2607421875
 20
-35.302734375
 30
0.0
  0
VERTEX
  5
6AE
330
6A3
100
AcDbEntity
  8
Layer 1
370
     0
100
AcDbVertex
100
AcDb2dVertex
 10
921.3095703125
 20
-35.361328125
 30
0.0
  0
VERTEX
  5
6AF
330
6A3
100
AcDbEntity
  8
Layer 1
370
     0
100
AcDbVertex
100
AcDb2dVertex
 10
921.3525390625
 20
-35.4189453125
 30
0.0
  0
VERTEX
  5
6B0
330
6A3
100
AcDbEntity
  8
Layer 1
370
     0
100
AcDbVertex
100
AcDb2dVertex
 10
921.404296875
 20
-35.4658203125
 30
0.0
  0
VERTEX
  5
6B1
330
6A3
100
AcDbEntity
  8
Layer 1
370
     0
100
AcDbVertex
100
AcDb2dVertex
 10
921.541015625
 20
-35.5380859375
 30
0.0
  0
VERTEX
  5
6B2
330
6A3
100
AcDbEntity
  8
Layer 1
370
     0
100
AcDbVertex
100
AcDb2dVertex
 10
921.697265625
 20
-35.611328125
 30
0.0
  0
VERTEX
  5
6B3
330
6A3
100
AcDbEntity
  8
Layer 1
370
     0
100
AcDbVertex
100
AcDb2dVertex
 10
921.8388671875
 20
-35.6904296875
 30
0.0
  0
VERTEX
  5
6B4
330
6A3
100
AcDbEntity
  8
Layer 1
370
     0
100
AcDbVertex
100
AcDb2dVertex
 10
921.93359375
 20
-35.783203125
 30
0.0
  0
VERTEX
  5
6B5
330
6A3
100
AcDbEntity
  8
Layer 1
370
     0
100
AcDbVertex
100
AcDb2dVertex
 10
921.9560546875
 20
-35.8291015625
 30
0.0
  0
VERTEX
  5
6B6
330
6A3
100
AcDbEntity
  8
Layer 1
370
     0
100
AcDbVertex
100
AcDb2dVertex
 10
921.9931640625
 20
-35.908203125
 30
0.0
  0
VERTEX
  5
6B7
330
6A3
100
AcDbEntity
  8
Layer 1
370
     0
100
AcDbVertex
100
AcDb2dVertex
 10
922.02734375
 20
-35.978515625
 30
0.0
  0
VERTEX
  5
6B8
330
6A3
100
AcDbEntity
  8
Layer 1
370
     0
100
AcDbVertex
100
AcDb2dVertex
 10
922.0390625
 20
-35.9951171875
 30
0.0
  0
VERTEX
  5
6B9
330
6A3
100
AcDbEntity
  8
Layer 1
370
     0
100
AcDbVertex
100
AcDb2dVertex
 10
922.0693359375
 20
-36.134765625
 30
0.0
  0
VERTEX
  5
6BA
330
6A3
100
AcDbEntity
  8
Layer 1
370
     0
100
AcDbVertex
100
AcDb2dVertex
 10
922.1083984375
 20
-36.3447265625
 30
0.0
  0
VERTEX
  5
6BB
330
6A3
100
AcDbEntity
  8
Layer 1
370
     0
100
AcDbVertex
100
AcDb2dVertex
 10
922.1396484375
 20
-36.5654296875
 30
0.0
  0
VERTEX
  5
6BC
330
6A3
100
AcDbEntity
  8
Layer 1
370
     0
100
AcDbVertex
100
AcDb2dVertex
 10
922.1455078125
 20
-36.736328125
 30
0.0
  0
VERTEX
  5
6BD
330
6A3
100
AcDbEntity
  8
Layer 1
370
     0
100
AcDbVertex
100
AcDb2dVertex
 10
922.115234375
 20
-36.7685546875
 30
0.0
  0
VERTEX
  5
6BE
330
6A3
100
AcDbEntity
  8
Layer 1
370
     0
100
AcDbVertex
100
AcDb2dVertex
 10
922.0478515625
 20
-36.822265625
 30
0.0
  0
VERTEX
  5
6BF
330
6A3
100
AcDbEntity
  8
Layer 1
370
     0
100
AcDbVertex
100
AcDb2dVertex
 10
921.9765625
 20
-36.88671875
 30
0.0
  0
VERTEX
  5
6C0
330
6A3
100
AcDbEntity
  8
Layer 1
370
     0
100
AcDbVertex
100
AcDb2dVertex
 10
921.93359375
 20
-36.9482421875
 30
0.0
  0
VERTEX
  5
6C1
330
6A3
100
AcDbEntity
  8
Layer 1
370
     0
100
AcDbVertex
100
AcDb2dVertex
 10
921.9501953125
 20
-36.9677734375
 30
0.0
  0
VERTEX
  5
6C2
330
6A3
100
AcDbEntity
  8
Layer 1
370
     0
100
AcDbVertex
100
AcDb2dVertex
 10
921.974609375
 20
-37.0234375
 30
0.0
  0
VERTEX
  5
6C3
330
6A3
100
AcDbEntity
  8
Layer 1
370
     0
100
AcDbVertex
100
AcDb2dVertex
 10
921.9794921875
 20
-37.0947265625
 30
0.0
  0
VERTEX
  5
6C4
330
6A3
100
AcDbEntity
  8
Layer 1
370
     0
100
AcDbVertex
100
AcDb2dVertex
 10
921.93359375
 20
-37.16015625
 30
0.0
  0
VERTEX
  5
6C5
330
6A3
100
AcDbEntity
  8
Layer 1
370
     0
100
AcDbVertex
100
AcDb2dVertex
 10
921.5146484375
 20
-37.251953125
 30
0.0
  0
VERTEX
  5
6C6
330
6A3
100
AcDbEntity
  8
Layer 1
370
     0
100
AcDbVertex
100
AcDb2dVertex
 10
920.837890625
 20
-37.255859375
 30
0.0
  0
VERTEX
  5
6C7
330
6A3
100
AcDbEntity
  8
Layer 1
370
     0
100
AcDbVertex
100
AcDb2dVertex
 10
920.15234375
 20
-37.1845703125
 30
0.0
  0
VERTEX
  5
6C8
330
6A3
100
AcDbEntity
  8
Layer 1
370
     0
100
AcDbVertex
100
AcDb2dVertex
 10
919.7099609375
 20
-37.0537109375
 30
0.0
  0
VERTEX
  5
6C9
330
6A3
100
AcDbEntity
  8
Layer 1
370
     0
100
AcDbVertex
100
AcDb2dVertex
 10
919.7080078125
 20
-37.0263671875
 30
0.0
  0
VERTEX
  5
6CA
330
6A3
100
AcDbEntity
  8
Layer 1
370
     0
100
AcDbVertex
100
AcDb2dVertex
 10
919.6630859375
 20
-36.9404296875
 30
0.0
  0
VERTEX
  5
6CB
330
6A3
100
AcDbEntity
  8
Layer 1
370
     0
100
AcDbVertex
100
AcDb2dVertex
 10
919.615234375
 20
-36.859375
 30
0.0
  0
VERTEX
  5
6CC
330
6A3
100
AcDbEntity
  8
Layer 1
370
     0
100
AcDbVertex
100
AcDb2dVertex
 10
919.6044921875
 20
-36.841796875
 30
0.0
  0
VERTEX
  5
6CD
330
6A3
100
AcDbEntity
  8
Layer 1
370
     0
100
AcDbVertex
100
AcDb2dVertex
 10
919.568359375
 20
-36.71484375
 30
0.0
  0
VERTEX
  5
6CE
330
6A3
100
AcDbEntity
  8
Layer 1
370
     0
100
AcDbVertex
100
AcDb2dVertex
 10
919.580078125
 20
-36.5537109375
 30
0.0
  0
VERTEX
  5
6CF
330
6A3
100
AcDbEntity
  8
Layer 1
370
     0
100
AcDbVertex
100
AcDb2dVertex
 10
919.6298828125
 20
-36.3515625
 30
0.0
  0
VERTEX
  5
6D0
330
6A3
100
AcDbEntity
  8
Layer 1
370
     0
100
AcDbVertex
100
AcDb2dVertex
 10
919.7099609375
 20
-36.1015625
 30
0.0
  0
VERTEX
  5
6D1
330
6A3
100
AcDbEntity
  8
Layer 1
370
     0
100
AcDbVertex
100
AcDb2dVertex
 10
919.8330078125
 20
-35.7529296875
 30
0.0
  0
VERTEX
  5
6D2
330
6A3
100
AcDbEntity
  8
Layer 1
370
     0
100
AcDbVertex
100
AcDb2dVertex
 10
919.9697265625
 20
-35.521484375
 30
0.0
  0
VERTEX
  5
6D3
330
6A3
100
AcDbEntity
  8
Layer 1
370
     0
100
AcDbVertex
100
AcDb2dVertex
 10
920.1884765625
 20
-35.3681640625
 30
0.0
  0
VERTEX
  5
6D4
330
6A3
100
AcDbEntity
  8
Layer 1
370
     0
100
AcDbVertex
100
AcDb2dVertex
 10
920.556640625
 20
-35.25390625
 30
0.0
  0
VERTEX
  5
6D5
330
6A3
100
AcDbEntity
  8
Layer 1
370
     0
100
AcDbVertex
100
AcDb2dVertex
 10
920.556640625
 20
-35.25390625
 30
0.0
  0
SEQEND
  5
6D6
330
6A3
100
AcDbEntity
  8
Layer 1
370
     0
  0
POLYLINE
  5
6D7
330
1F
100
AcDbEntity
  8
Layer 1
370
     0
100
AcDb2dPolyline
 66
     1
 10
0.0
 20
0.0
 30
0.0
  0
VERTEX
  5
6D8
330
6D7
100
AcDbEntity
  8
Layer 1
370
     0
100
AcDbVertex
100
AcDb2dVertex
 10
926.591796875
 20
-39.3828125
 30
0.0
  0
VERTEX
  5
6D9
330
6D7
100
AcDbEntity
  8
Layer 1
370
     0
100
AcDbVertex
100
AcDb2dVertex
 10
926.6455078125
 20
-39.3291015625
 30
0.0
  0
VERTEX
  5
6DA
330
6D7
100
AcDbEntity
  8
Layer 1
370
     0
100
AcDbVertex
100
AcDb2dVertex
 10
926.65625
 20
-39.328125
 30
0.0
  0
VERTEX
  5
6DB
330
6D7
100
AcDbEntity
  8
Layer 1
370
     0
100
AcDbVertex
100
AcDb2dVertex
 10
926.6611328125
 20
-39.353515625
 30
0.0
  0
VERTEX
  5
6DC
330
6D7
100
AcDbEntity
  8
Layer 1
370
     0
100
AcDbVertex
100
AcDb2dVertex
 10
926.6982421875
 20
-39.3828125
 30
0.0
  0
VERTEX
  5
6DD
330
6D7
100
AcDbEntity
  8
Layer 1
370
     0
100
AcDbVertex
100
AcDb2dVertex
 10
926.943359375
 20
-39.4453125
 30
0.0
  0
VERTEX
  5
6DE
330
6D7
100
AcDbEntity
  8
Layer 1
370
     0
100
AcDbVertex
100
AcDb2dVertex
 10
927.275390625
 20
-39.498046875
 30
0.0
  0
VERTEX
  5
6DF
330
6D7
100
AcDbEntity
  8
Layer 1
370
     0
100
AcDbVertex
100
AcDb2dVertex
 10
927.6630859375
 20
-39.546875
 30
0.0
  0
VERTEX
  5
6E0
330
6D7
100
AcDbEntity
  8
Layer 1
370
     0
100
AcDbVertex
100
AcDb2dVertex
 10
928.07421875
 20
-39.5947265625
 30
0.0
  0
VERTEX
  5
6E1
330
6D7
100
AcDbEntity
  8
Layer 1
370
     0
100
AcDbVertex
100
AcDb2dVertex
 10
928.490234375
 20
-39.6298828125
 30
0.0
  0
VERTEX
  5
6E2
330
6D7
100
AcDbEntity
  8
Layer 1
370
     0
100
AcDbVertex
100
AcDb2dVertex
 10
928.90625
 20
-39.6572265625
 30
0.0
  0
VERTEX
  5
6E3
330
6D7
100
AcDbEntity
  8
Layer 1
370
     0
100
AcDbVertex
100
AcDb2dVertex
 10
929.3037109375
 20
-39.705078125
 30
0.0
  0
VERTEX
  5
6E4
330
6D7
100
AcDbEntity
  8
Layer 1
370
     0
100
AcDbVertex
100
AcDb2dVertex
 10
929.6630859375
 20
-39.806640625
 30
0.0
  0
VERTEX
  5
6E5
330
6D7
100
AcDbEntity
  8
Layer 1
370
     0
100
AcDbVertex
100
AcDb2dVertex
 10
929.736328125
 20
-39.8486328125
 30
0.0
  0
VERTEX
  5
6E6
330
6D7
100
AcDbEntity
  8
Layer 1
370
     0
100
AcDbVertex
100
AcDb2dVertex
 10
929.826171875
 20
-39.9140625
 30
0.0
  0
VERTEX
  5
6E7
330
6D7
100
AcDbEntity
  8
Layer 1
370
     0
100
AcDbVertex
100
AcDb2dVertex
 10
929.9140625
 20
-39.9775390625
 30
0.0
  0
VERTEX
  5
6E8
330
6D7
100
AcDbEntity
  8
Layer 1
370
     0
100
AcDbVertex
100
AcDb2dVertex
 10
929.98046875
 20
-40.0185546875
 30
0.0
  0
VERTEX
  5
6E9
330
6D7
100
AcDbEntity
  8
Layer 1
370
     0
100
AcDbVertex
100
AcDb2dVertex
 10
930.0888671875
 20
-40.052734375
 30
0.0
  0
VERTEX
  5
6EA
330
6D7
100
AcDbEntity
  8
Layer 1
370
     0
100
AcDbVertex
100
AcDb2dVertex
 10
930.1923828125
 20
-40.068359375
 30
0.0
  0
VERTEX
  5
6EB
330
6D7
100
AcDbEntity
  8
Layer 1
370
     0
100
AcDbVertex
100
AcDb2dVertex
 10
930.2958984375
 20
-40.0849609375
 30
0.0
  0
VERTEX
  5
6EC
330
6D7
100
AcDbEntity
  8
Layer 1
370
     0
100
AcDbVertex
100
AcDb2dVertex
 10
930.404296875
 20
-40.125
 30
0.0
  0
VERTEX
  5
6ED
330
6D7
100
AcDbEntity
  8
Layer 1
370
     0
100
AcDbVertex
100
AcDb2dVertex
 10
930.525390625
 20
-40.1962890625
 30
0.0
  0
VERTEX
  5
6EE
330
6D7
100
AcDbEntity
  8
Layer 1
370
     0
100
AcDbVertex
100
AcDb2dVertex
 10
930.6611328125
 20
-40.2822265625
 30
0.0
  0
VERTEX
  5
6EF
330
6D7
100
AcDbEntity
  8
Layer 1
370
     0
100
AcDbVertex
100
AcDb2dVertex
 10
930.8271484375
 20
-40.3681640625
 30
0.0
  0
VERTEX
  5
6F0
330
6D7
100
AcDbEntity
  8
Layer 1
370
     0
100
AcDbVertex
100
AcDb2dVertex
 10
931.0390625
 20
-40.4423828125
 30
0.0
  0
VERTEX
  5
6F1
330
6D7
100
AcDbEntity
  8
Layer 1
370
     0
100
AcDbVertex
100
AcDb2dVertex
 10
931.0908203125
 20
-40.447265625
 30
0.0
  0
VERTEX
  5
6F2
330
6D7
100
AcDbEntity
  8
Layer 1
370
     0
100
AcDbVertex
100
AcDb2dVertex
 10
931.14453125
 20
-40.4423828125
 30
0.0
  0
VERTEX
  5
6F3
330
6D7
100
AcDbEntity
  8
Layer 1
370
     0
100
AcDbVertex
100
AcDb2dVertex
 10
931.19921875
 20
-40.4375
 30
0.0
  0
VERTEX
  5
6F4
330
6D7
100
AcDbEntity
  8
Layer 1
370
     0
100
AcDbVertex
100
AcDb2dVertex
 10
931.2509765625
 20
-40.4423828125
 30
0.0
  0
VERTEX
  5
6F5
330
6D7
100
AcDbEntity
  8
Layer 1
370
     0
100
AcDbVertex
100
AcDb2dVertex
 10
931.330078125
 20
-40.4560546875
 30
0.0
  0
VERTEX
  5
6F6
330
6D7
100
AcDbEntity
  8
Layer 1
370
     0
100
AcDbVertex
100
AcDb2dVertex
 10
931.447265625
 20
-40.47265625
 30
0.0
  0
VERTEX
  5
6F7
330
6D7
100
AcDbEntity
  8
Layer 1
370
     0
100
AcDbVertex
100
AcDb2dVertex
 10
931.599609375
 20
-40.5009765625
 30
0.0
  0
VERTEX
  5
6F8
330
6D7
100
AcDbEntity
  8
Layer 1
370
     0
100
AcDbVertex
100
AcDb2dVertex
 10
931.7802734375
 20
-40.5478515625
 30
0.0
  0
VERTEX
  5
6F9
330
6D7
100
AcDbEntity
  8
Layer 1
370
     0
100
AcDbVertex
100
AcDb2dVertex
 10
931.890625
 20
-40.6142578125
 30
0.0
  0
VERTEX
  5
6FA
330
6D7
100
AcDbEntity
  8
Layer 1
370
     0
100
AcDbVertex
100
AcDb2dVertex
 10
932.0751953125
 20
-40.732421875
 30
0.0
  0
VERTEX
  5
6FB
330
6D7
100
AcDbEntity
  8
Layer 1
370
     0
100
AcDbVertex
100
AcDb2dVertex
 10
932.2978515625
 20
-40.837890625
 30
0.0
  0
VERTEX
  5
6FC
330
6D7
100
AcDbEntity
  8
Layer 1
370
     0
100
AcDbVertex
100
AcDb2dVertex
 10
932.521484375
 20
-40.865234375
 30
0.0
  0
VERTEX
  5
6FD
330
6D7
100
AcDbEntity
  8
Layer 1
370
     0
100
AcDbVertex
100
AcDb2dVertex
 10
932.587890625
 20
-40.8095703125
 30
0.0
  0
VERTEX
  5
6FE
330
6D7
100
AcDbEntity
  8
Layer 1
370
     0
100
AcDbVertex
100
AcDb2dVertex
 10
932.626953125
 20
-40.72265625
 30
0.0
  0
VERTEX
  5
6FF
330
6D7
100
AcDbEntity
  8
Layer 1
370
     0
100
AcDbVertex
100
AcDb2dVertex
 10
932.666015625
 20
-40.6806640625
 30
0.0
  0
VERTEX
  5
700
330
6D7
100
AcDbEntity
  8
Layer 1
370
     0
100
AcDbVertex
100
AcDb2dVertex
 10
932.7333984375
 20
-40.759765625
 30
0.0
  0
VERTEX
  5
701
330
6D7
100
AcDbEntity
  8
Layer 1
370
     0
100
AcDbVertex
100
AcDb2dVertex
 10
932.79296875
 20
-41.021484375
 30
0.0
  0
VERTEX
  5
702
330
6D7
100
AcDbEntity
  8
Layer 1
370
     0
100
AcDbVertex
100
AcDb2dVertex
 10
932.8154296875
 20
-41.431640625
 30
0.0
  0
VERTEX
  5
703
330
6D7
100
AcDbEntity
  8
Layer 1
370
     0
100
AcDbVertex
100
AcDb2dVertex
 10
932.796875
 20
-41.8505859375
 30
0.0
  0
VERTEX
  5
704
330
6D7
100
AcDbEntity
  8
Layer 1
370
     0
100
AcDbVertex
100
AcDb2dVertex
 10
932.7333984375
 20
-42.13671875
 30
0.0
  0
VERTEX
  5
705
330
6D7
100
AcDbEntity
  8
Layer 1
370
     0
100
AcDbVertex
100
AcDb2dVertex
 10
932.64453125
 20
-42.2099609375
 30
0.0
  0
VERTEX
  5
706
330
6D7
100
AcDbEntity
  8
Layer 1
370
     0
100
AcDbVertex
100
AcDb2dVertex
 10
932.4755859375
 20
-42.2958984375
 30
0.0
  0
VERTEX
  5
707
330
6D7
100
AcDbEntity
  8
Layer 1
370
     0
100
AcDbVertex
100
AcDb2dVertex
 10
932.2763671875
 20
-42.3818359375
 30
0.0
  0
VERTEX
  5
708
330
6D7
100
AcDbEntity
  8
Layer 1
370
     0
100
AcDbVertex
100
AcDb2dVertex
 10
932.09765625
 20
-42.4541015625
 30
0.0
  0
VERTEX
  5
709
330
6D7
100
AcDbEntity
  8
Layer 1
370
     0
100
AcDbVertex
100
AcDb2dVertex
 10
931.75390625
 20
-42.541015625
 30
0.0
  0
VERTEX
  5
70A
330
6D7
100
AcDbEntity
  8
Layer 1
370
     0
100
AcDbVertex
100
AcDb2dVertex
 10
931.3330078125
 20
-42.599609375
 30
0.0
  0
VERTEX
  5
70B
330
6D7
100
AcDbEntity
  8
Layer 1
370
     0
100
AcDbVertex
100
AcDb2dVertex
 10
930.896484375
 20
-42.6650390625
 30
0.0
  0
VERTEX
  5
70C
330
6D7
100
AcDbEntity
  8
Layer 1
370
     0
100
AcDbVertex
100
AcDb2dVertex
 10
930.509765625
 20
-42.771484375
 30
0.0
  0
VERTEX
  5
70D
330
6D7
100
AcDbEntity
  8
Layer 1
370
     0
100
AcDbVertex
100
AcDb2dVertex
 10
930.4912109375
 20
-42.791015625
 30
0.0
  0
VERTEX
  5
70E
330
6D7
100
AcDbEntity
  8
Layer 1
370
     0
100
AcDbVertex
100
AcDb2dVertex
 10
930.4765625
 20
-42.8212890625
 30
0.0
  0
VERTEX
  5
70F
330
6D7
100
AcDbEntity
  8
Layer 1
370
     0
100
AcDbVertex
100
AcDb2dVertex
 10
930.4521484375
 20
-42.853515625
 30
0.0
  0
VERTEX
  5
710
330
6D7
100
AcDbEntity
  8
Layer 1
370
     0
100
AcDbVertex
100
AcDb2dVertex
 10
930.404296875
 20
-42.876953125
 30
0.0
  0
VERTEX
  5
711
330
6D7
100
AcDbEntity
  8
Layer 1
370
     0
100
AcDbVertex
100
AcDb2dVertex
 10
930.353515625
 20
-42.8798828125
 30
0.0
  0
VERTEX
  5
712
330
6D7
100
AcDbEntity
  8
Layer 1
370
     0
100
AcDbVertex
100
AcDb2dVertex
 10
930.296875
 20
-42.8740234375
 30
0.0
  0
VERTEX
  5
713
330
6D7
100
AcDbEntity
  8
Layer 1
370
     0
100
AcDbVertex
100
AcDb2dVertex
 10
930.2412109375
 20
-42.869140625
 30
0.0
  0
VERTEX
  5
714
330
6D7
100
AcDbEntity
  8
Layer 1
370
     0
100
AcDbVertex
100
AcDb2dVertex
 10
930.1923828125
 20
-42.876953125
 30
0.0
  0
VERTEX
  5
715
330
6D7
100
AcDbEntity
  8
Layer 1
370
     0
100
AcDbVertex
100
AcDb2dVertex
 10
930.142578125
 20
-42.91796875
 30
0.0
  0
VERTEX
  5
716
330
6D7
100
AcDbEntity
  8
Layer 1
370
     0
100
AcDbVertex
100
AcDb2dVertex
 10
930.0810546875
 20
-42.9873046875
 30
0.0
  0
VERTEX
  5
717
330
6D7
100
AcDbEntity
  8
Layer 1
370
     0
100
AcDbVertex
100
AcDb2dVertex
 10
930.0224609375
 20
-43.0546875
 30
0.0
  0
VERTEX
  5
718
330
6D7
100
AcDbEntity
  8
Layer 1
370
     0
100
AcDbVertex
100
AcDb2dVertex
 10
929.98046875
 20
-43.0888671875
 30
0.0
  0
VERTEX
  5
719
330
6D7
100
AcDbEntity
  8
Layer 1
370
     0
100
AcDbVertex
100
AcDb2dVertex
 10
929.8134765625
 20
-43.125
 30
0.0
  0
VERTEX
  5
71A
330
6D7
100
AcDbEntity
  8
Layer 1
370
     0
100
AcDbVertex
100
AcDb2dVertex
 10
929.6220703125
 20
-43.1474609375
 30
0.0
  0
VERTEX
  5
71B
330
6D7
100
AcDbEntity
  8
Layer 1
370
     0
100
AcDbVertex
100
AcDb2dVertex
 10
929.4248046875
 20
-43.1669921875
 30
0.0
  0
VERTEX
  5
71C
330
6D7
100
AcDbEntity
  8
Layer 1
370
     0
100
AcDbVertex
100
AcDb2dVertex
 10
929.2392578125
 20
-43.1953125
 30
0.0
  0
VERTEX
  5
71D
330
6D7
100
AcDbEntity
  8
Layer 1
370
     0
100
AcDbVertex
100
AcDb2dVertex
 10
928.92578125
 20
-43.265625
 30
0.0
  0
VERTEX
  5
71E
330
6D7
100
AcDbEntity
  8
Layer 1
370
     0
100
AcDbVertex
100
AcDb2dVertex
 10
928.64453125
 20
-43.3056640625
 30
0.0
  0
VERTEX
  5
71F
330
6D7
100
AcDbEntity
  8
Layer 1
370
     0
100
AcDbVertex
100
AcDb2dVertex
 10
928.369140625
 20
-43.2646484375
 30
0.0
  0
VERTEX
  5
720
330
6D7
100
AcDbEntity
  8
Layer 1
370
     0
100
AcDbVertex
100
AcDb2dVertex
 10
928.07421875
 20
-43.0888671875
 30
0.0
  0
VERTEX
  5
721
330
6D7
100
AcDbEntity
  8
Layer 1
370
     0
100
AcDbVertex
100
AcDb2dVertex
 10
928.0107421875
 20
-43.0107421875
 30
0.0
  0
VERTEX
  5
722
330
6D7
100
AcDbEntity
  8
Layer 1
370
     0
100
AcDbVertex
100
AcDb2dVertex
 10
927.9501953125
 20
-42.90234375
 30
0.0
  0
VERTEX
  5
723
330
6D7
100
AcDbEntity
  8
Layer 1
370
     0
100
AcDbVertex
100
AcDb2dVertex
 10
927.8720703125
 20
-42.7822265625
 30
0.0
  0
VERTEX
  5
724
330
6D7
100
AcDbEntity
  8
Layer 1
370
     0
100
AcDbVertex
100
AcDb2dVertex
 10
927.7568359375
 20
-42.666015625
 30
0.0
  0
VERTEX
  5
725
330
6D7
100
AcDbEntity
  8
Layer 1
370
     0
100
AcDbVertex
100
AcDb2dVertex
 10
927.64453125
 20
-42.609375
 30
0.0
  0
VERTEX
  5
726
330
6D7
100
AcDbEntity
  8
Layer 1
370
     0
100
AcDbVertex
100
AcDb2dVertex
 10
927.4931640625
 20
-42.55859375
 30
0.0
  0
VERTEX
  5
727
330
6D7
100
AcDbEntity
  8
Layer 1
370
     0
100
AcDbVertex
100
AcDb2dVertex
 10
927.341796875
 20
-42.509765625
 30
0.0
  0
VERTEX
  5
728
330
6D7
100
AcDbEntity
  8
Layer 1
370
     0
100
AcDbVertex
100
AcDb2dVertex
 10
927.2275390625
 20
-42.4541015625
 30
0.0
  0
VERTEX
  5
729
330
6D7
100
AcDbEntity
  8
Layer 1
370
     0
100
AcDbVertex
100
AcDb2dVertex
 10
927.13671875
 20
-42.37890625
 30
0.0
  0
VERTEX
  5
72A
330
6D7
100
AcDbEntity
  8
Layer 1
370
     0
100
AcDbVertex
100
AcDb2dVertex
 10
927.0458984375
 20
-42.2900390625
 30
0.0
  0
VERTEX
  5
72B
330
6D7
100
AcDbEntity
  8
Layer 1
370
     0
100
AcDbVertex
100
AcDb2dVertex
 10
926.966796875
 20
-42.2041015625
 30
0.0
  0
VERTEX
  5
72C
330
6D7
100
AcDbEntity
  8
Layer 1
370
     0
100
AcDbVertex
100
AcDb2dVertex
 10
926.91015625
 20
-42.13671875
 30
0.0
  0
VERTEX
  5
72D
330
6D7
100
AcDbEntity
  8
Layer 1
370
     0
100
AcDbVertex
100
AcDb2dVertex
 10
926.90234375
 20
-42.091796875
 30
0.0
  0
VERTEX
  5
72E
330
6D7
100
AcDbEntity
  8
Layer 1
370
     0
100
AcDbVertex
100
AcDb2dVertex
 10
926.912109375
 20
-42.02734375
 30
0.0
  0
VERTEX
  5
72F
330
6D7
100
AcDbEntity
  8
Layer 1
370
     0
100
AcDbVertex
100
AcDb2dVertex
 10
926.9208984375
 20
-41.96484375
 30
0.0
  0
VERTEX
  5
730
330
6D7
100
AcDbEntity
  8
Layer 1
370
     0
100
AcDbVertex
100
AcDb2dVertex
 10
926.91015625
 20
-41.9248046875
 30
0.0
  0
VERTEX
  5
731
330
6D7
100
AcDbEntity
  8
Layer 1
370
     0
100
AcDbVertex
100
AcDb2dVertex
 10
926.86328125
 20
-41.8828125
 30
0.0
  0
VERTEX
  5
732
330
6D7
100
AcDbEntity
  8
Layer 1
370
     0
100
AcDbVertex
100
AcDb2dVertex
 10
926.796875
 20
-41.8203125
 30
0.0
  0
VERTEX
  5
733
330
6D7
100
AcDbEntity
  8
Layer 1
370
     0
100
AcDbVertex
100
AcDb2dVertex
 10
926.7333984375
 20
-41.7568359375
 30
0.0
  0
VERTEX
  5
734
330
6D7
100
AcDbEntity
  8
Layer 1
370
     0
100
AcDbVertex
100
AcDb2dVertex
 10
926.6982421875
 20
-41.712890625
 30
0.0
  0
VERTEX
  5
735
330
6D7
100
AcDbEntity
  8
Layer 1
370
     0
100
AcDbVertex
100
AcDb2dVertex
 10
926.6953125
 20
-41.6669921875
 30
0.0
  0
VERTEX
  5
736
330
6D7
100
AcDbEntity
  8
Layer 1
370
     0
100
AcDbVertex
100
AcDb2dVertex
 10
926.703125
 20
-41.6015625
 30
0.0
  0
VERTEX
  5
737
330
6D7
100
AcDbEntity
  8
Layer 1
370
     0
100
AcDbVertex
100
AcDb2dVertex
 10
926.708984375
 20
-41.5390625
 30
0.0
  0
VERTEX
  5
738
330
6D7
100
AcDbEntity
  8
Layer 1
370
     0
100
AcDbVertex
100
AcDb2dVertex
 10
926.6982421875
 20
-41.5009765625
 30
0.0
  0
VERTEX
  5
739
330
6D7
100
AcDbEntity
  8
Layer 1
370
     0
100
AcDbVertex
100
AcDb2dVertex
 10
926.56640625
 20
-41.224609375
 30
0.0
  0
VERTEX
  5
73A
330
6D7
100
AcDbEntity
  8
Layer 1
370
     0
100
AcDbVertex
100
AcDb2dVertex
 10
926.4892578125
 20
-40.73828125
 30
0.0
  0
VERTEX
  5
73B
330
6D7
100
AcDbEntity
  8
Layer 1
370
     0
100
AcDbVertex
100
AcDb2dVertex
 10
926.462890625
 20
-40.15625
 30
0.0
  0
VERTEX
  5
73C
330
6D7
100
AcDbEntity
  8
Layer 1
370
     0
100
AcDbVertex
100
AcDb2dVertex
 10
926.486328125
 20
-39.5947265625
 30
0.0
  0
VERTEX
  5
73D
330
6D7
100
AcDbEntity
  8
Layer 1
370
     0
100
AcDbVertex
100
AcDb2dVertex
 10
926.5029296875
 20
-39.58984375
 30
0.0
  0
VERTEX
  5
73E
330
6D7
100
AcDbEntity
  8
Layer 1
370
     0
100
AcDbVertex
100
AcDb2dVertex
 10
926.544921875
 20
-39.5087890625
 30
0.0
  0
VERTEX
  5
73F
330
6D7
100
AcDbEntity
  8
Layer 1
370
     0
100
AcDbVertex
100
AcDb2dVertex
 10
926.5830078125
 20
-39.41796875
 30
0.0
  0
VERTEX
  5
740
330
6D7
100
AcDbEntity
  8
Layer 1
370
     0
100
AcDbVertex
100
AcDb2dVertex
 10
926.591796875
 20
-39.3828125
 30
0.0
  0
VERTEX
  5
741
330
6D7
100
AcDbEntity
  8
Layer 1
370
     0
100
AcDbVertex
100
AcDb2dVertex
 10
926.591796875
 20
-39.3828125
 30
0.0
  0
SEQEND
  5
742
330
6D7
100
AcDbEntity
  8
Layer 1
370
     0
  0
POLYLINE
  5
743
330
1F
100
AcDbEntity
  8
Layer 1
370
     0
100
AcDb2dPolyline
 66
     1
 10
0.0
 20
0.0
 30
0.0
  0
VERTEX
  5
744
330
743
100
AcDbEntity
  8
Layer 1
370
     0
100
AcDbVertex
100
AcDb2dVertex
 10
782.2763671875
 20
-199.4755859375
 30
0.0
  0
VERTEX
  5
745
330
743
100
AcDbEntity
  8
Layer 1
370
     0
100
AcDbVertex
100
AcDb2dVertex
 10
782.2783203125
 20
-199.4541015625
 30
0.0
  0
VERTEX
  5
746
330
743
100
AcDbEntity
  8
Layer 1
370
     0
100
AcDbVertex
100
AcDb2dVertex
 10
782.294921875
 20
-199.4111328125
 30
0.0
  0
VERTEX
  5
747
330
743
100
AcDbEntity
  8
Layer 1
370
     0
100
AcDbVertex
100
AcDb2dVertex
 10
782.3291015625
 20
-199.373046875
 30
0.0
  0
VERTEX
  5
748
330
743
100
AcDbEntity
  8
Layer 1
370
     0
100
AcDbVertex
100
AcDb2dVertex
 10
782.3828125
 20
-199.369140625
 30
0.0
  0
VERTEX
  5
749
330
743
100
AcDbEntity
  8
Layer 1
370
     0
100
AcDbVertex
100
AcDb2dVertex
 10
782.484375
 20
-199.4169921875
 30
0.0
  0
VERTEX
  5
74A
330
743
100
AcDbEntity
  8
Layer 1
370
     0
100
AcDbVertex
100
AcDb2dVertex
 10
782.576171875
 20
-199.4765625
 30
0.0
  0
VERTEX
  5
74B
330
743
100
AcDbEntity
  8
Layer 1
370
     0
100
AcDbVertex
100
AcDb2dVertex
 10
782.677734375
 20
-199.53515625
 30
0.0
  0
VERTEX
  5
74C
330
743
100
AcDbEntity
  8
Layer 1
370
     0
100
AcDbVertex
100
AcDb2dVertex
 10
782.8056640625
 20
-199.5810546875
 30
0.0
  0
VERTEX
  5
74D
330
743
100
AcDbEntity
  8
Layer 1
370
     0
100
AcDbVertex
100
AcDb2dVertex
 10
782.9248046875
 20
-199.6181640625
 30
0.0
  0
VERTEX
  5
74E
330
743
100
AcDbEntity
  8
Layer 1
370
     0
100
AcDbVertex
100
AcDb2dVertex
 10
783.0185546875
 20
-199.662109375
 30
0.0
  0
VERTEX
  5
74F
330
743
100
AcDbEntity
  8
Layer 1
370
     0
100
AcDbVertex
100
AcDb2dVertex
 10
783.1123046875
 20
-199.71875
 30
0.0
  0
VERTEX
  5
750
330
743
100
AcDbEntity
  8
Layer 1
370
     0
100
AcDbVertex
100
AcDb2dVertex
 10
783.2294921875
 20
-199.79296875
 30
0.0
  0
VERTEX
  5
751
330
743
100
AcDbEntity
  8
Layer 1
370
     0
100
AcDbVertex
100
AcDb2dVertex
 10
783.5
 20
-199.94921875
 30
0.0
  0
VERTEX
  5
752
330
743
100
AcDbEntity
  8
Layer 1
370
     0
100
AcDbVertex
100
AcDb2dVertex
 10
783.814453125
 20
-200.1123046875
 30
0.0
  0
VERTEX
  5
753
330
743
100
AcDbEntity
  8
Layer 1
370
     0
100
AcDbVertex
100
AcDb2dVertex
 10
784.154296875
 20
-200.2744140625
 30
0.0
  0
VERTEX
  5
754
330
743
100
AcDbEntity
  8
Layer 1
370
     0
100
AcDbVertex
100
AcDb2dVertex
 10
784.5
 20
-200.4287109375
 30
0.0
  0
VERTEX
  5
755
330
743
100
AcDbEntity
  8
Layer 1
370
     0
100
AcDbVertex
100
AcDb2dVertex
 10
784.51953125
 20
-200.4482421875
 30
0.0
  0
VERTEX
  5
756
330
743
100
AcDbEntity
  8
Layer 1
370
     0
100
AcDbVertex
100
AcDb2dVertex
 10
784.533203125
 20
-200.478515625
 30
0.0
  0
VERTEX
  5
757
330
743
100
AcDbEntity
  8
Layer 1
370
     0
100
AcDbVertex
100
AcDb2dVertex
 10
784.556640625
 20
-200.5107421875
 30
0.0
  0
VERTEX
  5
758
330
743
100
AcDbEntity
  8
Layer 1
370
     0
100
AcDbVertex
100
AcDb2dVertex
 10
784.60546875
 20
-200.5341796875
 30
0.0
  0
VERTEX
  5
759
330
743
100
AcDbEntity
  8
Layer 1
370
     0
100
AcDbVertex
100
AcDb2dVertex
 10
784.712890625
 20
-200.5546875
 30
0.0
  0
VERTEX
  5
75A
330
743
100
AcDbEntity
  8
Layer 1
370
     0
100
AcDbVertex
100
AcDb2dVertex
 10
784.8232421875
 20
-200.572265625
 30
0.0
  0
VERTEX
  5
75B
330
743
100
AcDbEntity
  8
Layer 1
370
     0
100
AcDbVertex
100
AcDb2dVertex
 10
784.9306640625
 20
-200.59765625
 30
0.0
  0
VERTEX
  5
75C
330
743
100
AcDbEntity
  8
Layer 1
370
     0
100
AcDbVertex
100
AcDb2dVertex
 10
785.029296875
 20
-200.640625
 30
0.0
  0
VERTEX
  5
75D
330
743
100
AcDbEntity
  8
Layer 1
370
     0
100
AcDbVertex
100
AcDb2dVertex
 10
785.1953125
 20
-200.779296875
 30
0.0
  0
VERTEX
  5
75E
330
743
100
AcDbEntity
  8
Layer 1
370
     0
100
AcDbVertex
100
AcDb2dVertex
 10
785.4013671875
 20
-200.9873046875
 30
0.0
  0
VERTEX
  5
75F
330
743
100
AcDbEntity
  8
Layer 1
370
     0
100
AcDbVertex
100
AcDb2dVertex
 10
785.6328125
 20
-201.20703125
 30
0.0
  0
VERTEX
  5
760
330
743
100
AcDbEntity
  8
Layer 1
370
     0
100
AcDbVertex
100
AcDb2dVertex
 10
785.8759765625
 20
-201.380859375
 30
0.0
  0
VERTEX
  5
761
330
743
100
AcDbEntity
  8
Layer 1
370
     0
100
AcDbVertex
100
AcDb2dVertex
 10
785.9443359375
 20
-201.4052734375
 30
0.0
  0
VERTEX
  5
762
330
743
100
AcDbEntity
  8
Layer 1
370
     0
100
AcDbVertex
100
AcDb2dVertex
 10
786.03125
 20
-201.4267578125
 30
0.0
  0
VERTEX
  5
763
330
743
100
AcDbEntity
  8
Layer 1
370
     0
100
AcDbVertex
100
AcDb2dVertex
 10
786.1201171875
 20
-201.4521484375
 30
0.0
  0
VERTEX
  5
764
330
743
100
AcDbEntity
  8
Layer 1
370
     0
100
AcDbVertex
100
AcDb2dVertex
 10
786.1943359375
 20
-201.4873046875
 30
0.0
  0
VERTEX
  5
765
330
743
100
AcDbEntity
  8
Layer 1
370
     0
100
AcDbVertex
100
AcDb2dVertex
 10
786.31640625
 20
-201.59765625
 30
0.0
  0
VERTEX
  5
766
330
743
100
AcDbEntity
  8
Layer 1
370
     0
100
AcDbVertex
100
AcDb2dVertex
 10
786.4375
 20
-201.7373046875
 30
0.0
  0
VERTEX
  5
767
330
743
100
AcDbEntity
  8
Layer 1
370
     0
100
AcDbVertex
100
AcDb2dVertex
 10
786.568359375
 20
-201.8837890625
 30
0.0
  0
VERTEX
  5
768
330
743
100
AcDbEntity
  8
Layer 1
370
     0
100
AcDbVertex
100
AcDb2dVertex
 10
786.7236328125
 20
-202.0166015625
 30
0.0
  0
VERTEX
  5
769
330
743
100
AcDbEntity
  8
Layer 1
370
     0
100
AcDbVertex
100
AcDb2dVertex
 10
786.7890625
 20
-202.052734375
 30
0.0
  0
VERTEX
  5
76A
330
743
100
AcDbEntity
  8
Layer 1
370
     0
100
AcDbVertex
100
AcDb2dVertex
 10
786.837890625
 20
-202.068359375
 30
0.0
  0
VERTEX
  5
76B
330
743
100
AcDbEntity
  8
Layer 1
370
     0
100
AcDbVertex
100
AcDb2dVertex
 10
786.8828125
 20
-202.083984375
 30
0.0
  0
VERTEX
  5
76C
330
743
100
AcDbEntity
  8
Layer 1
370
     0
100
AcDbVertex
100
AcDb2dVertex
 10
786.935546875
 20
-202.1220703125
 30
0.0
  0
VERTEX
  5
76D
330
743
100
AcDbEntity
  8
Layer 1
370
     0
100
AcDbVertex
100
AcDb2dVertex
 10
787.0048828125
 20
-202.1640625
 30
0.0
  0
VERTEX
  5
76E
330
743
100
AcDbEntity
  8
Layer 1
370
     0
100
AcDbVertex
100
AcDb2dVertex
 10
787.11328125
 20
-202.2099609375
 30
0.0
  0
VERTEX
  5
76F
330
743
100
AcDbEntity
  8
Layer 1
370
     0
100
AcDbVertex
100
AcDb2dVertex
 10
787.23828125
 20
-202.2646484375
 30
0.0
  0
VERTEX
  5
770
330
743
100
AcDbEntity
  8
Layer 1
370
     0
100
AcDbVertex
100
AcDb2dVertex
 10
787.3583984375
 20
-202.333984375
 30
0.0
  0
VERTEX
  5
771
330
743
100
AcDbEntity
  8
Layer 1
370
     0
100
AcDbVertex
100
AcDb2dVertex
 10
787.560546875
 20
-202.494140625
 30
0.0
  0
VERTEX
  5
772
330
743
100
AcDbEntity
  8
Layer 1
370
     0
100
AcDbVertex
100
AcDb2dVertex
 10
787.8076171875
 20
-202.7001953125
 30
0.0
  0
VERTEX
  5
773
330
743
100
AcDbEntity
  8
Layer 1
370
     0
100
AcDbVertex
100
AcDb2dVertex
 10
788.12109375
 20
-202.935546875
 30
0.0
  0
VERTEX
  5
774
330
743
100
AcDbEntity
  8
Layer 1
370
     0
100
AcDbVertex
100
AcDb2dVertex
 10
788.5234375
 20
-203.181640625
 30
0.0
  0
VERTEX
  5
775
330
743
100
AcDbEntity
  8
Layer 1
370
     0
100
AcDbVertex
100
AcDb2dVertex
 10
788.63671875
 20
-203.2236328125
 30
0.0
  0
VERTEX
  5
776
330
743
100
AcDbEntity
  8
Layer 1
370
     0
100
AcDbVertex
100
AcDb2dVertex
 10
788.74609375
 20
-203.240234375
 30
0.0
  0
VERTEX
  5
777
330
743
100
AcDbEntity
  8
Layer 1
370
     0
100
AcDbVertex
100
AcDb2dVertex
 10
788.849609375
 20
-203.25390625
 30
0.0
  0
VERTEX
  5
778
330
743
100
AcDbEntity
  8
Layer 1
370
     0
100
AcDbVertex
100
AcDb2dVertex
 10
788.947265625
 20
-203.287109375
 30
0.0
  0
VERTEX
  5
779
330
743
100
AcDbEntity
  8
Layer 1
370
     0
100
AcDbVertex
100
AcDb2dVertex
 10
789.130859375
 20
-203.3818359375
 30
0.0
  0
VERTEX
  5
77A
330
743
100
AcDbEntity
  8
Layer 1
370
     0
100
AcDbVertex
100
AcDb2dVertex
 10
789.44921875
 20
-203.5498046875
 30
0.0
  0
VERTEX
  5
77B
330
743
100
AcDbEntity
  8
Layer 1
370
     0
100
AcDbVertex
100
AcDb2dVertex
 10
789.7548828125
 20
-203.71875
 30
0.0
  0
VERTEX
  5
77C
330
743
100
AcDbEntity
  8
Layer 1
370
     0
100
AcDbVertex
100
AcDb2dVertex
 10
789.900390625
 20
-203.81640625
 30
0.0
  0
VERTEX
  5
77D
330
743
100
AcDbEntity
  8
Layer 1
370
     0
100
AcDbVertex
100
AcDb2dVertex
 10
789.8828125
 20
-204.1484375
 30
0.0
  0
VERTEX
  5
77E
330
743
100
AcDbEntity
  8
Layer 1
370
     0
100
AcDbVertex
100
AcDb2dVertex
 10
789.7236328125
 20
-204.6337890625
 30
0.0
  0
VERTEX
  5
77F
330
743
100
AcDbEntity
  8
Layer 1
370
     0
100
AcDbVertex
100
AcDb2dVertex
 10
789.4931640625
 20
-205.1083984375
 30
0.0
  0
VERTEX
  5
780
330
743
100
AcDbEntity
  8
Layer 1
370
     0
100
AcDbVertex
100
AcDb2dVertex
 10
789.2646484375
 20
-205.404296875
 30
0.0
  0
VERTEX
  5
781
330
743
100
AcDbEntity
  8
Layer 1
370
     0
100
AcDbVertex
100
AcDb2dVertex
 10
788.9521484375
 20
-205.4921875
 30
0.0
  0
VERTEX
  5
782
330
743
100
AcDbEntity
  8
Layer 1
370
     0
100
AcDbVertex
100
AcDb2dVertex
 10
788.453125
 20
-205.5107421875
 30
0.0
  0
VERTEX
  5
783
330
743
100
AcDbEntity
  8
Layer 1
370
     0
100
AcDbVertex
100
AcDb2dVertex
 10
787.91015625
 20
-205.4765625
 30
0.0
  0
VERTEX
  5
784
330
743
100
AcDbEntity
  8
Layer 1
370
     0
100
AcDbVertex
100
AcDb2dVertex
 10
787.46484375
 20
-205.404296875
 30
0.0
  0
VERTEX
  5
785
330
743
100
AcDbEntity
  8
Layer 1
370
     0
100
AcDbVertex
100
AcDb2dVertex
 10
787.4130859375
 20
-205.3671875
 30
0.0
  0
VERTEX
  5
786
330
743
100
AcDbEntity
  8
Layer 1
370
     0
100
AcDbVertex
100
AcDb2dVertex
 10
787.3525390625
 20
-205.298828125
 30
0.0
  0
VERTEX
  5
787
330
743
100
AcDbEntity
  8
Layer 1
370
     0
100
AcDbVertex
100
AcDb2dVertex
 10
787.294921875
 20
-205.2294921875
 30
0.0
  0
VERTEX
  5
788
330
743
100
AcDbEntity
  8
Layer 1
370
     0
100
AcDbVertex
100
AcDb2dVertex
 10
787.2529296875
 20
-205.193359375
 30
0.0
  0
VERTEX
  5
789
330
743
100
AcDbEntity
  8
Layer 1
370
     0
100
AcDbVertex
100
AcDb2dVertex
 10
787.0400390625
 20
-205.140625
 30
0.0
  0
VERTEX
  5
78A
330
743
100
AcDbEntity
  8
Layer 1
370
     0
100
AcDbVertex
100
AcDb2dVertex
 10
786.8408203125
 20
-205.103515625
 30
0.0
  0
VERTEX
  5
78B
330
743
100
AcDbEntity
  8
Layer 1
370
     0
100
AcDbVertex
100
AcDb2dVertex
 10
786.63671875
 20
-205.05859375
 30
0.0
  0
VERTEX
  5
78C
330
743
100
AcDbEntity
  8
Layer 1
370
     0
100
AcDbVertex
100
AcDb2dVertex
 10
786.40625
 20
-204.9814453125
 30
0.0
  0
VERTEX
  5
78D
330
743
100
AcDbEntity
  8
Layer 1
370
     0
100
AcDbVertex
100
AcDb2dVertex
 10
786.033203125
 20
-204.8154296875
 30
0.0
  0
VERTEX
  5
78E
330
743
100
AcDbEntity
  8
Layer 1
370
     0
100
AcDbVertex
100
AcDb2dVertex
 10
785.677734375
 20
-204.6357421875
 30
0.0
  0
VERTEX
  5
78F
330
743
100
AcDbEntity
  8
Layer 1
370
     0
100
AcDbVertex
100
AcDb2dVertex
 10
785.31640625
 20
-204.4443359375
 30
0.0
  0
VERTEX
  5
790
330
743
100
AcDbEntity
  8
Layer 1
370
     0
100
AcDbVertex
100
AcDb2dVertex
 10
784.923828125
 20
-204.240234375
 30
0.0
  0
VERTEX
  5
791
330
743
100
AcDbEntity
  8
Layer 1
370
     0
100
AcDbVertex
100
AcDb2dVertex
 10
784.86328125
 20
-204.193359375
 30
0.0
  0
VERTEX
  5
792
330
743
100
AcDbEntity
  8
Layer 1
370
     0
100
AcDbVertex
100
AcDb2dVertex
 10
784.8056640625
 20
-204.126953125
 30
0.0
  0
VERTEX
  5
793
330
743
100
AcDbEntity
  8
Layer 1
370
     0
100
AcDbVertex
100
AcDb2dVertex
 10
784.75390625
 20
-204.064453125
 30
0.0
  0
VERTEX
  5
794
330
743
100
AcDbEntity
  8
Layer 1
370
     0
100
AcDbVertex
100
AcDb2dVertex
 10
784.7119140625
 20
-204.0283203125
 30
0.0
  0
VERTEX
  5
795
330
743
100
AcDbEntity
  8
Layer 1
370
     0
100
AcDbVertex
100
AcDb2dVertex
 10
784.63671875
 20
-204.0185546875
 30
0.0
  0
VERTEX
  5
796
330
743
100
AcDbEntity
  8
Layer 1
370
     0
100
AcDbVertex
100
AcDb2dVertex
 10
784.5517578125
 20
-204.029296875
 30
0.0
  0
VERTEX
  5
797
330
743
100
AcDbEntity
  8
Layer 1
370
     0
100
AcDbVertex
100
AcDb2dVertex
 10
784.46875
 20
-204.0400390625
 30
0.0
  0
VERTEX
  5
798
330
743
100
AcDbEntity
  8
Layer 1
370
     0
100
AcDbVertex
100
AcDb2dVertex
 10
784.39453125
 20
-204.0283203125
 30
0.0
  0
VERTEX
  5
799
330
743
100
AcDbEntity
  8
Layer 1
370
     0
100
AcDbVertex
100
AcDb2dVertex
 10
784.3447265625
 20
-203.98828125
 30
0.0
  0
VERTEX
  5
79A
330
743
100
AcDbEntity
  8
Layer 1
370
     0
100
AcDbVertex
100
AcDb2dVertex
 10
784.30078125
 20
-203.927734375
 30
0.0
  0
VERTEX
  5
79B
330
743
100
AcDbEntity
  8
Layer 1
370
     0
100
AcDbVertex
100
AcDb2dVertex
 10
784.2490234375
 20
-203.865234375
 30
0.0
  0
VERTEX
  5
79C
330
743
100
AcDbEntity
  8
Layer 1
370
     0
100
AcDbVertex
100
AcDb2dVertex
 10
784.1826171875
 20
-203.81640625
 30
0.0
  0
VERTEX
  5
79D
330
743
100
AcDbEntity
  8
Layer 1
370
     0
100
AcDbVertex
100
AcDb2dVertex
 10
784.13671875
 20
-203.8134765625
 30
0.0
  0
VERTEX
  5
79E
330
743
100
AcDbEntity
  8
Layer 1
370
     0
100
AcDbVertex
100
AcDb2dVertex
 10
784.0712890625
 20
-203.8212890625
 30
0.0
  0
VERTEX
  5
79F
330
743
100
AcDbEntity
  8
Layer 1
370
     0
100
AcDbVertex
100
AcDb2dVertex
 10
784.0087890625
 20
-203.8271484375
 30
0.0
  0
VERTEX
  5
7A0
330
743
100
AcDbEntity
  8
Layer 1
370
     0
100
AcDbVertex
100
AcDb2dVertex
 10
783.970703125
 20
-203.81640625
 30
0.0
  0
VERTEX
  5
7A1
330
743
100
AcDbEntity
  8
Layer 1
370
     0
100
AcDbVertex
100
AcDb2dVertex
 10
783.80078125
 20
-203.7158203125
 30
0.0
  0
VERTEX
  5
7A2
330
743
100
AcDbEntity
  8
Layer 1
370
     0
100
AcDbVertex
100
AcDb2dVertex
 10
783.52734375
 20
-203.662109375
 30
0.0
  0
VERTEX
  5
7A3
330
743
100
AcDbEntity
  8
Layer 1
370
     0
100
AcDbVertex
100
AcDb2dVertex
 10
783.2119140625
 20
-203.658203125
 30
0.0
  0
VERTEX
  5
7A4
330
743
100
AcDbEntity
  8
Layer 1
370
     0
100
AcDbVertex
100
AcDb2dVertex
 10
782.912109375
 20
-203.7109375
 30
0.0
  0
VERTEX
  5
7A5
330
743
100
AcDbEntity
  8
Layer 1
370
     0
100
AcDbVertex
100
AcDb2dVertex
 10
782.79296875
 20
-203.7529296875
 30
0.0
  0
VERTEX
  5
7A6
330
743
100
AcDbEntity
  8
Layer 1
370
     0
100
AcDbVertex
100
AcDb2dVertex
 10
782.66015625
 20
-203.8115234375
 30
0.0
  0
VERTEX
  5
7A7
330
743
100
AcDbEntity
  8
Layer 1
370
     0
100
AcDbVertex
100
AcDb2dVertex
 10
782.546875
 20
-203.8720703125
 30
0.0
  0
VERTEX
  5
7A8
330
743
100
AcDbEntity
  8
Layer 1
370
     0
100
AcDbVertex
100
AcDb2dVertex
 10
782.48828125
 20
-203.921875
 30
0.0
  0
VERTEX
  5
7A9
330
743
100
AcDbEntity
  8
Layer 1
370
     0
100
AcDbVertex
100
AcDb2dVertex
 10
782.46875
 20
-204.0654296875
 30
0.0
  0
VERTEX
  5
7AA
330
743
100
AcDbEntity
  8
Layer 1
370
     0
100
AcDbVertex
100
AcDb2dVertex
 10
782.537109375
 20
-204.2001953125
 30
0.0
  0
VERTEX
  5
7AB
330
743
100
AcDbEntity
  8
Layer 1
370
     0
100
AcDbVertex
100
AcDb2dVertex
 10
782.66015625
 20
-204.3544921875
 30
0.0
  0
VERTEX
  5
7AC
330
743
100
AcDbEntity
  8
Layer 1
370
     0
100
AcDbVertex
100
AcDb2dVertex
 10
782.8056640625
 20
-204.5576171875
 30
0.0
  0
VERTEX
  5
7AD
330
743
100
AcDbEntity
  8
Layer 1
370
     0
100
AcDbVertex
100
AcDb2dVertex
 10
783.0498046875
 20
-204.94921875
 30
0.0
  0
VERTEX
  5
7AE
330
743
100
AcDbEntity
  8
Layer 1
370
     0
100
AcDbVertex
100
AcDb2dVertex
 10
783.2353515625
 20
-205.2109375
 30
0.0
  0
VERTEX
  5
7AF
330
743
100
AcDbEntity
  8
Layer 1
370
     0
100
AcDbVertex
100
AcDb2dVertex
 10
783.4443359375
 20
-205.4365234375
 30
0.0
  0
VERTEX
  5
7B0
330
743
100
AcDbEntity
  8
Layer 1
370
     0
100
AcDbVertex
100
AcDb2dVertex
 10
783.7587890625
 20
-205.72265625
 30
0.0
  0
VERTEX
  5
7B1
330
743
100
AcDbEntity
  8
Layer 1
370
     0
100
AcDbVertex
100
AcDb2dVertex
 10
783.962890625
 20
-205.9091796875
 30
0.0
  0
VERTEX
  5
7B2
330
743
100
AcDbEntity
  8
Layer 1
370
     0
100
AcDbVertex
100
AcDb2dVertex
 10
784.197265625
 20
-206.1279296875
 30
0.0
  0
VERTEX
  5
7B3
330
743
100
AcDbEntity
  8
Layer 1
370
     0
100
AcDbVertex
100
AcDb2dVertex
 10
784.4501953125
 20
-206.35546875
 30
0.0
  0
VERTEX
  5
7B4
330
743
100
AcDbEntity
  8
Layer 1
370
     0
100
AcDbVertex
100
AcDb2dVertex
 10
784.7119140625
 20
-206.5693359375
 30
0.0
  0
VERTEX
  5
7B5
330
743
100
AcDbEntity
  8
Layer 1
370
     0
100
AcDbVertex
100
AcDb2dVertex
 10
784.8525390625
 20
-206.68359375
 30
0.0
  0
VERTEX
  5
7B6
330
743
100
AcDbEntity
  8
Layer 1
370
     0
100
AcDbVertex
100
AcDb2dVertex
 10
784.9755859375
 20
-206.798828125
 30
0.0
  0
VERTEX
  5
7B7
330
743
100
AcDbEntity
  8
Layer 1
370
     0
100
AcDbVertex
100
AcDb2dVertex
 10
785.099609375
 20
-206.931640625
 30
0.0
  0
VERTEX
  5
7B8
330
743
100
AcDbEntity
  8
Layer 1
370
     0
100
AcDbVertex
100
AcDb2dVertex
 10
785.2412109375
 20
-207.0986328125
 30
0.0
  0
VERTEX
  5
7B9
330
743
100
AcDbEntity
  8
Layer 1
370
     0
100
AcDbVertex
100
AcDb2dVertex
 10
785.2998046875
 20
-207.1396484375
 30
0.0
  0
VERTEX
  5
7BA
330
743
100
AcDbEntity
  8
Layer 1
370
     0
100
AcDbVertex
100
AcDb2dVertex
 10
785.4013671875
 20
-207.2177734375
 30
0.0
  0
VERTEX
  5
7BB
330
743
100
AcDbEntity
  8
Layer 1
370
     0
100
AcDbVertex
100
AcDb2dVertex
 10
785.4755859375
 20
-207.3154296875
 30
0.0
  0
VERTEX
  5
7BC
330
743
100
AcDbEntity
  8
Layer 1
370
     0
100
AcDbVertex
100
AcDb2dVertex
 10
785.453125
 20
-207.416015625
 30
0.0
  0
VERTEX
  5
7BD
330
743
100
AcDbEntity
  8
Layer 1
370
     0
100
AcDbVertex
100
AcDb2dVertex
 10
785.234375
 20
-207.4306640625
 30
0.0
  0
VERTEX
  5
7BE
330
743
100
AcDbEntity
  8
Layer 1
370
     0
100
AcDbVertex
100
AcDb2dVertex
 10
784.837890625
 20
-207.345703125
 30
0.0
  0
VERTEX
  5
7BF
330
743
100
AcDbEntity
  8
Layer 1
370
     0
100
AcDbVertex
100
AcDb2dVertex
 10
784.404296875
 20
-207.216796875
 30
0.0
  0
VERTEX
  5
7C0
330
743
100
AcDbEntity
  8
Layer 1
370
     0
100
AcDbVertex
100
AcDb2dVertex
 10
784.076171875
 20
-207.0986328125
 30
0.0
  0
VERTEX
  5
7C1
330
743
100
AcDbEntity
  8
Layer 1
370
     0
100
AcDbVertex
100
AcDb2dVertex
 10
784.0029296875
 20
-207.0556640625
 30
0.0
  0
VERTEX
  5
7C2
330
743
100
AcDbEntity
  8
Layer 1
370
     0
100
AcDbVertex
100
AcDb2dVertex
 10
783.9130859375
 20
-206.9921875
 30
0.0
  0
VERTEX
  5
7C3
330
743
100
AcDbEntity
  8
Layer 1
370
     0
100
AcDbVertex
100
AcDb2dVertex
 10
783.826171875
 20
-206.9287109375
 30
0.0
  0
VERTEX
  5
7C4
330
743
100
AcDbEntity
  8
Layer 1
370
     0
100
AcDbVertex
100
AcDb2dVertex
 10
783.7587890625
 20
-206.88671875
 30
0.0
  0
VERTEX
  5
7C5
330
743
100
AcDbEntity
  8
Layer 1
370
     0
100
AcDbVertex
100
AcDb2dVertex
 10
783.58203125
 20
-206.81640625
 30
0.0
  0
VERTEX
  5
7C6
330
743
100
AcDbEntity
  8
Layer 1
370
     0
100
AcDbVertex
100
AcDb2dVertex
 10
783.427734375
 20
-206.7626953125
 30
0.0
  0
VERTEX
  5
7C7
330
743
100
AcDbEntity
  8
Layer 1
370
     0
100
AcDbVertex
100
AcDb2dVertex
 10
783.2802734375
 20
-206.69140625
 30
0.0
  0
VERTEX
  5
7C8
330
743
100
AcDbEntity
  8
Layer 1
370
     0
100
AcDbVertex
100
AcDb2dVertex
 10
783.123046875
 20
-206.5693359375
 30
0.0
  0
VERTEX
  5
7C9
330
743
100
AcDbEntity
  8
Layer 1
370
     0
100
AcDbVertex
100
AcDb2dVertex
 10
783.0478515625
 20
-206.51171875
 30
0.0
  0
VERTEX
  5
7CA
330
743
100
AcDbEntity
  8
Layer 1
370
     0
100
AcDbVertex
100
AcDb2dVertex
 10
782.9638671875
 20
-206.462890625
 30
0.0
  0
VERTEX
  5
7CB
330
743
100
AcDbEntity
  8
Layer 1
370
     0
100
AcDbVertex
100
AcDb2dVertex
 10
782.8798828125
 20
-206.4140625
 30
0.0
  0
VERTEX
  5
7CC
330
743
100
AcDbEntity
  8
Layer 1
370
     0
100
AcDbVertex
100
AcDb2dVertex
 10
782.8056640625
 20
-206.357421875
 30
0.0
  0
VERTEX
  5
7CD
330
743
100
AcDbEntity
  8
Layer 1
370
     0
100
AcDbVertex
100
AcDb2dVertex
 10
782.703125
 20
-206.2783203125
 30
0.0
  0
VERTEX
  5
7CE
330
743
100
AcDbEntity
  8
Layer 1
370
     0
100
AcDbVertex
100
AcDb2dVertex
 10
782.53515625
 20
-206.1669921875
 30
0.0
  0
VERTEX
  5
7CF
330
743
100
AcDbEntity
  8
Layer 1
370
     0
100
AcDbVertex
100
AcDb2dVertex
 10
782.34375
 20
-206.044921875
 30
0.0
  0
VERTEX
  5
7D0
330
743
100
AcDbEntity
  8
Layer 1
370
     0
100
AcDbVertex
100
AcDb2dVertex
 10
782.1708984375
 20
-205.9345703125
 30
0.0
  0
VERTEX
  5
7D1
330
743
100
AcDbEntity
  8
Layer 1
370
     0
100
AcDbVertex
100
AcDb2dVertex
 10
782.146484375
 20
-205.9033203125
 30
0.0
  0
VERTEX
  5
7D2
330
743
100
AcDbEntity
  8
Layer 1
370
     0
100
AcDbVertex
100
AcDb2dVertex
 10
782.1416015625
 20
-205.869140625
 30
0.0
  0
VERTEX
  5
7D3
330
743
100
AcDbEntity
  8
Layer 1
370
     0
100
AcDbVertex
100
AcDb2dVertex
 10
782.125
 20
-205.8427734375
 30
0.0
  0
VERTEX
  5
7D4
330
743
100
AcDbEntity
  8
Layer 1
370
     0
100
AcDbVertex
100
AcDb2dVertex
 10
782.064453125
 20
-205.828125
 30
0.0
  0
VERTEX
  5
7D5
330
743
100
AcDbEntity
  8
Layer 1
370
     0
100
AcDbVertex
100
AcDb2dVertex
 10
781.87109375
 20
-205.7314453125
 30
0.0
  0
VERTEX
  5
7D6
330
743
100
AcDbEntity
  8
Layer 1
370
     0
100
AcDbVertex
100
AcDb2dVertex
 10
781.611328125
 20
-205.515625
 30
0.0
  0
VERTEX
  5
7D7
330
743
100
AcDbEntity
  8
Layer 1
370
     0
100
AcDbVertex
100
AcDb2dVertex
 10
781.33984375
 20
-205.271484375
 30
0.0
  0
VERTEX
  5
7D8
330
743
100
AcDbEntity
  8
Layer 1
370
     0
100
AcDbVertex
100
AcDb2dVertex
 10
781.111328125
 20
-205.0869140625
 30
0.0
  0
VERTEX
  5
7D9
330
743
100
AcDbEntity
  8
Layer 1
370
     0
100
AcDbVertex
100
AcDb2dVertex
 10
780.951171875
 20
-204.9814453125
 30
0.0
  0
VERTEX
  5
7DA
330
743
100
AcDbEntity
  8
Layer 1
370
     0
100
AcDbVertex
100
AcDb2dVertex
 10
780.7705078125
 20
-204.869140625
 30
0.0
  0
VERTEX
  5
7DB
330
743
100
AcDbEntity
  8
Layer 1
370
     0
100
AcDbVertex
100
AcDb2dVertex
 10
780.576171875
 20
-204.7607421875
 30
0.0
  0
VERTEX
  5
7DC
330
743
100
AcDbEntity
  8
Layer 1
370
     0
100
AcDbVertex
100
AcDb2dVertex
 10
780.37109375
 20
-204.6640625
 30
0.0
  0
VERTEX
  5
7DD
330
743
100
AcDbEntity
  8
Layer 1
370
     0
100
AcDbVertex
100
AcDb2dVertex
 10
780.1357421875
 20
-204.5654296875
 30
0.0
  0
VERTEX
  5
7DE
330
743
100
AcDbEntity
  8
Layer 1
370
     0
100
AcDbVertex
100
AcDb2dVertex
 10
779.8916015625
 20
-204.4765625
 30
0.0
  0
VERTEX
  5
7DF
330
743
100
AcDbEntity
  8
Layer 1
370
     0
100
AcDbVertex
100
AcDb2dVertex
 10
779.67578125
 20
-204.4287109375
 30
0.0
  0
VERTEX
  5
7E0
330
743
100
AcDbEntity
  8
Layer 1
370
     0
100
AcDbVertex
100
AcDb2dVertex
 10
779.5234375
 20
-204.4521484375
 30
0.0
  0
VERTEX
  5
7E1
330
743
100
AcDbEntity
  8
Layer 1
370
     0
100
AcDbVertex
100
AcDb2dVertex
 10
779.4873046875
 20
-204.646484375
 30
0.0
  0
VERTEX
  5
7E2
330
743
100
AcDbEntity
  8
Layer 1
370
     0
100
AcDbVertex
100
AcDb2dVertex
 10
779.6796875
 20
-204.921875
 30
0.0
  0
VERTEX
  5
7E3
330
743
100
AcDbEntity
  8
Layer 1
370
     0
100
AcDbVertex
100
AcDb2dVertex
 10
779.953125
 20
-205.2001953125
 30
0.0
  0
VERTEX
  5
7E4
330
743
100
AcDbEntity
  8
Layer 1
370
     0
100
AcDbVertex
100
AcDb2dVertex
 10
780.1591796875
 20
-205.404296875
 30
0.0
  0
VERTEX
  5
7E5
330
743
100
AcDbEntity
  8
Layer 1
370
     0
100
AcDbVertex
100
AcDb2dVertex
 10
780.2841796875
 20
-205.5458984375
 30
0.0
  0
VERTEX
  5
7E6
330
743
100
AcDbEntity
  8
Layer 1
370
     0
100
AcDbVertex
100
AcDb2dVertex
 10
780.447265625
 20
-205.728515625
 30
0.0
  0
VERTEX
  5
7E7
330
743
100
AcDbEntity
  8
Layer 1
370
     0
100
AcDbVertex
100
AcDb2dVertex
 10
780.625
 20
-205.9345703125
 30
0.0
  0
VERTEX
  5
7E8
330
743
100
AcDbEntity
  8
Layer 1
370
     0
100
AcDbVertex
100
AcDb2dVertex
 10
780.7939453125
 20
-206.1455078125
 30
0.0
  0
VERTEX
  5
7E9
330
743
100
AcDbEntity
  8
Layer 1
370
     0
100
AcDbVertex
100
AcDb2dVertex
 10
780.8251953125
 20
-206.189453125
 30
0.0
  0
VERTEX
  5
7EA
330
743
100
AcDbEntity
  8
Layer 1
370
     0
100
AcDbVertex
100
AcDb2dVertex
 10
780.8935546875
 20
-206.27734375
 30
0.0
  0
VERTEX
  5
7EB
330
743
100
AcDbEntity
  8
Layer 1
370
     0
100
AcDbVertex
100
AcDb2dVertex
 10
780.96484375
 20
-206.3525390625
 30
0.0
  0
VERTEX
  5
7EC
330
743
100
AcDbEntity
  8
Layer 1
370
     0
100
AcDbVertex
100
AcDb2dVertex
 10
781.005859375
 20
-206.357421875
 30
0.0
  0
VERTEX
  5
7ED
330
743
100
AcDbEntity
  8
Layer 1
370
     0
100
AcDbVertex
100
AcDb2dVertex
 10
780.87109375
 20
-206.4326171875
 30
0.0
  0
VERTEX
  5
7EE
330
743
100
AcDbEntity
  8
Layer 1
370
     0
100
AcDbVertex
100
AcDb2dVertex
 10
780.677734375
 20
-206.30859375
 30
0.0
  0
VERTEX
  5
7EF
330
743
100
AcDbEntity
  8
Layer 1
370
     0
100
AcDbVertex
100
AcDb2dVertex
 10
780.5419921875
 20
-206.1552734375
 30
0.0
  0
VERTEX
  5
7F0
330
743
100
AcDbEntity
  8
Layer 1
370
     0
100
AcDbVertex
100
AcDb2dVertex
 10
780.58203125
 20
-206.1455078125
 30
0.0
  0
VERTEX
  5
7F1
330
743
100
AcDbEntity
  8
Layer 1
370
     0
100
AcDbVertex
100
AcDb2dVertex
 10
780.5029296875
 20
-206.1103515625
 30
0.0
  0
VERTEX
  5
7F2
330
743
100
AcDbEntity
  8
Layer 1
370
     0
100
AcDbVertex
100
AcDb2dVertex
 10
780.41796875
 20
-206.095703125
 30
0.0
  0
VERTEX
  5
7F3
330
743
100
AcDbEntity
  8
Layer 1
370
     0
100
AcDbVertex
100
AcDb2dVertex
 10
780.3359375
 20
-206.080078125
 30
0.0
  0
VERTEX
  5
7F4
330
743
100
AcDbEntity
  8
Layer 1
370
     0
100
AcDbVertex
100
AcDb2dVertex
 10
780.2646484375
 20
-206.0400390625
 30
0.0
  0
VERTEX
  5
7F5
330
743
100
AcDbEntity
  8
Layer 1
370
     0
100
AcDbVertex
100
AcDb2dVertex
 10
780.2373046875
 20
-205.994140625
 30
0.0
  0
VERTEX
  5
7F6
330
743
100
AcDbEntity
  8
Layer 1
370
     0
100
AcDbVertex
100
AcDb2dVertex
 10
780.212890625
 20
-205.9306640625
 30
0.0
  0
VERTEX
  5
7F7
330
743
100
AcDbEntity
  8
Layer 1
370
     0
100
AcDbVertex
100
AcDb2dVertex
 10
780.1884765625
 20
-205.869140625
 30
0.0
  0
VERTEX
  5
7F8
330
743
100
AcDbEntity
  8
Layer 1
370
     0
100
AcDbVertex
100
AcDb2dVertex
 10
780.1591796875
 20
-205.828125
 30
0.0
  0
VERTEX
  5
7F9
330
743
100
AcDbEntity
  8
Layer 1
370
     0
100
AcDbVertex
100
AcDb2dVertex
 10
780.02734375
 20
-205.7607421875
 30
0.0
  0
VERTEX
  5
7FA
330
743
100
AcDbEntity
  8
Layer 1
370
     0
100
AcDbVertex
100
AcDb2dVertex
 10
779.8798828125
 20
-205.7109375
 30
0.0
  0
VERTEX
  5
7FB
330
743
100
AcDbEntity
  8
Layer 1
370
     0
100
AcDbVertex
100
AcDb2dVertex
 10
779.7392578125
 20
-205.666015625
 30
0.0
  0
VERTEX
  5
7FC
330
743
100
AcDbEntity
  8
Layer 1
370
     0
100
AcDbVertex
100
AcDb2dVertex
 10
779.62890625
 20
-205.6162109375
 30
0.0
  0
VERTEX
  5
7FD
330
743
100
AcDbEntity
  8
Layer 1
370
     0
100
AcDbVertex
100
AcDb2dVertex
 10
779.5771484375
 20
-205.5712890625
 30
0.0
  0
VERTEX
  5
7FE
330
743
100
AcDbEntity
  8
Layer 1
370
     0
100
AcDbVertex
100
AcDb2dVertex
 10
779.53125
 20
-205.5146484375
 30
0.0
  0
VERTEX
  5
7FF
330
743
100
AcDbEntity
  8
Layer 1
370
     0
100
AcDbVertex
100
AcDb2dVertex
 10
779.4814453125
 20
-205.4560546875
 30
0.0
  0
VERTEX
  5
800
330
743
100
AcDbEntity
  8
Layer 1
370
     0
100
AcDbVertex
100
AcDb2dVertex
 10
779.41796875
 20
-205.404296875
 30
0.0
  0
VERTEX
  5
801
330
743
100
AcDbEntity
  8
Layer 1
370
     0
100
AcDbVertex
100
AcDb2dVertex
 10
779.365234375
 20
-205.376953125
 30
0.0
  0
VERTEX
  5
802
330
743
100
AcDbEntity
  8
Layer 1
370
     0
100
AcDbVertex
100
AcDb2dVertex
 10
779.3125
 20
-205.3544921875
 30
0.0
  0
VERTEX
  5
803
330
743
100
AcDbEntity
  8
Layer 1
370
     0
100
AcDbVertex
100
AcDb2dVertex
 10
779.2587890625
 20
-205.330078125
 30
0.0
  0
VERTEX
  5
804
330
743
100
AcDbEntity
  8
Layer 1
370
     0
100
AcDbVertex
100
AcDb2dVertex
 10
779.2060546875
 20
-205.298828125
 30
0.0
  0
VERTEX
  5
805
330
743
100
AcDbEntity
  8
Layer 1
370
     0
100
AcDbVertex
100
AcDb2dVertex
 10
779.107421875
 20
-205.208984375
 30
0.0
  0
VERTEX
  5
806
330
743
100
AcDbEntity
  8
Layer 1
370
     0
100
AcDbVertex
100
AcDb2dVertex
 10
779.0126953125
 20
-205.09765625
 30
0.0
  0
VERTEX
  5
807
330
743
100
AcDbEntity
  8
Layer 1
370
     0
100
AcDbVertex
100
AcDb2dVertex
 10
778.908203125
 20
-204.98046875
 30
0.0
  0
VERTEX
  5
808
330
743
100
AcDbEntity
  8
Layer 1
370
     0
100
AcDbVertex
100
AcDb2dVertex
 10
778.7822265625
 20
-204.875
 30
0.0
  0
VERTEX
  5
809
330
743
100
AcDbEntity
  8
Layer 1
370
     0
100
AcDbVertex
100
AcDb2dVertex
 10
778.642578125
 20
-204.8076171875
 30
0.0
  0
VERTEX
  5
80A
330
743
100
AcDbEntity
  8
Layer 1
370
     0
100
AcDbVertex
100
AcDb2dVertex
 10
778.5
 20
-204.763671875
 30
0.0
  0
VERTEX
  5
80B
330
743
100
AcDbEntity
  8
Layer 1
370
     0
100
AcDbVertex
100
AcDb2dVertex
 10
778.3662109375
 20
-204.72265625
 30
0.0
  0
VERTEX
  5
80C
330
743
100
AcDbEntity
  8
Layer 1
370
     0
100
AcDbVertex
100
AcDb2dVertex
 10
778.2529296875
 20
-204.6640625
 30
0.0
  0
VERTEX
  5
80D
330
743
100
AcDbEntity
  8
Layer 1
370
     0
100
AcDbVertex
100
AcDb2dVertex
 10
778.193359375
 20
-204.5859375
 30
0.0
  0
VERTEX
  5
80E
330
743
100
AcDbEntity
  8
Layer 1
370
     0
100
AcDbVertex
100
AcDb2dVertex
 10
778.1376953125
 20
-204.482421875
 30
0.0
  0
VERTEX
  5
80F
330
743
100
AcDbEntity
  8
Layer 1
370
     0
100
AcDbVertex
100
AcDb2dVertex
 10
778.060546875
 20
-204.390625
 30
0.0
  0
VERTEX
  5
810
330
743
100
AcDbEntity
  8
Layer 1
370
     0
100
AcDbVertex
100
AcDb2dVertex
 10
777.935546875
 20
-204.345703125
 30
0.0
  0
VERTEX
  5
811
330
743
100
AcDbEntity
  8
Layer 1
370
     0
100
AcDbVertex
100
AcDb2dVertex
 10
777.8359375
 20
-204.28125
 30
0.0
  0
VERTEX
  5
812
330
743
100
AcDbEntity
  8
Layer 1
370
     0
100
AcDbVertex
100
AcDb2dVertex
 10
777.6953125
 20
-204.140625
 30
0.0
  0
VERTEX
  5
813
330
743
100
AcDbEntity
  8
Layer 1
370
     0
100
AcDbVertex
100
AcDb2dVertex
 10
777.5693359375
 20
-203.99609375
 30
0.0
  0
VERTEX
  5
814
330
743
100
AcDbEntity
  8
Layer 1
370
     0
100
AcDbVertex
100
AcDb2dVertex
 10
777.51171875
 20
-203.921875
 30
0.0
  0
VERTEX
  5
815
330
743
100
AcDbEntity
  8
Layer 1
370
     0
100
AcDbVertex
100
AcDb2dVertex
 10
777.4599609375
 20
-203.4453125
 30
0.0
  0
VERTEX
  5
816
330
743
100
AcDbEntity
  8
Layer 1
370
     0
100
AcDbVertex
100
AcDb2dVertex
 10
777.5556640625
 20
-202.9970703125
 30
0.0
  0
VERTEX
  5
817
330
743
100
AcDbEntity
  8
Layer 1
370
     0
100
AcDbVertex
100
AcDb2dVertex
 10
777.7099609375
 20
-202.5615234375
 30
0.0
  0
VERTEX
  5
818
330
743
100
AcDbEntity
  8
Layer 1
370
     0
100
AcDbVertex
100
AcDb2dVertex
 10
777.8291015625
 20
-202.1220703125
 30
0.0
  0
VERTEX
  5
819
330
743
100
AcDbEntity
  8
Layer 1
370
     0
100
AcDbVertex
100
AcDb2dVertex
 10
777.873046875
 20
-201.568359375
 30
0.0
  0
VERTEX
  5
81A
330
743
100
AcDbEntity
  8
Layer 1
370
     0
100
AcDbVertex
100
AcDb2dVertex
 10
777.8779296875
 20
-201.0087890625
 30
0.0
  0
VERTEX
  5
81B
330
743
100
AcDbEntity
  8
Layer 1
370
     0
100
AcDbVertex
100
AcDb2dVertex
 10
777.9111328125
 20
-200.501953125
 30
0.0
  0
VERTEX
  5
81C
330
743
100
AcDbEntity
  8
Layer 1
370
     0
100
AcDbVertex
100
AcDb2dVertex
 10
778.041015625
 20
-200.1103515625
 30
0.0
  0
VERTEX
  5
81D
330
743
100
AcDbEntity
  8
Layer 1
370
     0
100
AcDbVertex
100
AcDb2dVertex
 10
778.77734375
 20
-199.640625
 30
0.0
  0
VERTEX
  5
81E
330
743
100
AcDbEntity
  8
Layer 1
370
     0
100
AcDbVertex
100
AcDb2dVertex
 10
779.89453125
 20
-199.5224609375
 30
0.0
  0
VERTEX
  5
81F
330
743
100
AcDbEntity
  8
Layer 1
370
     0
100
AcDbVertex
100
AcDb2dVertex
 10
781.1181640625
 20
-199.56640625
 30
0.0
  0
VERTEX
  5
820
330
743
100
AcDbEntity
  8
Layer 1
370
     0
100
AcDbVertex
100
AcDb2dVertex
 10
782.1708984375
 20
-199.5810546875
 30
0.0
  0
VERTEX
  5
821
330
743
100
AcDbEntity
  8
Layer 1
370
     0
100
AcDbVertex
100
AcDb2dVertex
 10
782.21875
 20
-199.5625
 30
0.0
  0
VERTEX
  5
822
330
743
100
AcDbEntity
  8
Layer 1
370
     0
100
AcDbVertex
100
AcDb2dVertex
 10
782.2548828125
 20
-199.52734375
 30
0.0
  0
VERTEX
  5
823
330
743
100
AcDbEntity
  8
Layer 1
370
     0
100
AcDbVertex
100
AcDb2dVertex
 10
782.275390625
 20
-199.4921875
 30
0.0
  0
VERTEX
  5
824
330
743
100
AcDbEntity
  8
Layer 1
370
     0
100
AcDbVertex
100
AcDb2dVertex
 10
782.2763671875
 20
-199.4755859375
 30
0.0
  0
VERTEX
  5
825
330
743
100
AcDbEntity
  8
Layer 1
370
     0
100
AcDbVertex
100
AcDb2dVertex
 10
782.2763671875
 20
-199.4755859375
 30
0.0
  0
SEQEND
  5
826
330
743
100
AcDbEntity
  8
Layer 1
370
     0
  0
HATCH
  5
827
330
1F
100
AcDbEntity
  8
Layer 1
 62
     7
420
 16777215
100
AcDbHatch
 10
0.0
 20
0.0
 30
0.0
210
0.0
220
0.0
230
1.0
  2
SOLID
 70
     1
 71
     0
 91
        1
 92
        1
 93
      224
 72
     1
 10
782.2763671875
 20
-199.4755859375
 11
782.2783203125
 21
-199.4541015625
 72
     1
 10
782.2783203125
 20
-199.4541015625
 11
782.294921875
 21
-199.4111328125
 72
     1
 10
782.294921875
 20
-199.4111328125
 11
782.3291015625
 21
-199.373046875
 72
     1
 10
782.3291015625
 20
-199.373046875
 11
782.3828125
 21
-199.369140625
 72
     1
 10
782.3828125
 20
-199.369140625
 11
782.484375
 21
-199.4169921875
 72
     1
 10
782.484375
 20
-199.4169921875
 11
782.576171875
 21
-199.4765625
 72
     1
 10
782.576171875
 20
-199.4765625
 11
782.677734375
 21
-199.53515625
 72
     1
 10
782.677734375
 20
-199.53515625
 11
782.8056640625
 21
-199.5810546875
 72
     1
 10
782.8056640625
 20
-199.5810546875
 11
782.9248046875
 21
-199.6181640625
 72
     1
 10
782.9248046875
 20
-199.6181640625
 11
783.0185546875
 21
-199.662109375
 72
     1
 10
783.0185546875
 20
-199.662109375
 11
783.1123046875
 21
-199.71875
 72
     1
 10
783.1123046875
 20
-199.71875
 11
783.2294921875
 21
-199.79296875
 72
     1
 10
783.2294921875
 20
-199.79296875
 11
783.5
 21
-199.94921875
 72
     1
 10
783.5
 20
-199.94921875
 11
783.814453125
 21
-200.1123046875
 72
     1
 10
783.814453125
 20
-200.1123046875
 11
784.154296875
 21
-200.2744140625
 72
     1
 10
784.154296875
 20
-200.2744140625
 11
784.5
 21
-200.4287109375
 72
     1
 10
784.5
 20
-200.4287109375
 11
784.51953125
 21
-200.4482421875
 72
     1
 10
784.51953125
 20
-200.4482421875
 11
784.533203125
 21
-200.478515625
 72
     1
 10
784.533203125
 20
-200.478515625
 11
784.556640625
 21
-200.5107421875
 72
     1
 10
784.556640625
 20
-200.5107421875
 11
784.60546875
 21
-200.5341796875
 72
     1
 10
784.60546875
 20
-200.5341796875
 11
784.712890625
 21
-200.5546875
 72
     1
 10
784.712890625
 20
-200.5546875
 11
784.8232421875
 21
-200.572265625
 72
     1
 10
784.8232421875
 20
-200.572265625
 11
784.9306640625
 21
-200.59765625
 72
     1
 10
784.9306640625
 20
-200.59765625
 11
785.029296875
 21
-200.640625
 72
     1
 10
785.029296875
 20
-200.640625
 11
785.1953125
 21
-200.779296875
 72
     1
 10
785.1953125
 20
-200.779296875
 11
785.4013671875
 21
-200.9873046875
 72
     1
 10
785.4013671875
 20
-200.9873046875
 11
785.6328125
 21
-201.20703125
 72
     1
 10
785.6328125
 20
-201.20703125
 11
785.8759765625
 21
-201.380859375
 72
     1
 10
785.8759765625
 20
-201.380859375
 11
785.9443359375
 21
-201.4052734375
 72
     1
 10
785.9443359375
 20
-201.4052734375
 11
786.03125
 21
-201.4267578125
 72
     1
 10
786.03125
 20
-201.4267578125
 11
786.1201171875
 21
-201.4521484375
 72
     1
 10
786.1201171875
 20
-201.4521484375
 11
786.1943359375
 21
-201.4873046875
 72
     1
 10
786.1943359375
 20
-201.4873046875
 11
786.31640625
 21
-201.59765625
 72
     1
 10
786.31640625
 20
-201.59765625
 11
786.4375
 21
-201.7373046875
 72
     1
 10
786.4375
 20
-201.7373046875
 11
786.568359375
 21
-201.8837890625
 72
     1
 10
786.568359375
 20
-201.8837890625
 11
786.7236328125
 21
-202.0166015625
 72
     1
 10
786.7236328125
 20
-202.0166015625
 11
786.7890625
 21
-202.052734375
 72
     1
 10
786.7890625
 20
-202.052734375
 11
786.837890625
 21
-202.068359375
 72
     1
 10
786.837890625
 20
-202.068359375
 11
786.8828125
 21
-202.083984375
 72
     1
 10
786.8828125
 20
-202.083984375
 11
786.935546875
 21
-202.1220703125
 72
     1
 10
786.935546875
 20
-202.1220703125
 11
787.0048828125
 21
-202.1640625
 72
     1
 10
787.0048828125
 20
-202.1640625
 11
787.11328125
 21
-202.2099609375
 72
     1
 10
787.11328125
 20
-202.2099609375
 11
787.23828125
 21
-202.2646484375
 72
     1
 10
787.23828125
 20
-202.2646484375
 11
787.3583984375
 21
-202.333984375
 72
     1
 10
787.3583984375
 20
-202.333984375
 11
787.560546875
 21
-202.494140625
 72
     1
 10
787.560546875
 20
-202.494140625
 11
787.8076171875
 21
-202.7001953125
 72
     1
 10
787.8076171875
 20
-202.7001953125
 11
788.12109375
 21
-202.935546875
 72
     1
 10
788.12109375
 20
-202.935546875
 11
788.5234375
 21
-203.181640625
 72
     1
 10
788.5234375
 20
-203.181640625
 11
788.63671875
 21
-203.2236328125
 72
     1
 10
788.63671875
 20
-203.2236328125
 11
788.74609375
 21
-203.240234375
 72
     1
 10
788.74609375
 20
-203.240234375
 11
788.849609375
 21
-203.25390625
 72
     1
 10
788.849609375
 20
-203.25390625
 11
788.947265625
 21
-203.287109375
 72
     1
 10
788.947265625
 20
-203.287109375
 11
789.130859375
 21
-203.3818359375
 72
     1
 10
789.130859375
 20
-203.3818359375
 11
789.44921875
 21
-203.5498046875
 72
     1
 10
789.44921875
 20
-203.5498046875
 11
789.7548828125
 21
-203.71875
 72
     1
 10
789.7548828125
 20
-203.71875
 11
789.900390625
 21
-203.81640625
 72
     1
 10
789.900390625
 20
-203.81640625
 11
789.8828125
 21
-204.1484375
 72
     1
 10
789.8828125
 20
-204.1484375
 11
789.7236328125
 21
-204.6337890625
 72
     1
 10
789.7236328125
 20
-204.6337890625
 11
789.4931640625
 21
-205.1083984375
 72
     1
 10
789.4931640625
 20
-205.1083984375
 11
789.2646484375
 21
-205.404296875
 72
     1
 10
789.2646484375
 20
-205.404296875
 11
788.9521484375
 21
-205.4921875
 72
     1
 10
788.9521484375
 20
-205.4921875
 11
788.453125
 21
-205.5107421875
 72
     1
 10
788.453125
 20
-205.5107421875
 11
787.91015625
 21
-205.4765625
 72
     1
 10
787.91015625
 20
-205.4765625
 11
787.46484375
 21
-205.404296875
 72
     1
 10
787.46484375
 20
-205.404296875
 11
787.4130859375
 21
-205.3671875
 72
     1
 10
787.4130859375
 20
-205.3671875
 11
787.3525390625
 21
-205.298828125
 72
     1
 10
787.3525390625
 20
-205.298828125
 11
787.294921875
 21
-205.2294921875
 72
     1
 10
787.294921875
 20
-205.2294921875
 11
787.2529296875
 21
-205.193359375
 72
     1
 10
787.2529296875
 20
-205.193359375
 11
787.0400390625
 21
-205.140625
 72
     1
 10
787.0400390625
 20
-205.140625
 11
786.8408203125
 21
-205.103515625
 72
     1
 10
786.8408203125
 20
-205.103515625
 11
786.63671875
 21
-205.05859375
 72
     1
 10
786.63671875
 20
-205.05859375
 11
786.40625
 21
-204.9814453125
 72
     1
 10
786.40625
 20
-204.9814453125
 11
786.033203125
 21
-204.8154296875
 72
     1
 10
786.033203125
 20
-204.8154296875
 11
785.677734375
 21
-204.6357421875
 72
     1
 10
785.677734375
 20
-204.6357421875
 11
785.31640625
 21
-204.4443359375
 72
     1
 10
785.31640625
 20
-204.4443359375
 11
784.923828125
 21
-204.240234375
 72
     1
 10
784.923828125
 20
-204.240234375
 11
784.86328125
 21
-204.193359375
 72
     1
 10
784.86328125
 20
-204.193359375
 11
784.8056640625
 21
-204.126953125
 72
     1
 10
784.8056640625
 20
-204.126953125
 11
784.75390625
 21
-204.064453125
 72
     1
 10
784.75390625
 20
-204.064453125
 11
784.7119140625
 21
-204.0283203125
 72
     1
 10
784.7119140625
 20
-204.0283203125
 11
784.63671875
 21
-204.0185546875
 72
     1
 10
784.63671875
 20
-204.0185546875
 11
784.5517578125
 21
-204.029296875
 72
     1
 10
784.5517578125
 20
-204.029296875
 11
784.46875
 21
-204.0400390625
 72
     1
 10
784.46875
 20
-204.0400390625
 11
784.39453125
 21
-204.0283203125
 72
     1
 10
784.39453125
 20
-204.0283203125
 11
784.3447265625
 21
-203.98828125
 72
     1
 10
784.3447265625
 20
-203.98828125
 11
784.30078125
 21
-203.927734375
 72
     1
 10
784.30078125
 20
-203.927734375
 11
784.2490234375
 21
-203.865234375
 72
     1
 10
784.2490234375
 20
-203.865234375
 11
784.1826171875
 21
-203.81640625
 72
     1
 10
784.1826171875
 20
-203.81640625
 11
784.13671875
 21
-203.8134765625
 72
     1
 10
784.13671875
 20
-203.8134765625
 11
784.0712890625
 21
-203.8212890625
 72
     1
 10
784.0712890625
 20
-203.8212890625
 11
784.0087890625
 21
-203.8271484375
 72
     1
 10
784.0087890625
 20
-203.8271484375
 11
783.970703125
 21
-203.81640625
 72
     1
 10
783.970703125
 20
-203.81640625
 11
783.80078125
 21
-203.7158203125
 72
     1
 10
783.80078125
 20
-203.7158203125
 11
783.52734375
 21
-203.662109375
 72
     1
 10
783.52734375
 20
-203.662109375
 11
783.2119140625
 21
-203.658203125
 72
     1
 10
783.2119140625
 20
-203.658203125
 11
782.912109375
 21
-203.7109375
 72
     1
 10
782.912109375
 20
-203.7109375
 11
782.79296875
 21
-203.7529296875
 72
     1
 10
782.79296875
 20
-203.7529296875
 11
782.66015625
 21
-203.8115234375
 72
     1
 10
782.66015625
 20
-203.8115234375
 11
782.546875
 21
-203.8720703125
 72
     1
 10
782.546875
 20
-203.8720703125
 11
782.48828125
 21
-203.921875
 72
     1
 10
782.48828125
 20
-203.921875
 11
782.46875
 21
-204.0654296875
 72
     1
 10
782.46875
 20
-204.0654296875
 11
782.537109375
 21
-204.2001953125
 72
     1
 10
782.537109375
 20
-204.2001953125
 11
782.66015625
 21
-204.3544921875
 72
     1
 10
782.66015625
 20
-204.3544921875
 11
782.8056640625
 21
-204.5576171875
 72
     1
 10
782.8056640625
 20
-204.5576171875
 11
783.0498046875
 21
-204.94921875
 72
     1
 10
783.0498046875
 20
-204.94921875
 11
783.2353515625
 21
-205.2109375
 72
     1
 10
783.2353515625
 20
-205.2109375
 11
783.4443359375
 21
-205.4365234375
 72
     1
 10
783.4443359375
 20
-205.4365234375
 11
783.7587890625
 21
-205.72265625
 72
     1
 10
783.7587890625
 20
-205.72265625
 11
783.962890625
 21
-205.9091796875
 72
     1
 10
783.962890625
 20
-205.9091796875
 11
784.197265625
 21
-206.1279296875
 72
     1
 10
784.197265625
 20
-206.1279296875
 11
784.4501953125
 21
-206.35546875
 72
     1
 10
784.4501953125
 20
-206.35546875
 11
784.7119140625
 21
-206.5693359375
 72
     1
 10
784.7119140625
 20
-206.5693359375
 11
784.8525390625
 21
-206.68359375
 72
     1
 10
784.8525390625
 20
-206.68359375
 11
784.9755859375
 21
-206.798828125
 72
     1
 10
784.9755859375
 20
-206.798828125
 11
785.099609375
 21
-206.931640625
 72
     1
 10
785.099609375
 20
-206.931640625
 11
785.2412109375
 21
-207.0986328125
 72
     1
 10
785.2412109375
 20
-207.0986328125
 11
785.2998046875
 21
-207.1396484375
 72
     1
 10
785.2998046875
 20
-207.1396484375
 11
785.4013671875
 21
-207.2177734375
 72
     1
 10
785.4013671875
 20
-207.2177734375
 11
785.4755859375
 21
-207.3154296875
 72
     1
 10
785.4755859375
 20
-207.3154296875
 11
785.453125
 21
-207.416015625
 72
     1
 10
785.453125
 20
-207.416015625
 11
785.234375
 21
-207.4306640625
 72
     1
 10
785.234375
 20
-207.4306640625
 11
784.837890625
 21
-207.345703125
 72
     1
 10
784.837890625
 20
-207.345703125
 11
784.404296875
 21
-207.216796875
 72
     1
 10
784.404296875
 20
-207.216796875
 11
784.076171875
 21
-207.0986328125
 72
     1
 10
784.076171875
 20
-207.0986328125
 11
784.0029296875
 21
-207.0556640625
 72
     1
 10
784.0029296875
 20
-207.0556640625
 11
783.9130859375
 21
-206.9921875
 72
     1
 10
783.9130859375
 20
-206.9921875
 11
783.826171875
 21
-206.9287109375
 72
     1
 10
783.826171875
 20
-206.9287109375
 11
783.7587890625
 21
-206.88671875
 72
     1
 10
783.7587890625
 20
-206.88671875
 11
783.58203125
 21
-206.81640625
 72
     1
 10
783.58203125
 20
-206.81640625
 11
783.427734375
 21
-206.7626953125
 72
     1
 10
783.427734375
 20
-206.7626953125
 11
783.2802734375
 21
-206.69140625
 72
     1
 10
783.2802734375
 20
-206.69140625
 11
783.123046875
 21
-206.5693359375
 72
     1
 10
783.123046875
 20
-206.5693359375
 11
783.0478515625
 21
-206.51171875
 72
     1
 10
783.0478515625
 20
-206.51171875
 11
782.9638671875
 21
-206.462890625
 72
     1
 10
782.9638671875
 20
-206.462890625
 11
782.8798828125
 21
-206.4140625
 72
     1
 10
782.8798828125
 20
-206.4140625
 11
782.8056640625
 21
-206.357421875
 72
     1
 10
782.8056640625
 20
-206.357421875
 11
782.703125
 21
-206.2783203125
 72
     1
 10
782.703125
 20
-206.2783203125
 11
782.53515625
 21
-206.1669921875
 72
     1
 10
782.53515625
 20
-206.1669921875
 11
782.34375
 21
-206.044921875
 72
     1
 10
782.34375
 20
-206.044921875
 11
782.1708984375
 21
-205.9345703125
 72
     1
 10
782.1708984375
 20
-205.9345703125
 11
782.146484375
 21
-205.9033203125
 72
     1
 10
782.146484375
 20
-205.9033203125
 11
782.1416015625
 21
-205.869140625
 72
     1
 10
782.1416015625
 20
-205.869140625
 11
782.125
 21
-205.8427734375
 72
     1
 10
782.125
 20
-205.8427734375
 11
782.064453125
 21
-205.828125
 72
     1
 10
782.064453125
 20
-205.828125
 11
781.87109375
 21
-205.7314453125
 72
     1
 10
781.87109375
 20
-205.7314453125
 11
781.611328125
 21
-205.515625
 72
     1
 10
781.611328125
 20
-205.515625
 11
781.33984375
 21
-205.271484375
 72
     1
 10
781.33984375
 20
-205.271484375
 11
781.111328125
 21
-205.0869140625
 72
     1
 10
781.111328125
 20
-205.0869140625
 11
780.951171875
 21
-204.9814453125
 72
     1
 10
780.951171875
 20
-204.9814453125
 11
780.7705078125
 21
-204.869140625
 72
     1
 10
780.7705078125
 20
-204.869140625
 11
780.576171875
 21
-204.7607421875
 72
     1
 10
780.576171875
 20
-204.7607421875
 11
780.37109375
 21
-204.6640625
 72
     1
 10
780.37109375
 20
-204.6640625
 11
780.1357421875
 21
-204.5654296875
 72
     1
 10
780.1357421875
 20
-204.5654296875
 11
779.8916015625
 21
-204.4765625
 72
     1
 10
779.8916015625
 20
-204.4765625
 11
779.67578125
 21
-204.4287109375
 72
     1
 10
779.67578125
 20
-204.4287109375
 11
779.5234375
 21
-204.4521484375
 72
     1
 10
779.5234375
 20
-204.4521484375
 11
779.4873046875
 21
-204.646484375
 72
     1
 10
779.4873046875
 20
-204.646484375
 11
779.6796875
 21
-204.921875
 72
     1
 10
779.6796875
 20
-204.921875
 11
779.953125
 21
-205.2001953125
 72
     1
 10
779.953125
 20
-205.2001953125
 11
780.1591796875
 21
-205.404296875
 72
     1
 10
780.1591796875
 20
-205.404296875
 11
780.2841796875
 21
-205.5458984375
 72
     1
 10
780.2841796875
 20
-205.5458984375
 11
780.447265625
 21
-205.728515625
 72
     1
 10
780.447265625
 20
-205.728515625
 11
780.625
 21
-205.9345703125
 72
     1
 10
780.625
 20
-205.9345703125
 11
780.7939453125
 21
-206.1455078125
 72
     1
 10
780.7939453125
 20
-206.1455078125
 11
780.8251953125
 21
-206.189453125
 72
     1
 10
780.8251953125
 20
-206.189453125
 11
780.8935546875
 21
-206.27734375
 72
     1
 10
780.8935546875
 20
-206.27734375
 11
780.96484375
 21
-206.3525390625
 72
     1
 10
780.96484375
 20
-206.3525390625
 11
781.005859375
 21
-206.357421875
 72
     1
 10
781.005859375
 20
-206.357421875
 11
780.87109375
 21
-206.4326171875
 72
     1
 10
780.87109375
 20
-206.4326171875
 11
780.677734375
 21
-206.30859375
 72
     1
 10
780.677734375
 20
-206.30859375
 11
780.5419921875
 21
-206.1552734375
 72
     1
 10
780.5419921875
 20
-206.1552734375
 11
780.58203125
 21
-206.1455078125
 72
     1
 10
780.58203125
 20
-206.1455078125
 11
780.5029296875
 21
-206.1103515625
 72
     1
 10
780.5029296875
 20
-206.1103515625
 11
780.41796875
 21
-206.095703125
 72
     1
 10
780.41796875
 20
-206.095703125
 11
780.3359375
 21
-206.080078125
 72
     1
 10
780.3359375
 20
-206.080078125
 11
780.2646484375
 21
-206.0400390625
 72
     1
 10
780.2646484375
 20
-206.0400390625
 11
780.2373046875
 21
-205.994140625
 72
     1
 10
780.2373046875
 20
-205.994140625
 11
780.212890625
 21
-205.9306640625
 72
     1
 10
780.212890625
 20
-205.9306640625
 11
780.1884765625
 21
-205.869140625
 72
     1
 10
780.1884765625
 20
-205.869140625
 11
780.1591796875
 21
-205.828125
 72
     1
 10
780.1591796875
 20
-205.828125
 11
780.02734375
 21
-205.7607421875
 72
     1
 10
780.02734375
 20
-205.7607421875
 11
779.8798828125
 21
-205.7109375
 72
     1
 10
779.8798828125
 20
-205.7109375
 11
779.7392578125
 21
-205.666015625
 72
     1
 10
779.7392578125
 20
-205.666015625
 11
779.62890625
 21
-205.6162109375
 72
     1
 10
779.62890625
 20
-205.6162109375
 11
779.5771484375
 21
-205.5712890625
 72
     1
 10
779.5771484375
 20
-205.5712890625
 11
779.53125
 21
-205.5146484375
 72
     1
 10
779.53125
 20
-205.5146484375
 11
779.4814453125
 21
-205.4560546875
 72
     1
 10
779.4814453125
 20
-205.4560546875
 11
779.41796875
 21
-205.404296875
 72
     1
 10
779.41796875
 20
-205.404296875
 11
779.365234375
 21
-205.376953125
 72
     1
 10
779.365234375
 20
-205.376953125
 11
779.3125
 21
-205.3544921875
 72
     1
 10
779.3125
 20
-205.3544921875
 11
779.2587890625
 21
-205.330078125
 72
     1
 10
779.2587890625
 20
-205.330078125
 11
779.2060546875
 21
-205.298828125
 72
     1
 10
779.2060546875
 20
-205.298828125
 11
779.107421875
 21
-205.208984375
 72
     1
 10
779.107421875
 20
-205.208984375
 11
779.0126953125
 21
-205.09765625
 72
     1
 10
779.0126953125
 20
-205.09765625
 11
778.908203125
 21
-204.98046875
 72
     1
 10
778.908203125
 20
-204.98046875
 11
778.7822265625
 21
-204.875
 72
     1
 10
778.7822265625
 20
-204.875
 11
778.642578125
 21
-204.8076171875
 72
     1
 10
778.642578125
 20
-204.8076171875
 11
778.5
 21
-204.763671875
 72
     1
 10
778.5
 20
-204.763671875
 11
778.3662109375
 21
-204.72265625
 72
     1
 10
778.3662109375
 20
-204.72265625
 11
778.2529296875
 21
-204.6640625
 72
     1
 10
778.2529296875
 20
-204.6640625
 11
778.193359375
 21
-204.5859375
 72
     1
 10
778.193359375
 20
-204.5859375
 11
778.1376953125
 21
-204.482421875
 72
     1
 10
778.1376953125
 20
-204.482421875
 11
778.060546875
 21
-204.390625
 72
     1
 10
778.060546875
 20
-204.390625
 11
777.935546875
 21
-204.345703125
 72
     1
 10
777.935546875
 20
-204.345703125
 11
777.8359375
 21
-204.28125
 72
     1
 10
777.8359375
 20
-204.28125
 11
777.6953125
 21
-204.140625
 72
     1
 10
777.6953125
 20
-204.140625
 11
777.5693359375
 21
-203.99609375
 72
     1
 10
777.5693359375
 20
-203.99609375
 11
777.51171875
 21
-203.921875
 72
     1
 10
777.51171875
 20
-203.921875
 11
777.4599609375
 21
-203.4453125
 72
     1
 10
777.4599609375
 20
-203.4453125
 11
777.5556640625
 21
-202.9970703125
 72
     1
 10
777.5556640625
 20
-202.9970703125
 11
777.7099609375
 21
-202.5615234375
 72
     1
 10
777.7099609375
 20
-202.5615234375
 11
777.8291015625
 21
-202.1220703125
 72
     1
 10
777.8291015625
 20
-202.1220703125
 11
777.873046875
 21
-201.568359375
 72
     1
 10
777.873046875
 20
-201.568359375
 11
777.8779296875
 21
-201.0087890625
 72
     1
 10
777.8779296875
 20
-201.0087890625
 11
777.9111328125
 21
-200.501953125
 72
     1
 10
777.9111328125
 20
-200.501953125
 11
778.041015625
 21
-200.1103515625
 72
     1
 10
778.041015625
 20
-200.1103515625
 11
778.77734375
 21
-199.640625
 72
     1
 10
778.77734375
 20
-199.640625
 11
779.89453125
 21
-199.5224609375
 72
     1
 10
779.89453125
 20
-199.5224609375
 11
781.1181640625
 21
-199.56640625
 72
     1
 10
781.1181640625
 20
-199.56640625
 11
782.1708984375
 21
-199.5810546875
 72
     1
 10
782.1708984375
 20
-199.5810546875
 11
782.21875
 21
-199.5625
 72
     1
 10
782.21875
 20
-199.5625
 11
782.2548828125
 21
-199.52734375
 72
     1
 10
782.2548828125
 20
-199.52734375
 11
782.275390625
 21
-199.4921875
 72
     1
 10
782.275390625
 20
-199.4921875
 11
782.2763671875
 21
-199.4755859375
 97
        0
 75
     0
 76
     1
 98
        0
  0
POLYLINE
  5
828
330
1F
100
AcDbEntity
  8
Layer 1
370
     0
100
AcDb2dPolyline
 66
     1
 10
0.0
 20
0.0
 30
0.0
  0
VERTEX
  5
829
330
828
100
AcDbEntity
  8
Layer 1
370
     0
100
AcDbVertex
100
AcDb2dVertex
 10
799.958984375
 20
-201.5927734375
 30
0.0
  0
VERTEX
  5
82A
330
828
100
AcDbEntity
  8
Layer 1
370
     0
100
AcDbVertex
100
AcDb2dVertex
 10
799.99609375
 20
-201.5703125
 30
0.0
  0
VERTEX
  5
82B
330
828
100
AcDbEntity
  8
Layer 1
370
     0
100
AcDbVertex
100
AcDb2dVertex
 10
800.037109375
 20
-201.5322265625
 30
0.0
  0
VERTEX
  5
82C
330
828
100
AcDbEntity
  8
Layer 1
370
     0
100
AcDbVertex
100
AcDb2dVertex
 10
800.091796875
 20
-201.498046875
 30
0.0
  0
VERTEX
  5
82D
330
828
100
AcDbEntity
  8
Layer 1
370
     0
100
AcDbVertex
100
AcDb2dVertex
 10
800.169921875
 20
-201.4873046875
 30
0.0
  0
VERTEX
  5
82E
330
828
100
AcDbEntity
  8
Layer 1
370
     0
100
AcDbVertex
100
AcDb2dVertex
 10
800.43359375
 20
-201.515625
 30
0.0
  0
VERTEX
  5
82F
330
828
100
AcDbEntity
  8
Layer 1
370
     0
100
AcDbVertex
100
AcDb2dVertex
 10
800.626953125
 20
-201.5546875
 30
0.0
  0
VERTEX
  5
830
330
828
100
AcDbEntity
  8
Layer 1
370
     0
100
AcDbVertex
100
AcDb2dVertex
 10
800.8037109375
 20
-201.6142578125
 30
0.0
  0
VERTEX
  5
831
330
828
100
AcDbEntity
  8
Layer 1
370
     0
100
AcDbVertex
100
AcDb2dVertex
 10
801.017578125
 20
-201.69921875
 30
0.0
  0
VERTEX
  5
832
330
828
100
AcDbEntity
  8
Layer 1
370
     0
100
AcDbVertex
100
AcDb2dVertex
 10
801.0625
 20
-201.701171875
 30
0.0
  0
VERTEX
  5
833
330
828
100
AcDbEntity
  8
Layer 1
370
     0
100
AcDbVertex
100
AcDb2dVertex
 10
801.1279296875
 20
-201.693359375
 30
0.0
  0
VERTEX
  5
834
330
828
100
AcDbEntity
  8
Layer 1
370
     0
100
AcDbVertex
100
AcDb2dVertex
 10
801.19140625
 20
-201.689453125
 30
0.0
  0
VERTEX
  5
835
330
828
100
AcDbEntity
  8
Layer 1
370
     0
100
AcDbVertex
100
AcDb2dVertex
 10
801.2294921875
 20
-201.69921875
 30
0.0
  0
VERTEX
  5
836
330
828
100
AcDbEntity
  8
Layer 1
370
     0
100
AcDbVertex
100
AcDb2dVertex
 10
801.4140625
 20
-201.8212890625
 30
0.0
  0
VERTEX
  5
837
330
828
100
AcDbEntity
  8
Layer 1
370
     0
100
AcDbVertex
100
AcDb2dVertex
 10
801.697265625
 20
-201.923828125
 30
0.0
  0
VERTEX
  5
838
330
828
100
AcDbEntity
  8
Layer 1
370
     0
100
AcDbVertex
100
AcDb2dVertex
 10
802.01171875
 20
-202.01953125
 30
0.0
  0
VERTEX
  5
839
330
828
100
AcDbEntity
  8
Layer 1
370
     0
100
AcDbVertex
100
AcDb2dVertex
 10
802.2880859375
 20
-202.1220703125
 30
0.0
  0
VERTEX
  5
83A
330
828
100
AcDbEntity
  8
Layer 1
370
     0
100
AcDbVertex
100
AcDb2dVertex
 10
802.6552734375
 20
-202.3291015625
 30
0.0
  0
VERTEX
  5
83B
330
828
100
AcDbEntity
  8
Layer 1
370
     0
100
AcDbVertex
100
AcDb2dVertex
 10
803.0703125
 20
-202.6044921875
 30
0.0
  0
VERTEX
  5
83C
330
828
100
AcDbEntity
  8
Layer 1
370
     0
100
AcDbVertex
100
AcDb2dVertex
 10
803.4912109375
 20
-202.904296875
 30
0.0
  0
VERTEX
  5
83D
330
828
100
AcDbEntity
  8
Layer 1
370
     0
100
AcDbVertex
100
AcDb2dVertex
 10
803.8759765625
 20
-203.181640625
 30
0.0
  0
VERTEX
  5
83E
330
828
100
AcDbEntity
  8
Layer 1
370
     0
100
AcDbVertex
100
AcDb2dVertex
 10
803.9560546875
 20
-203.216796875
 30
0.0
  0
VERTEX
  5
83F
330
828
100
AcDbEntity
  8
Layer 1
370
     0
100
AcDbVertex
100
AcDb2dVertex
 10
804.041015625
 20
-203.2314453125
 30
0.0
  0
VERTEX
  5
840
330
828
100
AcDbEntity
  8
Layer 1
370
     0
100
AcDbVertex
100
AcDb2dVertex
 10
804.1220703125
 20
-203.248046875
 30
0.0
  0
VERTEX
  5
841
330
828
100
AcDbEntity
  8
Layer 1
370
     0
100
AcDbVertex
100
AcDb2dVertex
 10
804.193359375
 20
-203.287109375
 30
0.0
  0
VERTEX
  5
842
330
828
100
AcDbEntity
  8
Layer 1
370
     0
100
AcDbVertex
100
AcDb2dVertex
 10
804.2783203125
 20
-203.390625
 30
0.0
  0
VERTEX
  5
843
330
828
100
AcDbEntity
  8
Layer 1
370
     0
100
AcDbVertex
100
AcDb2dVertex
 10
804.375
 20
-203.533203125
 30
0.0
  0
VERTEX
  5
844
330
828
100
AcDbEntity
  8
Layer 1
370
     0
100
AcDbVertex
100
AcDb2dVertex
 10
804.4873046875
 20
-203.685546875
 30
0.0
  0
VERTEX
  5
845
330
828
100
AcDbEntity
  8
Layer 1
370
     0
100
AcDbVertex
100
AcDb2dVertex
 10
804.6171875
 20
-203.81640625
 30
0.0
  0
VERTEX
  5
846
330
828
100
AcDbEntity
  8
Layer 1
370
     0
100
AcDbVertex
100
AcDb2dVertex
 10
804.740234375
 20
-203.8828125
 30
0.0
  0
VERTEX
  5
847
330
828
100
AcDbEntity
  8
Layer 1
370
     0
100
AcDbVertex
100
AcDb2dVertex
 10
804.8876953125
 20
-203.9287109375
 30
0.0
  0
VERTEX
  5
848
330
828
100
AcDbEntity
  8
Layer 1
370
     0
100
AcDbVertex
100
AcDb2dVertex
 10
805.03125
 20
-203.9716796875
 30
0.0
  0
VERTEX
  5
849
330
828
100
AcDbEntity
  8
Layer 1
370
     0
100
AcDbVertex
100
AcDb2dVertex
 10
805.146484375
 20
-204.0283203125
 30
0.0
  0
VERTEX
  5
84A
330
828
100
AcDbEntity
  8
Layer 1
370
     0
100
AcDbVertex
100
AcDb2dVertex
 10
805.240234375
 20
-204.1083984375
 30
0.0
  0
VERTEX
  5
84B
330
828
100
AcDbEntity
  8
Layer 1
370
     0
100
AcDbVertex
100
AcDb2dVertex
 10
805.31640625
 20
-204.19140625
 30
0.0
  0
VERTEX
  5
84C
330
828
100
AcDbEntity
  8
Layer 1
370
     0
100
AcDbVertex
100
AcDb2dVertex
 10
805.3876953125
 20
-204.271484375
 30
0.0
  0
VERTEX
  5
84D
330
828
100
AcDbEntity
  8
Layer 1
370
     0
100
AcDbVertex
100
AcDb2dVertex
 10
805.46484375
 20
-204.345703125
 30
0.0
  0
VERTEX
  5
84E
330
828
100
AcDbEntity
  8
Layer 1
370
     0
100
AcDbVertex
100
AcDb2dVertex
 10
805.6376953125
 20
-204.486328125
 30
0.0
  0
VERTEX
  5
84F
330
828
100
AcDbEntity
  8
Layer 1
370
     0
100
AcDbVertex
100
AcDb2dVertex
 10
805.82421875
 20
-204.638671875
 30
0.0
  0
VERTEX
  5
850
330
828
100
AcDbEntity
  8
Layer 1
370
     0
100
AcDbVertex
100
AcDb2dVertex
 10
806.015625
 20
-204.802734375
 30
0.0
  0
VERTEX
  5
851
330
828
100
AcDbEntity
  8
Layer 1
370
     0
100
AcDbVertex
100
AcDb2dVertex
 10
806.205078125
 20
-204.9814453125
 30
0.0
  0
VERTEX
  5
852
330
828
100
AcDbEntity
  8
Layer 1
370
     0
100
AcDbVertex
100
AcDb2dVertex
 10
806.361328125
 20
-205.12890625
 30
0.0
  0
VERTEX
  5
853
330
828
100
AcDbEntity
  8
Layer 1
370
     0
100
AcDbVertex
100
AcDb2dVertex
 10
806.537109375
 20
-205.294921875
 30
0.0
  0
VERTEX
  5
854
330
828
100
AcDbEntity
  8
Layer 1
370
     0
100
AcDbVertex
100
AcDb2dVertex
 10
806.70703125
 20
-205.4609375
 30
0.0
  0
VERTEX
  5
855
330
828
100
AcDbEntity
  8
Layer 1
370
     0
100
AcDbVertex
100
AcDb2dVertex
 10
806.8408203125
 20
-205.6162109375
 30
0.0
  0
VERTEX
  5
856
330
828
100
AcDbEntity
  8
Layer 1
370
     0
100
AcDbVertex
100
AcDb2dVertex
 10
806.84765625
 20
-205.6611328125
 30
0.0
  0
VERTEX
  5
857
330
828
100
AcDbEntity
  8
Layer 1
370
     0
100
AcDbVertex
100
AcDb2dVertex
 10
806.837890625
 20
-205.7255859375
 30
0.0
  0
VERTEX
  5
858
330
828
100
AcDbEntity
  8
Layer 1
370
     0
100
AcDbVertex
100
AcDb2dVertex
 10
806.830078125
 20
-205.7890625
 30
0.0
  0
VERTEX
  5
859
330
828
100
AcDbEntity
  8
Layer 1
370
     0
100
AcDbVertex
100
AcDb2dVertex
 10
806.8408203125
 20
-205.828125
 30
0.0
  0
VERTEX
  5
85A
330
828
100
AcDbEntity
  8
Layer 1
370
     0
100
AcDbVertex
100
AcDb2dVertex
 10
807.13671875
 20
-206.1728515625
 30
0.0
  0
VERTEX
  5
85B
330
828
100
AcDbEntity
  8
Layer 1
370
     0
100
AcDbVertex
100
AcDb2dVertex
 10
807.400390625
 20
-206.685546875
 30
0.0
  0
VERTEX
  5
85C
330
828
100
AcDbEntity
  8
Layer 1
370
     0
100
AcDbVertex
100
AcDb2dVertex
 10
807.5693359375
 20
-207.298828125
 30
0.0
  0
VERTEX
  5
85D
330
828
100
AcDbEntity
  8
Layer 1
370
     0
100
AcDbVertex
100
AcDb2dVertex
 10
807.58203125
 20
-207.9462890625
 30
0.0
  0
VERTEX
  5
85E
330
828
100
AcDbEntity
  8
Layer 1
370
     0
100
AcDbVertex
100
AcDb2dVertex
 10
807.505859375
 20
-208.2197265625
 30
0.0
  0
VERTEX
  5
85F
330
828
100
AcDbEntity
  8
Layer 1
370
     0
100
AcDbVertex
100
AcDb2dVertex
 10
807.37890625
 20
-208.498046875
 30
0.0
  0
VERTEX
  5
860
330
828
100
AcDbEntity
  8
Layer 1
370
     0
100
AcDbVertex
100
AcDb2dVertex
 10
807.2490234375
 20
-208.7919921875
 30
0.0
  0
VERTEX
  5
861
330
828
100
AcDbEntity
  8
Layer 1
370
     0
100
AcDbVertex
100
AcDb2dVertex
 10
807.158203125
 20
-209.1103515625
 30
0.0
  0
VERTEX
  5
862
330
828
100
AcDbEntity
  8
Layer 1
370
     0
100
AcDbVertex
100
AcDb2dVertex
 10
807.134765625
 20
-209.4833984375
 30
0.0
  0
VERTEX
  5
863
330
828
100
AcDbEntity
  8
Layer 1
370
     0
100
AcDbVertex
100
AcDb2dVertex
 10
807.150390625
 20
-209.841796875
 30
0.0
  0
VERTEX
  5
864
330
828
100
AcDbEntity
  8
Layer 1
370
     0
100
AcDbVertex
100
AcDb2dVertex
 10
807.142578125
 20
-210.177734375
 30
0.0
  0
VERTEX
  5
865
330
828
100
AcDbEntity
  8
Layer 1
370
     0
100
AcDbVertex
100
AcDb2dVertex
 10
807.052734375
 20
-210.4873046875
 30
0.0
  0
VERTEX
  5
866
330
828
100
AcDbEntity
  8
Layer 1
370
     0
100
AcDbVertex
100
AcDb2dVertex
 10
807.0087890625
 20
-210.5400390625
 30
0.0
  0
VERTEX
  5
867
330
828
100
AcDbEntity
  8
Layer 1
370
     0
100
AcDbVertex
100
AcDb2dVertex
 10
806.943359375
 20
-210.5966796875
 30
0.0
  0
VERTEX
  5
868
330
828
100
AcDbEntity
  8
Layer 1
370
     0
100
AcDbVertex
100
AcDb2dVertex
 10
806.8798828125
 20
-210.65234375
 30
0.0
  0
VERTEX
  5
869
330
828
100
AcDbEntity
  8
Layer 1
370
     0
100
AcDbVertex
100
AcDb2dVertex
 10
806.8408203125
 20
-210.69921875
 30
0.0
  0
VERTEX
  5
86A
330
828
100
AcDbEntity
  8
Layer 1
370
     0
100
AcDbVertex
100
AcDb2dVertex
 10
806.7724609375
 20
-210.888671875
 30
0.0
  0
VERTEX
  5
86B
330
828
100
AcDbEntity
  8
Layer 1
370
     0
100
AcDbVertex
100
AcDb2dVertex
 10
806.7275390625
 20
-211.0810546875
 30
0.0
  0
VERTEX
  5
86C
330
828
100
AcDbEntity
  8
Layer 1
370
     0
100
AcDbVertex
100
AcDb2dVertex
 10
806.685546875
 20
-211.2685546875
 30
0.0
  0
VERTEX
  5
86D
330
828
100
AcDbEntity
  8
Layer 1
370
     0
100
AcDbVertex
100
AcDb2dVertex
 10
806.62890625
 20
-211.439453125
 30
0.0
  0
VERTEX
  5
86E
330
828
100
AcDbEntity
  8
Layer 1
370
     0
100
AcDbVertex
100
AcDb2dVertex
 10
806.5859375
 20
-211.5126953125
 30
0.0
  0
VERTEX
  5
86F
330
828
100
AcDbEntity
  8
Layer 1
370
     0
100
AcDbVertex
100
AcDb2dVertex
 10
806.521484375
 20
-211.6025390625
 30
0.0
  0
VERTEX
  5
870
330
828
100
AcDbEntity
  8
Layer 1
370
     0
100
AcDbVertex
100
AcDb2dVertex
 10
806.4580078125
 20
-211.6904296875
 30
0.0
  0
VERTEX
  5
871
330
828
100
AcDbEntity
  8
Layer 1
370
     0
100
AcDbVertex
100
AcDb2dVertex
 10
806.4169921875
 20
-211.7578125
 30
0.0
  0
VERTEX
  5
872
330
828
100
AcDbEntity
  8
Layer 1
370
     0
100
AcDbVertex
100
AcDb2dVertex
 10
806.2763671875
 20
-212.080078125
 30
0.0
  0
VERTEX
  5
873
330
828
100
AcDbEntity
  8
Layer 1
370
     0
100
AcDbVertex
100
AcDb2dVertex
 10
806.1640625
 20
-212.427734375
 30
0.0
  0
VERTEX
  5
874
330
828
100
AcDbEntity
  8
Layer 1
370
     0
100
AcDbVertex
100
AcDb2dVertex
 10
806.1259765625
 20
-212.810546875
 30
0.0
  0
VERTEX
  5
875
330
828
100
AcDbEntity
  8
Layer 1
370
     0
100
AcDbVertex
100
AcDb2dVertex
 10
806.205078125
 20
-213.240234375
 30
0.0
  0
VERTEX
  5
876
330
828
100
AcDbEntity
  8
Layer 1
370
     0
100
AcDbVertex
100
AcDb2dVertex
 10
806.228515625
 20
-213.2939453125
 30
0.0
  0
VERTEX
  5
877
330
828
100
AcDbEntity
  8
Layer 1
370
     0
100
AcDbVertex
100
AcDb2dVertex
 10
806.2548828125
 20
-213.3427734375
 30
0.0
  0
VERTEX
  5
878
330
828
100
AcDbEntity
  8
Layer 1
370
     0
100
AcDbVertex
100
AcDb2dVertex
 10
806.283203125
 20
-213.392578125
 30
0.0
  0
VERTEX
  5
879
330
828
100
AcDbEntity
  8
Layer 1
370
     0
100
AcDbVertex
100
AcDb2dVertex
 10
806.3115234375
 20
-213.451171875
 30
0.0
  0
VERTEX
  5
87A
330
828
100
AcDbEntity
  8
Layer 1
370
     0
100
AcDbVertex
100
AcDb2dVertex
 10
806.376953125
 20
-213.6591796875
 30
0.0
  0
VERTEX
  5
87B
330
828
100
AcDbEntity
  8
Layer 1
370
     0
100
AcDbVertex
100
AcDb2dVertex
 10
806.5009765625
 20
-214.0791015625
 30
0.0
  0
VERTEX
  5
87C
330
828
100
AcDbEntity
  8
Layer 1
370
     0
100
AcDbVertex
100
AcDb2dVertex
 10
806.609375
 20
-214.5029296875
 30
0.0
  0
VERTEX
  5
87D
330
828
100
AcDbEntity
  8
Layer 1
370
     0
100
AcDbVertex
100
AcDb2dVertex
 10
806.62890625
 20
-214.72265625
 30
0.0
  0
VERTEX
  5
87E
330
828
100
AcDbEntity
  8
Layer 1
370
     0
100
AcDbVertex
100
AcDb2dVertex
 10
806.4482421875
 20
-214.619140625
 30
0.0
  0
VERTEX
  5
87F
330
828
100
AcDbEntity
  8
Layer 1
370
     0
100
AcDbVertex
100
AcDb2dVertex
 10
806.046875
 20
-214.3798828125
 30
0.0
  0
VERTEX
  5
880
330
828
100
AcDbEntity
  8
Layer 1
370
     0
100
AcDbVertex
100
AcDb2dVertex
 10
805.6181640625
 20
-214.126953125
 30
0.0
  0
VERTEX
  5
881
330
828
100
AcDbEntity
  8
Layer 1
370
     0
100
AcDbVertex
100
AcDb2dVertex
 10
805.3583984375
 20
-213.9814453125
 30
0.0
  0
VERTEX
  5
882
330
828
100
AcDbEntity
  8
Layer 1
370
     0
100
AcDbVertex
100
AcDb2dVertex
 10
805.3134765625
 20
-213.978515625
 30
0.0
  0
VERTEX
  5
883
330
828
100
AcDbEntity
  8
Layer 1
370
     0
100
AcDbVertex
100
AcDb2dVertex
 10
805.248046875
 20
-213.986328125
 30
0.0
  0
VERTEX
  5
884
330
828
100
AcDbEntity
  8
Layer 1
370
     0
100
AcDbVertex
100
AcDb2dVertex
 10
805.185546875
 20
-213.9912109375
 30
0.0
  0
VERTEX
  5
885
330
828
100
AcDbEntity
  8
Layer 1
370
     0
100
AcDbVertex
100
AcDb2dVertex
 10
805.146484375
 20
-213.9814453125
 30
0.0
  0
VERTEX
  5
886
330
828
100
AcDbEntity
  8
Layer 1
370
     0
100
AcDbVertex
100
AcDb2dVertex
 10
804.8466796875
 20
-213.7412109375
 30
0.0
  0
VERTEX
  5
887
330
828
100
AcDbEntity
  8
Layer 1
370
     0
100
AcDbVertex
100
AcDb2dVertex
 10
804.423828125
 20
-213.5244140625
 30
0.0
  0
VERTEX
  5
888
330
828
100
AcDbEntity
  8
Layer 1
370
     0
100
AcDbVertex
100
AcDb2dVertex
 10
803.96484375
 20
-213.32421875
 30
0.0
  0
VERTEX
  5
889
330
828
100
AcDbEntity
  8
Layer 1
370
     0
100
AcDbVertex
100
AcDb2dVertex
 10
803.55859375
 20
-213.1337890625
 30
0.0
  0
VERTEX
  5
88A
330
828
100
AcDbEntity
  8
Layer 1
370
     0
100
AcDbVertex
100
AcDb2dVertex
 10
803.267578125
 20
-212.96484375
 30
0.0
  0
VERTEX
  5
88B
330
828
100
AcDbEntity
  8
Layer 1
370
     0
100
AcDbVertex
100
AcDb2dVertex
 10
802.984375
 20
-212.78125
 30
0.0
  0
VERTEX
  5
88C
330
828
100
AcDbEntity
  8
Layer 1
370
     0
100
AcDbVertex
100
AcDb2dVertex
 10
802.6982421875
 20
-212.587890625
 30
0.0
  0
VERTEX
  5
88D
330
828
100
AcDbEntity
  8
Layer 1
370
     0
100
AcDbVertex
100
AcDb2dVertex
 10
802.3935546875
 20
-212.392578125
 30
0.0
  0
VERTEX
  5
88E
330
828
100
AcDbEntity
  8
Layer 1
370
     0
100
AcDbVertex
100
AcDb2dVertex
 10
802.3447265625
 20
-212.3681640625
 30
0.0
  0
VERTEX
  5
88F
330
828
100
AcDbEntity
  8
Layer 1
370
     0
100
AcDbVertex
100
AcDb2dVertex
 10
802.2861328125
 20
-212.34375
 30
0.0
  0
VERTEX
  5
890
330
828
100
AcDbEntity
  8
Layer 1
370
     0
100
AcDbVertex
100
AcDb2dVertex
 10
802.228515625
 20
-212.318359375
 30
0.0
  0
VERTEX
  5
891
330
828
100
AcDbEntity
  8
Layer 1
370
     0
100
AcDbVertex
100
AcDb2dVertex
 10
802.181640625
 20
-212.287109375
 30
0.0
  0
VERTEX
  5
892
330
828
100
AcDbEntity
  8
Layer 1
370
     0
100
AcDbVertex
100
AcDb2dVertex
 10
801.96875
 20
-212.0439453125
 30
0.0
  0
VERTEX
  5
893
330
828
100
AcDbEntity
  8
Layer 1
370
     0
100
AcDbVertex
100
AcDb2dVertex
 10
801.7890625
 20
-211.7666015625
 30
0.0
  0
VERTEX
  5
894
330
828
100
AcDbEntity
  8
Layer 1
370
     0
100
AcDbVertex
100
AcDb2dVertex
 10
801.6201171875
 20
-211.4853515625
 30
0.0
  0
VERTEX
  5
895
330
828
100
AcDbEntity
  8
Layer 1
370
     0
100
AcDbVertex
100
AcDb2dVertex
 10
801.44140625
 20
-211.228515625
 30
0.0
  0
VERTEX
  5
896
330
828
100
AcDbEntity
  8
Layer 1
370
     0
100
AcDbVertex
100
AcDb2dVertex
 10
801.3701171875
 20
-211.169921875
 30
0.0
  0
VERTEX
  5
897
330
828
100
AcDbEntity
  8
Layer 1
370
     0
100
AcDbVertex
100
AcDb2dVertex
 10
801.28125
 20
-211.1220703125
 30
0.0
  0
VERTEX
  5
898
330
828
100
AcDbEntity
  8
Layer 1
370
     0
100
AcDbVertex
100
AcDb2dVertex
 10
801.19140625
 20
-211.07421875
 30
0.0
  0
VERTEX
  5
899
330
828
100
AcDbEntity
  8
Layer 1
370
     0
100
AcDbVertex
100
AcDb2dVertex
 10
801.123046875
 20
-211.0166015625
 30
0.0
  0
VERTEX
  5
89A
330
828
100
AcDbEntity
  8
Layer 1
370
     0
100
AcDbVertex
100
AcDb2dVertex
 10
801.0126953125
 20
-210.85546875
 30
0.0
  0
VERTEX
  5
89B
330
828
100
AcDbEntity
  8
Layer 1
370
     0
100
AcDbVertex
100
AcDb2dVertex
 10
800.8876953125
 20
-210.65625
 30
0.0
  0
VERTEX
  5
89C
330
828
100
AcDbEntity
  8
Layer 1
370
     0
100
AcDbVertex
100
AcDb2dVertex
 10
800.748046875
 20
-210.4521484375
 30
0.0
  0
VERTEX
  5
89D
330
828
100
AcDbEntity
  8
Layer 1
370
     0
100
AcDbVertex
100
AcDb2dVertex
 10
800.59375
 20
-210.275390625
 30
0.0
  0
VERTEX
  5
89E
330
828
100
AcDbEntity
  8
Layer 1
370
     0
100
AcDbVertex
100
AcDb2dVertex
 10
800.43359375
 20
-210.142578125
 30
0.0
  0
VERTEX
  5
89F
330
828
100
AcDbEntity
  8
Layer 1
370
     0
100
AcDbVertex
100
AcDb2dVertex
 10
800.25
 20
-210.015625
 30
0.0
  0
VERTEX
  5
8A0
330
828
100
AcDbEntity
  8
Layer 1
370
     0
100
AcDbVertex
100
AcDb2dVertex
 10
800.052734375
 20
-209.8857421875
 30
0.0
  0
VERTEX
  5
8A1
330
828
100
AcDbEntity
  8
Layer 1
370
     0
100
AcDbVertex
100
AcDb2dVertex
 10
799.8525390625
 20
-209.74609375
 30
0.0
  0
VERTEX
  5
8A2
330
828
100
AcDbEntity
  8
Layer 1
370
     0
100
AcDbVertex
100
AcDb2dVertex
 10
799.6748046875
 20
-209.6181640625
 30
0.0
  0
VERTEX
  5
8A3
330
828
100
AcDbEntity
  8
Layer 1
370
     0
100
AcDbVertex
100
AcDb2dVertex
 10
799.486328125
 20
-209.4873046875
 30
0.0
  0
VERTEX
  5
8A4
330
828
100
AcDbEntity
  8
Layer 1
370
     0
100
AcDbVertex
100
AcDb2dVertex
 10
799.2958984375
 20
-209.353515625
 30
0.0
  0
VERTEX
  5
8A5
330
828
100
AcDbEntity
  8
Layer 1
370
     0
100
AcDbVertex
100
AcDb2dVertex
 10
799.111328125
 20
-209.216796875
 30
0.0
  0
VERTEX
  5
8A6
330
828
100
AcDbEntity
  8
Layer 1
370
     0
100
AcDbVertex
100
AcDb2dVertex
 10
798.9501953125
 20
-209.068359375
 30
0.0
  0
VERTEX
  5
8A7
330
828
100
AcDbEntity
  8
Layer 1
370
     0
100
AcDbVertex
100
AcDb2dVertex
 10
798.8017578125
 20
-208.904296875
 30
0.0
  0
VERTEX
  5
8A8
330
828
100
AcDbEntity
  8
Layer 1
370
     0
100
AcDbVertex
100
AcDb2dVertex
 10
798.650390625
 20
-208.736328125
 30
0.0
  0
VERTEX
  5
8A9
330
828
100
AcDbEntity
  8
Layer 1
370
     0
100
AcDbVertex
100
AcDb2dVertex
 10
798.4765625
 20
-208.5810546875
 30
0.0
  0
VERTEX
  5
8AA
330
828
100
AcDbEntity
  8
Layer 1
370
     0
100
AcDbVertex
100
AcDb2dVertex
 10
798.431640625
 20
-208.57421875
 30
0.0
  0
VERTEX
  5
8AB
330
828
100
AcDbEntity
  8
Layer 1
370
     0
100
AcDbVertex
100
AcDb2dVertex
 10
798.3671875
 20
-208.583984375
 30
0.0
  0
VERTEX
  5
8AC
330
828
100
AcDbEntity
  8
Layer 1
370
     0
100
AcDbVertex
100
AcDb2dVertex
 10
798.3046875
 20
-208.591796875
 30
0.0
  0
VERTEX
  5
8AD
330
828
100
AcDbEntity
  8
Layer 1
370
     0
100
AcDbVertex
100
AcDb2dVertex
 10
798.2646484375
 20
-208.5810546875
 30
0.0
  0
VERTEX
  5
8AE
330
828
100
AcDbEntity
  8
Layer 1
370
     0
100
AcDbVertex
100
AcDb2dVertex
 10
798.2119140625
 20
-208.515625
 30
0.0
  0
VERTEX
  5
8AF
330
828
100
AcDbEntity
  8
Layer 1
370
     0
100
AcDbVertex
100
AcDb2dVertex
 10
798.1689453125
 20
-208.466796875
 30
0.0
  0
VERTEX
  5
8B0
330
828
100
AcDbEntity
  8
Layer 1
370
     0
100
AcDbVertex
100
AcDb2dVertex
 10
798.12109375
 20
-208.4208984375
 30
0.0
  0
VERTEX
  5
8B1
330
828
100
AcDbEntity
  8
Layer 1
370
     0
100
AcDbVertex
100
AcDb2dVertex
 10
798.052734375
 20
-208.369140625
 30
0.0
  0
VERTEX
  5
8B2
330
828
100
AcDbEntity
  8
Layer 1
370
     0
100
AcDbVertex
100
AcDb2dVertex
 10
797.7314453125
 20
-208.115234375
 30
0.0
  0
VERTEX
  5
8B3
330
828
100
AcDbEntity
  8
Layer 1
370
     0
100
AcDbVertex
100
AcDb2dVertex
 10
797.37890625
 20
-207.794921875
 30
0.0
  0
VERTEX
  5
8B4
330
828
100
AcDbEntity
  8
Layer 1
370
     0
100
AcDbVertex
100
AcDb2dVertex
 10
797.01953125
 20
-207.443359375
 30
0.0
  0
VERTEX
  5
8B5
330
828
100
AcDbEntity
  8
Layer 1
370
     0
100
AcDbVertex
100
AcDb2dVertex
 10
796.67578125
 20
-207.0986328125
 30
0.0
  0
VERTEX
  5
8B6
330
828
100
AcDbEntity
  8
Layer 1
370
     0
100
AcDbVertex
100
AcDb2dVertex
 10
796.3154296875
 20
-206.7265625
 30
0.0
  0
VERTEX
  5
8B7
330
828
100
AcDbEntity
  8
Layer 1
370
     0
100
AcDbVertex
100
AcDb2dVertex
 10
795.9755859375
 20
-206.375
 30
0.0
  0
VERTEX
  5
8B8
330
828
100
AcDbEntity
  8
Layer 1
370
     0
100
AcDbVertex
100
AcDb2dVertex
 10
795.615234375
 20
-206.041015625
 30
0.0
  0
VERTEX
  5
8B9
330
828
100
AcDbEntity
  8
Layer 1
370
     0
100
AcDbVertex
100
AcDb2dVertex
 10
795.1943359375
 20
-205.72265625
 30
0.0
  0
VERTEX
  5
8BA
330
828
100
AcDbEntity
  8
Layer 1
370
     0
100
AcDbVertex
100
AcDb2dVertex
 10
794.984375
 20
-205.572265625
 30
0.0
  0
VERTEX
  5
8BB
330
828
100
AcDbEntity
  8
Layer 1
370
     0
100
AcDbVertex
100
AcDb2dVertex
 10
794.7890625
 20
-205.419921875
 30
0.0
  0
VERTEX
  5
8BC
330
828
100
AcDbEntity
  8
Layer 1
370
     0
100
AcDbVertex
100
AcDb2dVertex
 10
794.583984375
 20
-205.259765625
 30
0.0
  0
VERTEX
  5
8BD
330
828
100
AcDbEntity
  8
Layer 1
370
     0
100
AcDbVertex
100
AcDb2dVertex
 10
794.3466796875
 20
-205.0869140625
 30
0.0
  0
VERTEX
  5
8BE
330
828
100
AcDbEntity
  8
Layer 1
370
     0
100
AcDbVertex
100
AcDb2dVertex
 10
794.2763671875
 20
-205.056640625
 30
0.0
  0
VERTEX
  5
8BF
330
828
100
AcDbEntity
  8
Layer 1
370
     0
100
AcDbVertex
100
AcDb2dVertex
 10
794.19140625
 20
-205.0380859375
 30
0.0
  0
VERTEX
  5
8C0
330
828
100
AcDbEntity
  8
Layer 1
370
     0
100
AcDbVertex
100
AcDb2dVertex
 10
794.1044921875
 20
-205.017578125
 30
0.0
  0
VERTEX
  5
8C1
330
828
100
AcDbEntity
  8
Layer 1
370
     0
100
AcDbVertex
100
AcDb2dVertex
 10
794.029296875
 20
-204.9814453125
 30
0.0
  0
VERTEX
  5
8C2
330
828
100
AcDbEntity
  8
Layer 1
370
     0
100
AcDbVertex
100
AcDb2dVertex
 10
793.9990234375
 20
-204.9375
 30
0.0
  0
VERTEX
  5
8C3
330
828
100
AcDbEntity
  8
Layer 1
370
     0
100
AcDbVertex
100
AcDb2dVertex
 10
793.9755859375
 20
-204.873046875
 30
0.0
  0
VERTEX
  5
8C4
330
828
100
AcDbEntity
  8
Layer 1
370
     0
100
AcDbVertex
100
AcDb2dVertex
 10
793.953125
 20
-204.810546875
 30
0.0
  0
VERTEX
  5
8C5
330
828
100
AcDbEntity
  8
Layer 1
370
     0
100
AcDbVertex
100
AcDb2dVertex
 10
793.923828125
 20
-204.76953125
 30
0.0
  0
VERTEX
  5
8C6
330
828
100
AcDbEntity
  8
Layer 1
370
     0
100
AcDbVertex
100
AcDb2dVertex
 10
793.837890625
 20
-204.734375
 30
0.0
  0
VERTEX
  5
8C7
330
828
100
AcDbEntity
  8
Layer 1
370
     0
100
AcDbVertex
100
AcDb2dVertex
 10
793.732421875
 20
-204.7119140625
 30
0.0
  0
VERTEX
  5
8C8
330
828
100
AcDbEntity
  8
Layer 1
370
     0
100
AcDbVertex
100
AcDb2dVertex
 10
793.58984375
 20
-204.666015625
 30
0.0
  0
VERTEX
  5
8C9
330
828
100
AcDbEntity
  8
Layer 1
370
     0
100
AcDbVertex
100
AcDb2dVertex
 10
793.3935546875
 20
-204.5576171875
 30
0.0
  0
VERTEX
  5
8CA
330
828
100
AcDbEntity
  8
Layer 1
370
     0
100
AcDbVertex
100
AcDb2dVertex
 10
793.3408203125
 20
-204.5107421875
 30
0.0
  0
VERTEX
  5
8CB
330
828
100
AcDbEntity
  8
Layer 1
370
     0
100
AcDbVertex
100
AcDb2dVertex
 10
793.2958984375
 20
-204.455078125
 30
0.0
  0
VERTEX
  5
8CC
330
828
100
AcDbEntity
  8
Layer 1
370
     0
100
AcDbVertex
100
AcDb2dVertex
 10
793.24609375
 20
-204.3974609375
 30
0.0
  0
VERTEX
  5
8CD
330
828
100
AcDbEntity
  8
Layer 1
370
     0
100
AcDbVertex
100
AcDb2dVertex
 10
793.181640625
 20
-204.345703125
 30
0.0
  0
VERTEX
  5
8CE
330
828
100
AcDbEntity
  8
Layer 1
370
     0
100
AcDbVertex
100
AcDb2dVertex
 10
793.0556640625
 20
-204.287109375
 30
0.0
  0
VERTEX
  5
8CF
330
828
100
AcDbEntity
  8
Layer 1
370
     0
100
AcDbVertex
100
AcDb2dVertex
 10
792.837890625
 20
-204.1953125
 30
0.0
  0
VERTEX
  5
8D0
330
828
100
AcDbEntity
  8
Layer 1
370
     0
100
AcDbVertex
100
AcDb2dVertex
 10
792.6064453125
 20
-204.1005859375
 30
0.0
  0
VERTEX
  5
8D1
330
828
100
AcDbEntity
  8
Layer 1
370
     0
100
AcDbVertex
100
AcDb2dVertex
 10
792.44140625
 20
-204.0283203125
 30
0.0
  0
VERTEX
  5
8D2
330
828
100
AcDbEntity
  8
Layer 1
370
     0
100
AcDbVertex
100
AcDb2dVertex
 10
792.353515625
 20
-203.9775390625
 30
0.0
  0
VERTEX
  5
8D3
330
828
100
AcDbEntity
  8
Layer 1
370
     0
100
AcDbVertex
100
AcDb2dVertex
 10
792.1826171875
 20
-203.884765625
 30
0.0
  0
VERTEX
  5
8D4
330
828
100
AcDbEntity
  8
Layer 1
370
     0
100
AcDbVertex
100
AcDb2dVertex
 10
792.009765625
 20
-203.8115234375
 30
0.0
  0
VERTEX
  5
8D5
330
828
100
AcDbEntity
  8
Layer 1
370
     0
100
AcDbVertex
100
AcDb2dVertex
 10
791.912109375
 20
-203.81640625
 30
0.0
  0
VERTEX
  5
8D6
330
828
100
AcDbEntity
  8
Layer 1
370
     0
100
AcDbVertex
100
AcDb2dVertex
 10
792.22265625
 20
-203.7001953125
 30
0.0
  0
VERTEX
  5
8D7
330
828
100
AcDbEntity
  8
Layer 1
370
     0
100
AcDbVertex
100
AcDb2dVertex
 10
792.8076171875
 20
-203.669921875
 30
0.0
  0
VERTEX
  5
8D8
330
828
100
AcDbEntity
  8
Layer 1
370
     0
100
AcDbVertex
100
AcDb2dVertex
 10
793.4208984375
 20
-203.685546875
 30
0.0
  0
VERTEX
  5
8D9
330
828
100
AcDbEntity
  8
Layer 1
370
     0
100
AcDbVertex
100
AcDb2dVertex
 10
793.8173828125
 20
-203.7109375
 30
0.0
  0
VERTEX
  5
8DA
330
828
100
AcDbEntity
  8
Layer 1
370
     0
100
AcDbVertex
100
AcDb2dVertex
 10
794.1865234375
 20
-203.763671875
 30
0.0
  0
VERTEX
  5
8DB
330
828
100
AcDbEntity
  8
Layer 1
370
     0
100
AcDbVertex
100
AcDb2dVertex
 10
794.541015625
 20
-203.8388671875
 30
0.0
  0
VERTEX
  5
8DC
330
828
100
AcDbEntity
  8
Layer 1
370
     0
100
AcDbVertex
100
AcDb2dVertex
 10
794.8515625
 20
-203.9033203125
 30
0.0
  0
VERTEX
  5
8DD
330
828
100
AcDbEntity
  8
Layer 1
370
     0
100
AcDbVertex
100
AcDb2dVertex
 10
795.087890625
 20
-203.921875
 30
0.0
  0
VERTEX
  5
8DE
330
828
100
AcDbEntity
  8
Layer 1
370
     0
100
AcDbVertex
100
AcDb2dVertex
 10
795.2998046875
 20
-203.8818359375
 30
0.0
  0
VERTEX
  5
8DF
330
828
100
AcDbEntity
  8
Layer 1
370
     0
100
AcDbVertex
100
AcDb2dVertex
 10
795.537109375
 20
-203.802734375
 30
0.0
  0
VERTEX
  5
8E0
330
828
100
AcDbEntity
  8
Layer 1
370
     0
100
AcDbVertex
100
AcDb2dVertex
 10
795.787109375
 20
-203.7041015625
 30
0.0
  0
VERTEX
  5
8E1
330
828
100
AcDbEntity
  8
Layer 1
370
     0
100
AcDbVertex
100
AcDb2dVertex
 10
796.041015625
 20
-203.6044921875
 30
0.0
  0
VERTEX
  5
8E2
330
828
100
AcDbEntity
  8
Layer 1
370
     0
100
AcDbVertex
100
AcDb2dVertex
 10
796.060546875
 20
-203.58203125
 30
0.0
  0
VERTEX
  5
8E3
330
828
100
AcDbEntity
  8
Layer 1
370
     0
100
AcDbVertex
100
AcDb2dVertex
 10
796.068359375
 20
-203.5478515625
 30
0.0
  0
VERTEX
  5
8E4
330
828
100
AcDbEntity
  8
Layer 1
370
     0
100
AcDbVertex
100
AcDb2dVertex
 10
796.08984375
 20
-203.515625
 30
0.0
  0
VERTEX
  5
8E5
330
828
100
AcDbEntity
  8
Layer 1
370
     0
100
AcDbVertex
100
AcDb2dVertex
 10
796.146484375
 20
-203.4990234375
 30
0.0
  0
VERTEX
  5
8E6
330
828
100
AcDbEntity
  8
Layer 1
370
     0
100
AcDbVertex
100
AcDb2dVertex
 10
796.5283203125
 20
-203.423828125
 30
0.0
  0
VERTEX
  5
8E7
330
828
100
AcDbEntity
  8
Layer 1
370
     0
100
AcDbVertex
100
AcDb2dVertex
 10
796.908203125
 20
-203.263671875
 30
0.0
  0
VERTEX
  5
8E8
330
828
100
AcDbEntity
  8
Layer 1
370
     0
100
AcDbVertex
100
AcDb2dVertex
 10
797.279296875
 20
-203.0625
 30
0.0
  0
VERTEX
  5
8E9
330
828
100
AcDbEntity
  8
Layer 1
370
     0
100
AcDbVertex
100
AcDb2dVertex
 10
797.62890625
 20
-202.86328125
 30
0.0
  0
VERTEX
  5
8EA
330
828
100
AcDbEntity
  8
Layer 1
370
     0
100
AcDbVertex
100
AcDb2dVertex
 10
798.1572265625
 20
-202.587890625
 30
0.0
  0
VERTEX
  5
8EB
330
828
100
AcDbEntity
  8
Layer 1
370
     0
100
AcDbVertex
100
AcDb2dVertex
 10
798.708984375
 20
-202.306640625
 30
0.0
  0
VERTEX
  5
8EC
330
828
100
AcDbEntity
  8
Layer 1
370
     0
100
AcDbVertex
100
AcDb2dVertex
 10
799.2509765625
 20
-202.013671875
 30
0.0
  0
VERTEX
  5
8ED
330
828
100
AcDbEntity
  8
Layer 1
370
     0
100
AcDbVertex
100
AcDb2dVertex
 10
799.7470703125
 20
-201.69921875
 30
0.0
  0
VERTEX
  5
8EE
330
828
100
AcDbEntity
  8
Layer 1
370
     0
100
AcDbVertex
100
AcDb2dVertex
 10
799.794921875
 20
-201.662109375
 30
0.0
  0
VERTEX
  5
8EF
330
828
100
AcDbEntity
  8
Layer 1
370
     0
100
AcDbVertex
100
AcDb2dVertex
 10
799.8330078125
 20
-201.6357421875
 30
0.0
  0
VERTEX
  5
8F0
330
828
100
AcDbEntity
  8
Layer 1
370
     0
100
AcDbVertex
100
AcDb2dVertex
 10
799.880859375
 20
-201.615234375
 30
0.0
  0
VERTEX
  5
8F1
330
828
100
AcDbEntity
  8
Layer 1
370
     0
100
AcDbVertex
100
AcDb2dVertex
 10
799.958984375
 20
-201.5927734375
 30
0.0
  0
VERTEX
  5
8F2
330
828
100
AcDbEntity
  8
Layer 1
370
     0
100
AcDbVertex
100
AcDb2dVertex
 10
799.958984375
 20
-201.5927734375
 30
0.0
  0
SEQEND
  5
8F3
330
828
100
AcDbEntity
  8
Layer 1
370
     0
  0
HATCH
  5
8F4
330
1F
100
AcDbEntity
  8
Layer 1
 62
     7
420
 16777215
100
AcDbHatch
 10
0.0
 20
0.0
 30
0.0
210
0.0
220
0.0
230
1.0
  2
SOLID
 70
     1
 71
     0
 91
        1
 92
        1
 93
      200
 72
     1
 10
799.958984375
 20
-201.5927734375
 11
799.99609375
 21
-201.5703125
 72
     1
 10
799.99609375
 20
-201.5703125
 11
800.037109375
 21
-201.5322265625
 72
     1
 10
800.037109375
 20
-201.5322265625
 11
800.091796875
 21
-201.498046875
 72
     1
 10
800.091796875
 20
-201.498046875
 11
800.169921875
 21
-201.4873046875
 72
     1
 10
800.169921875
 20
-201.4873046875
 11
800.43359375
 21
-201.515625
 72
     1
 10
800.43359375
 20
-201.515625
 11
800.626953125
 21
-201.5546875
 72
     1
 10
800.626953125
 20
-201.5546875
 11
800.8037109375
 21
-201.6142578125
 72
     1
 10
800.8037109375
 20
-201.6142578125
 11
801.017578125
 21
-201.69921875
 72
     1
 10
801.017578125
 20
-201.69921875
 11
801.0625
 21
-201.701171875
 72
     1
 10
801.0625
 20
-201.701171875
 11
801.1279296875
 21
-201.693359375
 72
     1
 10
801.1279296875
 20
-201.693359375
 11
801.19140625
 21
-201.689453125
 72
     1
 10
801.19140625
 20
-201.689453125
 11
801.2294921875
 21
-201.69921875
 72
     1
 10
801.2294921875
 20
-201.69921875
 11
801.4140625
 21
-201.8212890625
 72
     1
 10
801.4140625
 20
-201.8212890625
 11
801.697265625
 21
-201.923828125
 72
     1
 10
801.697265625
 20
-201.923828125
 11
802.01171875
 21
-202.01953125
 72
     1
 10
802.01171875
 20
-202.01953125
 11
802.2880859375
 21
-202.1220703125
 72
     1
 10
802.2880859375
 20
-202.1220703125
 11
802.6552734375
 21
-202.3291015625
 72
     1
 10
802.6552734375
 20
-202.3291015625
 11
803.0703125
 21
-202.6044921875
 72
     1
 10
803.0703125
 20
-202.6044921875
 11
803.4912109375
 21
-202.904296875
 72
     1
 10
803.4912109375
 20
-202.904296875
 11
803.8759765625
 21
-203.181640625
 72
     1
 10
803.8759765625
 20
-203.181640625
 11
803.9560546875
 21
-203.216796875
 72
     1
 10
803.9560546875
 20
-203.216796875
 11
804.041015625
 21
-203.2314453125
 72
     1
 10
804.041015625
 20
-203.2314453125
 11
804.1220703125
 21
-203.248046875
 72
     1
 10
804.1220703125
 20
-203.248046875
 11
804.193359375
 21
-203.287109375
 72
     1
 10
804.193359375
 20
-203.287109375
 11
804.2783203125
 21
-203.390625
 72
     1
 10
804.2783203125
 20
-203.390625
 11
804.375
 21
-203.533203125
 72
     1
 10
804.375
 20
-203.533203125
 11
804.4873046875
 21
-203.685546875
 72
     1
 10
804.4873046875
 20
-203.685546875
 11
804.6171875
 21
-203.81640625
 72
     1
 10
804.6171875
 20
-203.81640625
 11
804.740234375
 21
-203.8828125
 72
     1
 10
804.740234375
 20
-203.8828125
 11
804.8876953125
 21
-203.9287109375
 72
     1
 10
804.8876953125
 20
-203.9287109375
 11
805.03125
 21
-203.9716796875
 72
     1
 10
805.03125
 20
-203.9716796875
 11
805.146484375
 21
-204.0283203125
 72
     1
 10
805.146484375
 20
-204.0283203125
 11
805.240234375
 21
-204.1083984375
 72
     1
 10
805.240234375
 20
-204.1083984375
 11
805.31640625
 21
-204.19140625
 72
     1
 10
805.31640625
 20
-204.19140625
 11
805.3876953125
 21
-204.271484375
 72
     1
 10
805.3876953125
 20
-204.271484375
 11
805.46484375
 21
-204.345703125
 72
     1
 10
805.46484375
 20
-204.345703125
 11
805.6376953125
 21
-204.486328125
 72
     1
 10
805.6376953125
 20
-204.486328125
 11
805.82421875
 21
-204.638671875
 72
     1
 10
805.82421875
 20
-204.638671875
 11
806.015625
 21
-204.802734375
 72
     1
 10
806.015625
 20
-204.802734375
 11
806.205078125
 21
-204.9814453125
 72
     1
 10
806.205078125
 20
-204.9814453125
 11
806.361328125
 21
-205.12890625
 72
     1
 10
806.361328125
 20
-205.12890625
 11
806.537109375
 21
-205.294921875
 72
     1
 10
806.537109375
 20
-205.294921875
 11
806.70703125
 21
-205.4609375
 72
     1
 10
806.70703125
 20
-205.4609375
 11
806.8408203125
 21
-205.6162109375
 72
     1
 10
806.8408203125
 20
-205.6162109375
 11
806.84765625
 21
-205.6611328125
 72
     1
 10
806.84765625
 20
-205.6611328125
 11
806.837890625
 21
-205.7255859375
 72
     1
 10
806.837890625
 20
-205.7255859375
 11
806.830078125
 21
-205.7890625
 72
     1
 10
806.830078125
 20
-205.7890625
 11
806.8408203125
 21
-205.828125
 72
     1
 10
806.8408203125
 20
-205.828125
 11
807.13671875
 21
-206.1728515625
 72
     1
 10
807.13671875
 20
-206.1728515625
 11
807.400390625
 21
-206.685546875
 72
     1
 10
807.400390625
 20
-206.685546875
 11
807.5693359375
 21
-207.298828125
 72
     1
 10
807.5693359375
 20
-207.298828125
 11
807.58203125
 21
-207.9462890625
 72
     1
 10
807.58203125
 20
-207.9462890625
 11
807.505859375
 21
-208.2197265625
 72
     1
 10
807.505859375
 20
-208.2197265625
 11
807.37890625
 21
-208.498046875
 72
     1
 10
807.37890625
 20
-208.498046875
 11
807.2490234375
 21
-208.7919921875
 72
     1
 10
807.2490234375
 20
-208.7919921875
 11
807.158203125
 21
-209.1103515625
 72
     1
 10
807.158203125
 20
-209.1103515625
 11
807.134765625
 21
-209.4833984375
 72
     1
 10
807.134765625
 20
-209.4833984375
 11
807.150390625
 21
-209.841796875
 72
     1
 10
807.150390625
 20
-209.841796875
 11
807.142578125
 21
-210.177734375
 72
     1
 10
807.142578125
 20
-210.177734375
 11
807.052734375
 21
-210.4873046875
 72
     1
 10
807.052734375
 20
-210.4873046875
 11
807.0087890625
 21
-210.5400390625
 72
     1
 10
807.0087890625
 20
-210.5400390625
 11
806.943359375
 21
-210.5966796875
 72
     1
 10
806.943359375
 20
-210.5966796875
 11
806.8798828125
 21
-210.65234375
 72
     1
 10
806.8798828125
 20
-210.65234375
 11
806.8408203125
 21
-210.69921875
 72
     1
 10
806.8408203125
 20
-210.69921875
 11
806.7724609375
 21
-210.888671875
 72
     1
 10
806.7724609375
 20
-210.888671875
 11
806.7275390625
 21
-211.0810546875
 72
     1
 10
806.7275390625
 20
-211.0810546875
 11
806.685546875
 21
-211.2685546875
 72
     1
 10
806.685546875
 20
-211.2685546875
 11
806.62890625
 21
-211.439453125
 72
     1
 10
806.62890625
 20
-211.439453125
 11
806.5859375
 21
-211.5126953125
 72
     1
 10
806.5859375
 20
-211.5126953125
 11
806.521484375
 21
-211.6025390625
 72
     1
 10
806.521484375
 20
-211.6025390625
 11
806.4580078125
 21
-211.6904296875
 72
     1
 10
806.4580078125
 20
-211.6904296875
 11
806.4169921875
 21
-211.7578125
 72
     1
 10
806.4169921875
 20
-211.7578125
 11
806.2763671875
 21
-212.080078125
 72
     1
 10
806.2763671875
 20
-212.080078125
 11
806.1640625
 21
-212.427734375
 72
     1
 10
806.1640625
 20
-212.427734375
 11
806.1259765625
 21
-212.810546875
 72
     1
 10
806.1259765625
 20
-212.810546875
 11
806.205078125
 21
-213.240234375
 72
     1
 10
806.205078125
 20
-213.240234375
 11
806.228515625
 21
-213.2939453125
 72
     1
 10
806.228515625
 20
-213.2939453125
 11
806.2548828125
 21
-213.3427734375
 72
     1
 10
806.2548828125
 20
-213.3427734375
 11
806.283203125
 21
-213.392578125
 72
     1
 10
806.283203125
 20
-213.392578125
 11
806.3115234375
 21
-213.451171875
 72
     1
 10
806.3115234375
 20
-213.451171875
 11
806.376953125
 21
-213.6591796875
 72
     1
 10
806.376953125
 20
-213.6591796875
 11
806.5009765625
 21
-214.0791015625
 72
     1
 10
806.5009765625
 20
-214.0791015625
 11
806.609375
 21
-214.5029296875
 72
     1
 10
806.609375
 20
-214.5029296875
 11
806.62890625
 21
-214.72265625
 72
     1
 10
806.62890625
 20
-214.72265625
 11
806.4482421875
 21
-214.619140625
 72
     1
 10
806.4482421875
 20
-214.619140625
 11
806.046875
 21
-214.3798828125
 72
     1
 10
806.046875
 20
-214.3798828125
 11
805.6181640625
 21
-214.126953125
 72
     1
 10
805.6181640625
 20
-214.126953125
 11
805.3583984375
 21
-213.9814453125
 72
     1
 10
805.3583984375
 20
-213.9814453125
 11
805.3134765625
 21
-213.978515625
 72
     1
 10
805.3134765625
 20
-213.978515625
 11
805.248046875
 21
-213.986328125
 72
     1
 10
805.248046875
 20
-213.986328125
 11
805.185546875
 21
-213.9912109375
 72
     1
 10
805.185546875
 20
-213.9912109375
 11
805.146484375
 21
-213.9814453125
 72
     1
 10
805.146484375
 20
-213.9814453125
 11
804.8466796875
 21
-213.7412109375
 72
     1
 10
804.8466796875
 20
-213.7412109375
 11
804.423828125
 21
-213.5244140625
 72
     1
 10
804.423828125
 20
-213.5244140625
 11
803.96484375
 21
-213.32421875
 72
     1
 10
803.96484375
 20
-213.32421875
 11
803.55859375
 21
-213.1337890625
 72
     1
 10
803.55859375
 20
-213.1337890625
 11
803.267578125
 21
-212.96484375
 72
     1
 10
803.267578125
 20
-212.96484375
 11
802.984375
 21
-212.78125
 72
     1
 10
802.984375
 20
-212.78125
 11
802.6982421875
 21
-212.587890625
 72
     1
 10
802.6982421875
 20
-212.587890625
 11
802.3935546875
 21
-212.392578125
 72
     1
 10
802.3935546875
 20
-212.392578125
 11
802.3447265625
 21
-212.3681640625
 72
     1
 10
802.3447265625
 20
-212.3681640625
 11
802.2861328125
 21
-212.34375
 72
     1
 10
802.2861328125
 20
-212.34375
 11
802.228515625
 21
-212.318359375
 72
     1
 10
802.228515625
 20
-212.318359375
 11
802.181640625
 21
-212.287109375
 72
     1
 10
802.181640625
 20
-212.287109375
 11
801.96875
 21
-212.0439453125
 72
     1
 10
801.96875
 20
-212.0439453125
 11
801.7890625
 21
-211.7666015625
 72
     1
 10
801.7890625
 20
-211.7666015625
 11
801.6201171875
 21
-211.4853515625
 72
     1
 10
801.6201171875
 20
-211.4853515625
 11
801.44140625
 21
-211.228515625
 72
     1
 10
801.44140625
 20
-211.228515625
 11
801.3701171875
 21
-211.169921875
 72
     1
 10
801.3701171875
 20
-211.169921875
 11
801.28125
 21
-211.1220703125
 72
     1
 10
801.28125
 20
-211.1220703125
 11
801.19140625
 21
-211.07421875
 72
     1
 10
801.19140625
 20
-211.07421875
 11
801.123046875
 21
-211.0166015625
 72
     1
 10
801.123046875
 20
-211.0166015625
 11
801.0126953125
 21
-210.85546875
 72
     1
 10
801.0126953125
 20
-210.85546875
 11
800.8876953125
 21
-210.65625
 72
     1
 10
800.8876953125
 20
-210.65625
 11
800.748046875
 21
-210.4521484375
 72
     1
 10
800.748046875
 20
-210.4521484375
 11
800.59375
 21
-210.275390625
 72
     1
 10
800.59375
 20
-210.275390625
 11
800.43359375
 21
-210.142578125
 72
     1
 10
800.43359375
 20
-210.142578125
 11
800.25
 21
-210.015625
 72
     1
 10
800.25
 20
-210.015625
 11
800.052734375
 21
-209.8857421875
 72
     1
 10
800.052734375
 20
-209.8857421875
 11
799.8525390625
 21
-209.74609375
 72
     1
 10
799.8525390625
 20
-209.74609375
 11
799.6748046875
 21
-209.6181640625
 72
     1
 10
799.6748046875
 20
-209.6181640625
 11
799.486328125
 21
-209.4873046875
 72
     1
 10
799.486328125
 20
-209.4873046875
 11
799.2958984375
 21
-209.353515625
 72
     1
 10
799.2958984375
 20
-209.353515625
 11
799.111328125
 21
-209.216796875
 72
     1
 10
799.111328125
 20
-209.216796875
 11
798.9501953125
 21
-209.068359375
 72
     1
 10
798.9501953125
 20
-209.068359375
 11
798.8017578125
 21
-208.904296875
 72
     1
 10
798.8017578125
 20
-208.904296875
 11
798.650390625
 21
-208.736328125
 72
     1
 10
798.650390625
 20
-208.736328125
 11
798.4765625
 21
-208.5810546875
 72
     1
 10
798.4765625
 20
-208.5810546875
 11
798.431640625
 21
-208.57421875
 72
     1
 10
798.431640625
 20
-208.57421875
 11
798.3671875
 21
-208.583984375
 72
     1
 10
798.3671875
 20
-208.583984375
 11
798.3046875
 21
-208.591796875
 72
     1
 10
798.3046875
 20
-208.591796875
 11
798.2646484375
 21
-208.5810546875
 72
     1
 10
798.2646484375
 20
-208.5810546875
 11
798.2119140625
 21
-208.515625
 72
     1
 10
798.2119140625
 20
-208.515625
 11
798.1689453125
 21
-208.466796875
 72
     1
 10
798.1689453125
 20
-208.466796875
 11
798.12109375
 21
-208.4208984375
 72
     1
 10
798.12109375
 20
-208.4208984375
 11
798.052734375
 21
-208.369140625
 72
     1
 10
798.052734375
 20
-208.369140625
 11
797.7314453125
 21
-208.115234375
 72
     1
 10
797.7314453125
 20
-208.115234375
 11
797.37890625
 21
-207.794921875
 72
     1
 10
797.37890625
 20
-207.794921875
 11
797.01953125
 21
-207.443359375
 72
     1
 10
797.01953125
 20
-207.443359375
 11
796.67578125
 21
-207.0986328125
 72
     1
 10
796.67578125
 20
-207.0986328125
 11
796.3154296875
 21
-206.7265625
 72
     1
 10
796.3154296875
 20
-206.7265625
 11
795.9755859375
 21
-206.375
 72
     1
 10
795.9755859375
 20
-206.375
 11
795.615234375
 21
-206.041015625
 72
     1
 10
795.615234375
 20
-206.041015625
 11
795.1943359375
 21
-205.72265625
 72
     1
 10
795.1943359375
 20
-205.72265625
 11
794.984375
 21
-205.572265625
 72
     1
 10
794.984375
 20
-205.572265625
 11
794.7890625
 21
-205.419921875
 72
     1
 10
794.7890625
 20
-205.419921875
 11
794.583984375
 21
-205.259765625
 72
     1
 10
794.583984375
 20
-205.259765625
 11
794.3466796875
 21
-205.0869140625
 72
     1
 10
794.3466796875
 20
-205.0869140625
 11
794.2763671875
 21
-205.056640625
 72
     1
 10
794.2763671875
 20
-205.056640625
 11
794.19140625
 21
-205.0380859375
 72
     1
 10
794.19140625
 20
-205.0380859375
 11
794.1044921875
 21
-205.017578125
 72
     1
 10
794.1044921875
 20
-205.017578125
 11
794.029296875
 21
-204.9814453125
 72
     1
 10
794.029296875
 20
-204.9814453125
 11
793.9990234375
 21
-204.9375
 72
     1
 10
793.9990234375
 20
-204.9375
 11
793.9755859375
 21
-204.873046875
 72
     1
 10
793.9755859375
 20
-204.873046875
 11
793.953125
 21
-204.810546875
 72
     1
 10
793.953125
 20
-204.810546875
 11
793.923828125
 21
-204.76953125
 72
     1
 10
793.923828125
 20
-204.76953125
 11
793.837890625
 21
-204.734375
 72
     1
 10
793.837890625
 20
-204.734375
 11
793.732421875
 21
-204.7119140625
 72
     1
 10
793.732421875
 20
-204.7119140625
 11
793.58984375
 21
-204.666015625
 72
     1
 10
793.58984375
 20
-204.666015625
 11
793.3935546875
 21
-204.5576171875
 72
     1
 10
793.3935546875
 20
-204.5576171875
 11
793.3408203125
 21
-204.5107421875
 72
     1
 10
793.3408203125
 20
-204.5107421875
 11
793.2958984375
 21
-204.455078125
 72
     1
 10
793.2958984375
 20
-204.455078125
 11
793.24609375
 21
-204.3974609375
 72
     1
 10
793.24609375
 20
-204.3974609375
 11
793.181640625
 21
-204.345703125
 72
     1
 10
793.181640625
 20
-204.345703125
 11
793.0556640625
 21
-204.287109375
 72
     1
 10
793.0556640625
 20
-204.287109375
 11
792.837890625
 21
-204.1953125
 72
     1
 10
792.837890625
 20
-204.1953125
 11
792.6064453125
 21
-204.1005859375
 72
     1
 10
792.6064453125
 20
-204.1005859375
 11
792.44140625
 21
-204.0283203125
 72
     1
 10
792.44140625
 20
-204.0283203125
 11
792.353515625
 21
-203.9775390625
 72
     1
 10
792.353515625
 20
-203.9775390625
 11
792.1826171875
 21
-203.884765625
 72
     1
 10
792.1826171875
 20
-203.884765625
 11
792.009765625
 21
-203.8115234375
 72
     1
 10
792.009765625
 20
-203.8115234375
 11
791.912109375
 21
-203.81640625
 72
     1
 10
791.912109375
 20
-203.81640625
 11
792.22265625
 21
-203.7001953125
 72
     1
 10
792.22265625
 20
-203.7001953125
 11
792.8076171875
 21
-203.669921875
 72
     1
 10
792.8076171875
 20
-203.669921875
 11
793.4208984375
 21
-203.685546875
 72
     1
 10
793.4208984375
 20
-203.685546875
 11
793.8173828125
 21
-203.7109375
 72
     1
 10
793.8173828125
 20
-203.7109375
 11
794.1865234375
 21
-203.763671875
 72
     1
 10
794.1865234375
 20
-203.763671875
 11
794.541015625
 21
-203.8388671875
 72
     1
 10
794.541015625
 20
-203.8388671875
 11
794.8515625
 21
-203.9033203125
 72
     1
 10
794.8515625
 20
-203.9033203125
 11
795.087890625
 21
-203.921875
 72
     1
 10
795.087890625
 20
-203.921875
 11
795.2998046875
 21
-203.8818359375
 72
     1
 10
795.2998046875
 20
-203.8818359375
 11
795.537109375
 21
-203.802734375
 72
     1
 10
795.537109375
 20
-203.802734375
 11
795.787109375
 21
-203.7041015625
 72
     1
 10
795.787109375
 20
-203.7041015625
 11
796.041015625
 21
-203.6044921875
 72
     1
 10
796.041015625
 20
-203.6044921875
 11
796.060546875
 21
-203.58203125
 72
     1
 10
796.060546875
 20
-203.58203125
 11
796.068359375
 21
-203.5478515625
 72
     1
 10
796.068359375
 20
-203.5478515625
 11
796.08984375
 21
-203.515625
 72
     1
 10
796.08984375
 20
-203.515625
 11
796.146484375
 21
-203.4990234375
 72
     1
 10
796.146484375
 20
-203.4990234375
 11
796.5283203125
 21
-203.423828125
 72
     1
 10
796.5283203125
 20
-203.423828125
 11
796.908203125
 21
-203.263671875
 72
     1
 10
796.908203125
 20
-203.263671875
 11
797.279296875
 21
-203.0625
 72
     1
 10
797.279296875
 20
-203.0625
 11
797.62890625
 21
-202.86328125
 72
     1
 10
797.62890625
 20
-202.86328125
 11
798.1572265625
 21
-202.587890625
 72
     1
 10
798.1572265625
 20
-202.587890625
 11
798.708984375
 21
-202.306640625
 72
     1
 10
798.708984375
 20
-202.306640625
 11
799.2509765625
 21
-202.013671875
 72
     1
 10
799.2509765625
 20
-202.013671875
 11
799.7470703125
 21
-201.69921875
 72
     1
 10
799.7470703125
 20
-201.69921875
 11
799.794921875
 21
-201.662109375
 72
     1
 10
799.794921875
 20
-201.662109375
 11
799.8330078125
 21
-201.6357421875
 72
     1
 10
799.8330078125
 20
-201.6357421875
 11
799.880859375
 21
-201.615234375
 72
     1
 10
799.880859375
 20
-201.615234375
 11
799.958984375
 21
-201.5927734375
 97
        0
 75
     0
 76
     1
 98
        0
  0
POLYLINE
  5
8F5
330
1F
100
AcDbEntity
  8
Layer 1
370
     0
100
AcDb2dPolyline
 66
     1
 10
0.0
 20
0.0
 30
0.0
  0
VERTEX
  5
8F6
330
8F5
100
AcDbEntity
  8
Layer 1
370
     0
100
AcDbVertex
100
AcDb2dVertex
 10
824.099609375
 20
-211.5458984375
 30
0.0
  0
VERTEX
  5
8F7
330
8F5
100
AcDbEntity
  8
Layer 1
370
     0
100
AcDbVertex
100
AcDb2dVertex
 10
824.126953125
 20
-211.525390625
 30
0.0
  0
VERTEX
  5
8F8
330
8F5
100
AcDbEntity
  8
Layer 1
370
     0
100
AcDbVertex
100
AcDb2dVertex
 10
824.173828125
 20
-211.4833984375
 30
0.0
  0
VERTEX
  5
8F9
330
8F5
100
AcDbEntity
  8
Layer 1
370
     0
100
AcDbVertex
100
AcDb2dVertex
 10
824.236328125
 20
-211.4453125
 30
0.0
  0
VERTEX
  5
8FA
330
8F5
100
AcDbEntity
  8
Layer 1
370
     0
100
AcDbVertex
100
AcDb2dVertex
 10
824.3115234375
 20
-211.439453125
 30
0.0
  0
VERTEX
  5
8FB
330
8F5
100
AcDbEntity
  8
Layer 1
370
     0
100
AcDbVertex
100
AcDb2dVertex
 10
824.744140625
 20
-211.5517578125
 30
0.0
  0
VERTEX
  5
8FC
330
8F5
100
AcDbEntity
  8
Layer 1
370
     0
100
AcDbVertex
100
AcDb2dVertex
 10
825.15625
 20
-211.6826171875
 30
0.0
  0
VERTEX
  5
8FD
330
8F5
100
AcDbEntity
  8
Layer 1
370
     0
100
AcDbVertex
100
AcDb2dVertex
 10
825.5439453125
 20
-211.8505859375
 30
0.0
  0
VERTEX
  5
8FE
330
8F5
100
AcDbEntity
  8
Layer 1
370
     0
100
AcDbVertex
100
AcDb2dVertex
 10
825.8994140625
 20
-212.0751953125
 30
0.0
  0
VERTEX
  5
8FF
330
8F5
100
AcDbEntity
  8
Layer 1
370
     0
100
AcDbVertex
100
AcDb2dVertex
 10
825.95703125
 20
-212.14453125
 30
0.0
  0
VERTEX
  5
900
330
8F5
100
AcDbEntity
  8
Layer 1
370
     0
100
AcDbVertex
100
AcDb2dVertex
 10
826.005859375
 20
-212.236328125
 30
0.0
  0
VERTEX
  5
901
330
8F5
100
AcDbEntity
  8
Layer 1
370
     0
100
AcDbVertex
100
AcDb2dVertex
 10
826.0537109375
 20
-212.326171875
 30
0.0
  0
VERTEX
  5
902
330
8F5
100
AcDbEntity
  8
Layer 1
370
     0
100
AcDbVertex
100
AcDb2dVertex
 10
826.111328125
 20
-212.392578125
 30
0.0
  0
VERTEX
  5
903
330
8F5
100
AcDbEntity
  8
Layer 1
370
     0
100
AcDbVertex
100
AcDb2dVertex
 10
826.19140625
 20
-212.4296875
 30
0.0
  0
VERTEX
  5
904
330
8F5
100
AcDbEntity
  8
Layer 1
370
     0
100
AcDbVertex
100
AcDb2dVertex
 10
826.2734375
 20
-212.4462890625
 30
0.0
  0
VERTEX
  5
905
330
8F5
100
AcDbEntity
  8
Layer 1
370
     0
100
AcDbVertex
100
AcDb2dVertex
 10
826.3544921875
 20
-212.462890625
 30
0.0
  0
VERTEX
  5
906
330
8F5
100
AcDbEntity
  8
Layer 1
370
     0
100
AcDbVertex
100
AcDb2dVertex
 10
826.4287109375
 20
-212.4990234375
 30
0.0
  0
VERTEX
  5
907
330
8F5
100
AcDbEntity
  8
Layer 1
370
     0
100
AcDbVertex
100
AcDb2dVertex
 10
826.7314453125
 20
-212.72265625
 30
0.0
  0
VERTEX
  5
908
330
8F5
100
AcDbEntity
  8
Layer 1
370
     0
100
AcDbVertex
100
AcDb2dVertex
 10
827.0283203125
 20
-212.9423828125
 30
0.0
  0
VERTEX
  5
909
330
8F5
100
AcDbEntity
  8
Layer 1
370
     0
100
AcDbVertex
100
AcDb2dVertex
 10
827.2900390625
 20
-213.1513671875
 30
0.0
  0
VERTEX
  5
90A
330
8F5
100
AcDbEntity
  8
Layer 1
370
     0
100
AcDbVertex
100
AcDb2dVertex
 10
827.4873046875
 20
-213.345703125
 30
0.0
  0
VERTEX
  5
90B
330
8F5
100
AcDbEntity
  8
Layer 1
370
     0
100
AcDbVertex
100
AcDb2dVertex
 10
827.5546875
 20
-213.45703125
 30
0.0
  0
VERTEX
  5
90C
330
8F5
100
AcDbEntity
  8
Layer 1
370
     0
100
AcDbVertex
100
AcDb2dVertex
 10
827.6240234375
 20
-213.6142578125
 30
0.0
  0
VERTEX
  5
90D
330
8F5
100
AcDbEntity
  8
Layer 1
370
     0
100
AcDbVertex
100
AcDb2dVertex
 10
827.7041015625
 20
-213.7958984375
 30
0.0
  0
VERTEX
  5
90E
330
8F5
100
AcDbEntity
  8
Layer 1
370
     0
100
AcDbVertex
100
AcDb2dVertex
 10
827.8056640625
 20
-213.9814453125
 30
0.0
  0
VERTEX
  5
90F
330
8F5
100
AcDbEntity
  8
Layer 1
370
     0
100
AcDbVertex
100
AcDb2dVertex
 10
827.8544921875
 20
-214.0244140625
 30
0.0
  0
VERTEX
  5
910
330
8F5
100
AcDbEntity
  8
Layer 1
370
     0
100
AcDbVertex
100
AcDb2dVertex
 10
827.9140625
 20
-214.041015625
 30
0.0
  0
VERTEX
  5
911
330
8F5
100
AcDbEntity
  8
Layer 1
370
     0
100
AcDbVertex
100
AcDb2dVertex
 10
827.97265625
 20
-214.0546875
 30
0.0
  0
VERTEX
  5
912
330
8F5
100
AcDbEntity
  8
Layer 1
370
     0
100
AcDbVertex
100
AcDb2dVertex
 10
828.0166015625
 20
-214.0869140625
 30
0.0
  0
VERTEX
  5
913
330
8F5
100
AcDbEntity
  8
Layer 1
370
     0
100
AcDbVertex
100
AcDb2dVertex
 10
828.0263671875
 20
-214.1337890625
 30
0.0
  0
VERTEX
  5
914
330
8F5
100
AcDbEntity
  8
Layer 1
370
     0
100
AcDbVertex
100
AcDb2dVertex
 10
828.017578125
 20
-214.193359375
 30
0.0
  0
VERTEX
  5
915
330
8F5
100
AcDbEntity
  8
Layer 1
370
     0
100
AcDbVertex
100
AcDb2dVertex
 10
828.0078125
 20
-214.2529296875
 30
0.0
  0
VERTEX
  5
916
330
8F5
100
AcDbEntity
  8
Layer 1
370
     0
100
AcDbVertex
100
AcDb2dVertex
 10
828.0166015625
 20
-214.298828125
 30
0.0
  0
VERTEX
  5
917
330
8F5
100
AcDbEntity
  8
Layer 1
370
     0
100
AcDbVertex
100
AcDb2dVertex
 10
828.11328125
 20
-214.4453125
 30
0.0
  0
VERTEX
  5
918
330
8F5
100
AcDbEntity
  8
Layer 1
370
     0
100
AcDbVertex
100
AcDb2dVertex
 10
828.1904296875
 20
-214.58984375
 30
0.0
  0
VERTEX
  5
919
330
8F5
100
AcDbEntity
  8
Layer 1
370
     0
100
AcDbVertex
100
AcDb2dVertex
 10
828.2607421875
 20
-214.7744140625
 30
0.0
  0
VERTEX
  5
91A
330
8F5
100
AcDbEntity
  8
Layer 1
370
     0
100
AcDbVertex
100
AcDb2dVertex
 10
828.3349609375
 20
-215.0400390625
 30
0.0
  0
VERTEX
  5
91B
330
8F5
100
AcDbEntity
  8
Layer 1
370
     0
100
AcDbVertex
100
AcDb2dVertex
 10
828.35546875
 20
-215.109375
 30
0.0
  0
VERTEX
  5
91C
330
8F5
100
AcDbEntity
  8
Layer 1
370
     0
100
AcDbVertex
100
AcDb2dVertex
 10
828.3828125
 20
-215.1826171875
 30
0.0
  0
VERTEX
  5
91D
330
8F5
100
AcDbEntity
  8
Layer 1
370
     0
100
AcDbVertex
100
AcDb2dVertex
 10
828.4130859375
 20
-215.263671875
 30
0.0
  0
VERTEX
  5
91E
330
8F5
100
AcDbEntity
  8
Layer 1
370
     0
100
AcDbVertex
100
AcDb2dVertex
 10
828.4404296875
 20
-215.357421875
 30
0.0
  0
VERTEX
  5
91F
330
8F5
100
AcDbEntity
  8
Layer 1
370
     0
100
AcDbVertex
100
AcDb2dVertex
 10
828.4619140625
 20
-215.427734375
 30
0.0
  0
VERTEX
  5
920
330
8F5
100
AcDbEntity
  8
Layer 1
370
     0
100
AcDbVertex
100
AcDb2dVertex
 10
828.4892578125
 20
-215.5
 30
0.0
  0
VERTEX
  5
921
330
8F5
100
AcDbEntity
  8
Layer 1
370
     0
100
AcDbVertex
100
AcDb2dVertex
 10
828.5185546875
 20
-215.5810546875
 30
0.0
  0
VERTEX
  5
922
330
8F5
100
AcDbEntity
  8
Layer 1
370
     0
100
AcDbVertex
100
AcDb2dVertex
 10
828.546875
 20
-215.6748046875
 30
0.0
  0
VERTEX
  5
923
330
8F5
100
AcDbEntity
  8
Layer 1
370
     0
100
AcDbVertex
100
AcDb2dVertex
 10
828.568359375
 20
-215.7451171875
 30
0.0
  0
VERTEX
  5
924
330
8F5
100
AcDbEntity
  8
Layer 1
370
     0
100
AcDbVertex
100
AcDb2dVertex
 10
828.595703125
 20
-215.818359375
 30
0.0
  0
VERTEX
  5
925
330
8F5
100
AcDbEntity
  8
Layer 1
370
     0
100
AcDbVertex
100
AcDb2dVertex
 10
828.625
 20
-215.8994140625
 30
0.0
  0
VERTEX
  5
926
330
8F5
100
AcDbEntity
  8
Layer 1
370
     0
100
AcDbVertex
100
AcDb2dVertex
 10
828.65234375
 20
-215.9931640625
 30
0.0
  0
VERTEX
  5
927
330
8F5
100
AcDbEntity
  8
Layer 1
370
     0
100
AcDbVertex
100
AcDb2dVertex
 10
828.673828125
 20
-216.0625
 30
0.0
  0
VERTEX
  5
928
330
8F5
100
AcDbEntity
  8
Layer 1
370
     0
100
AcDbVertex
100
AcDb2dVertex
 10
828.701171875
 20
-216.1357421875
 30
0.0
  0
VERTEX
  5
929
330
8F5
100
AcDbEntity
  8
Layer 1
370
     0
100
AcDbVertex
100
AcDb2dVertex
 10
828.73046875
 20
-216.216796875
 30
0.0
  0
VERTEX
  5
92A
330
8F5
100
AcDbEntity
  8
Layer 1
370
     0
100
AcDbVertex
100
AcDb2dVertex
 10
828.7578125
 20
-216.310546875
 30
0.0
  0
VERTEX
  5
92B
330
8F5
100
AcDbEntity
  8
Layer 1
370
     0
100
AcDbVertex
100
AcDb2dVertex
 10
828.79296875
 20
-216.39453125
 30
0.0
  0
VERTEX
  5
92C
330
8F5
100
AcDbEntity
  8
Layer 1
370
     0
100
AcDbVertex
100
AcDb2dVertex
 10
828.84765625
 20
-216.4912109375
 30
0.0
  0
VERTEX
  5
92D
330
8F5
100
AcDbEntity
  8
Layer 1
370
     0
100
AcDbVertex
100
AcDb2dVertex
 10
828.91015625
 20
-216.6025390625
 30
0.0
  0
VERTEX
  5
92E
330
8F5
100
AcDbEntity
  8
Layer 1
370
     0
100
AcDbVertex
100
AcDb2dVertex
 10
828.9697265625
 20
-216.734375
 30
0.0
  0
VERTEX
  5
92F
330
8F5
100
AcDbEntity
  8
Layer 1
370
     0
100
AcDbVertex
100
AcDb2dVertex
 10
829.0126953125
 20
-216.8564453125
 30
0.0
  0
VERTEX
  5
930
330
8F5
100
AcDbEntity
  8
Layer 1
370
     0
100
AcDbVertex
100
AcDb2dVertex
 10
829.037109375
 20
-216.9541015625
 30
0.0
  0
VERTEX
  5
931
330
8F5
100
AcDbEntity
  8
Layer 1
370
     0
100
AcDbVertex
100
AcDb2dVertex
 10
829.0537109375
 20
-217.07421875
 30
0.0
  0
VERTEX
  5
932
330
8F5
100
AcDbEntity
  8
Layer 1
370
     0
100
AcDbVertex
100
AcDb2dVertex
 10
829.076171875
 20
-217.263671875
 30
0.0
  0
VERTEX
  5
933
330
8F5
100
AcDbEntity
  8
Layer 1
370
     0
100
AcDbVertex
100
AcDb2dVertex
 10
829.11328125
 20
-217.41796875
 30
0.0
  0
VERTEX
  5
934
330
8F5
100
AcDbEntity
  8
Layer 1
370
     0
100
AcDbVertex
100
AcDb2dVertex
 10
829.1787109375
 20
-217.603515625
 30
0.0
  0
VERTEX
  5
935
330
8F5
100
AcDbEntity
  8
Layer 1
370
     0
100
AcDbVertex
100
AcDb2dVertex
 10
829.2451171875
 20
-217.8056640625
 30
0.0
  0
VERTEX
  5
936
330
8F5
100
AcDbEntity
  8
Layer 1
370
     0
100
AcDbVertex
100
AcDb2dVertex
 10
829.287109375
 20
-218.0048828125
 30
0.0
  0
VERTEX
  5
937
330
8F5
100
AcDbEntity
  8
Layer 1
370
     0
100
AcDbVertex
100
AcDb2dVertex
 10
829.3359375
 20
-218.650390625
 30
0.0
  0
VERTEX
  5
938
330
8F5
100
AcDbEntity
  8
Layer 1
370
     0
100
AcDbVertex
100
AcDb2dVertex
 10
829.3212890625
 20
-219.2353515625
 30
0.0
  0
VERTEX
  5
939
330
8F5
100
AcDbEntity
  8
Layer 1
370
     0
100
AcDbVertex
100
AcDb2dVertex
 10
829.2373046875
 20
-219.759765625
 30
0.0
  0
VERTEX
  5
93A
330
8F5
100
AcDbEntity
  8
Layer 1
370
     0
100
AcDbVertex
100
AcDb2dVertex
 10
829.076171875
 20
-220.228515625
 30
0.0
  0
VERTEX
  5
93B
330
8F5
100
AcDbEntity
  8
Layer 1
370
     0
100
AcDbVertex
100
AcDb2dVertex
 10
829.025390625
 20
-220.314453125
 30
0.0
  0
VERTEX
  5
93C
330
8F5
100
AcDbEntity
  8
Layer 1
370
     0
100
AcDbVertex
100
AcDb2dVertex
 10
828.9716796875
 20
-220.3916015625
 30
0.0
  0
VERTEX
  5
93D
330
8F5
100
AcDbEntity
  8
Layer 1
370
     0
100
AcDbVertex
100
AcDb2dVertex
 10
828.916015625
 20
-220.4931640625
 30
0.0
  0
VERTEX
  5
93E
330
8F5
100
AcDbEntity
  8
Layer 1
370
     0
100
AcDbVertex
100
AcDb2dVertex
 10
828.8642578125
 20
-220.6513671875
 30
0.0
  0
VERTEX
  5
93F
330
8F5
100
AcDbEntity
  8
Layer 1
370
     0
100
AcDbVertex
100
AcDb2dVertex
 10
828.83984375
 20
-220.697265625
 30
0.0
  0
VERTEX
  5
940
330
8F5
100
AcDbEntity
  8
Layer 1
370
     0
100
AcDbVertex
100
AcDb2dVertex
 10
828.8046875
 20
-220.7275390625
 30
0.0
  0
VERTEX
  5
941
330
8F5
100
AcDbEntity
  8
Layer 1
370
     0
100
AcDbVertex
100
AcDb2dVertex
 10
828.7724609375
 20
-220.7470703125
 30
0.0
  0
VERTEX
  5
942
330
8F5
100
AcDbEntity
  8
Layer 1
370
     0
100
AcDbVertex
100
AcDb2dVertex
 10
828.7578125
 20
-220.7578125
 30
0.0
  0
VERTEX
  5
943
330
8F5
100
AcDbEntity
  8
Layer 1
370
     0
100
AcDbVertex
100
AcDb2dVertex
 10
828.728515625
 20
-221.1123046875
 30
0.0
  0
VERTEX
  5
944
330
8F5
100
AcDbEntity
  8
Layer 1
370
     0
100
AcDbVertex
100
AcDb2dVertex
 10
828.740234375
 20
-221.4453125
 30
0.0
  0
VERTEX
  5
945
330
8F5
100
AcDbEntity
  8
Layer 1
370
     0
100
AcDbVertex
100
AcDb2dVertex
 10
828.734375
 20
-221.7529296875
 30
0.0
  0
VERTEX
  5
946
330
8F5
100
AcDbEntity
  8
Layer 1
370
     0
100
AcDbVertex
100
AcDb2dVertex
 10
828.65234375
 20
-222.0283203125
 30
0.0
  0
VERTEX
  5
947
330
8F5
100
AcDbEntity
  8
Layer 1
370
     0
100
AcDbVertex
100
AcDb2dVertex
 10
828.6328125
 20
-222.048828125
 30
0.0
  0
VERTEX
  5
948
330
8F5
100
AcDbEntity
  8
Layer 1
370
     0
100
AcDbVertex
100
AcDb2dVertex
 10
828.6044921875
 20
-222.068359375
 30
0.0
  0
VERTEX
  5
949
330
8F5
100
AcDbEntity
  8
Layer 1
370
     0
100
AcDbVertex
100
AcDb2dVertex
 10
828.57421875
 20
-222.09375
 30
0.0
  0
VERTEX
  5
94A
330
8F5
100
AcDbEntity
  8
Layer 1
370
     0
100
AcDbVertex
100
AcDb2dVertex
 10
828.546875
 20
-222.1337890625
 30
0.0
  0
VERTEX
  5
94B
330
8F5
100
AcDbEntity
  8
Layer 1
370
     0
100
AcDbVertex
100
AcDb2dVertex
 10
828.5234375
 20
-222.2021484375
 30
0.0
  0
VERTEX
  5
94C
330
8F5
100
AcDbEntity
  8
Layer 1
370
     0
100
AcDbVertex
100
AcDb2dVertex
 10
828.5009765625
 20
-222.2861328125
 30
0.0
  0
VERTEX
  5
94D
330
8F5
100
AcDbEntity
  8
Layer 1
370
     0
100
AcDbVertex
100
AcDb2dVertex
 10
828.4755859375
 20
-222.373046875
 30
0.0
  0
VERTEX
  5
94E
330
8F5
100
AcDbEntity
  8
Layer 1
370
     0
100
AcDbVertex
100
AcDb2dVertex
 10
828.4404296875
 20
-222.451171875
 30
0.0
  0
VERTEX
  5
94F
330
8F5
100
AcDbEntity
  8
Layer 1
370
     0
100
AcDbVertex
100
AcDb2dVertex
 10
828.3349609375
 20
-222.607421875
 30
0.0
  0
VERTEX
  5
950
330
8F5
100
AcDbEntity
  8
Layer 1
370
     0
100
AcDbVertex
100
AcDb2dVertex
 10
828.203125
 20
-222.7685546875
 30
0.0
  0
VERTEX
  5
951
330
8F5
100
AcDbEntity
  8
Layer 1
370
     0
100
AcDbVertex
100
AcDb2dVertex
 10
828.05859375
 20
-222.9306640625
 30
0.0
  0
VERTEX
  5
952
330
8F5
100
AcDbEntity
  8
Layer 1
370
     0
100
AcDbVertex
100
AcDb2dVertex
 10
827.9111328125
 20
-223.0869140625
 30
0.0
  0
VERTEX
  5
953
330
8F5
100
AcDbEntity
  8
Layer 1
370
     0
100
AcDbVertex
100
AcDb2dVertex
 10
827.869140625
 20
-223.1552734375
 30
0.0
  0
VERTEX
  5
954
330
8F5
100
AcDbEntity
  8
Layer 1
370
     0
100
AcDbVertex
100
AcDb2dVertex
 10
827.8212890625
 20
-223.2626953125
 30
0.0
  0
VERTEX
  5
955
330
8F5
100
AcDbEntity
  8
Layer 1
370
     0
100
AcDbVertex
100
AcDb2dVertex
 10
827.765625
 20
-223.388671875
 30
0.0
  0
VERTEX
  5
956
330
8F5
100
AcDbEntity
  8
Layer 1
370
     0
100
AcDbVertex
100
AcDb2dVertex
 10
827.69921875
 20
-223.5107421875
 30
0.0
  0
VERTEX
  5
957
330
8F5
100
AcDbEntity
  8
Layer 1
370
     0
100
AcDbVertex
100
AcDb2dVertex
 10
827.65234375
 20
-223.5634765625
 30
0.0
  0
VERTEX
  5
958
330
8F5
100
AcDbEntity
  8
Layer 1
370
     0
100
AcDbVertex
100
AcDb2dVertex
 10
827.591796875
 20
-223.619140625
 30
0.0
  0
VERTEX
  5
959
330
8F5
100
AcDbEntity
  8
Layer 1
370
     0
100
AcDbVertex
100
AcDb2dVertex
 10
827.53125
 20
-223.6728515625
 30
0.0
  0
VERTEX
  5
95A
330
8F5
100
AcDbEntity
  8
Layer 1
370
     0
100
AcDbVertex
100
AcDb2dVertex
 10
827.4873046875
 20
-223.72265625
 30
0.0
  0
VERTEX
  5
95B
330
8F5
100
AcDbEntity
  8
Layer 1
370
     0
100
AcDbVertex
100
AcDb2dVertex
 10
827.4140625
 20
-223.861328125
 30
0.0
  0
VERTEX
  5
95C
330
8F5
100
AcDbEntity
  8
Layer 1
370
     0
100
AcDbVertex
100
AcDb2dVertex
 10
827.345703125
 20
-224.015625
 30
0.0
  0
VERTEX
  5
95D
330
8F5
100
AcDbEntity
  8
Layer 1
370
     0
100
AcDbVertex
100
AcDb2dVertex
 10
827.26953125
 20
-224.181640625
 30
0.0
  0
VERTEX
  5
95E
330
8F5
100
AcDbEntity
  8
Layer 1
370
     0
100
AcDbVertex
100
AcDb2dVertex
 10
827.169921875
 20
-224.357421875
 30
0.0
  0
VERTEX
  5
95F
330
8F5
100
AcDbEntity
  8
Layer 1
370
     0
100
AcDbVertex
100
AcDb2dVertex
 10
827.072265625
 20
-224.525390625
 30
0.0
  0
VERTEX
  5
960
330
8F5
100
AcDbEntity
  8
Layer 1
370
     0
100
AcDbVertex
100
AcDb2dVertex
 10
826.9716796875
 20
-224.724609375
 30
0.0
  0
VERTEX
  5
961
330
8F5
100
AcDbEntity
  8
Layer 1
370
     0
100
AcDbVertex
100
AcDb2dVertex
 10
826.865234375
 20
-224.9521484375
 30
0.0
  0
VERTEX
  5
962
330
8F5
100
AcDbEntity
  8
Layer 1
370
     0
100
AcDbVertex
100
AcDb2dVertex
 10
826.74609375
 20
-225.2041015625
 30
0.0
  0
VERTEX
  5
963
330
8F5
100
AcDbEntity
  8
Layer 1
370
     0
100
AcDbVertex
100
AcDb2dVertex
 10
826.6953125
 20
-225.291015625
 30
0.0
  0
VERTEX
  5
964
330
8F5
100
AcDbEntity
  8
Layer 1
370
     0
100
AcDbVertex
100
AcDb2dVertex
 10
826.640625
 20
-225.3681640625
 30
0.0
  0
VERTEX
  5
965
330
8F5
100
AcDbEntity
  8
Layer 1
370
     0
100
AcDbVertex
100
AcDb2dVertex
 10
826.5869140625
 20
-225.46875
 30
0.0
  0
VERTEX
  5
966
330
8F5
100
AcDbEntity
  8
Layer 1
370
     0
100
AcDbVertex
100
AcDb2dVertex
 10
826.53515625
 20
-225.6279296875
 30
0.0
  0
VERTEX
  5
967
330
8F5
100
AcDbEntity
  8
Layer 1
370
     0
100
AcDbVertex
100
AcDb2dVertex
 10
826.4794921875
 20
-225.759765625
 30
0.0
  0
VERTEX
  5
968
330
8F5
100
AcDbEntity
  8
Layer 1
370
     0
100
AcDbVertex
100
AcDb2dVertex
 10
826.384765625
 20
-225.9501953125
 30
0.0
  0
VERTEX
  5
969
330
8F5
100
AcDbEntity
  8
Layer 1
370
     0
100
AcDbVertex
100
AcDb2dVertex
 10
826.28515625
 20
-226.1640625
 30
0.0
  0
VERTEX
  5
96A
330
8F5
100
AcDbEntity
  8
Layer 1
370
     0
100
AcDbVertex
100
AcDb2dVertex
 10
826.216796875
 20
-226.369140625
 30
0.0
  0
VERTEX
  5
96B
330
8F5
100
AcDbEntity
  8
Layer 1
370
     0
100
AcDbVertex
100
AcDb2dVertex
 10
826.2119140625
 20
-226.447265625
 30
0.0
  0
VERTEX
  5
96C
330
8F5
100
AcDbEntity
  8
Layer 1
370
     0
100
AcDbVertex
100
AcDb2dVertex
 10
826.2197265625
 20
-226.529296875
 30
0.0
  0
VERTEX
  5
96D
330
8F5
100
AcDbEntity
  8
Layer 1
370
     0
100
AcDbVertex
100
AcDb2dVertex
 10
826.2265625
 20
-226.6103515625
 30
0.0
  0
VERTEX
  5
96E
330
8F5
100
AcDbEntity
  8
Layer 1
370
     0
100
AcDbVertex
100
AcDb2dVertex
 10
826.216796875
 20
-226.6865234375
 30
0.0
  0
VERTEX
  5
96F
330
8F5
100
AcDbEntity
  8
Layer 1
370
     0
100
AcDbVertex
100
AcDb2dVertex
 10
826.193359375
 20
-226.7265625
 30
0.0
  0
VERTEX
  5
970
330
8F5
100
AcDbEntity
  8
Layer 1
370
     0
100
AcDbVertex
100
AcDb2dVertex
 10
826.1572265625
 20
-226.7626953125
 30
0.0
  0
VERTEX
  5
971
330
8F5
100
AcDbEntity
  8
Layer 1
370
     0
100
AcDbVertex
100
AcDb2dVertex
 10
826.125
 20
-226.7880859375
 30
0.0
  0
VERTEX
  5
972
330
8F5
100
AcDbEntity
  8
Layer 1
370
     0
100
AcDbVertex
100
AcDb2dVertex
 10
826.111328125
 20
-226.79296875
 30
0.0
  0
VERTEX
  5
973
330
8F5
100
AcDbEntity
  8
Layer 1
370
     0
100
AcDbVertex
100
AcDb2dVertex
 10
826.1259765625
 20
-227.3359375
 30
0.0
  0
VERTEX
  5
974
330
8F5
100
AcDbEntity
  8
Layer 1
370
     0
100
AcDbVertex
100
AcDb2dVertex
 10
826.2119140625
 20
-227.767578125
 30
0.0
  0
VERTEX
  5
975
330
8F5
100
AcDbEntity
  8
Layer 1
370
     0
100
AcDbVertex
100
AcDb2dVertex
 10
826.1953125
 20
-228.0029296875
 30
0.0
  0
VERTEX
  5
976
330
8F5
100
AcDbEntity
  8
Layer 1
370
     0
100
AcDbVertex
100
AcDb2dVertex
 10
825.8994140625
 20
-227.95703125
 30
0.0
  0
VERTEX
  5
977
330
8F5
100
AcDbEntity
  8
Layer 1
370
     0
100
AcDbVertex
100
AcDb2dVertex
 10
825.8564453125
 20
-227.9287109375
 30
0.0
  0
VERTEX
  5
978
330
8F5
100
AcDbEntity
  8
Layer 1
370
     0
100
AcDbVertex
100
AcDb2dVertex
 10
825.8173828125
 20
-227.8955078125
 30
0.0
  0
VERTEX
  5
979
330
8F5
100
AcDbEntity
  8
Layer 1
370
     0
100
AcDbVertex
100
AcDb2dVertex
 10
825.767578125
 20
-227.8662109375
 30
0.0
  0
VERTEX
  5
97A
330
8F5
100
AcDbEntity
  8
Layer 1
370
     0
100
AcDbVertex
100
AcDb2dVertex
 10
825.6875
 20
-227.8515625
 30
0.0
  0
VERTEX
  5
97B
330
8F5
100
AcDbEntity
  8
Layer 1
370
     0
100
AcDbVertex
100
AcDb2dVertex
 10
825.6982421875
 20
-227.869140625
 30
0.0
  0
VERTEX
  5
97C
330
8F5
100
AcDbEntity
  8
Layer 1
370
     0
100
AcDbVertex
100
AcDb2dVertex
 10
825.6640625
 20
-227.904296875
 30
0.0
  0
VERTEX
  5
97D
330
8F5
100
AcDbEntity
  8
Layer 1
370
     0
100
AcDbVertex
100
AcDb2dVertex
 10
825.6142578125
 20
-227.939453125
 30
0.0
  0
VERTEX
  5
97E
330
8F5
100
AcDbEntity
  8
Layer 1
370
     0
100
AcDbVertex
100
AcDb2dVertex
 10
825.58203125
 20
-227.95703125
 30
0.0
  0
VERTEX
  5
97F
330
8F5
100
AcDbEntity
  8
Layer 1
370
     0
100
AcDbVertex
100
AcDb2dVertex
 10
825.2060546875
 20
-227.982421875
 30
0.0
  0
VERTEX
  5
980
330
8F5
100
AcDbEntity
  8
Layer 1
370
     0
100
AcDbVertex
100
AcDb2dVertex
 10
824.80859375
 20
-227.9091796875
 30
0.0
  0
VERTEX
  5
981
330
8F5
100
AcDbEntity
  8
Layer 1
370
     0
100
AcDbVertex
100
AcDb2dVertex
 10
824.4267578125
 20
-227.78125
 30
0.0
  0
VERTEX
  5
982
330
8F5
100
AcDbEntity
  8
Layer 1
370
     0
100
AcDbVertex
100
AcDb2dVertex
 10
824.099609375
 20
-227.6396484375
 30
0.0
  0
VERTEX
  5
983
330
8F5
100
AcDbEntity
  8
Layer 1
370
     0
100
AcDbVertex
100
AcDb2dVertex
 10
824.078125
 20
-227.6181640625
 30
0.0
  0
VERTEX
  5
984
330
8F5
100
AcDbEntity
  8
Layer 1
370
     0
100
AcDbVertex
100
AcDb2dVertex
 10
824.0654296875
 20
-227.587890625
 30
0.0
  0
VERTEX
  5
985
330
8F5
100
AcDbEntity
  8
Layer 1
370
     0
100
AcDbVertex
100
AcDb2dVertex
 10
824.0439453125
 20
-227.5576171875
 30
0.0
  0
VERTEX
  5
986
330
8F5
100
AcDbEntity
  8
Layer 1
370
     0
100
AcDbVertex
100
AcDb2dVertex
 10
823.9931640625
 20
-227.5341796875
 30
0.0
  0
VERTEX
  5
987
330
8F5
100
AcDbEntity
  8
Layer 1
370
     0
100
AcDbVertex
100
AcDb2dVertex
 10
823.9423828125
 20
-227.53125
 30
0.0
  0
VERTEX
  5
988
330
8F5
100
AcDbEntity
  8
Layer 1
370
     0
100
AcDbVertex
100
AcDb2dVertex
 10
823.88671875
 20
-227.537109375
 30
0.0
  0
VERTEX
  5
989
330
8F5
100
AcDbEntity
  8
Layer 1
370
     0
100
AcDbVertex
100
AcDb2dVertex
 10
823.8310546875
 20
-227.54296875
 30
0.0
  0
VERTEX
  5
98A
330
8F5
100
AcDbEntity
  8
Layer 1
370
     0
100
AcDbVertex
100
AcDb2dVertex
 10
823.78125
 20
-227.5341796875
 30
0.0
  0
VERTEX
  5
98B
330
8F5
100
AcDbEntity
  8
Layer 1
370
     0
100
AcDbVertex
100
AcDb2dVertex
 10
823.7294921875
 20
-227.4931640625
 30
0.0
  0
VERTEX
  5
98C
330
8F5
100
AcDbEntity
  8
Layer 1
370
     0
100
AcDbVertex
100
AcDb2dVertex
 10
823.671875
 20
-227.4267578125
 30
0.0
  0
VERTEX
  5
98D
330
8F5
100
AcDbEntity
  8
Layer 1
370
     0
100
AcDbVertex
100
AcDb2dVertex
 10
823.6162109375
 20
-227.3603515625
 30
0.0
  0
VERTEX
  5
98E
330
8F5
100
AcDbEntity
  8
Layer 1
370
     0
100
AcDbVertex
100
AcDb2dVertex
 10
823.5703125
 20
-227.322265625
 30
0.0
  0
VERTEX
  5
98F
330
8F5
100
AcDbEntity
  8
Layer 1
370
     0
100
AcDbVertex
100
AcDb2dVertex
 10
823.521484375
 20
-227.3134765625
 30
0.0
  0
VERTEX
  5
990
330
8F5
100
AcDbEntity
  8
Layer 1
370
     0
100
AcDbVertex
100
AcDb2dVertex
 10
823.4658203125
 20
-227.318359375
 30
0.0
  0
VERTEX
  5
991
330
8F5
100
AcDbEntity
  8
Layer 1
370
     0
100
AcDbVertex
100
AcDb2dVertex
 10
823.4091796875
 20
-227.3251953125
 30
0.0
  0
VERTEX
  5
992
330
8F5
100
AcDbEntity
  8
Layer 1
370
     0
100
AcDbVertex
100
AcDb2dVertex
 10
823.3583984375
 20
-227.322265625
 30
0.0
  0
VERTEX
  5
993
330
8F5
100
AcDbEntity
  8
Layer 1
370
     0
100
AcDbVertex
100
AcDb2dVertex
 10
823.232421875
 20
-227.2744140625
 30
0.0
  0
VERTEX
  5
994
330
8F5
100
AcDbEntity
  8
Layer 1
370
     0
100
AcDbVertex
100
AcDb2dVertex
 10
823.044921875
 20
-227.1884765625
 30
0.0
  0
VERTEX
  5
995
330
8F5
100
AcDbEntity
  8
Layer 1
370
     0
100
AcDbVertex
100
AcDb2dVertex
 10
822.828125
 20
-227.0908203125
 30
0.0
  0
VERTEX
  5
996
330
8F5
100
AcDbEntity
  8
Layer 1
370
     0
100
AcDbVertex
100
AcDb2dVertex
 10
822.6171875
 20
-227.0048828125
 30
0.0
  0
VERTEX
  5
997
330
8F5
100
AcDbEntity
  8
Layer 1
370
     0
100
AcDbVertex
100
AcDb2dVertex
 10
822.2001953125
 20
-226.8623046875
 30
0.0
  0
VERTEX
  5
998
330
8F5
100
AcDbEntity
  8
Layer 1
370
     0
100
AcDbVertex
100
AcDb2dVertex
 10
821.765625
 20
-226.728515625
 30
0.0
  0
VERTEX
  5
999
330
8F5
100
AcDbEntity
  8
Layer 1
370
     0
100
AcDbVertex
100
AcDb2dVertex
 10
821.306640625
 20
-226.6015625
 30
0.0
  0
VERTEX
  5
99A
330
8F5
100
AcDbEntity
  8
Layer 1
370
     0
100
AcDbVertex
100
AcDb2dVertex
 10
820.8173828125
 20
-226.474609375
 30
0.0
  0
VERTEX
  5
99B
330
8F5
100
AcDbEntity
  8
Layer 1
370
     0
100
AcDbVertex
100
AcDb2dVertex
 10
820.697265625
 20
-226.44921875
 30
0.0
  0
VERTEX
  5
99C
330
8F5
100
AcDbEntity
  8
Layer 1
370
     0
100
AcDbVertex
100
AcDb2dVertex
 10
820.4365234375
 20
-226.3916015625
 30
0.0
  0
VERTEX
  5
99D
330
8F5
100
AcDbEntity
  8
Layer 1
370
     0
100
AcDbVertex
100
AcDb2dVertex
 10
820.154296875
 20
-226.3232421875
 30
0.0
  0
VERTEX
  5
99E
330
8F5
100
AcDbEntity
  8
Layer 1
370
     0
100
AcDbVertex
100
AcDb2dVertex
 10
819.9697265625
 20
-226.263671875
 30
0.0
  0
VERTEX
  5
99F
330
8F5
100
AcDbEntity
  8
Layer 1
370
     0
100
AcDbVertex
100
AcDb2dVertex
 10
819.78125
 20
-226.1416015625
 30
0.0
  0
VERTEX
  5
9A0
330
8F5
100
AcDbEntity
  8
Layer 1
370
     0
100
AcDbVertex
100
AcDb2dVertex
 10
819.5458984375
 20
-225.9501953125
 30
0.0
  0
VERTEX
  5
9A1
330
8F5
100
AcDbEntity
  8
Layer 1
370
     0
100
AcDbVertex
100
AcDb2dVertex
 10
819.310546875
 20
-225.73046875
 30
0.0
  0
VERTEX
  5
9A2
330
8F5
100
AcDbEntity
  8
Layer 1
370
     0
100
AcDbVertex
100
AcDb2dVertex
 10
819.123046875
 20
-225.5224609375
 30
0.0
  0
VERTEX
  5
9A3
330
8F5
100
AcDbEntity
  8
Layer 1
370
     0
100
AcDbVertex
100
AcDb2dVertex
 10
819.08984375
 20
-225.451171875
 30
0.0
  0
VERTEX
  5
9A4
330
8F5
100
AcDbEntity
  8
Layer 1
370
     0
100
AcDbVertex
100
AcDb2dVertex
 10
819.072265625
 20
-225.3662109375
 30
0.0
  0
VERTEX
  5
9A5
330
8F5
100
AcDbEntity
  8
Layer 1
370
     0
100
AcDbVertex
100
AcDb2dVertex
 10
819.0537109375
 20
-225.2802734375
 30
0.0
  0
VERTEX
  5
9A6
330
8F5
100
AcDbEntity
  8
Layer 1
370
     0
100
AcDbVertex
100
AcDb2dVertex
 10
819.017578125
 20
-225.2041015625
 30
0.0
  0
VERTEX
  5
9A7
330
8F5
100
AcDbEntity
  8
Layer 1
370
     0
100
AcDbVertex
100
AcDb2dVertex
 10
818.890625
 20
-225.068359375
 30
0.0
  0
VERTEX
  5
9A8
330
8F5
100
AcDbEntity
  8
Layer 1
370
     0
100
AcDbVertex
100
AcDb2dVertex
 10
818.7490234375
 20
-224.9453125
 30
0.0
  0
VERTEX
  5
9A9
330
8F5
100
AcDbEntity
  8
Layer 1
370
     0
100
AcDbVertex
100
AcDb2dVertex
 10
818.609375
 20
-224.818359375
 30
0.0
  0
VERTEX
  5
9AA
330
8F5
100
AcDbEntity
  8
Layer 1
370
     0
100
AcDbVertex
100
AcDb2dVertex
 10
818.4873046875
 20
-224.6748046875
 30
0.0
  0
VERTEX
  5
9AB
330
8F5
100
AcDbEntity
  8
Layer 1
370
     0
100
AcDbVertex
100
AcDb2dVertex
 10
818.447265625
 20
-224.57421875
 30
0.0
  0
VERTEX
  5
9AC
330
8F5
100
AcDbEntity
  8
Layer 1
370
     0
100
AcDbVertex
100
AcDb2dVertex
 10
818.43359375
 20
-224.4658203125
 30
0.0
  0
VERTEX
  5
9AD
330
8F5
100
AcDbEntity
  8
Layer 1
370
     0
100
AcDbVertex
100
AcDb2dVertex
 10
818.421875
 20
-224.35546875
 30
0.0
  0
VERTEX
  5
9AE
330
8F5
100
AcDbEntity
  8
Layer 1
370
     0
100
AcDbVertex
100
AcDb2dVertex
 10
818.3818359375
 20
-224.251953125
 30
0.0
  0
VERTEX
  5
9AF
330
8F5
100
AcDbEntity
  8
Layer 1
370
     0
100
AcDbVertex
100
AcDb2dVertex
 10
818.33984375
 20
-224.2021484375
 30
0.0
  0
VERTEX
  5
9B0
330
8F5
100
AcDbEntity
  8
Layer 1
370
     0
100
AcDbVertex
100
AcDb2dVertex
 10
818.2822265625
 20
-224.1494140625
 30
0.0
  0
VERTEX
  5
9B1
330
8F5
100
AcDbEntity
  8
Layer 1
370
     0
100
AcDbVertex
100
AcDb2dVertex
 10
818.2216796875
 20
-224.0947265625
 30
0.0
  0
VERTEX
  5
9B2
330
8F5
100
AcDbEntity
  8
Layer 1
370
     0
100
AcDbVertex
100
AcDb2dVertex
 10
818.169921875
 20
-224.0400390625
 30
0.0
  0
VERTEX
  5
9B3
330
8F5
100
AcDbEntity
  8
Layer 1
370
     0
100
AcDbVertex
100
AcDb2dVertex
 10
817.943359375
 20
-223.7734375
 30
0.0
  0
VERTEX
  5
9B4
330
8F5
100
AcDbEntity
  8
Layer 1
370
     0
100
AcDbVertex
100
AcDb2dVertex
 10
817.705078125
 20
-223.5341796875
 30
0.0
  0
VERTEX
  5
9B5
330
8F5
100
AcDbEntity
  8
Layer 1
370
     0
100
AcDbVertex
100
AcDb2dVertex
 10
817.4609375
 20
-223.3095703125
 30
0.0
  0
VERTEX
  5
9B6
330
8F5
100
AcDbEntity
  8
Layer 1
370
     0
100
AcDbVertex
100
AcDb2dVertex
 10
817.216796875
 20
-223.0869140625
 30
0.0
  0
VERTEX
  5
9B7
330
8F5
100
AcDbEntity
  8
Layer 1
370
     0
100
AcDbVertex
100
AcDb2dVertex
 10
817.0546875
 20
-222.9296875
 30
0.0
  0
VERTEX
  5
9B8
330
8F5
100
AcDbEntity
  8
Layer 1
370
     0
100
AcDbVertex
100
AcDb2dVertex
 10
816.900390625
 20
-222.7724609375
 30
0.0
  0
VERTEX
  5
9B9
330
8F5
100
AcDbEntity
  8
Layer 1
370
     0
100
AcDbVertex
100
AcDb2dVertex
 10
816.74609375
 20
-222.61328125
 30
0.0
  0
VERTEX
  5
9BA
330
8F5
100
AcDbEntity
  8
Layer 1
370
     0
100
AcDbVertex
100
AcDb2dVertex
 10
816.58203125
 20
-222.451171875
 30
0.0
  0
VERTEX
  5
9BB
330
8F5
100
AcDbEntity
  8
Layer 1
370
     0
100
AcDbVertex
100
AcDb2dVertex
 10
816.5107421875
 20
-222.4140625
 30
0.0
  0
VERTEX
  5
9BC
330
8F5
100
AcDbEntity
  8
Layer 1
370
     0
100
AcDbVertex
100
AcDb2dVertex
 10
816.3955078125
 20
-222.3720703125
 30
0.0
  0
VERTEX
  5
9BD
330
8F5
100
AcDbEntity
  8
Layer 1
370
     0
100
AcDbVertex
100
AcDb2dVertex
 10
816.267578125
 20
-222.31640625
 30
0.0
  0
VERTEX
  5
9BE
330
8F5
100
AcDbEntity
  8
Layer 1
370
     0
100
AcDbVertex
100
AcDb2dVertex
 10
816.158203125
 20
-222.240234375
 30
0.0
  0
VERTEX
  5
9BF
330
8F5
100
AcDbEntity
  8
Layer 1
370
     0
100
AcDbVertex
100
AcDb2dVertex
 10
816.0927734375
 20
-222.146484375
 30
0.0
  0
VERTEX
  5
9C0
330
8F5
100
AcDbEntity
  8
Layer 1
370
     0
100
AcDbVertex
100
AcDb2dVertex
 10
816.044921875
 20
-222.0341796875
 30
0.0
  0
VERTEX
  5
9C1
330
8F5
100
AcDbEntity
  8
Layer 1
370
     0
100
AcDbVertex
100
AcDb2dVertex
 10
816.001953125
 20
-221.9189453125
 30
0.0
  0
VERTEX
  5
9C2
330
8F5
100
AcDbEntity
  8
Layer 1
370
     0
100
AcDbVertex
100
AcDb2dVertex
 10
815.9462890625
 20
-221.81640625
 30
0.0
  0
VERTEX
  5
9C3
330
8F5
100
AcDbEntity
  8
Layer 1
370
     0
100
AcDbVertex
100
AcDb2dVertex
 10
815.8671875
 20
-221.724609375
 30
0.0
  0
VERTEX
  5
9C4
330
8F5
100
AcDbEntity
  8
Layer 1
370
     0
100
AcDbVertex
100
AcDb2dVertex
 10
815.7802734375
 20
-221.6455078125
 30
0.0
  0
VERTEX
  5
9C5
330
8F5
100
AcDbEntity
  8
Layer 1
370
     0
100
AcDbVertex
100
AcDb2dVertex
 10
815.697265625
 20
-221.572265625
 30
0.0
  0
VERTEX
  5
9C6
330
8F5
100
AcDbEntity
  8
Layer 1
370
     0
100
AcDbVertex
100
AcDb2dVertex
 10
815.62890625
 20
-221.4990234375
 30
0.0
  0
VERTEX
  5
9C7
330
8F5
100
AcDbEntity
  8
Layer 1
370
     0
100
AcDbVertex
100
AcDb2dVertex
 10
815.45703125
 20
-221.2490234375
 30
0.0
  0
VERTEX
  5
9C8
330
8F5
100
AcDbEntity
  8
Layer 1
370
     0
100
AcDbVertex
100
AcDb2dVertex
 10
815.3076171875
 20
-221.048828125
 30
0.0
  0
VERTEX
  5
9C9
330
8F5
100
AcDbEntity
  8
Layer 1
370
     0
100
AcDbVertex
100
AcDb2dVertex
 10
815.107421875
 20
-220.8876953125
 30
0.0
  0
VERTEX
  5
9CA
330
8F5
100
AcDbEntity
  8
Layer 1
370
     0
100
AcDbVertex
100
AcDb2dVertex
 10
814.7822265625
 20
-220.7578125
 30
0.0
  0
VERTEX
  5
9CB
330
8F5
100
AcDbEntity
  8
Layer 1
370
     0
100
AcDbVertex
100
AcDb2dVertex
 10
814.6396484375
 20
-220.7109375
 30
0.0
  0
VERTEX
  5
9CC
330
8F5
100
AcDbEntity
  8
Layer 1
370
     0
100
AcDbVertex
100
AcDb2dVertex
 10
814.453125
 20
-220.6484375
 30
0.0
  0
VERTEX
  5
9CD
330
8F5
100
AcDbEntity
  8
Layer 1
370
     0
100
AcDbVertex
100
AcDb2dVertex
 10
814.24609375
 20
-220.5869140625
 30
0.0
  0
VERTEX
  5
9CE
330
8F5
100
AcDbEntity
  8
Layer 1
370
     0
100
AcDbVertex
100
AcDb2dVertex
 10
814.041015625
 20
-220.5458984375
 30
0.0
  0
VERTEX
  5
9CF
330
8F5
100
AcDbEntity
  8
Layer 1
370
     0
100
AcDbVertex
100
AcDb2dVertex
 10
813.6171875
 20
-220.5361328125
 30
0.0
  0
VERTEX
  5
9D0
330
8F5
100
AcDbEntity
  8
Layer 1
370
     0
100
AcDbVertex
100
AcDb2dVertex
 10
813.1796875
 20
-220.57421875
 30
0.0
  0
VERTEX
  5
9D1
330
8F5
100
AcDbEntity
  8
Layer 1
370
     0
100
AcDbVertex
100
AcDb2dVertex
 10
812.72265625
 20
-220.5986328125
 30
0.0
  0
VERTEX
  5
9D2
330
8F5
100
AcDbEntity
  8
Layer 1
370
     0
100
AcDbVertex
100
AcDb2dVertex
 10
812.240234375
 20
-220.5458984375
 30
0.0
  0
VERTEX
  5
9D3
330
8F5
100
AcDbEntity
  8
Layer 1
370
     0
100
AcDbVertex
100
AcDb2dVertex
 10
811.935546875
 20
-220.43359375
 30
0.0
  0
VERTEX
  5
9D4
330
8F5
100
AcDbEntity
  8
Layer 1
370
     0
100
AcDbVertex
100
AcDb2dVertex
 10
811.6962890625
 20
-220.2734375
 30
0.0
  0
VERTEX
  5
9D5
330
8F5
100
AcDbEntity
  8
Layer 1
370
     0
100
AcDbVertex
100
AcDb2dVertex
 10
811.4638671875
 20
-220.0908203125
 30
0.0
  0
VERTEX
  5
9D6
330
8F5
100
AcDbEntity
  8
Layer 1
370
     0
100
AcDbVertex
100
AcDb2dVertex
 10
811.181640625
 20
-219.91015625
 30
0.0
  0
VERTEX
  5
9D7
330
8F5
100
AcDbEntity
  8
Layer 1
370
     0
100
AcDbVertex
100
AcDb2dVertex
 10
811.107421875
 20
-219.86328125
 30
0.0
  0
VERTEX
  5
9D8
330
8F5
100
AcDbEntity
  8
Layer 1
370
     0
100
AcDbVertex
100
AcDb2dVertex
 10
811.0126953125
 20
-219.794921875
 30
0.0
  0
VERTEX
  5
9D9
330
8F5
100
AcDbEntity
  8
Layer 1
370
     0
100
AcDbVertex
100
AcDb2dVertex
 10
810.923828125
 20
-219.732421875
 30
0.0
  0
VERTEX
  5
9DA
330
8F5
100
AcDbEntity
  8
Layer 1
370
     0
100
AcDbVertex
100
AcDb2dVertex
 10
810.8642578125
 20
-219.69921875
 30
0.0
  0
VERTEX
  5
9DB
330
8F5
100
AcDbEntity
  8
Layer 1
370
     0
100
AcDbVertex
100
AcDb2dVertex
 10
810.537109375
 20
-219.6513671875
 30
0.0
  0
VERTEX
  5
9DC
330
8F5
100
AcDbEntity
  8
Layer 1
370
     0
100
AcDbVertex
100
AcDb2dVertex
 10
810.1484375
 20
-219.6455078125
 30
0.0
  0
VERTEX
  5
9DD
330
8F5
100
AcDbEntity
  8
Layer 1
370
     0
100
AcDbVertex
100
AcDb2dVertex
 10
809.74609375
 20
-219.640625
 30
0.0
  0
VERTEX
  5
9DE
330
8F5
100
AcDbEntity
  8
Layer 1
370
     0
100
AcDbVertex
100
AcDb2dVertex
 10
809.3818359375
 20
-219.5927734375
 30
0.0
  0
VERTEX
  5
9DF
330
8F5
100
AcDbEntity
  8
Layer 1
370
     0
100
AcDbVertex
100
AcDb2dVertex
 10
809.302734375
 20
-219.5791015625
 30
0.0
  0
VERTEX
  5
9E0
330
8F5
100
AcDbEntity
  8
Layer 1
370
     0
100
AcDbVertex
100
AcDb2dVertex
 10
809.1845703125
 20
-219.5625
 30
0.0
  0
VERTEX
  5
9E1
330
8F5
100
AcDbEntity
  8
Layer 1
370
     0
100
AcDbVertex
100
AcDb2dVertex
 10
809.033203125
 20
-219.5341796875
 30
0.0
  0
VERTEX
  5
9E2
330
8F5
100
AcDbEntity
  8
Layer 1
370
     0
100
AcDbVertex
100
AcDb2dVertex
 10
808.8525390625
 20
-219.4873046875
 30
0.0
  0
VERTEX
  5
9E3
330
8F5
100
AcDbEntity
  8
Layer 1
370
     0
100
AcDbVertex
100
AcDb2dVertex
 10
808.7998046875
 20
-219.4482421875
 30
0.0
  0
VERTEX
  5
9E4
330
8F5
100
AcDbEntity
  8
Layer 1
370
     0
100
AcDbVertex
100
AcDb2dVertex
 10
808.7412109375
 20
-219.380859375
 30
0.0
  0
VERTEX
  5
9E5
330
8F5
100
AcDbEntity
  8
Layer 1
370
     0
100
AcDbVertex
100
AcDb2dVertex
 10
808.6845703125
 20
-219.3134765625
 30
0.0
  0
VERTEX
  5
9E6
330
8F5
100
AcDbEntity
  8
Layer 1
370
     0
100
AcDbVertex
100
AcDb2dVertex
 10
808.640625
 20
-219.275390625
 30
0.0
  0
VERTEX
  5
9E7
330
8F5
100
AcDbEntity
  8
Layer 1
370
     0
100
AcDbVertex
100
AcDb2dVertex
 10
808.478515625
 20
-219.2373046875
 30
0.0
  0
VERTEX
  5
9E8
330
8F5
100
AcDbEntity
  8
Layer 1
370
     0
100
AcDbVertex
100
AcDb2dVertex
 10
808.302734375
 20
-219.2109375
 30
0.0
  0
VERTEX
  5
9E9
330
8F5
100
AcDbEntity
  8
Layer 1
370
     0
100
AcDbVertex
100
AcDb2dVertex
 10
808.13671875
 20
-219.1640625
 30
0.0
  0
VERTEX
  5
9EA
330
8F5
100
AcDbEntity
  8
Layer 1
370
     0
100
AcDbVertex
100
AcDb2dVertex
 10
808.005859375
 20
-219.0634765625
 30
0.0
  0
VERTEX
  5
9EB
330
8F5
100
AcDbEntity
  8
Layer 1
370
     0
100
AcDbVertex
100
AcDb2dVertex
 10
807.96484375
 20
-218.9638671875
 30
0.0
  0
VERTEX
  5
9EC
330
8F5
100
AcDbEntity
  8
Layer 1
370
     0
100
AcDbVertex
100
AcDb2dVertex
 10
807.9462890625
 20
-218.822265625
 30
0.0
  0
VERTEX
  5
9ED
330
8F5
100
AcDbEntity
  8
Layer 1
370
     0
100
AcDbVertex
100
AcDb2dVertex
 10
807.9306640625
 20
-218.642578125
 30
0.0
  0
VERTEX
  5
9EE
330
8F5
100
AcDbEntity
  8
Layer 1
370
     0
100
AcDbVertex
100
AcDb2dVertex
 10
807.8994140625
 20
-218.427734375
 30
0.0
  0
VERTEX
  5
9EF
330
8F5
100
AcDbEntity
  8
Layer 1
370
     0
100
AcDbVertex
100
AcDb2dVertex
 10
807.8798828125
 20
-218.4541015625
 30
0.0
  0
VERTEX
  5
9F0
330
8F5
100
AcDbEntity
  8
Layer 1
370
     0
100
AcDbVertex
100
AcDb2dVertex
 10
807.8095703125
 20
-218.30859375
 30
0.0
  0
VERTEX
  5
9F1
330
8F5
100
AcDbEntity
  8
Layer 1
370
     0
100
AcDbVertex
100
AcDb2dVertex
 10
807.7578125
 20
-218.08984375
 30
0.0
  0
VERTEX
  5
9F2
330
8F5
100
AcDbEntity
  8
Layer 1
370
     0
100
AcDbVertex
100
AcDb2dVertex
 10
807.7939453125
 20
-217.8984375
 30
0.0
  0
VERTEX
  5
9F3
330
8F5
100
AcDbEntity
  8
Layer 1
370
     0
100
AcDbVertex
100
AcDb2dVertex
 10
808.05859375
 20
-217.796875
 30
0.0
  0
VERTEX
  5
9F4
330
8F5
100
AcDbEntity
  8
Layer 1
370
     0
100
AcDbVertex
100
AcDb2dVertex
 10
808.37890625
 20
-217.9873046875
 30
0.0
  0
VERTEX
  5
9F5
330
8F5
100
AcDbEntity
  8
Layer 1
370
     0
100
AcDbVertex
100
AcDb2dVertex
 10
808.6982421875
 20
-218.2919921875
 30
0.0
  0
VERTEX
  5
9F6
330
8F5
100
AcDbEntity
  8
Layer 1
370
     0
100
AcDbVertex
100
AcDb2dVertex
 10
808.958984375
 20
-218.5341796875
 30
0.0
  0
VERTEX
  5
9F7
330
8F5
100
AcDbEntity
  8
Layer 1
370
     0
100
AcDbVertex
100
AcDb2dVertex
 10
809.0234375
 20
-218.5703125
 30
0.0
  0
VERTEX
  5
9F8
330
8F5
100
AcDbEntity
  8
Layer 1
370
     0
100
AcDbVertex
100
AcDb2dVertex
 10
809.072265625
 20
-218.5859375
 30
0.0
  0
VERTEX
  5
9F9
330
8F5
100
AcDbEntity
  8
Layer 1
370
     0
100
AcDbVertex
100
AcDb2dVertex
 10
809.1171875
 20
-218.6015625
 30
0.0
  0
VERTEX
  5
9FA
330
8F5
100
AcDbEntity
  8
Layer 1
370
     0
100
AcDbVertex
100
AcDb2dVertex
 10
809.169921875
 20
-218.6396484375
 30
0.0
  0
VERTEX
  5
9FB
330
8F5
100
AcDbEntity
  8
Layer 1
370
     0
100
AcDbVertex
100
AcDb2dVertex
 10
809.2451171875
 20
-218.697265625
 30
0.0
  0
VERTEX
  5
9FC
330
8F5
100
AcDbEntity
  8
Layer 1
370
     0
100
AcDbVertex
100
AcDb2dVertex
 10
809.3291015625
 20
-218.74609375
 30
0.0
  0
VERTEX
  5
9FD
330
8F5
100
AcDbEntity
  8
Layer 1
370
     0
100
AcDbVertex
100
AcDb2dVertex
 10
809.4130859375
 20
-218.794921875
 30
0.0
  0
VERTEX
  5
9FE
330
8F5
100
AcDbEntity
  8
Layer 1
370
     0
100
AcDbVertex
100
AcDb2dVertex
 10
809.48828125
 20
-218.8515625
 30
0.0
  0
VERTEX
  5
9FF
330
8F5
100
AcDbEntity
  8
Layer 1
370
     0
100
AcDbVertex
100
AcDb2dVertex
 10
809.5791015625
 20
-218.90625
 30
0.0
  0
VERTEX
  5
A00
330
8F5
100
AcDbEntity
  8
Layer 1
370
     0
100
AcDbVertex
100
AcDb2dVertex
 10
809.703125
 20
-218.947265625
 30
0.0
  0
VERTEX
  5
A01
330
8F5
100
AcDbEntity
  8
Layer 1
370
     0
100
AcDbVertex
100
AcDb2dVertex
 10
809.8525390625
 20
-218.994140625
 30
0.0
  0
VERTEX
  5
A02
330
8F5
100
AcDbEntity
  8
Layer 1
370
     0
100
AcDbVertex
100
AcDb2dVertex
 10
810.017578125
 20
-219.0634765625
 30
0.0
  0
VERTEX
  5
A03
330
8F5
100
AcDbEntity
  8
Layer 1
370
     0
100
AcDbVertex
100
AcDb2dVertex
 10
810.064453125
 20
-219.10546875
 30
0.0
  0
VERTEX
  5
A04
330
8F5
100
AcDbEntity
  8
Layer 1
370
     0
100
AcDbVertex
100
AcDb2dVertex
 10
810.12890625
 20
-219.17578125
 30
0.0
  0
VERTEX
  5
A05
330
8F5
100
AcDbEntity
  8
Layer 1
370
     0
100
AcDbVertex
100
AcDb2dVertex
 10
810.1904296875
 20
-219.2431640625
 30
0.0
  0
VERTEX
  5
A06
330
8F5
100
AcDbEntity
  8
Layer 1
370
     0
100
AcDbVertex
100
AcDb2dVertex
 10
810.228515625
 20
-219.275390625
 30
0.0
  0
VERTEX
  5
A07
330
8F5
100
AcDbEntity
  8
Layer 1
370
     0
100
AcDbVertex
100
AcDb2dVertex
 10
810.8388671875
 20
-219.326171875
 30
0.0
  0
VERTEX
  5
A08
330
8F5
100
AcDbEntity
  8
Layer 1
370
     0
100
AcDbVertex
100
AcDb2dVertex
 10
811.5068359375
 20
-219.26171875
 30
0.0
  0
VERTEX
  5
A09
330
8F5
100
AcDbEntity
  8
Layer 1
370
     0
100
AcDbVertex
100
AcDb2dVertex
 10
812.1181640625
 20
-219.1240234375
 30
0.0
  0
VERTEX
  5
A0A
330
8F5
100
AcDbEntity
  8
Layer 1
370
     0
100
AcDbVertex
100
AcDb2dVertex
 10
812.55859375
 20
-218.95703125
 30
0.0
  0
VERTEX
  5
A0B
330
8F5
100
AcDbEntity
  8
Layer 1
370
     0
100
AcDbVertex
100
AcDb2dVertex
 10
812.755859375
 20
-218.857421875
 30
0.0
  0
VERTEX
  5
A0C
330
8F5
100
AcDbEntity
  8
Layer 1
370
     0
100
AcDbVertex
100
AcDb2dVertex
 10
812.9306640625
 20
-218.76953125
 30
0.0
  0
VERTEX
  5
A0D
330
8F5
100
AcDbEntity
  8
Layer 1
370
     0
100
AcDbVertex
100
AcDb2dVertex
 10
813.10546875
 20
-218.669921875
 30
0.0
  0
VERTEX
  5
A0E
330
8F5
100
AcDbEntity
  8
Layer 1
370
     0
100
AcDbVertex
100
AcDb2dVertex
 10
813.2998046875
 20
-218.5341796875
 30
0.0
  0
VERTEX
  5
A0F
330
8F5
100
AcDbEntity
  8
Layer 1
370
     0
100
AcDbVertex
100
AcDb2dVertex
 10
813.640625
 20
-218.26171875
 30
0.0
  0
VERTEX
  5
A10
330
8F5
100
AcDbEntity
  8
Layer 1
370
     0
100
AcDbVertex
100
AcDb2dVertex
 10
813.994140625
 20
-217.955078125
 30
0.0
  0
VERTEX
  5
A11
330
8F5
100
AcDbEntity
  8
Layer 1
370
     0
100
AcDbVertex
100
AcDb2dVertex
 10
814.318359375
 20
-217.646484375
 30
0.0
  0
VERTEX
  5
A12
330
8F5
100
AcDbEntity
  8
Layer 1
370
     0
100
AcDbVertex
100
AcDb2dVertex
 10
814.5703125
 20
-217.369140625
 30
0.0
  0
VERTEX
  5
A13
330
8F5
100
AcDbEntity
  8
Layer 1
370
     0
100
AcDbVertex
100
AcDb2dVertex
 10
814.7119140625
 20
-217.1494140625
 30
0.0
  0
VERTEX
  5
A14
330
8F5
100
AcDbEntity
  8
Layer 1
370
     0
100
AcDbVertex
100
AcDb2dVertex
 10
814.833984375
 20
-216.9033203125
 30
0.0
  0
VERTEX
  5
A15
330
8F5
100
AcDbEntity
  8
Layer 1
370
     0
100
AcDbVertex
100
AcDb2dVertex
 10
814.9560546875
 20
-216.6513671875
 30
0.0
  0
VERTEX
  5
A16
330
8F5
100
AcDbEntity
  8
Layer 1
370
     0
100
AcDbVertex
100
AcDb2dVertex
 10
815.099609375
 20
-216.416015625
 30
0.0
  0
VERTEX
  5
A17
330
8F5
100
AcDbEntity
  8
Layer 1
370
     0
100
AcDbVertex
100
AcDb2dVertex
 10
815.1767578125
 20
-216.3564453125
 30
0.0
  0
VERTEX
  5
A18
330
8F5
100
AcDbEntity
  8
Layer 1
370
     0
100
AcDbVertex
100
AcDb2dVertex
 10
815.2802734375
 20
-216.30078125
 30
0.0
  0
VERTEX
  5
A19
330
8F5
100
AcDbEntity
  8
Layer 1
370
     0
100
AcDbVertex
100
AcDb2dVertex
 10
815.373046875
 20
-216.2236328125
 30
0.0
  0
VERTEX
  5
A1A
330
8F5
100
AcDbEntity
  8
Layer 1
370
     0
100
AcDbVertex
100
AcDb2dVertex
 10
815.4169921875
 20
-216.0986328125
 30
0.0
  0
VERTEX
  5
A1B
330
8F5
100
AcDbEntity
  8
Layer 1
370
     0
100
AcDbVertex
100
AcDb2dVertex
 10
815.5546875
 20
-215.9169921875
 30
0.0
  0
VERTEX
  5
A1C
330
8F5
100
AcDbEntity
  8
Layer 1
370
     0
100
AcDbVertex
100
AcDb2dVertex
 10
815.8701171875
 20
-215.5576171875
 30
0.0
  0
VERTEX
  5
A1D
330
8F5
100
AcDbEntity
  8
Layer 1
370
     0
100
AcDbVertex
100
AcDb2dVertex
 10
816.2236328125
 20
-215.203125
 30
0.0
  0
VERTEX
  5
A1E
330
8F5
100
AcDbEntity
  8
Layer 1
370
     0
100
AcDbVertex
100
AcDb2dVertex
 10
816.4755859375
 20
-215.0400390625
 30
0.0
  0
VERTEX
  5
A1F
330
8F5
100
AcDbEntity
  8
Layer 1
370
     0
100
AcDbVertex
100
AcDb2dVertex
 10
816.587890625
 20
-214.98828125
 30
0.0
  0
VERTEX
  5
A20
330
8F5
100
AcDbEntity
  8
Layer 1
370
     0
100
AcDbVertex
100
AcDb2dVertex
 10
816.67578125
 20
-214.8818359375
 30
0.0
  0
VERTEX
  5
A21
330
8F5
100
AcDbEntity
  8
Layer 1
370
     0
100
AcDbVertex
100
AcDb2dVertex
 10
816.76953125
 20
-214.775390625
 30
0.0
  0
VERTEX
  5
A22
330
8F5
100
AcDbEntity
  8
Layer 1
370
     0
100
AcDbVertex
100
AcDb2dVertex
 10
816.8994140625
 20
-214.72265625
 30
0.0
  0
VERTEX
  5
A23
330
8F5
100
AcDbEntity
  8
Layer 1
370
     0
100
AcDbVertex
100
AcDb2dVertex
 10
816.921875
 20
-214.7236328125
 30
0.0
  0
VERTEX
  5
A24
330
8F5
100
AcDbEntity
  8
Layer 1
370
     0
100
AcDbVertex
100
AcDb2dVertex
 10
816.9541015625
 20
-214.7255859375
 30
0.0
  0
VERTEX
  5
A25
330
8F5
100
AcDbEntity
  8
Layer 1
370
     0
100
AcDbVertex
100
AcDb2dVertex
 10
816.9853515625
 20
-214.7265625
 30
0.0
  0
VERTEX
  5
A26
330
8F5
100
AcDbEntity
  8
Layer 1
370
     0
100
AcDbVertex
100
AcDb2dVertex
 10
817.005859375
 20
-214.72265625
 30
0.0
  0
VERTEX
  5
A27
330
8F5
100
AcDbEntity
  8
Layer 1
370
     0
100
AcDbVertex
100
AcDb2dVertex
 10
817.0888671875
 20
-214.6416015625
 30
0.0
  0
VERTEX
  5
A28
330
8F5
100
AcDbEntity
  8
Layer 1
370
     0
100
AcDbVertex
100
AcDb2dVertex
 10
817.16015625
 20
-214.5478515625
 30
0.0
  0
VERTEX
  5
A29
330
8F5
100
AcDbEntity
  8
Layer 1
370
     0
100
AcDbVertex
100
AcDb2dVertex
 10
817.234375
 20
-214.4609375
 30
0.0
  0
VERTEX
  5
A2A
330
8F5
100
AcDbEntity
  8
Layer 1
370
     0
100
AcDbVertex
100
AcDb2dVertex
 10
817.3232421875
 20
-214.404296875
 30
0.0
  0
VERTEX
  5
A2B
330
8F5
100
AcDbEntity
  8
Layer 1
370
     0
100
AcDbVertex
100
AcDb2dVertex
 10
817.7392578125
 20
-214.3212890625
 30
0.0
  0
VERTEX
  5
A2C
330
8F5
100
AcDbEntity
  8
Layer 1
370
     0
100
AcDbVertex
100
AcDb2dVertex
 10
818.1865234375
 20
-214.30078125
 30
0.0
  0
VERTEX
  5
A2D
330
8F5
100
AcDbEntity
  8
Layer 1
370
     0
100
AcDbVertex
100
AcDb2dVertex
 10
818.6259765625
 20
-214.279296875
 30
0.0
  0
VERTEX
  5
A2E
330
8F5
100
AcDbEntity
  8
Layer 1
370
     0
100
AcDbVertex
100
AcDb2dVertex
 10
819.017578125
 20
-214.193359375
 30
0.0
  0
VERTEX
  5
A2F
330
8F5
100
AcDbEntity
  8
Layer 1
370
     0
100
AcDbVertex
100
AcDb2dVertex
 10
819.03515625
 20
-214.1748046875
 30
0.0
  0
VERTEX
  5
A30
330
8F5
100
AcDbEntity
  8
Layer 1
370
     0
100
AcDbVertex
100
AcDb2dVertex
 10
819.0498046875
 20
-214.1435546875
 30
0.0
  0
VERTEX
  5
A31
330
8F5
100
AcDbEntity
  8
Layer 1
370
     0
100
AcDbVertex
100
AcDb2dVertex
 10
819.0751953125
 20
-214.111328125
 30
0.0
  0
VERTEX
  5
A32
330
8F5
100
AcDbEntity
  8
Layer 1
370
     0
100
AcDbVertex
100
AcDb2dVertex
 10
819.123046875
 20
-214.0869140625
 30
0.0
  0
VERTEX
  5
A33
330
8F5
100
AcDbEntity
  8
Layer 1
370
     0
100
AcDbVertex
100
AcDb2dVertex
 10
819.494140625
 20
-213.943359375
 30
0.0
  0
VERTEX
  5
A34
330
8F5
100
AcDbEntity
  8
Layer 1
370
     0
100
AcDbVertex
100
AcDb2dVertex
 10
819.8740234375
 20
-213.7236328125
 30
0.0
  0
VERTEX
  5
A35
330
8F5
100
AcDbEntity
  8
Layer 1
370
     0
100
AcDbVertex
100
AcDb2dVertex
 10
820.248046875
 20
-213.474609375
 30
0.0
  0
VERTEX
  5
A36
330
8F5
100
AcDbEntity
  8
Layer 1
370
     0
100
AcDbVertex
100
AcDb2dVertex
 10
820.60546875
 20
-213.240234375
 30
0.0
  0
VERTEX
  5
A37
330
8F5
100
AcDbEntity
  8
Layer 1
370
     0
100
AcDbVertex
100
AcDb2dVertex
 10
820.90234375
 20
-212.99609375
 30
0.0
  0
VERTEX
  5
A38
330
8F5
100
AcDbEntity
  8
Layer 1
370
     0
100
AcDbVertex
100
AcDb2dVertex
 10
821.1904296875
 20
-212.677734375
 30
0.0
  0
VERTEX
  5
A39
330
8F5
100
AcDbEntity
  8
Layer 1
370
     0
100
AcDbVertex
100
AcDb2dVertex
 10
821.4765625
 20
-212.3505859375
 30
0.0
  0
VERTEX
  5
A3A
330
8F5
100
AcDbEntity
  8
Layer 1
370
     0
100
AcDbVertex
100
AcDb2dVertex
 10
821.76953125
 20
-212.0751953125
 30
0.0
  0
VERTEX
  5
A3B
330
8F5
100
AcDbEntity
  8
Layer 1
370
     0
100
AcDbVertex
100
AcDb2dVertex
 10
821.8759765625
 20
-212.001953125
 30
0.0
  0
VERTEX
  5
A3C
330
8F5
100
AcDbEntity
  8
Layer 1
370
     0
100
AcDbVertex
100
AcDb2dVertex
 10
822.01171875
 20
-211.919921875
 30
0.0
  0
VERTEX
  5
A3D
330
8F5
100
AcDbEntity
  8
Layer 1
370
     0
100
AcDbVertex
100
AcDb2dVertex
 10
822.1591796875
 20
-211.8359375
 30
0.0
  0
VERTEX
  5
A3E
330
8F5
100
AcDbEntity
  8
Layer 1
370
     0
100
AcDbVertex
100
AcDb2dVertex
 10
822.2998046875
 20
-211.7578125
 30
0.0
  0
VERTEX
  5
A3F
330
8F5
100
AcDbEntity
  8
Layer 1
370
     0
100
AcDbVertex
100
AcDb2dVertex
 10
822.61328125
 20
-211.671875
 30
0.0
  0
VERTEX
  5
A40
330
8F5
100
AcDbEntity
  8
Layer 1
370
     0
100
AcDbVertex
100
AcDb2dVertex
 10
823.1142578125
 20
-211.6064453125
 30
0.0
  0
VERTEX
  5
A41
330
8F5
100
AcDbEntity
  8
Layer 1
370
     0
100
AcDbVertex
100
AcDb2dVertex
 10
823.658203125
 20
-211.5634765625
 30
0.0
  0
VERTEX
  5
A42
330
8F5
100
AcDbEntity
  8
Layer 1
370
     0
100
AcDbVertex
100
AcDb2dVertex
 10
824.099609375
 20
-211.5458984375
 30
0.0
  0
VERTEX
  5
A43
330
8F5
100
AcDbEntity
  8
Layer 1
370
     0
100
AcDbVertex
100
AcDb2dVertex
 10
824.099609375
 20
-211.5458984375
 30
0.0
  0
SEQEND
  5
A44
330
8F5
100
AcDbEntity
  8
Layer 1
370
     0
  0
HATCH
  5
A45
330
1F
100
AcDbEntity
  8
Layer 1
 62
     7
420
 16777215
100
AcDbHatch
 10
0.0
 20
0.0
 30
0.0
210
0.0
220
0.0
230
1.0
  2
SOLID
 70
     1
 71
     0
 91
        1
 92
        1
 93
      332
 72
     1
 10
824.099609375
 20
-211.5458984375
 11
824.126953125
 21
-211.525390625
 72
     1
 10
824.126953125
 20
-211.525390625
 11
824.173828125
 21
-211.4833984375
 72
     1
 10
824.173828125
 20
-211.4833984375
 11
824.236328125
 21
-211.4453125
 72
     1
 10
824.236328125
 20
-211.4453125
 11
824.3115234375
 21
-211.439453125
 72
     1
 10
824.3115234375
 20
-211.439453125
 11
824.744140625
 21
-211.5517578125
 72
     1
 10
824.744140625
 20
-211.5517578125
 11
825.15625
 21
-211.6826171875
 72
     1
 10
825.15625
 20
-211.6826171875
 11
825.5439453125
 21
-211.8505859375
 72
     1
 10
825.5439453125
 20
-211.8505859375
 11
825.8994140625
 21
-212.0751953125
 72
     1
 10
825.8994140625
 20
-212.0751953125
 11
825.95703125
 21
-212.14453125
 72
     1
 10
825.95703125
 20
-212.14453125
 11
826.005859375
 21
-212.236328125
 72
     1
 10
826.005859375
 20
-212.236328125
 11
826.0537109375
 21
-212.326171875
 72
     1
 10
826.0537109375
 20
-212.326171875
 11
826.111328125
 21
-212.392578125
 72
     1
 10
826.111328125
 20
-212.392578125
 11
826.19140625
 21
-212.4296875
 72
     1
 10
826.19140625
 20
-212.4296875
 11
826.2734375
 21
-212.4462890625
 72
     1
 10
826.2734375
 20
-212.4462890625
 11
826.3544921875
 21
-212.462890625
 72
     1
 10
826.3544921875
 20
-212.462890625
 11
826.4287109375
 21
-212.4990234375
 72
     1
 10
826.4287109375
 20
-212.4990234375
 11
826.7314453125
 21
-212.72265625
 72
     1
 10
826.7314453125
 20
-212.72265625
 11
827.0283203125
 21
-212.9423828125
 72
     1
 10
827.0283203125
 20
-212.9423828125
 11
827.2900390625
 21
-213.1513671875
 72
     1
 10
827.2900390625
 20
-213.1513671875
 11
827.4873046875
 21
-213.345703125
 72
     1
 10
827.4873046875
 20
-213.345703125
 11
827.5546875
 21
-213.45703125
 72
     1
 10
827.5546875
 20
-213.45703125
 11
827.6240234375
 21
-213.6142578125
 72
     1
 10
827.6240234375
 20
-213.6142578125
 11
827.7041015625
 21
-213.7958984375
 72
     1
 10
827.7041015625
 20
-213.7958984375
 11
827.8056640625
 21
-213.9814453125
 72
     1
 10
827.8056640625
 20
-213.9814453125
 11
827.8544921875
 21
-214.0244140625
 72
     1
 10
827.8544921875
 20
-214.0244140625
 11
827.9140625
 21
-214.041015625
 72
     1
 10
827.9140625
 20
-214.041015625
 11
827.97265625
 21
-214.0546875
 72
     1
 10
827.97265625
 20
-214.0546875
 11
828.0166015625
 21
-214.0869140625
 72
     1
 10
828.0166015625
 20
-214.0869140625
 11
828.0263671875
 21
-214.1337890625
 72
     1
 10
828.0263671875
 20
-214.1337890625
 11
828.017578125
 21
-214.193359375
 72
     1
 10
828.017578125
 20
-214.193359375
 11
828.0078125
 21
-214.2529296875
 72
     1
 10
828.0078125
 20
-214.2529296875
 11
828.0166015625
 21
-214.298828125
 72
     1
 10
828.0166015625
 20
-214.298828125
 11
828.11328125
 21
-214.4453125
 72
     1
 10
828.11328125
 20
-214.4453125
 11
828.1904296875
 21
-214.58984375
 72
     1
 10
828.1904296875
 20
-214.58984375
 11
828.2607421875
 21
-214.7744140625
 72
     1
 10
828.2607421875
 20
-214.7744140625
 11
828.3349609375
 21
-215.0400390625
 72
     1
 10
828.3349609375
 20
-215.0400390625
 11
828.35546875
 21
-215.109375
 72
     1
 10
828.35546875
 20
-215.109375
 11
828.3828125
 21
-215.1826171875
 72
     1
 10
828.3828125
 20
-215.1826171875
 11
828.4130859375
 21
-215.263671875
 72
     1
 10
828.4130859375
 20
-215.263671875
 11
828.4404296875
 21
-215.357421875
 72
     1
 10
828.4404296875
 20
-215.357421875
 11
828.4619140625
 21
-215.427734375
 72
     1
 10
828.4619140625
 20
-215.427734375
 11
828.4892578125
 21
-215.5
 72
     1
 10
828.4892578125
 20
-215.5
 11
828.5185546875
 21
-215.5810546875
 72
     1
 10
828.5185546875
 20
-215.5810546875
 11
828.546875
 21
-215.6748046875
 72
     1
 10
828.546875
 20
-215.6748046875
 11
828.568359375
 21
-215.7451171875
 72
     1
 10
828.568359375
 20
-215.7451171875
 11
828.595703125
 21
-215.818359375
 72
     1
 10
828.595703125
 20
-215.818359375
 11
828.625
 21
-215.8994140625
 72
     1
 10
828.625
 20
-215.8994140625
 11
828.65234375
 21
-215.9931640625
 72
     1
 10
828.65234375
 20
-215.9931640625
 11
828.673828125
 21
-216.0625
 72
     1
 10
828.673828125
 20
-216.0625
 11
828.701171875
 21
-216.1357421875
 72
     1
 10
828.701171875
 20
-216.1357421875
 11
828.73046875
 21
-216.216796875
 72
     1
 10
828.73046875
 20
-216.216796875
 11
828.7578125
 21
-216.310546875
 72
     1
 10
828.7578125
 20
-216.310546875
 11
828.79296875
 21
-216.39453125
 72
     1
 10
828.79296875
 20
-216.39453125
 11
828.84765625
 21
-216.4912109375
 72
     1
 10
828.84765625
 20
-216.4912109375
 11
828.91015625
 21
-216.6025390625
 72
     1
 10
828.91015625
 20
-216.6025390625
 11
828.9697265625
 21
-216.734375
 72
     1
 10
828.9697265625
 20
-216.734375
 11
829.0126953125
 21
-216.8564453125
 72
     1
 10
829.0126953125
 20
-216.8564453125
 11
829.037109375
 21
-216.9541015625
 72
     1
 10
829.037109375
 20
-216.9541015625
 11
829.0537109375
 21
-217.07421875
 72
     1
 10
829.0537109375
 20
-217.07421875
 11
829.076171875
 21
-217.263671875
 72
     1
 10
829.076171875
 20
-217.263671875
 11
829.11328125
 21
-217.41796875
 72
     1
 10
829.11328125
 20
-217.41796875
 11
829.1787109375
 21
-217.603515625
 72
     1
 10
829.1787109375
 20
-217.603515625
 11
829.2451171875
 21
-217.8056640625
 72
     1
 10
829.2451171875
 20
-217.8056640625
 11
829.287109375
 21
-218.0048828125
 72
     1
 10
829.287109375
 20
-218.0048828125
 11
829.3359375
 21
-218.650390625
 72
     1
 10
829.3359375
 20
-218.650390625
 11
829.3212890625
 21
-219.2353515625
 72
     1
 10
829.3212890625
 20
-219.2353515625
 11
829.2373046875
 21
-219.759765625
 72
     1
 10
829.2373046875
 20
-219.759765625
 11
829.076171875
 21
-220.228515625
 72
     1
 10
829.076171875
 20
-220.228515625
 11
829.025390625
 21
-220.314453125
 72
     1
 10
829.025390625
 20
-220.314453125
 11
828.9716796875
 21
-220.3916015625
 72
     1
 10
828.9716796875
 20
-220.3916015625
 11
828.916015625
 21
-220.4931640625
 72
     1
 10
828.916015625
 20
-220.4931640625
 11
828.8642578125
 21
-220.6513671875
 72
     1
 10
828.8642578125
 20
-220.6513671875
 11
828.83984375
 21
-220.697265625
 72
     1
 10
828.83984375
 20
-220.697265625
 11
828.8046875
 21
-220.7275390625
 72
     1
 10
828.8046875
 20
-220.7275390625
 11
828.7724609375
 21
-220.7470703125
 72
     1
 10
828.7724609375
 20
-220.7470703125
 11
828.7578125
 21
-220.7578125
 72
     1
 10
828.7578125
 20
-220.7578125
 11
828.728515625
 21
-221.1123046875
 72
     1
 10
828.728515625
 20
-221.1123046875
 11
828.740234375
 21
-221.4453125
 72
     1
 10
828.740234375
 20
-221.4453125
 11
828.734375
 21
-221.7529296875
 72
     1
 10
828.734375
 20
-221.7529296875
 11
828.65234375
 21
-222.0283203125
 72
     1
 10
828.65234375
 20
-222.0283203125
 11
828.6328125
 21
-222.048828125
 72
     1
 10
828.6328125
 20
-222.048828125
 11
828.6044921875
 21
-222.068359375
 72
     1
 10
828.6044921875
 20
-222.068359375
 11
828.57421875
 21
-222.09375
 72
     1
 10
828.57421875
 20
-222.09375
 11
828.546875
 21
-222.1337890625
 72
     1
 10
828.546875
 20
-222.1337890625
 11
828.5234375
 21
-222.2021484375
 72
     1
 10
828.5234375
 20
-222.2021484375
 11
828.5009765625
 21
-222.2861328125
 72
     1
 10
828.5009765625
 20
-222.2861328125
 11
828.4755859375
 21
-222.373046875
 72
     1
 10
828.4755859375
 20
-222.373046875
 11
828.4404296875
 21
-222.451171875
 72
     1
 10
828.4404296875
 20
-222.451171875
 11
828.3349609375
 21
-222.607421875
 72
     1
 10
828.3349609375
 20
-222.607421875
 11
828.203125
 21
-222.7685546875
 72
     1
 10
828.203125
 20
-222.7685546875
 11
828.05859375
 21
-222.9306640625
 72
     1
 10
828.05859375
 20
-222.9306640625
 11
827.9111328125
 21
-223.0869140625
 72
     1
 10
827.9111328125
 20
-223.0869140625
 11
827.869140625
 21
-223.1552734375
 72
     1
 10
827.869140625
 20
-223.1552734375
 11
827.8212890625
 21
-223.2626953125
 72
     1
 10
827.8212890625
 20
-223.2626953125
 11
827.765625
 21
-223.388671875
 72
     1
 10
827.765625
 20
-223.388671875
 11
827.69921875
 21
-223.5107421875
 72
     1
 10
827.69921875
 20
-223.5107421875
 11
827.65234375
 21
-223.5634765625
 72
     1
 10
827.65234375
 20
-223.5634765625
 11
827.591796875
 21
-223.619140625
 72
     1
 10
827.591796875
 20
-223.619140625
 11
827.53125
 21
-223.6728515625
 72
     1
 10
827.53125
 20
-223.6728515625
 11
827.4873046875
 21
-223.72265625
 72
     1
 10
827.4873046875
 20
-223.72265625
 11
827.4140625
 21
-223.861328125
 72
     1
 10
827.4140625
 20
-223.861328125
 11
827.345703125
 21
-224.015625
 72
     1
 10
827.345703125
 20
-224.015625
 11
827.26953125
 21
-224.181640625
 72
     1
 10
827.26953125
 20
-224.181640625
 11
827.169921875
 21
-224.357421875
 72
     1
 10
827.169921875
 20
-224.357421875
 11
827.072265625
 21
-224.525390625
 72
     1
 10
827.072265625
 20
-224.525390625
 11
826.9716796875
 21
-224.724609375
 72
     1
 10
826.9716796875
 20
-224.724609375
 11
826.865234375
 21
-224.9521484375
 72
     1
 10
826.865234375
 20
-224.9521484375
 11
826.74609375
 21
-225.2041015625
 72
     1
 10
826.74609375
 20
-225.2041015625
 11
826.6953125
 21
-225.291015625
 72
     1
 10
826.6953125
 20
-225.291015625
 11
826.640625
 21
-225.3681640625
 72
     1
 10
826.640625
 20
-225.3681640625
 11
826.5869140625
 21
-225.46875
 72
     1
 10
826.5869140625
 20
-225.46875
 11
826.53515625
 21
-225.6279296875
 72
     1
 10
826.53515625
 20
-225.6279296875
 11
826.4794921875
 21
-225.759765625
 72
     1
 10
826.4794921875
 20
-225.759765625
 11
826.384765625
 21
-225.9501953125
 72
     1
 10
826.384765625
 20
-225.9501953125
 11
826.28515625
 21
-226.1640625
 72
     1
 10
826.28515625
 20
-226.1640625
 11
826.216796875
 21
-226.369140625
 72
     1
 10
826.216796875
 20
-226.369140625
 11
826.2119140625
 21
-226.447265625
 72
     1
 10
826.2119140625
 20
-226.447265625
 11
826.2197265625
 21
-226.529296875
 72
     1
 10
826.2197265625
 20
-226.529296875
 11
826.2265625
 21
-226.6103515625
 72
     1
 10
826.2265625
 20
-226.6103515625
 11
826.216796875
 21
-226.6865234375
 72
     1
 10
826.216796875
 20
-226.6865234375
 11
826.193359375
 21
-226.7265625
 72
     1
 10
826.193359375
 20
-226.7265625
 11
826.1572265625
 21
-226.7626953125
 72
     1
 10
826.1572265625
 20
-226.7626953125
 11
826.125
 21
-226.7880859375
 72
     1
 10
826.125
 20
-226.7880859375
 11
826.111328125
 21
-226.79296875
 72
     1
 10
826.111328125
 20
-226.79296875
 11
826.1259765625
 21
-227.3359375
 72
     1
 10
826.1259765625
 20
-227.3359375
 11
826.2119140625
 21
-227.767578125
 72
     1
 10
826.2119140625
 20
-227.767578125
 11
826.1953125
 21
-228.0029296875
 72
     1
 10
826.1953125
 20
-228.0029296875
 11
825.8994140625
 21
-227.95703125
 72
     1
 10
825.8994140625
 20
-227.95703125
 11
825.8564453125
 21
-227.9287109375
 72
     1
 10
825.8564453125
 20
-227.9287109375
 11
825.8173828125
 21
-227.8955078125
 72
     1
 10
825.8173828125
 20
-227.8955078125
 11
825.767578125
 21
-227.8662109375
 72
     1
 10
825.767578125
 20
-227.8662109375
 11
825.6875
 21
-227.8515625
 72
     1
 10
825.6875
 20
-227.8515625
 11
825.6982421875
 21
-227.869140625
 72
     1
 10
825.6982421875
 20
-227.869140625
 11
825.6640625
 21
-227.904296875
 72
     1
 10
825.6640625
 20
-227.904296875
 11
825.6142578125
 21
-227.939453125
 72
     1
 10
825.6142578125
 20
-227.939453125
 11
825.58203125
 21
-227.95703125
 72
     1
 10
825.58203125
 20
-227.95703125
 11
825.2060546875
 21
-227.982421875
 72
     1
 10
825.2060546875
 20
-227.982421875
 11
824.80859375
 21
-227.9091796875
 72
     1
 10
824.80859375
 20
-227.9091796875
 11
824.4267578125
 21
-227.78125
 72
     1
 10
824.4267578125
 20
-227.78125
 11
824.099609375
 21
-227.6396484375
 72
     1
 10
824.099609375
 20
-227.6396484375
 11
824.078125
 21
-227.6181640625
 72
     1
 10
824.078125
 20
-227.6181640625
 11
824.0654296875
 21
-227.587890625
 72
     1
 10
824.0654296875
 20
-227.587890625
 11
824.0439453125
 21
-227.5576171875
 72
     1
 10
824.0439453125
 20
-227.5576171875
 11
823.9931640625
 21
-227.5341796875
 72
     1
 10
823.9931640625
 20
-227.5341796875
 11
823.9423828125
 21
-227.53125
 72
     1
 10
823.9423828125
 20
-227.53125
 11
823.88671875
 21
-227.537109375
 72
     1
 10
823.88671875
 20
-227.537109375
 11
823.8310546875
 21
-227.54296875
 72
     1
 10
823.8310546875
 20
-227.54296875
 11
823.78125
 21
-227.5341796875
 72
     1
 10
823.78125
 20
-227.5341796875
 11
823.7294921875
 21
-227.4931640625
 72
     1
 10
823.7294921875
 20
-227.4931640625
 11
823.671875
 21
-227.4267578125
 72
     1
 10
823.671875
 20
-227.4267578125
 11
823.6162109375
 21
-227.3603515625
 72
     1
 10
823.6162109375
 20
-227.3603515625
 11
823.5703125
 21
-227.322265625
 72
     1
 10
823.5703125
 20
-227.322265625
 11
823.521484375
 21
-227.3134765625
 72
     1
 10
823.521484375
 20
-227.3134765625
 11
823.4658203125
 21
-227.318359375
 72
     1
 10
823.4658203125
 20
-227.318359375
 11
823.4091796875
 21
-227.3251953125
 72
     1
 10
823.4091796875
 20
-227.3251953125
 11
823.3583984375
 21
-227.322265625
 72
     1
 10
823.3583984375
 20
-227.322265625
 11
823.232421875
 21
-227.2744140625
 72
     1
 10
823.232421875
 20
-227.2744140625
 11
823.044921875
 21
-227.1884765625
 72
     1
 10
823.044921875
 20
-227.1884765625
 11
822.828125
 21
-227.0908203125
 72
     1
 10
822.828125
 20
-227.0908203125
 11
822.6171875
 21
-227.0048828125
 72
     1
 10
822.6171875
 20
-227.0048828125
 11
822.2001953125
 21
-226.8623046875
 72
     1
 10
822.2001953125
 20
-226.8623046875
 11
821.765625
 21
-226.728515625
 72
     1
 10
821.765625
 20
-226.728515625
 11
821.306640625
 21
-226.6015625
 72
     1
 10
821.306640625
 20
-226.6015625
 11
820.8173828125
 21
-226.474609375
 72
     1
 10
820.8173828125
 20
-226.474609375
 11
820.697265625
 21
-226.44921875
 72
     1
 10
820.697265625
 20
-226.44921875
 11
820.4365234375
 21
-226.3916015625
 72
     1
 10
820.4365234375
 20
-226.3916015625
 11
820.154296875
 21
-226.3232421875
 72
     1
 10
820.154296875
 20
-226.3232421875
 11
819.9697265625
 21
-226.263671875
 72
     1
 10
819.9697265625
 20
-226.263671875
 11
819.78125
 21
-226.1416015625
 72
     1
 10
819.78125
 20
-226.1416015625
 11
819.5458984375
 21
-225.9501953125
 72
     1
 10
819.5458984375
 20
-225.9501953125
 11
819.310546875
 21
-225.73046875
 72
     1
 10
819.310546875
 20
-225.73046875
 11
819.123046875
 21
-225.5224609375
 72
     1
 10
819.123046875
 20
-225.5224609375
 11
819.08984375
 21
-225.451171875
 72
     1
 10
819.08984375
 20
-225.451171875
 11
819.072265625
 21
-225.3662109375
 72
     1
 10
819.072265625
 20
-225.3662109375
 11
819.0537109375
 21
-225.2802734375
 72
     1
 10
819.0537109375
 20
-225.2802734375
 11
819.017578125
 21
-225.2041015625
 72
     1
 10
819.017578125
 20
-225.2041015625
 11
818.890625
 21
-225.068359375
 72
     1
 10
818.890625
 20
-225.068359375
 11
818.7490234375
 21
-224.9453125
 72
     1
 10
818.7490234375
 20
-224.9453125
 11
818.609375
 21
-224.818359375
 72
     1
 10
818.609375
 20
-224.818359375
 11
818.4873046875
 21
-224.6748046875
 72
     1
 10
818.4873046875
 20
-224.6748046875
 11
818.447265625
 21
-224.57421875
 72
     1
 10
818.447265625
 20
-224.57421875
 11
818.43359375
 21
-224.4658203125
 72
     1
 10
818.43359375
 20
-224.4658203125
 11
818.421875
 21
-224.35546875
 72
     1
 10
818.421875
 20
-224.35546875
 11
818.3818359375
 21
-224.251953125
 72
     1
 10
818.3818359375
 20
-224.251953125
 11
818.33984375
 21
-224.2021484375
 72
     1
 10
818.33984375
 20
-224.2021484375
 11
818.2822265625
 21
-224.1494140625
 72
     1
 10
818.2822265625
 20
-224.1494140625
 11
818.2216796875
 21
-224.0947265625
 72
     1
 10
818.2216796875
 20
-224.0947265625
 11
818.169921875
 21
-224.0400390625
 72
     1
 10
818.169921875
 20
-224.0400390625
 11
817.943359375
 21
-223.7734375
 72
     1
 10
817.943359375
 20
-223.7734375
 11
817.705078125
 21
-223.5341796875
 72
     1
 10
817.705078125
 20
-223.5341796875
 11
817.4609375
 21
-223.3095703125
 72
     1
 10
817.4609375
 20
-223.3095703125
 11
817.216796875
 21
-223.0869140625
 72
     1
 10
817.216796875
 20
-223.0869140625
 11
817.0546875
 21
-222.9296875
 72
     1
 10
817.0546875
 20
-222.9296875
 11
816.900390625
 21
-222.7724609375
 72
     1
 10
816.900390625
 20
-222.7724609375
 11
816.74609375
 21
-222.61328125
 72
     1
 10
816.74609375
 20
-222.61328125
 11
816.58203125
 21
-222.451171875
 72
     1
 10
816.58203125
 20
-222.451171875
 11
816.5107421875
 21
-222.4140625
 72
     1
 10
816.5107421875
 20
-222.4140625
 11
816.3955078125
 21
-222.3720703125
 72
     1
 10
816.3955078125
 20
-222.3720703125
 11
816.267578125
 21
-222.31640625
 72
     1
 10
816.267578125
 20
-222.31640625
 11
816.158203125
 21
-222.240234375
 72
     1
 10
816.158203125
 20
-222.240234375
 11
816.0927734375
 21
-222.146484375
 72
     1
 10
816.0927734375
 20
-222.146484375
 11
816.044921875
 21
-222.0341796875
 72
     1
 10
816.044921875
 20
-222.0341796875
 11
816.001953125
 21
-221.9189453125
 72
     1
 10
816.001953125
 20
-221.9189453125
 11
815.9462890625
 21
-221.81640625
 72
     1
 10
815.9462890625
 20
-221.81640625
 11
815.8671875
 21
-221.724609375
 72
     1
 10
815.8671875
 20
-221.724609375
 11
815.7802734375
 21
-221.6455078125
 72
     1
 10
815.7802734375
 20
-221.6455078125
 11
815.697265625
 21
-221.572265625
 72
     1
 10
815.697265625
 20
-221.572265625
 11
815.62890625
 21
-221.4990234375
 72
     1
 10
815.62890625
 20
-221.4990234375
 11
815.45703125
 21
-221.2490234375
 72
     1
 10
815.45703125
 20
-221.2490234375
 11
815.3076171875
 21
-221.048828125
 72
     1
 10
815.3076171875
 20
-221.048828125
 11
815.107421875
 21
-220.8876953125
 72
     1
 10
815.107421875
 20
-220.8876953125
 11
814.7822265625
 21
-220.7578125
 72
     1
 10
814.7822265625
 20
-220.7578125
 11
814.6396484375
 21
-220.7109375
 72
     1
 10
814.6396484375
 20
-220.7109375
 11
814.453125
 21
-220.6484375
 72
     1
 10
814.453125
 20
-220.6484375
 11
814.24609375
 21
-220.5869140625
 72
     1
 10
814.24609375
 20
-220.5869140625
 11
814.041015625
 21
-220.5458984375
 72
     1
 10
814.041015625
 20
-220.5458984375
 11
813.6171875
 21
-220.5361328125
 72
     1
 10
813.6171875
 20
-220.5361328125
 11
813.1796875
 21
-220.57421875
 72
     1
 10
813.1796875
 20
-220.57421875
 11
812.72265625
 21
-220.5986328125
 72
     1
 10
812.72265625
 20
-220.5986328125
 11
812.240234375
 21
-220.5458984375
 72
     1
 10
812.240234375
 20
-220.5458984375
 11
811.935546875
 21
-220.43359375
 72
     1
 10
811.935546875
 20
-220.43359375
 11
811.6962890625
 21
-220.2734375
 72
     1
 10
811.6962890625
 20
-220.2734375
 11
811.4638671875
 21
-220.0908203125
 72
     1
 10
811.4638671875
 20
-220.0908203125
 11
811.181640625
 21
-219.91015625
 72
     1
 10
811.181640625
 20
-219.91015625
 11
811.107421875
 21
-219.86328125
 72
     1
 10
811.107421875
 20
-219.86328125
 11
811.0126953125
 21
-219.794921875
 72
     1
 10
811.0126953125
 20
-219.794921875
 11
810.923828125
 21
-219.732421875
 72
     1
 10
810.923828125
 20
-219.732421875
 11
810.8642578125
 21
-219.69921875
 72
     1
 10
810.8642578125
 20
-219.69921875
 11
810.537109375
 21
-219.6513671875
 72
     1
 10
810.537109375
 20
-219.6513671875
 11
810.1484375
 21
-219.6455078125
 72
     1
 10
810.1484375
 20
-219.6455078125
 11
809.74609375
 21
-219.640625
 72
     1
 10
809.74609375
 20
-219.640625
 11
809.3818359375
 21
-219.5927734375
 72
     1
 10
809.3818359375
 20
-219.5927734375
 11
809.302734375
 21
-219.5791015625
 72
     1
 10
809.302734375
 20
-219.5791015625
 11
809.1845703125
 21
-219.5625
 72
     1
 10
809.1845703125
 20
-219.5625
 11
809.033203125
 21
-219.5341796875
 72
     1
 10
809.033203125
 20
-219.5341796875
 11
808.8525390625
 21
-219.4873046875
 72
     1
 10
808.8525390625
 20
-219.4873046875
 11
808.7998046875
 21
-219.4482421875
 72
     1
 10
808.7998046875
 20
-219.4482421875
 11
808.7412109375
 21
-219.380859375
 72
     1
 10
808.7412109375
 20
-219.380859375
 11
808.6845703125
 21
-219.3134765625
 72
     1
 10
808.6845703125
 20
-219.3134765625
 11
808.640625
 21
-219.275390625
 72
     1
 10
808.640625
 20
-219.275390625
 11
808.478515625
 21
-219.2373046875
 72
     1
 10
808.478515625
 20
-219.2373046875
 11
808.302734375
 21
-219.2109375
 72
     1
 10
808.302734375
 20
-219.2109375
 11
808.13671875
 21
-219.1640625
 72
     1
 10
808.13671875
 20
-219.1640625
 11
808.005859375
 21
-219.0634765625
 72
     1
 10
808.005859375
 20
-219.0634765625
 11
807.96484375
 21
-218.9638671875
 72
     1
 10
807.96484375
 20
-218.9638671875
 11
807.9462890625
 21
-218.822265625
 72
     1
 10
807.9462890625
 20
-218.822265625
 11
807.9306640625
 21
-218.642578125
 72
     1
 10
807.9306640625
 20
-218.642578125
 11
807.8994140625
 21
-218.427734375
 72
     1
 10
807.8994140625
 20
-218.427734375
 11
807.8798828125
 21
-218.4541015625
 72
     1
 10
807.8798828125
 20
-218.4541015625
 11
807.8095703125
 21
-218.30859375
 72
     1
 10
807.8095703125
 20
-218.30859375
 11
807.7578125
 21
-218.08984375
 72
     1
 10
807.7578125
 20
-218.08984375
 11
807.7939453125
 21
-217.8984375
 72
     1
 10
807.7939453125
 20
-217.8984375
 11
808.05859375
 21
-217.796875
 72
     1
 10
808.05859375
 20
-217.796875
 11
808.37890625
 21
-217.9873046875
 72
     1
 10
808.37890625
 20
-217.9873046875
 11
808.6982421875
 21
-218.2919921875
 72
     1
 10
808.6982421875
 20
-218.2919921875
 11
808.958984375
 21
-218.5341796875
 72
     1
 10
808.958984375
 20
-218.5341796875
 11
809.0234375
 21
-218.5703125
 72
     1
 10
809.0234375
 20
-218.5703125
 11
809.072265625
 21
-218.5859375
 72
     1
 10
809.072265625
 20
-218.5859375
 11
809.1171875
 21
-218.6015625
 72
     1
 10
809.1171875
 20
-218.6015625
 11
809.169921875
 21
-218.6396484375
 72
     1
 10
809.169921875
 20
-218.6396484375
 11
809.2451171875
 21
-218.697265625
 72
     1
 10
809.2451171875
 20
-218.697265625
 11
809.3291015625
 21
-218.74609375
 72
     1
 10
809.3291015625
 20
-218.74609375
 11
809.4130859375
 21
-218.794921875
 72
     1
 10
809.4130859375
 20
-218.794921875
 11
809.48828125
 21
-218.8515625
 72
     1
 10
809.48828125
 20
-218.8515625
 11
809.5791015625
 21
-218.90625
 72
     1
 10
809.5791015625
 20
-218.90625
 11
809.703125
 21
-218.947265625
 72
     1
 10
809.703125
 20
-218.947265625
 11
809.8525390625
 21
-218.994140625
 72
     1
 10
809.8525390625
 20
-218.994140625
 11
810.017578125
 21
-219.0634765625
 72
     1
 10
810.017578125
 20
-219.0634765625
 11
810.064453125
 21
-219.10546875
 72
     1
 10
810.064453125
 20
-219.10546875
 11
810.12890625
 21
-219.17578125
 72
     1
 10
810.12890625
 20
-219.17578125
 11
810.1904296875
 21
-219.2431640625
 72
     1
 10
810.1904296875
 20
-219.2431640625
 11
810.228515625
 21
-219.275390625
 72
     1
 10
810.228515625
 20
-219.275390625
 11
810.8388671875
 21
-219.326171875
 72
     1
 10
810.8388671875
 20
-219.326171875
 11
811.5068359375
 21
-219.26171875
 72
     1
 10
811.5068359375
 20
-219.26171875
 11
812.1181640625
 21
-219.1240234375
 72
     1
 10
812.1181640625
 20
-219.1240234375
 11
812.55859375
 21
-218.95703125
 72
     1
 10
812.55859375
 20
-218.95703125
 11
812.755859375
 21
-218.857421875
 72
     1
 10
812.755859375
 20
-218.857421875
 11
812.9306640625
 21
-218.76953125
 72
     1
 10
812.9306640625
 20
-218.76953125
 11
813.10546875
 21
-218.669921875
 72
     1
 10
813.10546875
 20
-218.669921875
 11
813.2998046875
 21
-218.5341796875
 72
     1
 10
813.2998046875
 20
-218.5341796875
 11
813.640625
 21
-218.26171875
 72
     1
 10
813.640625
 20
-218.26171875
 11
813.994140625
 21
-217.955078125
 72
     1
 10
813.994140625
 20
-217.955078125
 11
814.318359375
 21
-217.646484375
 72
     1
 10
814.318359375
 20
-217.646484375
 11
814.5703125
 21
-217.369140625
 72
     1
 10
814.5703125
 20
-217.369140625
 11
814.7119140625
 21
-217.1494140625
 72
     1
 10
814.7119140625
 20
-217.1494140625
 11
814.833984375
 21
-216.9033203125
 72
     1
 10
814.833984375
 20
-216.9033203125
 11
814.9560546875
 21
-216.6513671875
 72
     1
 10
814.9560546875
 20
-216.6513671875
 11
815.099609375
 21
-216.416015625
 72
     1
 10
815.099609375
 20
-216.416015625
 11
815.1767578125
 21
-216.3564453125
 72
     1
 10
815.1767578125
 20
-216.3564453125
 11
815.2802734375
 21
-216.30078125
 72
     1
 10
815.2802734375
 20
-216.30078125
 11
815.373046875
 21
-216.2236328125
 72
     1
 10
815.373046875
 20
-216.2236328125
 11
815.4169921875
 21
-216.0986328125
 72
     1
 10
815.4169921875
 20
-216.0986328125
 11
815.5546875
 21
-215.9169921875
 72
     1
 10
815.5546875
 20
-215.9169921875
 11
815.8701171875
 21
-215.5576171875
 72
     1
 10
815.8701171875
 20
-215.5576171875
 11
816.2236328125
 21
-215.203125
 72
     1
 10
816.2236328125
 20
-215.203125
 11
816.4755859375
 21
-215.0400390625
 72
     1
 10
816.4755859375
 20
-215.0400390625
 11
816.587890625
 21
-214.98828125
 72
     1
 10
816.587890625
 20
-214.98828125
 11
816.67578125
 21
-214.8818359375
 72
     1
 10
816.67578125
 20
-214.8818359375
 11
816.76953125
 21
-214.775390625
 72
     1
 10
816.76953125
 20
-214.775390625
 11
816.8994140625
 21
-214.72265625
 72
     1
 10
816.8994140625
 20
-214.72265625
 11
816.921875
 21
-214.7236328125
 72
     1
 10
816.921875
 20
-214.7236328125
 11
816.9541015625
 21
-214.7255859375
 72
     1
 10
816.9541015625
 20
-214.7255859375
 11
816.9853515625
 21
-214.7265625
 72
     1
 10
816.9853515625
 20
-214.7265625
 11
817.005859375
 21
-214.72265625
 72
     1
 10
817.005859375
 20
-214.72265625
 11
817.0888671875
 21
-214.6416015625
 72
     1
 10
817.0888671875
 20
-214.6416015625
 11
817.16015625
 21
-214.5478515625
 72
     1
 10
817.16015625
 20
-214.5478515625
 11
817.234375
 21
-214.4609375
 72
     1
 10
817.234375
 20
-214.4609375
 11
817.3232421875
 21
-214.404296875
 72
     1
 10
817.3232421875
 20
-214.404296875
 11
817.7392578125
 21
-214.3212890625
 72
     1
 10
817.7392578125
 20
-214.3212890625
 11
818.1865234375
 21
-214.30078125
 72
     1
 10
818.1865234375
 20
-214.30078125
 11
818.6259765625
 21
-214.279296875
 72
     1
 10
818.6259765625
 20
-214.279296875
 11
819.017578125
 21
-214.193359375
 72
     1
 10
819.017578125
 20
-214.193359375
 11
819.03515625
 21
-214.1748046875
 72
     1
 10
819.03515625
 20
-214.1748046875
 11
819.0498046875
 21
-214.1435546875
 72
     1
 10
819.0498046875
 20
-214.1435546875
 11
819.0751953125
 21
-214.111328125
 72
     1
 10
819.0751953125
 20
-214.111328125
 11
819.123046875
 21
-214.0869140625
 72
     1
 10
819.123046875
 20
-214.0869140625
 11
819.494140625
 21
-213.943359375
 72
     1
 10
819.494140625
 20
-213.943359375
 11
819.8740234375
 21
-213.7236328125
 72
     1
 10
819.8740234375
 20
-213.7236328125
 11
820.248046875
 21
-213.474609375
 72
     1
 10
820.248046875
 20
-213.474609375
 11
820.60546875
 21
-213.240234375
 72
     1
 10
820.60546875
 20
-213.240234375
 11
820.90234375
 21
-212.99609375
 72
     1
 10
820.90234375
 20
-212.99609375
 11
821.1904296875
 21
-212.677734375
 72
     1
 10
821.1904296875
 20
-212.677734375
 11
821.4765625
 21
-212.3505859375
 72
     1
 10
821.4765625
 20
-212.3505859375
 11
821.76953125
 21
-212.0751953125
 72
     1
 10
821.76953125
 20
-212.0751953125
 11
821.8759765625
 21
-212.001953125
 72
     1
 10
821.8759765625
 20
-212.001953125
 11
822.01171875
 21
-211.919921875
 72
     1
 10
822.01171875
 20
-211.919921875
 11
822.1591796875
 21
-211.8359375
 72
     1
 10
822.1591796875
 20
-211.8359375
 11
822.2998046875
 21
-211.7578125
 72
     1
 10
822.2998046875
 20
-211.7578125
 11
822.61328125
 21
-211.671875
 72
     1
 10
822.61328125
 20
-211.671875
 11
823.1142578125
 21
-211.6064453125
 72
     1
 10
823.1142578125
 20
-211.6064453125
 11
823.658203125
 21
-211.5634765625
 72
     1
 10
823.658203125
 20
-211.5634765625
 11
824.099609375
 21
-211.5458984375
 97
        0
 75
     0
 76
     1
 98
        0
  0
POLYLINE
  5
A46
330
1F
100
AcDbEntity
  8
Layer 1
370
     0
100
AcDb2dPolyline
 66
     1
 10
0.0
 20
0.0
 30
0.0
  0
VERTEX
  5
A47
330
A46
100
AcDbEntity
  8
Layer 1
370
     0
100
AcDbVertex
100
AcDb2dVertex
 10
922.0390625
 20
-42.771484375
 30
0.0
  0
VERTEX
  5
A48
330
A46
100
AcDbEntity
  8
Layer 1
370
     0
100
AcDbVertex
100
AcDb2dVertex
 10
922.01953125
 20
-42.7744140625
 30
0.0
  0
VERTEX
  5
A49
330
A46
100
AcDbEntity
  8
Layer 1
370
     0
100
AcDbVertex
100
AcDb2dVertex
 10
921.986328125
 20
-42.775390625
 30
0.0
  0
VERTEX
  5
A4A
330
A46
100
AcDbEntity
  8
Layer 1
370
     0
100
AcDbVertex
100
AcDb2dVertex
 10
921.953125
 20
-42.7744140625
 30
0.0
  0
VERTEX
  5
A4B
330
A46
100
AcDbEntity
  8
Layer 1
370
     0
100
AcDbVertex
100
AcDb2dVertex
 10
921.93359375
 20
-42.771484375
 30
0.0
  0
VERTEX
  5
A4C
330
A46
100
AcDbEntity
  8
Layer 1
370
     0
100
AcDbVertex
100
AcDb2dVertex
 10
921.7294921875
 20
-42.716796875
 30
0.0
  0
VERTEX
  5
A4D
330
A46
100
AcDbEntity
  8
Layer 1
370
     0
100
AcDbVertex
100
AcDb2dVertex
 10
921.427734375
 20
-42.666015625
 30
0.0
  0
VERTEX
  5
A4E
330
A46
100
AcDbEntity
  8
Layer 1
370
     0
100
AcDbVertex
100
AcDb2dVertex
 10
921.033203125
 20
-42.615234375
 30
0.0
  0
VERTEX
  5
A4F
330
A46
100
AcDbEntity
  8
Layer 1
370
     0
100
AcDbVertex
100
AcDb2dVertex
 10
920.556640625
 20
-42.5595703125
 30
0.0
  0
VERTEX
  5
A50
330
A46
100
AcDbEntity
  8
Layer 1
370
     0
100
AcDbVertex
100
AcDb2dVertex
 10
920.224609375
 20
-42.5361328125
 30
0.0
  0
VERTEX
  5
A51
330
A46
100
AcDbEntity
  8
Layer 1
370
     0
100
AcDbVertex
100
AcDb2dVertex
 10
919.8642578125
 20
-42.5224609375
 30
0.0
  0
VERTEX
  5
A52
330
A46
100
AcDbEntity
  8
Layer 1
370
     0
100
AcDbVertex
100
AcDb2dVertex
 10
919.5068359375
 20
-42.5009765625
 30
0.0
  0
VERTEX
  5
A53
330
A46
100
AcDbEntity
  8
Layer 1
370
     0
100
AcDbVertex
100
AcDb2dVertex
 10
919.1806640625
 20
-42.4541015625
 30
0.0
  0
VERTEX
  5
A54
330
A46
100
AcDbEntity
  8
Layer 1
370
     0
100
AcDbVertex
100
AcDb2dVertex
 10
918.9052734375
 20
-42.359375
 30
0.0
  0
VERTEX
  5
A55
330
A46
100
AcDbEntity
  8
Layer 1
370
     0
100
AcDbVertex
100
AcDb2dVertex
 10
918.599609375
 20
-42.20703125
 30
0.0
  0
VERTEX
  5
A56
330
A46
100
AcDbEntity
  8
Layer 1
370
     0
100
AcDbVertex
100
AcDb2dVertex
 10
918.2666015625
 20
-42.0185546875
 30
0.0
  0
VERTEX
  5
A57
330
A46
100
AcDbEntity
  8
Layer 1
370
     0
100
AcDbVertex
100
AcDb2dVertex
 10
917.91015625
 20
-41.818359375
 30
0.0
  0
VERTEX
  5
A58
330
A46
100
AcDbEntity
  8
Layer 1
370
     0
100
AcDbVertex
100
AcDb2dVertex
 10
917.681640625
 20
-41.6962890625
 30
0.0
  0
VERTEX
  5
A59
330
A46
100
AcDbEntity
  8
Layer 1
370
     0
100
AcDbVertex
100
AcDb2dVertex
 10
917.4482421875
 20
-41.5693359375
 30
0.0
  0
VERTEX
  5
A5A
330
A46
100
AcDbEntity
  8
Layer 1
370
     0
100
AcDbVertex
100
AcDb2dVertex
 10
917.20703125
 20
-41.4345703125
 30
0.0
  0
VERTEX
  5
A5B
330
A46
100
AcDbEntity
  8
Layer 1
370
     0
100
AcDbVertex
100
AcDb2dVertex
 10
916.95703125
 20
-41.2890625
 30
0.0
  0
VERTEX
  5
A5C
330
A46
100
AcDbEntity
  8
Layer 1
370
     0
100
AcDbVertex
100
AcDb2dVertex
 10
916.884765625
 20
-41.2587890625
 30
0.0
  0
VERTEX
  5
A5D
330
A46
100
AcDbEntity
  8
Layer 1
370
     0
100
AcDbVertex
100
AcDb2dVertex
 10
916.8056640625
 20
-41.240234375
 30
0.0
  0
VERTEX
  5
A5E
330
A46
100
AcDbEntity
  8
Layer 1
370
     0
100
AcDbVertex
100
AcDb2dVertex
 10
916.72265625
 20
-41.21875
 30
0.0
  0
VERTEX
  5
A5F
330
A46
100
AcDbEntity
  8
Layer 1
370
     0
100
AcDbVertex
100
AcDb2dVertex
 10
916.6396484375
 20
-41.18359375
 30
0.0
  0
VERTEX
  5
A60
330
A46
100
AcDbEntity
  8
Layer 1
370
     0
100
AcDbVertex
100
AcDb2dVertex
 10
916.501953125
 20
-41.0869140625
 30
0.0
  0
VERTEX
  5
A61
330
A46
100
AcDbEntity
  8
Layer 1
370
     0
100
AcDbVertex
100
AcDb2dVertex
 10
916.3740234375
 20
-40.9736328125
 30
0.0
  0
VERTEX
  5
A62
330
A46
100
AcDbEntity
  8
Layer 1
370
     0
100
AcDbVertex
100
AcDb2dVertex
 10
916.24609375
 20
-40.859375
 30
0.0
  0
VERTEX
  5
A63
330
A46
100
AcDbEntity
  8
Layer 1
370
     0
100
AcDbVertex
100
AcDb2dVertex
 10
916.1103515625
 20
-40.759765625
 30
0.0
  0
VERTEX
  5
A64
330
A46
100
AcDbEntity
  8
Layer 1
370
     0
100
AcDbVertex
100
AcDb2dVertex
 10
916.0390625
 20
-40.7236328125
 30
0.0
  0
VERTEX
  5
A65
330
A46
100
AcDbEntity
  8
Layer 1
370
     0
100
AcDbVertex
100
AcDb2dVertex
 10
915.9921875
 20
-40.7109375
 30
0.0
  0
VERTEX
  5
A66
330
A46
100
AcDbEntity
  8
Layer 1
370
     0
100
AcDbVertex
100
AcDb2dVertex
 10
915.9521484375
 20
-40.6962890625
 30
0.0
  0
VERTEX
  5
A67
330
A46
100
AcDbEntity
  8
Layer 1
370
     0
100
AcDbVertex
100
AcDb2dVertex
 10
915.8984375
 20
-40.654296875
 30
0.0
  0
VERTEX
  5
A68
330
A46
100
AcDbEntity
  8
Layer 1
370
     0
100
AcDbVertex
100
AcDb2dVertex
 10
915.7080078125
 20
-40.5302734375
 30
0.0
  0
VERTEX
  5
A69
330
A46
100
AcDbEntity
  8
Layer 1
370
     0
100
AcDbVertex
100
AcDb2dVertex
 10
915.42578125
 20
-40.396484375
 30
0.0
  0
VERTEX
  5
A6A
330
A46
100
AcDbEntity
  8
Layer 1
370
     0
100
AcDbVertex
100
AcDb2dVertex
 10
915.115234375
 20
-40.259765625
 30
0.0
  0
VERTEX
  5
A6B
330
A46
100
AcDbEntity
  8
Layer 1
370
     0
100
AcDbVertex
100
AcDb2dVertex
 10
914.83984375
 20
-40.125
 30
0.0
  0
VERTEX
  5
A6C
330
A46
100
AcDbEntity
  8
Layer 1
370
     0
100
AcDbVertex
100
AcDb2dVertex
 10
914.755859375
 20
-40.072265625
 30
0.0
  0
VERTEX
  5
A6D
330
A46
100
AcDbEntity
  8
Layer 1
370
     0
100
AcDbVertex
100
AcDb2dVertex
 10
914.6826171875
 20
-40.01953125
 30
0.0
  0
VERTEX
  5
A6E
330
A46
100
AcDbEntity
  8
Layer 1
370
     0
100
AcDbVertex
100
AcDb2dVertex
 10
914.6083984375
 20
-39.9658203125
 30
0.0
  0
VERTEX
  5
A6F
330
A46
100
AcDbEntity
  8
Layer 1
370
     0
100
AcDbVertex
100
AcDb2dVertex
 10
914.521484375
 20
-39.9130859375
 30
0.0
  0
VERTEX
  5
A70
330
A46
100
AcDbEntity
  8
Layer 1
370
     0
100
AcDbVertex
100
AcDb2dVertex
 10
914.4560546875
 20
-39.8896484375
 30
0.0
  0
VERTEX
  5
A71
330
A46
100
AcDbEntity
  8
Layer 1
370
     0
100
AcDbVertex
100
AcDb2dVertex
 10
914.365234375
 20
-39.8671875
 30
0.0
  0
VERTEX
  5
A72
330
A46
100
AcDbEntity
  8
Layer 1
370
     0
100
AcDbVertex
100
AcDb2dVertex
 10
914.2724609375
 20
-39.8408203125
 30
0.0
  0
VERTEX
  5
A73
330
A46
100
AcDbEntity
  8
Layer 1
370
     0
100
AcDbVertex
100
AcDb2dVertex
 10
914.2041015625
 20
-39.806640625
 30
0.0
  0
VERTEX
  5
A74
330
A46
100
AcDbEntity
  8
Layer 1
370
     0
100
AcDbVertex
100
AcDb2dVertex
 10
914.1572265625
 20
-39.73828125
 30
0.0
  0
VERTEX
  5
A75
330
A46
100
AcDbEntity
  8
Layer 1
370
     0
100
AcDbVertex
100
AcDb2dVertex
 10
914.1435546875
 20
-39.6572265625
 30
0.0
  0
VERTEX
  5
A76
330
A46
100
AcDbEntity
  8
Layer 1
370
     0
100
AcDbVertex
100
AcDb2dVertex
 10
914.1337890625
 20
-39.5712890625
 30
0.0
  0
VERTEX
  5
A77
330
A46
100
AcDbEntity
  8
Layer 1
370
     0
100
AcDbVertex
100
AcDb2dVertex
 10
914.0986328125
 20
-39.4892578125
 30
0.0
  0
VERTEX
  5
A78
330
A46
100
AcDbEntity
  8
Layer 1
370
     0
100
AcDbVertex
100
AcDb2dVertex
 10
914.0107421875
 20
-39.390625
 30
0.0
  0
VERTEX
  5
A79
330
A46
100
AcDbEntity
  8
Layer 1
370
     0
100
AcDbVertex
100
AcDb2dVertex
 10
913.8671875
 20
-39.2451171875
 30
0.0
  0
VERTEX
  5
A7A
330
A46
100
AcDbEntity
  8
Layer 1
370
     0
100
AcDbVertex
100
AcDb2dVertex
 10
913.70703125
 20
-39.0908203125
 30
0.0
  0
VERTEX
  5
A7B
330
A46
100
AcDbEntity
  8
Layer 1
370
     0
100
AcDbVertex
100
AcDb2dVertex
 10
913.568359375
 20
-38.9599609375
 30
0.0
  0
VERTEX
  5
A7C
330
A46
100
AcDbEntity
  8
Layer 1
370
     0
100
AcDbVertex
100
AcDb2dVertex
 10
913.4970703125
 20
-38.9208984375
 30
0.0
  0
VERTEX
  5
A7D
330
A46
100
AcDbEntity
  8
Layer 1
370
     0
100
AcDbVertex
100
AcDb2dVertex
 10
913.4150390625
 20
-38.9052734375
 30
0.0
  0
VERTEX
  5
A7E
330
A46
100
AcDbEntity
  8
Layer 1
370
     0
100
AcDbVertex
100
AcDb2dVertex
 10
913.330078125
 20
-38.890625
 30
0.0
  0
VERTEX
  5
A7F
330
A46
100
AcDbEntity
  8
Layer 1
370
     0
100
AcDbVertex
100
AcDb2dVertex
 10
913.2509765625
 20
-38.853515625
 30
0.0
  0
VERTEX
  5
A80
330
A46
100
AcDbEntity
  8
Layer 1
370
     0
100
AcDbVertex
100
AcDb2dVertex
 10
913.150390625
 20
-38.759765625
 30
0.0
  0
VERTEX
  5
A81
330
A46
100
AcDbEntity
  8
Layer 1
370
     0
100
AcDbVertex
100
AcDb2dVertex
 10
913.017578125
 20
-38.6181640625
 30
0.0
  0
VERTEX
  5
A82
330
A46
100
AcDbEntity
  8
Layer 1
370
     0
100
AcDbVertex
100
AcDb2dVertex
 10
912.869140625
 20
-38.4619140625
 30
0.0
  0
VERTEX
  5
A83
330
A46
100
AcDbEntity
  8
Layer 1
370
     0
100
AcDbVertex
100
AcDb2dVertex
 10
912.7216796875
 20
-38.32421875
 30
0.0
  0
VERTEX
  5
A84
330
A46
100
AcDbEntity
  8
Layer 1
370
     0
100
AcDbVertex
100
AcDb2dVertex
 10
912.587890625
 20
-38.185546875
 30
0.0
  0
VERTEX
  5
A85
330
A46
100
AcDbEntity
  8
Layer 1
370
     0
100
AcDbVertex
100
AcDb2dVertex
 10
912.390625
 20
-37.974609375
 30
0.0
  0
VERTEX
  5
A86
330
A46
100
AcDbEntity
  8
Layer 1
370
     0
100
AcDbVertex
100
AcDb2dVertex
 10
912.1728515625
 20
-37.7802734375
 30
0.0
  0
VERTEX
  5
A87
330
A46
100
AcDbEntity
  8
Layer 1
370
     0
100
AcDbVertex
100
AcDb2dVertex
 10
911.98046875
 20
-37.689453125
 30
0.0
  0
VERTEX
  5
A88
330
A46
100
AcDbEntity
  8
Layer 1
370
     0
100
AcDbVertex
100
AcDb2dVertex
 10
911.8857421875
 20
-37.6552734375
 30
0.0
  0
VERTEX
  5
A89
330
A46
100
AcDbEntity
  8
Layer 1
370
     0
100
AcDbVertex
100
AcDb2dVertex
 10
911.74609375
 20
-37.57421875
 30
0.0
  0
VERTEX
  5
A8A
330
A46
100
AcDbEntity
  8
Layer 1
370
     0
100
AcDbVertex
100
AcDb2dVertex
 10
911.591796875
 20
-37.4716796875
 30
0.0
  0
VERTEX
  5
A8B
330
A46
100
AcDbEntity
  8
Layer 1
370
     0
100
AcDbVertex
100
AcDb2dVertex
 10
911.451171875
 20
-37.37109375
 30
0.0
  0
VERTEX
  5
A8C
330
A46
100
AcDbEntity
  8
Layer 1
370
     0
100
AcDbVertex
100
AcDb2dVertex
 10
911.3525390625
 20
-37.28125
 30
0.0
  0
VERTEX
  5
A8D
330
A46
100
AcDbEntity
  8
Layer 1
370
     0
100
AcDbVertex
100
AcDb2dVertex
 10
911.267578125
 20
-37.1845703125
 30
0.0
  0
VERTEX
  5
A8E
330
A46
100
AcDbEntity
  8
Layer 1
370
     0
100
AcDbVertex
100
AcDb2dVertex
 10
911.1953125
 20
-37.1025390625
 30
0.0
  0
VERTEX
  5
A8F
330
A46
100
AcDbEntity
  8
Layer 1
370
     0
100
AcDbVertex
100
AcDb2dVertex
 10
911.1337890625
 20
-37.0537109375
 30
0.0
  0
VERTEX
  5
A90
330
A46
100
AcDbEntity
  8
Layer 1
370
     0
100
AcDbVertex
100
AcDb2dVertex
 10
910.9560546875
 20
-37.017578125
 30
0.0
  0
VERTEX
  5
A91
330
A46
100
AcDbEntity
  8
Layer 1
370
     0
100
AcDbVertex
100
AcDb2dVertex
 10
910.740234375
 20
-37.009765625
 30
0.0
  0
VERTEX
  5
A92
330
A46
100
AcDbEntity
  8
Layer 1
370
     0
100
AcDbVertex
100
AcDb2dVertex
 10
910.53515625
 20
-36.9970703125
 30
0.0
  0
VERTEX
  5
A93
330
A46
100
AcDbEntity
  8
Layer 1
370
     0
100
AcDbVertex
100
AcDb2dVertex
 10
910.392578125
 20
-36.9482421875
 30
0.0
  0
VERTEX
  5
A94
330
A46
100
AcDbEntity
  8
Layer 1
370
     0
100
AcDbVertex
100
AcDb2dVertex
 10
910.361328125
 20
-36.890625
 30
0.0
  0
VERTEX
  5
A95
330
A46
100
AcDbEntity
  8
Layer 1
370
     0
100
AcDbVertex
100
AcDb2dVertex
 10
910.333984375
 20
-36.794921875
 30
0.0
  0
VERTEX
  5
A96
330
A46
100
AcDbEntity
  8
Layer 1
370
     0
100
AcDbVertex
100
AcDb2dVertex
 10
910.30859375
 20
-36.697265625
 30
0.0
  0
VERTEX
  5
A97
330
A46
100
AcDbEntity
  8
Layer 1
370
     0
100
AcDbVertex
100
AcDb2dVertex
 10
910.2861328125
 20
-36.630859375
 30
0.0
  0
VERTEX
  5
A98
330
A46
100
AcDbEntity
  8
Layer 1
370
     0
100
AcDbVertex
100
AcDb2dVertex
 10
910.2578125
 20
-36.607421875
 30
0.0
  0
VERTEX
  5
A99
330
A46
100
AcDbEntity
  8
Layer 1
370
     0
100
AcDbVertex
100
AcDb2dVertex
 10
910.224609375
 20
-36.6015625
 30
0.0
  0
VERTEX
  5
A9A
330
A46
100
AcDbEntity
  8
Layer 1
370
     0
100
AcDbVertex
100
AcDb2dVertex
 10
910.1953125
 20
-36.583984375
 30
0.0
  0
VERTEX
  5
A9B
330
A46
100
AcDbEntity
  8
Layer 1
370
     0
100
AcDbVertex
100
AcDb2dVertex
 10
910.1806640625
 20
-36.5244140625
 30
0.0
  0
VERTEX
  5
A9C
330
A46
100
AcDbEntity
  8
Layer 1
370
     0
100
AcDbVertex
100
AcDb2dVertex
 10
910.1396484375
 20
-36.439453125
 30
0.0
  0
VERTEX
  5
A9D
330
A46
100
AcDbEntity
  8
Layer 1
370
     0
100
AcDbVertex
100
AcDb2dVertex
 10
910.048828125
 20
-36.3193359375
 30
0.0
  0
VERTEX
  5
A9E
330
A46
100
AcDbEntity
  8
Layer 1
370
     0
100
AcDbVertex
100
AcDb2dVertex
 10
909.9443359375
 20
-36.1962890625
 30
0.0
  0
VERTEX
  5
A9F
330
A46
100
AcDbEntity
  8
Layer 1
370
     0
100
AcDbVertex
100
AcDb2dVertex
 10
909.86328125
 20
-36.1015625
 30
0.0
  0
VERTEX
  5
AA0
330
A46
100
AcDbEntity
  8
Layer 1
370
     0
100
AcDbVertex
100
AcDb2dVertex
 10
909.69140625
 20
-35.908203125
 30
0.0
  0
VERTEX
  5
AA1
330
A46
100
AcDbEntity
  8
Layer 1
370
     0
100
AcDbVertex
100
AcDb2dVertex
 10
909.5234375
 20
-35.744140625
 30
0.0
  0
VERTEX
  5
AA2
330
A46
100
AcDbEntity
  8
Layer 1
370
     0
100
AcDbVertex
100
AcDb2dVertex
 10
909.3662109375
 20
-35.6005859375
 30
0.0
  0
VERTEX
  5
AA3
330
A46
100
AcDbEntity
  8
Layer 1
370
     0
100
AcDbVertex
100
AcDb2dVertex
 10
909.2275390625
 20
-35.4658203125
 30
0.0
  0
VERTEX
  5
AA4
330
A46
100
AcDbEntity
  8
Layer 1
370
     0
100
AcDbVertex
100
AcDb2dVertex
 10
909.2177734375
 20
-35.421875
 30
0.0
  0
VERTEX
  5
AA5
330
A46
100
AcDbEntity
  8
Layer 1
370
     0
100
AcDbVertex
100
AcDb2dVertex
 10
909.2275390625
 20
-35.359375
 30
0.0
  0
VERTEX
  5
AA6
330
A46
100
AcDbEntity
  8
Layer 1
370
     0
100
AcDbVertex
100
AcDb2dVertex
 10
909.23828125
 20
-35.296875
 30
0.0
  0
VERTEX
  5
AA7
330
A46
100
AcDbEntity
  8
Layer 1
370
     0
100
AcDbVertex
100
AcDb2dVertex
 10
909.2275390625
 20
-35.25390625
 30
0.0
  0
VERTEX
  5
AA8
330
A46
100
AcDbEntity
  8
Layer 1
370
     0
100
AcDbVertex
100
AcDb2dVertex
 10
909.1845703125
 20
-35.2431640625
 30
0.0
  0
VERTEX
  5
AA9
330
A46
100
AcDbEntity
  8
Layer 1
370
     0
100
AcDbVertex
100
AcDb2dVertex
 10
909.123046875
 20
-35.2529296875
 30
0.0
  0
VERTEX
  5
AAA
330
A46
100
AcDbEntity
  8
Layer 1
370
     0
100
AcDbVertex
100
AcDb2dVertex
 10
909.060546875
 20
-35.263671875
 30
0.0
  0
VERTEX
  5
AAB
330
A46
100
AcDbEntity
  8
Layer 1
370
     0
100
AcDbVertex
100
AcDb2dVertex
 10
909.015625
 20
-35.25390625
 30
0.0
  0
VERTEX
  5
AAC
330
A46
100
AcDbEntity
  8
Layer 1
370
     0
100
AcDbVertex
100
AcDb2dVertex
 10
908.92578125
 20
-35.1533203125
 30
0.0
  0
VERTEX
  5
AAD
330
A46
100
AcDbEntity
  8
Layer 1
370
     0
100
AcDbVertex
100
AcDb2dVertex
 10
908.826171875
 20
-35.017578125
 30
0.0
  0
VERTEX
  5
AAE
330
A46
100
AcDbEntity
  8
Layer 1
370
     0
100
AcDbVertex
100
AcDb2dVertex
 10
908.7158203125
 20
-34.8681640625
 30
0.0
  0
VERTEX
  5
AAF
330
A46
100
AcDbEntity
  8
Layer 1
370
     0
100
AcDbVertex
100
AcDb2dVertex
 10
908.5927734375
 20
-34.724609375
 30
0.0
  0
VERTEX
  5
AB0
330
A46
100
AcDbEntity
  8
Layer 1
370
     0
100
AcDbVertex
100
AcDb2dVertex
 10
908.255859375
 20
-34.4072265625
 30
0.0
  0
VERTEX
  5
AB1
330
A46
100
AcDbEntity
  8
Layer 1
370
     0
100
AcDbVertex
100
AcDb2dVertex
 10
908.0576171875
 20
-34.1904296875
 30
0.0
  0
VERTEX
  5
AB2
330
A46
100
AcDbEntity
  8
Layer 1
370
     0
100
AcDbVertex
100
AcDb2dVertex
 10
907.9951171875
 20
-33.923828125
 30
0.0
  0
VERTEX
  5
AB3
330
A46
100
AcDbEntity
  8
Layer 1
370
     0
100
AcDbVertex
100
AcDb2dVertex
 10
908.0634765625
 20
-33.4541015625
 30
0.0
  0
VERTEX
  5
AB4
330
A46
100
AcDbEntity
  8
Layer 1
370
     0
100
AcDbVertex
100
AcDb2dVertex
 10
908.0595703125
 20
-32.5498046875
 30
0.0
  0
VERTEX
  5
AB5
330
A46
100
AcDbEntity
  8
Layer 1
370
     0
100
AcDbVertex
100
AcDb2dVertex
 10
907.6953125
 20
-31.8330078125
 30
0.0
  0
VERTEX
  5
AB6
330
A46
100
AcDbEntity
  8
Layer 1
370
     0
100
AcDbVertex
100
AcDb2dVertex
 10
907.091796875
 20
-31.23828125
 30
0.0
  0
VERTEX
  5
AB7
330
A46
100
AcDbEntity
  8
Layer 1
370
     0
100
AcDbVertex
100
AcDb2dVertex
 10
906.369140625
 20
-30.701171875
 30
0.0
  0
VERTEX
  5
AB8
330
A46
100
AcDbEntity
  8
Layer 1
370
     0
100
AcDbVertex
100
AcDb2dVertex
 10
906.236328125
 20
-30.60546875
 30
0.0
  0
VERTEX
  5
AB9
330
A46
100
AcDbEntity
  8
Layer 1
370
     0
100
AcDbVertex
100
AcDb2dVertex
 10
906.107421875
 20
-30.5078125
 30
0.0
  0
VERTEX
  5
ABA
330
A46
100
AcDbEntity
  8
Layer 1
370
     0
100
AcDbVertex
100
AcDb2dVertex
 10
905.9765625
 20
-30.4013671875
 30
0.0
  0
VERTEX
  5
ABB
330
A46
100
AcDbEntity
  8
Layer 1
370
     0
100
AcDbVertex
100
AcDb2dVertex
 10
905.83984375
 20
-30.27734375
 30
0.0
  0
VERTEX
  5
ABC
330
A46
100
AcDbEntity
  8
Layer 1
370
     0
100
AcDbVertex
100
AcDb2dVertex
 10
905.744140625
 20
-30.2236328125
 30
0.0
  0
VERTEX
  5
ABD
330
A46
100
AcDbEntity
  8
Layer 1
370
     0
100
AcDbVertex
100
AcDb2dVertex
 10
905.615234375
 20
-30.1875
 30
0.0
  0
VERTEX
  5
ABE
330
A46
100
AcDbEntity
  8
Layer 1
370
     0
100
AcDbVertex
100
AcDb2dVertex
 10
905.466796875
 20
-30.1435546875
 30
0.0
  0
VERTEX
  5
ABF
330
A46
100
AcDbEntity
  8
Layer 1
370
     0
100
AcDbVertex
100
AcDb2dVertex
 10
905.310546875
 20
-30.0654296875
 30
0.0
  0
VERTEX
  5
AC0
330
A46
100
AcDbEntity
  8
Layer 1
370
     0
100
AcDbVertex
100
AcDb2dVertex
 10
905.251953125
 20
-29.9990234375
 30
0.0
  0
VERTEX
  5
AC1
330
A46
100
AcDbEntity
  8
Layer 1
370
     0
100
AcDbVertex
100
AcDb2dVertex
 10
905.203125
 20
-29.90625
 30
0.0
  0
VERTEX
  5
AC2
330
A46
100
AcDbEntity
  8
Layer 1
370
     0
100
AcDbVertex
100
AcDb2dVertex
 10
905.1552734375
 20
-29.814453125
 30
0.0
  0
VERTEX
  5
AC3
330
A46
100
AcDbEntity
  8
Layer 1
370
     0
100
AcDbVertex
100
AcDb2dVertex
 10
905.0986328125
 20
-29.748046875
 30
0.0
  0
VERTEX
  5
AC4
330
A46
100
AcDbEntity
  8
Layer 1
370
     0
100
AcDbVertex
100
AcDb2dVertex
 10
905.0537109375
 20
-29.7421875
 30
0.0
  0
VERTEX
  5
AC5
330
A46
100
AcDbEntity
  8
Layer 1
370
     0
100
AcDbVertex
100
AcDb2dVertex
 10
904.9892578125
 20
-29.7509765625
 30
0.0
  0
VERTEX
  5
AC6
330
A46
100
AcDbEntity
  8
Layer 1
370
     0
100
AcDbVertex
100
AcDb2dVertex
 10
904.92578125
 20
-29.7587890625
 30
0.0
  0
VERTEX
  5
AC7
330
A46
100
AcDbEntity
  8
Layer 1
370
     0
100
AcDbVertex
100
AcDb2dVertex
 10
904.88671875
 20
-29.748046875
 30
0.0
  0
VERTEX
  5
AC8
330
A46
100
AcDbEntity
  8
Layer 1
370
     0
100
AcDbVertex
100
AcDb2dVertex
 10
904.78515625
 20
-29.6455078125
 30
0.0
  0
VERTEX
  5
AC9
330
A46
100
AcDbEntity
  8
Layer 1
370
     0
100
AcDbVertex
100
AcDb2dVertex
 10
904.658203125
 20
-29.546875
 30
0.0
  0
VERTEX
  5
ACA
330
A46
100
AcDbEntity
  8
Layer 1
370
     0
100
AcDbVertex
100
AcDb2dVertex
 10
904.5146484375
 20
-29.4423828125
 30
0.0
  0
VERTEX
  5
ACB
330
A46
100
AcDbEntity
  8
Layer 1
370
     0
100
AcDbVertex
100
AcDb2dVertex
 10
904.357421875
 20
-29.32421875
 30
0.0
  0
VERTEX
  5
ACC
330
A46
100
AcDbEntity
  8
Layer 1
370
     0
100
AcDbVertex
100
AcDb2dVertex
 10
904.2255859375
 20
-29.2041015625
 30
0.0
  0
VERTEX
  5
ACD
330
A46
100
AcDbEntity
  8
Layer 1
370
     0
100
AcDbVertex
100
AcDb2dVertex
 10
904.095703125
 20
-29.06640625
 30
0.0
  0
VERTEX
  5
ACE
330
A46
100
AcDbEntity
  8
Layer 1
370
     0
100
AcDbVertex
100
AcDb2dVertex
 10
903.96484375
 20
-28.9248046875
 30
0.0
  0
VERTEX
  5
ACF
330
A46
100
AcDbEntity
  8
Layer 1
370
     0
100
AcDbVertex
100
AcDb2dVertex
 10
903.828125
 20
-28.794921875
 30
0.0
  0
VERTEX
  5
AD0
330
A46
100
AcDbEntity
  8
Layer 1
370
     0
100
AcDbVertex
100
AcDb2dVertex
 10
903.7841796875
 20
-28.787109375
 30
0.0
  0
VERTEX
  5
AD1
330
A46
100
AcDbEntity
  8
Layer 1
370
     0
100
AcDbVertex
100
AcDb2dVertex
 10
903.7197265625
 20
-28.796875
 30
0.0
  0
VERTEX
  5
AD2
330
A46
100
AcDbEntity
  8
Layer 1
370
     0
100
AcDbVertex
100
AcDb2dVertex
 10
903.65625
 20
-28.8056640625
 30
0.0
  0
VERTEX
  5
AD3
330
A46
100
AcDbEntity
  8
Layer 1
370
     0
100
AcDbVertex
100
AcDb2dVertex
 10
903.6162109375
 20
-28.794921875
 30
0.0
  0
VERTEX
  5
AD4
330
A46
100
AcDbEntity
  8
Layer 1
370
     0
100
AcDbVertex
100
AcDb2dVertex
 10
903.3740234375
 20
-28.52734375
 30
0.0
  0
VERTEX
  5
AD5
330
A46
100
AcDbEntity
  8
Layer 1
370
     0
100
AcDbVertex
100
AcDb2dVertex
 10
903.068359375
 20
-28.220703125
 30
0.0
  0
VERTEX
  5
AD6
330
A46
100
AcDbEntity
  8
Layer 1
370
     0
100
AcDbVertex
100
AcDb2dVertex
 10
902.74609375
 20
-27.9111328125
 30
0.0
  0
VERTEX
  5
AD7
330
A46
100
AcDbEntity
  8
Layer 1
370
     0
100
AcDbVertex
100
AcDb2dVertex
 10
902.451171875
 20
-27.630859375
 30
0.0
  0
VERTEX
  5
AD8
330
A46
100
AcDbEntity
  8
Layer 1
370
     0
100
AcDbVertex
100
AcDb2dVertex
 10
902.3876953125
 20
-27.5888671875
 30
0.0
  0
VERTEX
  5
AD9
330
A46
100
AcDbEntity
  8
Layer 1
370
     0
100
AcDbVertex
100
AcDb2dVertex
 10
902.2802734375
 20
-27.53515625
 30
0.0
  0
VERTEX
  5
ADA
330
A46
100
AcDbEntity
  8
Layer 1
370
     0
100
AcDbVertex
100
AcDb2dVertex
 10
902.15234375
 20
-27.4755859375
 30
0.0
  0
VERTEX
  5
ADB
330
A46
100
AcDbEntity
  8
Layer 1
370
     0
100
AcDbVertex
100
AcDb2dVertex
 10
902.02734375
 20
-27.4189453125
 30
0.0
  0
VERTEX
  5
ADC
330
A46
100
AcDbEntity
  8
Layer 1
370
     0
100
AcDbVertex
100
AcDb2dVertex
 10
901.8681640625
 20
-27.3642578125
 30
0.0
  0
VERTEX
  5
ADD
330
A46
100
AcDbEntity
  8
Layer 1
370
     0
100
AcDbVertex
100
AcDb2dVertex
 10
901.697265625
 20
-27.3212890625
 30
0.0
  0
VERTEX
  5
ADE
330
A46
100
AcDbEntity
  8
Layer 1
370
     0
100
AcDbVertex
100
AcDb2dVertex
 10
901.5322265625
 20
-27.2744140625
 30
0.0
  0
VERTEX
  5
ADF
330
A46
100
AcDbEntity
  8
Layer 1
370
     0
100
AcDbVertex
100
AcDb2dVertex
 10
901.392578125
 20
-27.20703125
 30
0.0
  0
VERTEX
  5
AE0
330
A46
100
AcDbEntity
  8
Layer 1
370
     0
100
AcDbVertex
100
AcDb2dVertex
 10
901.267578125
 20
-27.0791015625
 30
0.0
  0
VERTEX
  5
AE1
330
A46
100
AcDbEntity
  8
Layer 1
370
     0
100
AcDbVertex
100
AcDb2dVertex
 10
901.111328125
 20
-26.880859375
 30
0.0
  0
VERTEX
  5
AE2
330
A46
100
AcDbEntity
  8
Layer 1
370
     0
100
AcDbVertex
100
AcDb2dVertex
 10
900.9638671875
 20
-26.6875
 30
0.0
  0
VERTEX
  5
AE3
330
A46
100
AcDbEntity
  8
Layer 1
370
     0
100
AcDbVertex
100
AcDb2dVertex
 10
900.86328125
 20
-26.572265625
 30
0.0
  0
VERTEX
  5
AE4
330
A46
100
AcDbEntity
  8
Layer 1
370
     0
100
AcDbVertex
100
AcDb2dVertex
 10
900.75
 20
-26.4912109375
 30
0.0
  0
VERTEX
  5
AE5
330
A46
100
AcDbEntity
  8
Layer 1
370
     0
100
AcDbVertex
100
AcDb2dVertex
 10
900.619140625
 20
-26.4091796875
 30
0.0
  0
VERTEX
  5
AE6
330
A46
100
AcDbEntity
  8
Layer 1
370
     0
100
AcDbVertex
100
AcDb2dVertex
 10
900.478515625
 20
-26.3291015625
 30
0.0
  0
VERTEX
  5
AE7
330
A46
100
AcDbEntity
  8
Layer 1
370
     0
100
AcDbVertex
100
AcDb2dVertex
 10
900.333984375
 20
-26.25390625
 30
0.0
  0
VERTEX
  5
AE8
330
A46
100
AcDbEntity
  8
Layer 1
370
     0
100
AcDbVertex
100
AcDb2dVertex
 10
900.1787109375
 20
-26.197265625
 30
0.0
  0
VERTEX
  5
AE9
330
A46
100
AcDbEntity
  8
Layer 1
370
     0
100
AcDbVertex
100
AcDb2dVertex
 10
900.0126953125
 20
-26.1572265625
 30
0.0
  0
VERTEX
  5
AEA
330
A46
100
AcDbEntity
  8
Layer 1
370
     0
100
AcDbVertex
100
AcDb2dVertex
 10
899.84765625
 20
-26.11328125
 30
0.0
  0
VERTEX
  5
AEB
330
A46
100
AcDbEntity
  8
Layer 1
370
     0
100
AcDbVertex
100
AcDb2dVertex
 10
899.6982421875
 20
-26.0419921875
 30
0.0
  0
VERTEX
  5
AEC
330
A46
100
AcDbEntity
  8
Layer 1
370
     0
100
AcDbVertex
100
AcDb2dVertex
 10
899.5205078125
 20
-25.892578125
 30
0.0
  0
VERTEX
  5
AED
330
A46
100
AcDbEntity
  8
Layer 1
370
     0
100
AcDbVertex
100
AcDb2dVertex
 10
899.33984375
 20
-25.697265625
 30
0.0
  0
VERTEX
  5
AEE
330
A46
100
AcDbEntity
  8
Layer 1
370
     0
100
AcDbVertex
100
AcDb2dVertex
 10
899.15234375
 20
-25.4892578125
 30
0.0
  0
VERTEX
  5
AEF
330
A46
100
AcDbEntity
  8
Layer 1
370
     0
100
AcDbVertex
100
AcDb2dVertex
 10
898.95703125
 20
-25.30078125
 30
0.0
  0
VERTEX
  5
AF0
330
A46
100
AcDbEntity
  8
Layer 1
370
     0
100
AcDbVertex
100
AcDb2dVertex
 10
898.361328125
 20
-24.8408203125
 30
0.0
  0
VERTEX
  5
AF1
330
A46
100
AcDbEntity
  8
Layer 1
370
     0
100
AcDbVertex
100
AcDb2dVertex
 10
897.6533203125
 20
-24.2919921875
 30
0.0
  0
VERTEX
  5
AF2
330
A46
100
AcDbEntity
  8
Layer 1
370
     0
100
AcDbVertex
100
AcDb2dVertex
 10
897.041015625
 20
-23.7177734375
 30
0.0
  0
VERTEX
  5
AF3
330
A46
100
AcDbEntity
  8
Layer 1
370
     0
100
AcDbVertex
100
AcDb2dVertex
 10
896.7333984375
 20
-23.18359375
 30
0.0
  0
VERTEX
  5
AF4
330
A46
100
AcDbEntity
  8
Layer 1
370
     0
100
AcDbVertex
100
AcDb2dVertex
 10
896.728515625
 20
-22.765625
 30
0.0
  0
VERTEX
  5
AF5
330
A46
100
AcDbEntity
  8
Layer 1
370
     0
100
AcDbVertex
100
AcDb2dVertex
 10
896.82421875
 20
-22.3203125
 30
0.0
  0
VERTEX
  5
AF6
330
A46
100
AcDbEntity
  8
Layer 1
370
     0
100
AcDbVertex
100
AcDb2dVertex
 10
896.98046875
 20
-21.8837890625
 30
0.0
  0
VERTEX
  5
AF7
330
A46
100
AcDbEntity
  8
Layer 1
370
     0
100
AcDbVertex
100
AcDb2dVertex
 10
897.1572265625
 20
-21.4892578125
 30
0.0
  0
VERTEX
  5
AF8
330
A46
100
AcDbEntity
  8
Layer 1
370
     0
100
AcDbVertex
100
AcDb2dVertex
 10
897.18359375
 20
-21.466796875
 30
0.0
  0
VERTEX
  5
AF9
330
A46
100
AcDbEntity
  8
Layer 1
370
     0
100
AcDbVertex
100
AcDb2dVertex
 10
897.2177734375
 20
-21.4609375
 30
0.0
  0
VERTEX
  5
AFA
330
A46
100
AcDbEntity
  8
Layer 1
370
     0
100
AcDbVertex
100
AcDb2dVertex
 10
897.248046875
 20
-21.44140625
 30
0.0
  0
VERTEX
  5
AFB
330
A46
100
AcDbEntity
  8
Layer 1
370
     0
100
AcDbVertex
100
AcDb2dVertex
 10
897.263671875
 20
-21.3837890625
 30
0.0
  0
VERTEX
  5
AFC
330
A46
100
AcDbEntity
  8
Layer 1
370
     0
100
AcDbVertex
100
AcDb2dVertex
 10
897.3447265625
 20
-21.1376953125
 30
0.0
  0
VERTEX
  5
AFD
330
A46
100
AcDbEntity
  8
Layer 1
370
     0
100
AcDbVertex
100
AcDb2dVertex
 10
897.5283203125
 20
-20.904296875
 30
0.0
  0
VERTEX
  5
AFE
330
A46
100
AcDbEntity
  8
Layer 1
370
     0
100
AcDbVertex
100
AcDb2dVertex
 10
897.765625
 20
-20.671875
 30
0.0
  0
VERTEX
  5
AFF
330
A46
100
AcDbEntity
  8
Layer 1
370
     0
100
AcDbVertex
100
AcDb2dVertex
 10
898.00390625
 20
-20.4306640625
 30
0.0
  0
VERTEX
  5
B00
330
A46
100
AcDbEntity
  8
Layer 1
370
     0
100
AcDbVertex
100
AcDb2dVertex
 10
898.1259765625
 20
-20.2802734375
 30
0.0
  0
VERTEX
  5
B01
330
A46
100
AcDbEntity
  8
Layer 1
370
     0
100
AcDbVertex
100
AcDb2dVertex
 10
898.2470703125
 20
-20.119140625
 30
0.0
  0
VERTEX
  5
B02
330
A46
100
AcDbEntity
  8
Layer 1
370
     0
100
AcDbVertex
100
AcDb2dVertex
 10
898.37890625
 20
-19.955078125
 30
0.0
  0
VERTEX
  5
B03
330
A46
100
AcDbEntity
  8
Layer 1
370
     0
100
AcDbVertex
100
AcDb2dVertex
 10
898.5341796875
 20
-19.794921875
 30
0.0
  0
VERTEX
  5
B04
330
A46
100
AcDbEntity
  8
Layer 1
370
     0
100
AcDbVertex
100
AcDb2dVertex
 10
898.8701171875
 20
-19.5224609375
 30
0.0
  0
VERTEX
  5
B05
330
A46
100
AcDbEntity
  8
Layer 1
370
     0
100
AcDbVertex
100
AcDb2dVertex
 10
899.3349609375
 20
-19.1865234375
 30
0.0
  0
VERTEX
  5
B06
330
A46
100
AcDbEntity
  8
Layer 1
370
     0
100
AcDbVertex
100
AcDb2dVertex
 10
899.76953125
 20
-18.916015625
 30
0.0
  0
VERTEX
  5
B07
330
A46
100
AcDbEntity
  8
Layer 1
370
     0
100
AcDbVertex
100
AcDb2dVertex
 10
900.015625
 20
-18.8427734375
 30
0.0
  0
VERTEX
  5
B08
330
A46
100
AcDbEntity
  8
Layer 1
370
     0
100
AcDbVertex
100
AcDb2dVertex
 10
900.099609375
 20
-19.0673828125
 30
0.0
  0
VERTEX
  5
B09
330
A46
100
AcDbEntity
  8
Layer 1
370
     0
100
AcDbVertex
100
AcDb2dVertex
 10
900.140625
 20
-19.486328125
 30
0.0
  0
VERTEX
  5
B0A
330
A46
100
AcDbEntity
  8
Layer 1
370
     0
100
AcDbVertex
100
AcDb2dVertex
 10
900.1728515625
 20
-19.953125
 30
0.0
  0
VERTEX
  5
B0B
330
A46
100
AcDbEntity
  8
Layer 1
370
     0
100
AcDbVertex
100
AcDb2dVertex
 10
900.2275390625
 20
-20.32421875
 30
0.0
  0
VERTEX
  5
B0C
330
A46
100
AcDbEntity
  8
Layer 1
370
     0
100
AcDbVertex
100
AcDb2dVertex
 10
900.2734375
 20
-20.4609375
 30
0.0
  0
VERTEX
  5
B0D
330
A46
100
AcDbEntity
  8
Layer 1
370
     0
100
AcDbVertex
100
AcDb2dVertex
 10
900.322265625
 20
-20.5771484375
 30
0.0
  0
VERTEX
  5
B0E
330
A46
100
AcDbEntity
  8
Layer 1
370
     0
100
AcDbVertex
100
AcDb2dVertex
 10
900.376953125
 20
-20.69921875
 30
0.0
  0
VERTEX
  5
B0F
330
A46
100
AcDbEntity
  8
Layer 1
370
     0
100
AcDbVertex
100
AcDb2dVertex
 10
900.439453125
 20
-20.8544921875
 30
0.0
  0
VERTEX
  5
B10
330
A46
100
AcDbEntity
  8
Layer 1
370
     0
100
AcDbVertex
100
AcDb2dVertex
 10
900.46875
 20
-21.0439453125
 30
0.0
  0
VERTEX
  5
B11
330
A46
100
AcDbEntity
  8
Layer 1
370
     0
100
AcDbVertex
100
AcDb2dVertex
 10
900.4765625
 20
-21.31640625
 30
0.0
  0
VERTEX
  5
B12
330
A46
100
AcDbEntity
  8
Layer 1
370
     0
100
AcDbVertex
100
AcDb2dVertex
 10
900.4921875
 20
-21.623046875
 30
0.0
  0
VERTEX
  5
B13
330
A46
100
AcDbEntity
  8
Layer 1
370
     0
100
AcDbVertex
100
AcDb2dVertex
 10
900.5458984375
 20
-21.9130859375
 30
0.0
  0
VERTEX
  5
B14
330
A46
100
AcDbEntity
  8
Layer 1
370
     0
100
AcDbVertex
100
AcDb2dVertex
 10
900.65234375
 20
-22.140625
 30
0.0
  0
VERTEX
  5
B15
330
A46
100
AcDbEntity
  8
Layer 1
370
     0
100
AcDbVertex
100
AcDb2dVertex
 10
900.814453125
 20
-22.3876953125
 30
0.0
  0
VERTEX
  5
B16
330
A46
100
AcDbEntity
  8
Layer 1
370
     0
100
AcDbVertex
100
AcDb2dVertex
 10
901.0009765625
 20
-22.662109375
 30
0.0
  0
VERTEX
  5
B17
330
A46
100
AcDbEntity
  8
Layer 1
370
     0
100
AcDbVertex
100
AcDb2dVertex
 10
901.1806640625
 20
-22.9716796875
 30
0.0
  0
VERTEX
  5
B18
330
A46
100
AcDbEntity
  8
Layer 1
370
     0
100
AcDbVertex
100
AcDb2dVertex
 10
901.2587890625
 20
-23.181640625
 30
0.0
  0
VERTEX
  5
B19
330
A46
100
AcDbEntity
  8
Layer 1
370
     0
100
AcDbVertex
100
AcDb2dVertex
 10
901.3212890625
 20
-23.419921875
 30
0.0
  0
VERTEX
  5
B1A
330
A46
100
AcDbEntity
  8
Layer 1
370
     0
100
AcDbVertex
100
AcDb2dVertex
 10
901.392578125
 20
-23.6728515625
 30
0.0
  0
VERTEX
  5
B1B
330
A46
100
AcDbEntity
  8
Layer 1
370
     0
100
AcDbVertex
100
AcDb2dVertex
 10
901.498046875
 20
-23.9248046875
 30
0.0
  0
VERTEX
  5
B1C
330
A46
100
AcDbEntity
  8
Layer 1
370
     0
100
AcDbVertex
100
AcDb2dVertex
 10
901.541015625
 20
-23.974609375
 30
0.0
  0
VERTEX
  5
B1D
330
A46
100
AcDbEntity
  8
Layer 1
370
     0
100
AcDbVertex
100
AcDb2dVertex
 10
901.6083984375
 20
-24.0341796875
 30
0.0
  0
VERTEX
  5
B1E
330
A46
100
AcDbEntity
  8
Layer 1
370
     0
100
AcDbVertex
100
AcDb2dVertex
 10
901.6728515625
 20
-24.091796875
 30
0.0
  0
VERTEX
  5
B1F
330
A46
100
AcDbEntity
  8
Layer 1
370
     0
100
AcDbVertex
100
AcDb2dVertex
 10
901.7099609375
 20
-24.13671875
 30
0.0
  0
VERTEX
  5
B20
330
A46
100
AcDbEntity
  8
Layer 1
370
     0
100
AcDbVertex
100
AcDb2dVertex
 10
901.84765625
 20
-24.5419921875
 30
0.0
  0
VERTEX
  5
B21
330
A46
100
AcDbEntity
  8
Layer 1
370
     0
100
AcDbVertex
100
AcDb2dVertex
 10
901.955078125
 20
-24.943359375
 30
0.0
  0
VERTEX
  5
B22
330
A46
100
AcDbEntity
  8
Layer 1
370
     0
100
AcDbVertex
100
AcDb2dVertex
 10
902.072265625
 20
-25.337890625
 30
0.0
  0
VERTEX
  5
B23
330
A46
100
AcDbEntity
  8
Layer 1
370
     0
100
AcDbVertex
100
AcDb2dVertex
 10
902.2392578125
 20
-25.724609375
 30
0.0
  0
VERTEX
  5
B24
330
A46
100
AcDbEntity
  8
Layer 1
370
     0
100
AcDbVertex
100
AcDb2dVertex
 10
902.2822265625
 20
-25.7744140625
 30
0.0
  0
VERTEX
  5
B25
330
A46
100
AcDbEntity
  8
Layer 1
370
     0
100
AcDbVertex
100
AcDb2dVertex
 10
902.3505859375
 20
-25.8349609375
 30
0.0
  0
VERTEX
  5
B26
330
A46
100
AcDbEntity
  8
Layer 1
370
     0
100
AcDbVertex
100
AcDb2dVertex
 10
902.416015625
 20
-25.892578125
 30
0.0
  0
VERTEX
  5
B27
330
A46
100
AcDbEntity
  8
Layer 1
370
     0
100
AcDbVertex
100
AcDb2dVertex
 10
902.451171875
 20
-25.9365234375
 30
0.0
  0
VERTEX
  5
B28
330
A46
100
AcDbEntity
  8
Layer 1
370
     0
100
AcDbVertex
100
AcDb2dVertex
 10
902.4921875
 20
-26.119140625
 30
0.0
  0
VERTEX
  5
B29
330
A46
100
AcDbEntity
  8
Layer 1
370
     0
100
AcDbVertex
100
AcDb2dVertex
 10
902.50390625
 20
-26.296875
 30
0.0
  0
VERTEX
  5
B2A
330
A46
100
AcDbEntity
  8
Layer 1
370
     0
100
AcDbVertex
100
AcDb2dVertex
 10
902.5166015625
 20
-26.453125
 30
0.0
  0
VERTEX
  5
B2B
330
A46
100
AcDbEntity
  8
Layer 1
370
     0
100
AcDbVertex
100
AcDb2dVertex
 10
902.5576171875
 20
-26.572265625
 30
0.0
  0
VERTEX
  5
B2C
330
A46
100
AcDbEntity
  8
Layer 1
370
     0
100
AcDbVertex
100
AcDb2dVertex
 10
902.6298828125
 20
-26.6611328125
 30
0.0
  0
VERTEX
  5
B2D
330
A46
100
AcDbEntity
  8
Layer 1
370
     0
100
AcDbVertex
100
AcDb2dVertex
 10
902.689453125
 20
-26.701171875
 30
0.0
  0
VERTEX
  5
B2E
330
A46
100
AcDbEntity
  8
Layer 1
370
     0
100
AcDbVertex
100
AcDb2dVertex
 10
902.7626953125
 20
-26.728515625
 30
0.0
  0
VERTEX
  5
B2F
330
A46
100
AcDbEntity
  8
Layer 1
370
     0
100
AcDbVertex
100
AcDb2dVertex
 10
902.875
 20
-26.783203125
 30
0.0
  0
VERTEX
  5
B30
330
A46
100
AcDbEntity
  8
Layer 1
370
     0
100
AcDbVertex
100
AcDb2dVertex
 10
903.0
 20
-26.8681640625
 30
0.0
  0
VERTEX
  5
B31
330
A46
100
AcDbEntity
  8
Layer 1
370
     0
100
AcDbVertex
100
AcDb2dVertex
 10
903.119140625
 20
-26.9677734375
 30
0.0
  0
VERTEX
  5
B32
330
A46
100
AcDbEntity
  8
Layer 1
370
     0
100
AcDbVertex
100
AcDb2dVertex
 10
903.2490234375
 20
-27.08203125
 30
0.0
  0
VERTEX
  5
B33
330
A46
100
AcDbEntity
  8
Layer 1
370
     0
100
AcDbVertex
100
AcDb2dVertex
 10
903.404296875
 20
-27.20703125
 30
0.0
  0
VERTEX
  5
B34
330
A46
100
AcDbEntity
  8
Layer 1
370
     0
100
AcDbVertex
100
AcDb2dVertex
 10
903.50390625
 20
-27.27734375
 30
0.0
  0
VERTEX
  5
B35
330
A46
100
AcDbEntity
  8
Layer 1
370
     0
100
AcDbVertex
100
AcDb2dVertex
 10
903.6064453125
 20
-27.345703125
 30
0.0
  0
VERTEX
  5
B36
330
A46
100
AcDbEntity
  8
Layer 1
370
     0
100
AcDbVertex
100
AcDb2dVertex
 10
903.712890625
 20
-27.423828125
 30
0.0
  0
VERTEX
  5
B37
330
A46
100
AcDbEntity
  8
Layer 1
370
     0
100
AcDbVertex
100
AcDb2dVertex
 10
903.828125
 20
-27.5244140625
 30
0.0
  0
VERTEX
  5
B38
330
A46
100
AcDbEntity
  8
Layer 1
370
     0
100
AcDbVertex
100
AcDb2dVertex
 10
903.849609375
 20
-27.5458984375
 30
0.0
  0
VERTEX
  5
B39
330
A46
100
AcDbEntity
  8
Layer 1
370
     0
100
AcDbVertex
100
AcDb2dVertex
 10
903.8837890625
 20
-27.5810546875
 30
0.0
  0
VERTEX
  5
B3A
330
A46
100
AcDbEntity
  8
Layer 1
370
     0
100
AcDbVertex
100
AcDb2dVertex
 10
903.916015625
 20
-27.6142578125
 30
0.0
  0
VERTEX
  5
B3B
330
A46
100
AcDbEntity
  8
Layer 1
370
     0
100
AcDbVertex
100
AcDb2dVertex
 10
903.93359375
 20
-27.630859375
 30
0.0
  0
VERTEX
  5
B3C
330
A46
100
AcDbEntity
  8
Layer 1
370
     0
100
AcDbVertex
100
AcDb2dVertex
 10
904.0048828125
 20
-27.6630859375
 30
0.0
  0
VERTEX
  5
B3D
330
A46
100
AcDbEntity
  8
Layer 1
370
     0
100
AcDbVertex
100
AcDb2dVertex
 10
904.087890625
 20
-27.6806640625
 30
0.0
  0
VERTEX
  5
B3E
330
A46
100
AcDbEntity
  8
Layer 1
370
     0
100
AcDbVertex
100
AcDb2dVertex
 10
904.1728515625
 20
-27.7001953125
 30
0.0
  0
VERTEX
  5
B3F
330
A46
100
AcDbEntity
  8
Layer 1
370
     0
100
AcDbVertex
100
AcDb2dVertex
 10
904.2509765625
 20
-27.736328125
 30
0.0
  0
VERTEX
  5
B40
330
A46
100
AcDbEntity
  8
Layer 1
370
     0
100
AcDbVertex
100
AcDb2dVertex
 10
904.396484375
 20
-27.8505859375
 30
0.0
  0
VERTEX
  5
B41
330
A46
100
AcDbEntity
  8
Layer 1
370
     0
100
AcDbVertex
100
AcDb2dVertex
 10
904.53515625
 20
-27.9765625
 30
0.0
  0
VERTEX
  5
B42
330
A46
100
AcDbEntity
  8
Layer 1
370
     0
100
AcDbVertex
100
AcDb2dVertex
 10
904.6650390625
 20
-28.087890625
 30
0.0
  0
VERTEX
  5
B43
330
A46
100
AcDbEntity
  8
Layer 1
370
     0
100
AcDbVertex
100
AcDb2dVertex
 10
904.78125
 20
-28.16015625
 30
0.0
  0
VERTEX
  5
B44
330
A46
100
AcDbEntity
  8
Layer 1
370
     0
100
AcDbVertex
100
AcDb2dVertex
 10
905.05859375
 20
-28.2275390625
 30
0.0
  0
VERTEX
  5
B45
330
A46
100
AcDbEntity
  8
Layer 1
370
     0
100
AcDbVertex
100
AcDb2dVertex
 10
905.353515625
 20
-28.2509765625
 30
0.0
  0
VERTEX
  5
B46
330
A46
100
AcDbEntity
  8
Layer 1
370
     0
100
AcDbVertex
100
AcDb2dVertex
 10
905.6533203125
 20
-28.2822265625
 30
0.0
  0
VERTEX
  5
B47
330
A46
100
AcDbEntity
  8
Layer 1
370
     0
100
AcDbVertex
100
AcDb2dVertex
 10
905.9453125
 20
-28.3720703125
 30
0.0
  0
VERTEX
  5
B48
330
A46
100
AcDbEntity
  8
Layer 1
370
     0
100
AcDbVertex
100
AcDb2dVertex
 10
905.9765625
 20
-28.412109375
 30
0.0
  0
VERTEX
  5
B49
330
A46
100
AcDbEntity
  8
Layer 1
370
     0
100
AcDbVertex
100
AcDb2dVertex
 10
906.001953125
 20
-28.4794921875
 30
0.0
  0
VERTEX
  5
B4A
330
A46
100
AcDbEntity
  8
Layer 1
370
     0
100
AcDbVertex
100
AcDb2dVertex
 10
906.025390625
 20
-28.546875
 30
0.0
  0
VERTEX
  5
B4B
330
A46
100
AcDbEntity
  8
Layer 1
370
     0
100
AcDbVertex
100
AcDb2dVertex
 10
906.05078125
 20
-28.583984375
 30
0.0
  0
VERTEX
  5
B4C
330
A46
100
AcDbEntity
  8
Layer 1
370
     0
100
AcDbVertex
100
AcDb2dVertex
 10
906.1630859375
 20
-28.6259765625
 30
0.0
  0
VERTEX
  5
B4D
330
A46
100
AcDbEntity
  8
Layer 1
370
     0
100
AcDbVertex
100
AcDb2dVertex
 10
906.259765625
 20
-28.6591796875
 30
0.0
  0
VERTEX
  5
B4E
330
A46
100
AcDbEntity
  8
Layer 1
370
     0
100
AcDbVertex
100
AcDb2dVertex
 10
906.357421875
 20
-28.70703125
 30
0.0
  0
VERTEX
  5
B4F
330
A46
100
AcDbEntity
  8
Layer 1
370
     0
100
AcDbVertex
100
AcDb2dVertex
 10
906.474609375
 20
-28.794921875
 30
0.0
  0
VERTEX
  5
B50
330
A46
100
AcDbEntity
  8
Layer 1
370
     0
100
AcDbVertex
100
AcDb2dVertex
 10
906.6826171875
 20
-28.99609375
 30
0.0
  0
VERTEX
  5
B51
330
A46
100
AcDbEntity
  8
Layer 1
370
     0
100
AcDbVertex
100
AcDb2dVertex
 10
906.876953125
 20
-29.2041015625
 30
0.0
  0
VERTEX
  5
B52
330
A46
100
AcDbEntity
  8
Layer 1
370
     0
100
AcDbVertex
100
AcDb2dVertex
 10
907.08203125
 20
-29.4189453125
 30
0.0
  0
VERTEX
  5
B53
330
A46
100
AcDbEntity
  8
Layer 1
370
     0
100
AcDbVertex
100
AcDb2dVertex
 10
907.322265625
 20
-29.642578125
 30
0.0
  0
VERTEX
  5
B54
330
A46
100
AcDbEntity
  8
Layer 1
370
     0
100
AcDbVertex
100
AcDb2dVertex
 10
907.48046875
 20
-29.7734375
 30
0.0
  0
VERTEX
  5
B55
330
A46
100
AcDbEntity
  8
Layer 1
370
     0
100
AcDbVertex
100
AcDb2dVertex
 10
907.6376953125
 20
-29.8974609375
 30
0.0
  0
VERTEX
  5
B56
330
A46
100
AcDbEntity
  8
Layer 1
370
     0
100
AcDbVertex
100
AcDb2dVertex
 10
907.7958984375
 20
-30.02734375
 30
0.0
  0
VERTEX
  5
B57
330
A46
100
AcDbEntity
  8
Layer 1
370
     0
100
AcDbVertex
100
AcDb2dVertex
 10
907.95703125
 20
-30.171875
 30
0.0
  0
VERTEX
  5
B58
330
A46
100
AcDbEntity
  8
Layer 1
370
     0
100
AcDbVertex
100
AcDb2dVertex
 10
908.1318359375
 20
-30.294921875
 30
0.0
  0
VERTEX
  5
B59
330
A46
100
AcDbEntity
  8
Layer 1
370
     0
100
AcDbVertex
100
AcDb2dVertex
 10
908.3828125
 20
-30.4296875
 30
0.0
  0
VERTEX
  5
B5A
330
A46
100
AcDbEntity
  8
Layer 1
370
     0
100
AcDbVertex
100
AcDb2dVertex
 10
908.6591796875
 20
-30.5673828125
 30
0.0
  0
VERTEX
  5
B5B
330
A46
100
AcDbEntity
  8
Layer 1
370
     0
100
AcDbVertex
100
AcDb2dVertex
 10
908.91015625
 20
-30.701171875
 30
0.0
  0
VERTEX
  5
B5C
330
A46
100
AcDbEntity
  8
Layer 1
370
     0
100
AcDbVertex
100
AcDb2dVertex
 10
909.1494140625
 20
-30.8486328125
 30
0.0
  0
VERTEX
  5
B5D
330
A46
100
AcDbEntity
  8
Layer 1
370
     0
100
AcDbVertex
100
AcDb2dVertex
 10
909.4052734375
 20
-31.013671875
 30
0.0
  0
VERTEX
  5
B5E
330
A46
100
AcDbEntity
  8
Layer 1
370
     0
100
AcDbVertex
100
AcDb2dVertex
 10
909.6787109375
 20
-31.1806640625
 30
0.0
  0
VERTEX
  5
B5F
330
A46
100
AcDbEntity
  8
Layer 1
370
     0
100
AcDbVertex
100
AcDb2dVertex
 10
909.96875
 20
-31.3359375
 30
0.0
  0
VERTEX
  5
B60
330
A46
100
AcDbEntity
  8
Layer 1
370
     0
100
AcDbVertex
100
AcDb2dVertex
 10
910.076171875
 20
-31.37109375
 30
0.0
  0
VERTEX
  5
B61
330
A46
100
AcDbEntity
  8
Layer 1
370
     0
100
AcDbVertex
100
AcDb2dVertex
 10
910.1796875
 20
-31.38671875
 30
0.0
  0
VERTEX
  5
B62
330
A46
100
AcDbEntity
  8
Layer 1
370
     0
100
AcDbVertex
100
AcDb2dVertex
 10
910.2841796875
 20
-31.4033203125
 30
0.0
  0
VERTEX
  5
B63
330
A46
100
AcDbEntity
  8
Layer 1
370
     0
100
AcDbVertex
100
AcDb2dVertex
 10
910.392578125
 20
-31.4423828125
 30
0.0
  0
VERTEX
  5
B64
330
A46
100
AcDbEntity
  8
Layer 1
370
     0
100
AcDbVertex
100
AcDb2dVertex
 10
910.48046875
 20
-31.49609375
 30
0.0
  0
VERTEX
  5
B65
330
A46
100
AcDbEntity
  8
Layer 1
370
     0
100
AcDbVertex
100
AcDb2dVertex
 10
910.556640625
 20
-31.5498046875
 30
0.0
  0
VERTEX
  5
B66
330
A46
100
AcDbEntity
  8
Layer 1
370
     0
100
AcDbVertex
100
AcDb2dVertex
 10
910.65625
 20
-31.603515625
 30
0.0
  0
VERTEX
  5
B67
330
A46
100
AcDbEntity
  8
Layer 1
370
     0
100
AcDbVertex
100
AcDb2dVertex
 10
910.81640625
 20
-31.654296875
 30
0.0
  0
VERTEX
  5
B68
330
A46
100
AcDbEntity
  8
Layer 1
370
     0
100
AcDbVertex
100
AcDb2dVertex
 10
910.88671875
 20
-31.67578125
 30
0.0
  0
VERTEX
  5
B69
330
A46
100
AcDbEntity
  8
Layer 1
370
     0
100
AcDbVertex
100
AcDb2dVertex
 10
910.958984375
 20
-31.703125
 30
0.0
  0
VERTEX
  5
B6A
330
A46
100
AcDbEntity
  8
Layer 1
370
     0
100
AcDbVertex
100
AcDb2dVertex
 10
911.0400390625
 20
-31.732421875
 30
0.0
  0
VERTEX
  5
B6B
330
A46
100
AcDbEntity
  8
Layer 1
370
     0
100
AcDbVertex
100
AcDb2dVertex
 10
911.1337890625
 20
-31.759765625
 30
0.0
  0
VERTEX
  5
B6C
330
A46
100
AcDbEntity
  8
Layer 1
370
     0
100
AcDbVertex
100
AcDb2dVertex
 10
911.392578125
 20
-31.861328125
 30
0.0
  0
VERTEX
  5
B6D
330
A46
100
AcDbEntity
  8
Layer 1
370
     0
100
AcDbVertex
100
AcDb2dVertex
 10
911.728515625
 20
-32.0322265625
 30
0.0
  0
VERTEX
  5
B6E
330
A46
100
AcDbEntity
  8
Layer 1
370
     0
100
AcDbVertex
100
AcDb2dVertex
 10
912.083984375
 20
-32.2265625
 30
0.0
  0
VERTEX
  5
B6F
330
A46
100
AcDbEntity
  8
Layer 1
370
     0
100
AcDbVertex
100
AcDb2dVertex
 10
912.404296875
 20
-32.3955078125
 30
0.0
  0
VERTEX
  5
B70
330
A46
100
AcDbEntity
  8
Layer 1
370
     0
100
AcDbVertex
100
AcDb2dVertex
 10
912.8212890625
 20
-32.6025390625
 30
0.0
  0
VERTEX
  5
B71
330
A46
100
AcDbEntity
  8
Layer 1
370
     0
100
AcDbVertex
100
AcDb2dVertex
 10
913.2587890625
 20
-32.830078125
 30
0.0
  0
VERTEX
  5
B72
330
A46
100
AcDbEntity
  8
Layer 1
370
     0
100
AcDbVertex
100
AcDb2dVertex
 10
913.69140625
 20
-33.078125
 30
0.0
  0
VERTEX
  5
B73
330
A46
100
AcDbEntity
  8
Layer 1
370
     0
100
AcDbVertex
100
AcDb2dVertex
 10
914.0986328125
 20
-33.34765625
 30
0.0
  0
VERTEX
  5
B74
330
A46
100
AcDbEntity
  8
Layer 1
370
     0
100
AcDbVertex
100
AcDb2dVertex
 10
914.158203125
 20
-33.400390625
 30
0.0
  0
VERTEX
  5
B75
330
A46
100
AcDbEntity
  8
Layer 1
370
     0
100
AcDbVertex
100
AcDb2dVertex
 10
914.208984375
 20
-33.45703125
 30
0.0
  0
VERTEX
  5
B76
330
A46
100
AcDbEntity
  8
Layer 1
370
     0
100
AcDbVertex
100
AcDb2dVertex
 10
914.2578125
 20
-33.51171875
 30
0.0
  0
VERTEX
  5
B77
330
A46
100
AcDbEntity
  8
Layer 1
370
     0
100
AcDbVertex
100
AcDb2dVertex
 10
914.310546875
 20
-33.5595703125
 30
0.0
  0
VERTEX
  5
B78
330
A46
100
AcDbEntity
  8
Layer 1
370
     0
100
AcDbVertex
100
AcDb2dVertex
 10
914.3720703125
 20
-33.583984375
 30
0.0
  0
VERTEX
  5
B79
330
A46
100
AcDbEntity
  8
Layer 1
370
     0
100
AcDbVertex
100
AcDb2dVertex
 10
914.4736328125
 20
-33.6103515625
 30
0.0
  0
VERTEX
  5
B7A
330
A46
100
AcDbEntity
  8
Layer 1
370
     0
100
AcDbVertex
100
AcDb2dVertex
 10
914.572265625
 20
-33.638671875
 30
0.0
  0
VERTEX
  5
B7B
330
A46
100
AcDbEntity
  8
Layer 1
370
     0
100
AcDbVertex
100
AcDb2dVertex
 10
914.6279296875
 20
-33.666015625
 30
0.0
  0
VERTEX
  5
B7C
330
A46
100
AcDbEntity
  8
Layer 1
370
     0
100
AcDbVertex
100
AcDb2dVertex
 10
914.666015625
 20
-33.787109375
 30
0.0
  0
VERTEX
  5
B7D
330
A46
100
AcDbEntity
  8
Layer 1
370
     0
100
AcDbVertex
100
AcDb2dVertex
 10
914.6875
 20
-33.9716796875
 30
0.0
  0
VERTEX
  5
B7E
330
A46
100
AcDbEntity
  8
Layer 1
370
     0
100
AcDbVertex
100
AcDb2dVertex
 10
914.7060546875
 20
-34.1611328125
 30
0.0
  0
VERTEX
  5
B7F
330
A46
100
AcDbEntity
  8
Layer 1
370
     0
100
AcDbVertex
100
AcDb2dVertex
 10
914.7333984375
 20
-34.30078125
 30
0.0
  0
VERTEX
  5
B80
330
A46
100
AcDbEntity
  8
Layer 1
370
     0
100
AcDbVertex
100
AcDb2dVertex
 10
914.8115234375
 20
-34.435546875
 30
0.0
  0
VERTEX
  5
B81
330
A46
100
AcDbEntity
  8
Layer 1
370
     0
100
AcDbVertex
100
AcDb2dVertex
 10
914.916015625
 20
-34.5654296875
 30
0.0
  0
VERTEX
  5
B82
330
A46
100
AcDbEntity
  8
Layer 1
370
     0
100
AcDbVertex
100
AcDb2dVertex
 10
915.0087890625
 20
-34.669921875
 30
0.0
  0
VERTEX
  5
B83
330
A46
100
AcDbEntity
  8
Layer 1
370
     0
100
AcDbVertex
100
AcDb2dVertex
 10
915.05078125
 20
-34.724609375
 30
0.0
  0
VERTEX
  5
B84
330
A46
100
AcDbEntity
  8
Layer 1
370
     0
100
AcDbVertex
100
AcDb2dVertex
 10
915.037109375
 20
-34.857421875
 30
0.0
  0
VERTEX
  5
B85
330
A46
100
AcDbEntity
  8
Layer 1
370
     0
100
AcDbVertex
100
AcDb2dVertex
 10
914.966796875
 20
-34.9326171875
 30
0.0
  0
VERTEX
  5
B86
330
A46
100
AcDbEntity
  8
Layer 1
370
     0
100
AcDbVertex
100
AcDb2dVertex
 10
914.88671875
 20
-34.982421875
 30
0.0
  0
VERTEX
  5
B87
330
A46
100
AcDbEntity
  8
Layer 1
370
     0
100
AcDbVertex
100
AcDb2dVertex
 10
914.83984375
 20
-35.0419921875
 30
0.0
  0
VERTEX
  5
B88
330
A46
100
AcDbEntity
  8
Layer 1
370
     0
100
AcDbVertex
100
AcDb2dVertex
 10
914.8408203125
 20
-35.140625
 30
0.0
  0
VERTEX
  5
B89
330
A46
100
AcDbEntity
  8
Layer 1
370
     0
100
AcDbVertex
100
AcDb2dVertex
 10
914.8681640625
 20
-35.2529296875
 30
0.0
  0
VERTEX
  5
B8A
330
A46
100
AcDbEntity
  8
Layer 1
370
     0
100
AcDbVertex
100
AcDb2dVertex
 10
914.908203125
 20
-35.3662109375
 30
0.0
  0
VERTEX
  5
B8B
330
A46
100
AcDbEntity
  8
Layer 1
370
     0
100
AcDbVertex
100
AcDb2dVertex
 10
914.9453125
 20
-35.4658203125
 30
0.0
  0
VERTEX
  5
B8C
330
A46
100
AcDbEntity
  8
Layer 1
370
     0
100
AcDbVertex
100
AcDb2dVertex
 10
915.0439453125
 20
-35.6884765625
 30
0.0
  0
VERTEX
  5
B8D
330
A46
100
AcDbEntity
  8
Layer 1
370
     0
100
AcDbVertex
100
AcDb2dVertex
 10
915.1953125
 20
-35.9501953125
 30
0.0
  0
VERTEX
  5
B8E
330
A46
100
AcDbEntity
  8
Layer 1
370
     0
100
AcDbVertex
100
AcDb2dVertex
 10
915.380859375
 20
-36.2080078125
 30
0.0
  0
VERTEX
  5
B8F
330
A46
100
AcDbEntity
  8
Layer 1
370
     0
100
AcDbVertex
100
AcDb2dVertex
 10
915.580078125
 20
-36.4189453125
 30
0.0
  0
VERTEX
  5
B90
330
A46
100
AcDbEntity
  8
Layer 1
370
     0
100
AcDbVertex
100
AcDb2dVertex
 10
916.095703125
 20
-36.6123046875
 30
0.0
  0
VERTEX
  5
B91
330
A46
100
AcDbEntity
  8
Layer 1
370
     0
100
AcDbVertex
100
AcDb2dVertex
 10
916.912109375
 20
-36.708984375
 30
0.0
  0
VERTEX
  5
B92
330
A46
100
AcDbEntity
  8
Layer 1
370
     0
100
AcDbVertex
100
AcDb2dVertex
 10
917.75
 20
-36.6875
 30
0.0
  0
VERTEX
  5
B93
330
A46
100
AcDbEntity
  8
Layer 1
370
     0
100
AcDbVertex
100
AcDb2dVertex
 10
918.333984375
 20
-36.5244140625
 30
0.0
  0
VERTEX
  5
B94
330
A46
100
AcDbEntity
  8
Layer 1
370
     0
100
AcDbVertex
100
AcDb2dVertex
 10
918.4169921875
 20
-36.380859375
 30
0.0
  0
VERTEX
  5
B95
330
A46
100
AcDbEntity
  8
Layer 1
370
     0
100
AcDbVertex
100
AcDb2dVertex
 10
918.431640625
 20
-36.154296875
 30
0.0
  0
VERTEX
  5
B96
330
A46
100
AcDbEntity
  8
Layer 1
370
     0
100
AcDbVertex
100
AcDb2dVertex
 10
918.3974609375
 20
-35.900390625
 30
0.0
  0
VERTEX
  5
B97
330
A46
100
AcDbEntity
  8
Layer 1
370
     0
100
AcDbVertex
100
AcDb2dVertex
 10
918.333984375
 20
-35.677734375
 30
0.0
  0
VERTEX
  5
B98
330
A46
100
AcDbEntity
  8
Layer 1
370
     0
100
AcDbVertex
100
AcDb2dVertex
 10
918.240234375
 20
-35.462890625
 30
0.0
  0
VERTEX
  5
B99
330
A46
100
AcDbEntity
  8
Layer 1
370
     0
100
AcDbVertex
100
AcDb2dVertex
 10
918.1337890625
 20
-35.326171875
 30
0.0
  0
VERTEX
  5
B9A
330
A46
100
AcDbEntity
  8
Layer 1
370
     0
100
AcDbVertex
100
AcDb2dVertex
 10
917.9677734375
 20
-35.234375
 30
0.0
  0
VERTEX
  5
B9B
330
A46
100
AcDbEntity
  8
Layer 1
370
     0
100
AcDbVertex
100
AcDb2dVertex
 10
917.6982421875
 20
-35.1484375
 30
0.0
  0
VERTEX
  5
B9C
330
A46
100
AcDbEntity
  8
Layer 1
370
     0
100
AcDbVertex
100
AcDb2dVertex
 10
917.625
 20
-35.1201171875
 30
0.0
  0
VERTEX
  5
B9D
330
A46
100
AcDbEntity
  8
Layer 1
370
     0
100
AcDbVertex
100
AcDb2dVertex
 10
917.5673828125
 20
-35.0888671875
 30
0.0
  0
VERTEX
  5
B9E
330
A46
100
AcDbEntity
  8
Layer 1
370
     0
100
AcDbVertex
100
AcDb2dVertex
 10
917.5234375
 20
-35.0595703125
 30
0.0
  0
VERTEX
  5
B9F
330
A46
100
AcDbEntity
  8
Layer 1
370
     0
100
AcDbVertex
100
AcDb2dVertex
 10
917.486328125
 20
-35.0419921875
 30
0.0
  0
VERTEX
  5
BA0
330
A46
100
AcDbEntity
  8
Layer 1
370
     0
100
AcDbVertex
100
AcDb2dVertex
 10
917.1142578125
 20
-34.94140625
 30
0.0
  0
VERTEX
  5
BA1
330
A46
100
AcDbEntity
  8
Layer 1
370
     0
100
AcDbVertex
100
AcDb2dVertex
 10
916.9150390625
 20
-34.865234375
 30
0.0
  0
VERTEX
  5
BA2
330
A46
100
AcDbEntity
  8
Layer 1
370
     0
100
AcDbVertex
100
AcDb2dVertex
 10
916.7626953125
 20
-34.71875
 30
0.0
  0
VERTEX
  5
BA3
330
A46
100
AcDbEntity
  8
Layer 1
370
     0
100
AcDbVertex
100
AcDb2dVertex
 10
916.533203125
 20
-34.4072265625
 30
0.0
  0
VERTEX
  5
BA4
330
A46
100
AcDbEntity
  8
Layer 1
370
     0
100
AcDbVertex
100
AcDb2dVertex
 10
916.4541015625
 20
-34.302734375
 30
0.0
  0
VERTEX
  5
BA5
330
A46
100
AcDbEntity
  8
Layer 1
370
     0
100
AcDbVertex
100
AcDb2dVertex
 10
916.36328125
 20
-34.1884765625
 30
0.0
  0
VERTEX
  5
BA6
330
A46
100
AcDbEntity
  8
Layer 1
370
     0
100
AcDbVertex
100
AcDb2dVertex
 10
916.2783203125
 20
-34.078125
 30
0.0
  0
VERTEX
  5
BA7
330
A46
100
AcDbEntity
  8
Layer 1
370
     0
100
AcDbVertex
100
AcDb2dVertex
 10
916.2158203125
 20
-33.9833984375
 30
0.0
  0
VERTEX
  5
BA8
330
A46
100
AcDbEntity
  8
Layer 1
370
     0
100
AcDbVertex
100
AcDb2dVertex
 10
916.1650390625
 20
-33.87109375
 30
0.0
  0
VERTEX
  5
BA9
330
A46
100
AcDbEntity
  8
Layer 1
370
     0
100
AcDbVertex
100
AcDb2dVertex
 10
916.1142578125
 20
-33.732421875
 30
0.0
  0
VERTEX
  5
BAA
330
A46
100
AcDbEntity
  8
Layer 1
370
     0
100
AcDbVertex
100
AcDb2dVertex
 10
916.0615234375
 20
-33.5859375
 30
0.0
  0
VERTEX
  5
BAB
330
A46
100
AcDbEntity
  8
Layer 1
370
     0
100
AcDbVertex
100
AcDb2dVertex
 10
916.00390625
 20
-33.4541015625
 30
0.0
  0
VERTEX
  5
BAC
330
A46
100
AcDbEntity
  8
Layer 1
370
     0
100
AcDbVertex
100
AcDb2dVertex
 10
915.95703125
 20
-33.39453125
 30
0.0
  0
VERTEX
  5
BAD
330
A46
100
AcDbEntity
  8
Layer 1
370
     0
100
AcDbVertex
100
AcDb2dVertex
 10
915.890625
 20
-33.3369140625
 30
0.0
  0
VERTEX
  5
BAE
330
A46
100
AcDbEntity
  8
Layer 1
370
     0
100
AcDbVertex
100
AcDb2dVertex
 10
915.828125
 20
-33.28515625
 30
0.0
  0
VERTEX
  5
BAF
330
A46
100
AcDbEntity
  8
Layer 1
370
     0
100
AcDbVertex
100
AcDb2dVertex
 10
915.7919921875
 20
-33.2421875
 30
0.0
  0
VERTEX
  5
BB0
330
A46
100
AcDbEntity
  8
Layer 1
370
     0
100
AcDbVertex
100
AcDb2dVertex
 10
915.7861328125
 20
-33.169921875
 30
0.0
  0
VERTEX
  5
BB1
330
A46
100
AcDbEntity
  8
Layer 1
370
     0
100
AcDbVertex
100
AcDb2dVertex
 10
915.798828125
 20
-33.0791015625
 30
0.0
  0
VERTEX
  5
BB2
330
A46
100
AcDbEntity
  8
Layer 1
370
     0
100
AcDbVertex
100
AcDb2dVertex
 10
915.80859375
 20
-32.9912109375
 30
0.0
  0
VERTEX
  5
BB3
330
A46
100
AcDbEntity
  8
Layer 1
370
     0
100
AcDbVertex
100
AcDb2dVertex
 10
915.7919921875
 20
-32.9248046875
 30
0.0
  0
VERTEX
  5
BB4
330
A46
100
AcDbEntity
  8
Layer 1
370
     0
100
AcDbVertex
100
AcDb2dVertex
 10
915.654296875
 20
-32.794921875
 30
0.0
  0
VERTEX
  5
BB5
330
A46
100
AcDbEntity
  8
Layer 1
370
     0
100
AcDbVertex
100
AcDb2dVertex
 10
915.431640625
 20
-32.630859375
 30
0.0
  0
VERTEX
  5
BB6
330
A46
100
AcDbEntity
  8
Layer 1
370
     0
100
AcDbVertex
100
AcDb2dVertex
 10
915.177734375
 20
-32.4541015625
 30
0.0
  0
VERTEX
  5
BB7
330
A46
100
AcDbEntity
  8
Layer 1
370
     0
100
AcDbVertex
100
AcDb2dVertex
 10
914.9453125
 20
-32.2890625
 30
0.0
  0
VERTEX
  5
BB8
330
A46
100
AcDbEntity
  8
Layer 1
370
     0
100
AcDbVertex
100
AcDb2dVertex
 10
914.73046875
 20
-32.1640625
 30
0.0
  0
VERTEX
  5
BB9
330
A46
100
AcDbEntity
  8
Layer 1
370
     0
100
AcDbVertex
100
AcDb2dVertex
 10
914.46875
 20
-32.0654296875
 30
0.0
  0
VERTEX
  5
BBA
330
A46
100
AcDbEntity
  8
Layer 1
370
     0
100
AcDbVertex
100
AcDb2dVertex
 10
914.154296875
 20
-31.97265625
 30
0.0
  0
VERTEX
  5
BBB
330
A46
100
AcDbEntity
  8
Layer 1
370
     0
100
AcDbVertex
100
AcDb2dVertex
 10
913.7802734375
 20
-31.8662109375
 30
0.0
  0
VERTEX
  5
BBC
330
A46
100
AcDbEntity
  8
Layer 1
370
     0
100
AcDbVertex
100
AcDb2dVertex
 10
913.169921875
 20
-31.6494140625
 30
0.0
  0
VERTEX
  5
BBD
330
A46
100
AcDbEntity
  8
Layer 1
370
     0
100
AcDbVertex
100
AcDb2dVertex
 10
912.5693359375
 20
-31.38671875
 30
0.0
  0
VERTEX
  5
BBE
330
A46
100
AcDbEntity
  8
Layer 1
370
     0
100
AcDbVertex
100
AcDb2dVertex
 10
911.96484375
 20
-31.09765625
 30
0.0
  0
VERTEX
  5
BBF
330
A46
100
AcDbEntity
  8
Layer 1
370
     0
100
AcDbVertex
100
AcDb2dVertex
 10
911.345703125
 20
-30.806640625
 30
0.0
  0
VERTEX
  5
BC0
330
A46
100
AcDbEntity
  8
Layer 1
370
     0
100
AcDbVertex
100
AcDb2dVertex
 10
911.134765625
 20
-30.720703125
 30
0.0
  0
VERTEX
  5
BC1
330
A46
100
AcDbEntity
  8
Layer 1
370
     0
100
AcDbVertex
100
AcDb2dVertex
 10
910.921875
 20
-30.64453125
 30
0.0
  0
VERTEX
  5
BC2
330
A46
100
AcDbEntity
  8
Layer 1
370
     0
100
AcDbVertex
100
AcDb2dVertex
 10
910.7099609375
 20
-30.5703125
 30
0.0
  0
VERTEX
  5
BC3
330
A46
100
AcDbEntity
  8
Layer 1
370
     0
100
AcDbVertex
100
AcDb2dVertex
 10
910.498046875
 20
-30.4892578125
 30
0.0
  0
VERTEX
  5
BC4
330
A46
100
AcDbEntity
  8
Layer 1
370
     0
100
AcDbVertex
100
AcDb2dVertex
 10
910.30859375
 20
-30.39453125
 30
0.0
  0
VERTEX
  5
BC5
330
A46
100
AcDbEntity
  8
Layer 1
370
     0
100
AcDbVertex
100
AcDb2dVertex
 10
910.1240234375
 20
-30.2822265625
 30
0.0
  0
VERTEX
  5
BC6
330
A46
100
AcDbEntity
  8
Layer 1
370
     0
100
AcDbVertex
100
AcDb2dVertex
 10
909.94140625
 20
-30.16796875
 30
0.0
  0
VERTEX
  5
BC7
330
A46
100
AcDbEntity
  8
Layer 1
370
     0
100
AcDbVertex
100
AcDb2dVertex
 10
909.7568359375
 20
-30.0654296875
 30
0.0
  0
VERTEX
  5
BC8
330
A46
100
AcDbEntity
  8
Layer 1
370
     0
100
AcDbVertex
100
AcDb2dVertex
 10
909.7119140625
 20
-30.0625
 30
0.0
  0
VERTEX
  5
BC9
330
A46
100
AcDbEntity
  8
Layer 1
370
     0
100
AcDbVertex
100
AcDb2dVertex
 10
909.646484375
 20
-30.0703125
 30
0.0
  0
VERTEX
  5
BCA
330
A46
100
AcDbEntity
  8
Layer 1
370
     0
100
AcDbVertex
100
AcDb2dVertex
 10
909.583984375
 20
-30.076171875
 30
0.0
  0
VERTEX
  5
BCB
330
A46
100
AcDbEntity
  8
Layer 1
370
     0
100
AcDbVertex
100
AcDb2dVertex
 10
909.544921875
 20
-30.0654296875
 30
0.0
  0
VERTEX
  5
BCC
330
A46
100
AcDbEntity
  8
Layer 1
370
     0
100
AcDbVertex
100
AcDb2dVertex
 10
909.50390625
 20
-30.01953125
 30
0.0
  0
VERTEX
  5
BCD
330
A46
100
AcDbEntity
  8
Layer 1
370
     0
100
AcDbVertex
100
AcDb2dVertex
 10
909.44140625
 20
-29.9521484375
 30
0.0
  0
VERTEX
  5
BCE
330
A46
100
AcDbEntity
  8
Layer 1
370
     0
100
AcDbVertex
100
AcDb2dVertex
 10
909.376953125
 20
-29.8896484375
 30
0.0
  0
VERTEX
  5
BCF
330
A46
100
AcDbEntity
  8
Layer 1
370
     0
100
AcDbVertex
100
AcDb2dVertex
 10
909.333984375
 20
-29.853515625
 30
0.0
  0
VERTEX
  5
BD0
330
A46
100
AcDbEntity
  8
Layer 1
370
     0
100
AcDbVertex
100
AcDb2dVertex
 10
909.1416015625
 20
-29.765625
 30
0.0
  0
VERTEX
  5
BD1
330
A46
100
AcDbEntity
  8
Layer 1
370
     0
100
AcDbVertex
100
AcDb2dVertex
 10
908.9423828125
 20
-29.6875
 30
0.0
  0
VERTEX
  5
BD2
330
A46
100
AcDbEntity
  8
Layer 1
370
     0
100
AcDbVertex
100
AcDb2dVertex
 10
908.7265625
 20
-29.6123046875
 30
0.0
  0
VERTEX
  5
BD3
330
A46
100
AcDbEntity
  8
Layer 1
370
     0
100
AcDbVertex
100
AcDb2dVertex
 10
908.486328125
 20
-29.5361328125
 30
0.0
  0
VERTEX
  5
BD4
330
A46
100
AcDbEntity
  8
Layer 1
370
     0
100
AcDbVertex
100
AcDb2dVertex
 10
908.2275390625
 20
-29.4443359375
 30
0.0
  0
VERTEX
  5
BD5
330
A46
100
AcDbEntity
  8
Layer 1
370
     0
100
AcDbVertex
100
AcDb2dVertex
 10
908.01171875
 20
-29.337890625
 30
0.0
  0
VERTEX
  5
BD6
330
A46
100
AcDbEntity
  8
Layer 1
370
     0
100
AcDbVertex
100
AcDb2dVertex
 10
907.7939453125
 20
-29.197265625
 30
0.0
  0
VERTEX
  5
BD7
330
A46
100
AcDbEntity
  8
Layer 1
370
     0
100
AcDbVertex
100
AcDb2dVertex
 10
907.533203125
 20
-29.0068359375
 30
0.0
  0
VERTEX
  5
BD8
330
A46
100
AcDbEntity
  8
Layer 1
370
     0
100
AcDbVertex
100
AcDb2dVertex
 10
907.4755859375
 20
-28.9541015625
 30
0.0
  0
VERTEX
  5
BD9
330
A46
100
AcDbEntity
  8
Layer 1
370
     0
100
AcDbVertex
100
AcDb2dVertex
 10
907.423828125
 20
-28.8984375
 30
0.0
  0
VERTEX
  5
BDA
330
A46
100
AcDbEntity
  8
Layer 1
370
     0
100
AcDbVertex
100
AcDb2dVertex
 10
907.3740234375
 20
-28.841796875
 30
0.0
  0
VERTEX
  5
BDB
330
A46
100
AcDbEntity
  8
Layer 1
370
     0
100
AcDbVertex
100
AcDb2dVertex
 10
907.322265625
 20
-28.794921875
 30
0.0
  0
VERTEX
  5
BDC
330
A46
100
AcDbEntity
  8
Layer 1
370
     0
100
AcDbVertex
100
AcDb2dVertex
 10
907.25
 20
-28.7607421875
 30
0.0
  0
VERTEX
  5
BDD
330
A46
100
AcDbEntity
  8
Layer 1
370
     0
100
AcDbVertex
100
AcDb2dVertex
 10
907.16796875
 20
-28.744140625
 30
0.0
  0
VERTEX
  5
BDE
330
A46
100
AcDbEntity
  8
Layer 1
370
     0
100
AcDbVertex
100
AcDb2dVertex
 10
907.0830078125
 20
-28.7265625
 30
0.0
  0
VERTEX
  5
BDF
330
A46
100
AcDbEntity
  8
Layer 1
370
     0
100
AcDbVertex
100
AcDb2dVertex
 10
907.00390625
 20
-28.689453125
 30
0.0
  0
VERTEX
  5
BE0
330
A46
100
AcDbEntity
  8
Layer 1
370
     0
100
AcDbVertex
100
AcDb2dVertex
 10
906.7646484375
 20
-28.4990234375
 30
0.0
  0
VERTEX
  5
BE1
330
A46
100
AcDbEntity
  8
Layer 1
370
     0
100
AcDbVertex
100
AcDb2dVertex
 10
906.5390625
 20
-28.2998046875
 30
0.0
  0
VERTEX
  5
BE2
330
A46
100
AcDbEntity
  8
Layer 1
370
     0
100
AcDbVertex
100
AcDb2dVertex
 10
906.3076171875
 20
-28.109375
 30
0.0
  0
VERTEX
  5
BE3
330
A46
100
AcDbEntity
  8
Layer 1
370
     0
100
AcDbVertex
100
AcDb2dVertex
 10
906.05078125
 20
-27.9482421875
 30
0.0
  0
VERTEX
  5
BE4
330
A46
100
AcDbEntity
  8
Layer 1
370
     0
100
AcDbVertex
100
AcDb2dVertex
 10
905.7724609375
 20
-27.845703125
 30
0.0
  0
VERTEX
  5
BE5
330
A46
100
AcDbEntity
  8
Layer 1
370
     0
100
AcDbVertex
100
AcDb2dVertex
 10
905.412109375
 20
-27.751953125
 30
0.0
  0
VERTEX
  5
BE6
330
A46
100
AcDbEntity
  8
Layer 1
370
     0
100
AcDbVertex
100
AcDb2dVertex
 10
905.0283203125
 20
-27.6513671875
 30
0.0
  0
VERTEX
  5
BE7
330
A46
100
AcDbEntity
  8
Layer 1
370
     0
100
AcDbVertex
100
AcDb2dVertex
 10
904.6748046875
 20
-27.5244140625
 30
0.0
  0
VERTEX
  5
BE8
330
A46
100
AcDbEntity
  8
Layer 1
370
     0
100
AcDbVertex
100
AcDb2dVertex
 10
904.564453125
 20
-27.458984375
 30
0.0
  0
VERTEX
  5
BE9
330
A46
100
AcDbEntity
  8
Layer 1
370
     0
100
AcDbVertex
100
AcDb2dVertex
 10
904.462890625
 20
-27.375
 30
0.0
  0
VERTEX
  5
BEA
330
A46
100
AcDbEntity
  8
Layer 1
370
     0
100
AcDbVertex
100
AcDb2dVertex
 10
904.361328125
 20
-27.287109375
 30
0.0
  0
VERTEX
  5
BEB
330
A46
100
AcDbEntity
  8
Layer 1
370
     0
100
AcDbVertex
100
AcDb2dVertex
 10
904.2509765625
 20
-27.20703125
 30
0.0
  0
VERTEX
  5
BEC
330
A46
100
AcDbEntity
  8
Layer 1
370
     0
100
AcDbVertex
100
AcDb2dVertex
 10
903.91015625
 20
-26.9736328125
 30
0.0
  0
VERTEX
  5
BED
330
A46
100
AcDbEntity
  8
Layer 1
370
     0
100
AcDbVertex
100
AcDb2dVertex
 10
903.6015625
 20
-26.6943359375
 30
0.0
  0
VERTEX
  5
BEE
330
A46
100
AcDbEntity
  8
Layer 1
370
     0
100
AcDbVertex
100
AcDb2dVertex
 10
903.326171875
 20
-26.353515625
 30
0.0
  0
VERTEX
  5
BEF
330
A46
100
AcDbEntity
  8
Layer 1
370
     0
100
AcDbVertex
100
AcDb2dVertex
 10
903.0869140625
 20
-25.9365234375
 30
0.0
  0
VERTEX
  5
BF0
330
A46
100
AcDbEntity
  8
Layer 1
370
     0
100
AcDbVertex
100
AcDb2dVertex
 10
902.779296875
 20
-25.193359375
 30
0.0
  0
VERTEX
  5
BF1
330
A46
100
AcDbEntity
  8
Layer 1
370
     0
100
AcDbVertex
100
AcDb2dVertex
 10
902.7529296875
 20
-24.69921875
 30
0.0
  0
VERTEX
  5
BF2
330
A46
100
AcDbEntity
  8
Layer 1
370
     0
100
AcDbVertex
100
AcDb2dVertex
 10
903.1044921875
 20
-24.48046875
 30
0.0
  0
VERTEX
  5
BF3
330
A46
100
AcDbEntity
  8
Layer 1
370
     0
100
AcDbVertex
100
AcDb2dVertex
 10
903.93359375
 20
-24.560546875
 30
0.0
  0
VERTEX
  5
BF4
330
A46
100
AcDbEntity
  8
Layer 1
370
     0
100
AcDbVertex
100
AcDb2dVertex
 10
904.3837890625
 20
-24.724609375
 30
0.0
  0
VERTEX
  5
BF5
330
A46
100
AcDbEntity
  8
Layer 1
370
     0
100
AcDbVertex
100
AcDb2dVertex
 10
904.77734375
 20
-24.9541015625
 30
0.0
  0
VERTEX
  5
BF6
330
A46
100
AcDbEntity
  8
Layer 1
370
     0
100
AcDbVertex
100
AcDb2dVertex
 10
905.1728515625
 20
-25.171875
 30
0.0
  0
VERTEX
  5
BF7
330
A46
100
AcDbEntity
  8
Layer 1
370
     0
100
AcDbVertex
100
AcDb2dVertex
 10
905.6279296875
 20
-25.30078125
 30
0.0
  0
VERTEX
  5
BF8
330
A46
100
AcDbEntity
  8
Layer 1
370
     0
100
AcDbVertex
100
AcDb2dVertex
 10
905.904296875
 20
-25.37109375
 30
0.0
  0
VERTEX
  5
BF9
330
A46
100
AcDbEntity
  8
Layer 1
370
     0
100
AcDbVertex
100
AcDb2dVertex
 10
906.076171875
 20
-25.4873046875
 30
0.0
  0
VERTEX
  5
BFA
330
A46
100
AcDbEntity
  8
Layer 1
370
     0
100
AcDbVertex
100
AcDb2dVertex
 10
906.2353515625
 20
-25.642578125
 30
0.0
  0
VERTEX
  5
BFB
330
A46
100
AcDbEntity
  8
Layer 1
370
     0
100
AcDbVertex
100
AcDb2dVertex
 10
906.474609375
 20
-25.830078125
 30
0.0
  0
VERTEX
  5
BFC
330
A46
100
AcDbEntity
  8
Layer 1
370
     0
100
AcDbVertex
100
AcDb2dVertex
 10
906.4990234375
 20
-25.8623046875
 30
0.0
  0
VERTEX
  5
BFD
330
A46
100
AcDbEntity
  8
Layer 1
370
     0
100
AcDbVertex
100
AcDb2dVertex
 10
906.50390625
 20
-25.89453125
 30
0.0
  0
VERTEX
  5
BFE
330
A46
100
AcDbEntity
  8
Layer 1
370
     0
100
AcDbVertex
100
AcDb2dVertex
 10
906.5205078125
 20
-25.9228515625
 30
0.0
  0
VERTEX
  5
BFF
330
A46
100
AcDbEntity
  8
Layer 1
370
     0
100
AcDbVertex
100
AcDb2dVertex
 10
906.5810546875
 20
-25.9365234375
 30
0.0
  0
VERTEX
  5
C00
330
A46
100
AcDbEntity
  8
Layer 1
370
     0
100
AcDbVertex
100
AcDb2dVertex
 10
906.7578125
 20
-26.0166015625
 30
0.0
  0
VERTEX
  5
C01
330
A46
100
AcDbEntity
  8
Layer 1
370
     0
100
AcDbVertex
100
AcDb2dVertex
 10
906.9873046875
 20
-26.1943359375
 30
0.0
  0
VERTEX
  5
C02
330
A46
100
AcDbEntity
  8
Layer 1
370
     0
100
AcDbVertex
100
AcDb2dVertex
 10
907.2255859375
 20
-26.4033203125
 30
0.0
  0
VERTEX
  5
C03
330
A46
100
AcDbEntity
  8
Layer 1
370
     0
100
AcDbVertex
100
AcDb2dVertex
 10
907.427734375
 20
-26.572265625
 30
0.0
  0
VERTEX
  5
C04
330
A46
100
AcDbEntity
  8
Layer 1
370
     0
100
AcDbVertex
100
AcDb2dVertex
 10
907.576171875
 20
-26.677734375
 30
0.0
  0
VERTEX
  5
C05
330
A46
100
AcDbEntity
  8
Layer 1
370
     0
100
AcDbVertex
100
AcDb2dVertex
 10
907.7265625
 20
-26.7783203125
 30
0.0
  0
VERTEX
  5
C06
330
A46
100
AcDbEntity
  8
Layer 1
370
     0
100
AcDbVertex
100
AcDb2dVertex
 10
907.88671875
 20
-26.8818359375
 30
0.0
  0
VERTEX
  5
C07
330
A46
100
AcDbEntity
  8
Layer 1
370
     0
100
AcDbVertex
100
AcDb2dVertex
 10
908.0634765625
 20
-26.9951171875
 30
0.0
  0
VERTEX
  5
C08
330
A46
100
AcDbEntity
  8
Layer 1
370
     0
100
AcDbVertex
100
AcDb2dVertex
 10
908.087890625
 20
-27.0263671875
 30
0.0
  0
VERTEX
  5
C09
330
A46
100
AcDbEntity
  8
Layer 1
370
     0
100
AcDbVertex
100
AcDb2dVertex
 10
908.0927734375
 20
-27.060546875
 30
0.0
  0
VERTEX
  5
C0A
330
A46
100
AcDbEntity
  8
Layer 1
370
     0
100
AcDbVertex
100
AcDb2dVertex
 10
908.109375
 20
-27.0869140625
 30
0.0
  0
VERTEX
  5
C0B
330
A46
100
AcDbEntity
  8
Layer 1
370
     0
100
AcDbVertex
100
AcDb2dVertex
 10
908.1689453125
 20
-27.1015625
 30
0.0
  0
VERTEX
  5
C0C
330
A46
100
AcDbEntity
  8
Layer 1
370
     0
100
AcDbVertex
100
AcDb2dVertex
 10
908.32421875
 20
-27.1826171875
 30
0.0
  0
VERTEX
  5
C0D
330
A46
100
AcDbEntity
  8
Layer 1
370
     0
100
AcDbVertex
100
AcDb2dVertex
 10
908.5205078125
 20
-27.3662109375
 30
0.0
  0
VERTEX
  5
C0E
330
A46
100
AcDbEntity
  8
Layer 1
370
     0
100
AcDbVertex
100
AcDb2dVertex
 10
908.7265625
 20
-27.5751953125
 30
0.0
  0
VERTEX
  5
C0F
330
A46
100
AcDbEntity
  8
Layer 1
370
     0
100
AcDbVertex
100
AcDb2dVertex
 10
908.91015625
 20
-27.736328125
 30
0.0
  0
VERTEX
  5
C10
330
A46
100
AcDbEntity
  8
Layer 1
370
     0
100
AcDbVertex
100
AcDb2dVertex
 10
909.017578125
 20
-27.787109375
 30
0.0
  0
VERTEX
  5
C11
330
A46
100
AcDbEntity
  8
Layer 1
370
     0
100
AcDbVertex
100
AcDb2dVertex
 10
909.1572265625
 20
-27.83203125
 30
0.0
  0
VERTEX
  5
C12
330
A46
100
AcDbEntity
  8
Layer 1
370
     0
100
AcDbVertex
100
AcDb2dVertex
 10
909.3056640625
 20
-27.8828125
 30
0.0
  0
VERTEX
  5
C13
330
A46
100
AcDbEntity
  8
Layer 1
370
     0
100
AcDbVertex
100
AcDb2dVertex
 10
909.439453125
 20
-27.9482421875
 30
0.0
  0
VERTEX
  5
C14
330
A46
100
AcDbEntity
  8
Layer 1
370
     0
100
AcDbVertex
100
AcDb2dVertex
 10
909.51953125
 20
-28.0185546875
 30
0.0
  0
VERTEX
  5
C15
330
A46
100
AcDbEntity
  8
Layer 1
370
     0
100
AcDbVertex
100
AcDb2dVertex
 10
909.595703125
 20
-28.1083984375
 30
0.0
  0
VERTEX
  5
C16
330
A46
100
AcDbEntity
  8
Layer 1
370
     0
100
AcDbVertex
100
AcDb2dVertex
 10
909.6728515625
 20
-28.197265625
 30
0.0
  0
VERTEX
  5
C17
330
A46
100
AcDbEntity
  8
Layer 1
370
     0
100
AcDbVertex
100
AcDb2dVertex
 10
909.7568359375
 20
-28.265625
 30
0.0
  0
VERTEX
  5
C18
330
A46
100
AcDbEntity
  8
Layer 1
370
     0
100
AcDbVertex
100
AcDb2dVertex
 10
909.923828125
 20
-28.3427734375
 30
0.0
  0
VERTEX
  5
C19
330
A46
100
AcDbEntity
  8
Layer 1
370
     0
100
AcDbVertex
100
AcDb2dVertex
 10
910.1142578125
 20
-28.41015625
 30
0.0
  0
VERTEX
  5
C1A
330
A46
100
AcDbEntity
  8
Layer 1
370
     0
100
AcDbVertex
100
AcDb2dVertex
 10
910.310546875
 20
-28.4853515625
 30
0.0
  0
VERTEX
  5
C1B
330
A46
100
AcDbEntity
  8
Layer 1
370
     0
100
AcDbVertex
100
AcDb2dVertex
 10
910.498046875
 20
-28.583984375
 30
0.0
  0
VERTEX
  5
C1C
330
A46
100
AcDbEntity
  8
Layer 1
370
     0
100
AcDbVertex
100
AcDb2dVertex
 10
910.5224609375
 20
-28.615234375
 30
0.0
  0
VERTEX
  5
C1D
330
A46
100
AcDbEntity
  8
Layer 1
370
     0
100
AcDbVertex
100
AcDb2dVertex
 10
910.52734375
 20
-28.6484375
 30
0.0
  0
VERTEX
  5
C1E
330
A46
100
AcDbEntity
  8
Layer 1
370
     0
100
AcDbVertex
100
AcDb2dVertex
 10
910.5439453125
 20
-28.6748046875
 30
0.0
  0
VERTEX
  5
C1F
330
A46
100
AcDbEntity
  8
Layer 1
370
     0
100
AcDbVertex
100
AcDb2dVertex
 10
910.6044921875
 20
-28.689453125
 30
0.0
  0
VERTEX
  5
C20
330
A46
100
AcDbEntity
  8
Layer 1
370
     0
100
AcDbVertex
100
AcDb2dVertex
 10
910.705078125
 20
-28.728515625
 30
0.0
  0
VERTEX
  5
C21
330
A46
100
AcDbEntity
  8
Layer 1
370
     0
100
AcDbVertex
100
AcDb2dVertex
 10
910.84765625
 20
-28.818359375
 30
0.0
  0
VERTEX
  5
C22
330
A46
100
AcDbEntity
  8
Layer 1
370
     0
100
AcDbVertex
100
AcDb2dVertex
 10
911.0009765625
 20
-28.9228515625
 30
0.0
  0
VERTEX
  5
C23
330
A46
100
AcDbEntity
  8
Layer 1
370
     0
100
AcDbVertex
100
AcDb2dVertex
 10
911.1337890625
 20
-29.0068359375
 30
0.0
  0
VERTEX
  5
C24
330
A46
100
AcDbEntity
  8
Layer 1
370
     0
100
AcDbVertex
100
AcDb2dVertex
 10
911.3623046875
 20
-29.134765625
 30
0.0
  0
VERTEX
  5
C25
330
A46
100
AcDbEntity
  8
Layer 1
370
     0
100
AcDbVertex
100
AcDb2dVertex
 10
911.6201171875
 20
-29.271484375
 30
0.0
  0
VERTEX
  5
C26
330
A46
100
AcDbEntity
  8
Layer 1
370
     0
100
AcDbVertex
100
AcDb2dVertex
 10
911.8994140625
 20
-29.4091796875
 30
0.0
  0
VERTEX
  5
C27
330
A46
100
AcDbEntity
  8
Layer 1
370
     0
100
AcDbVertex
100
AcDb2dVertex
 10
912.1923828125
 20
-29.5361328125
 30
0.0
  0
VERTEX
  5
C28
330
A46
100
AcDbEntity
  8
Layer 1
370
     0
100
AcDbVertex
100
AcDb2dVertex
 10
912.990234375
 20
-29.6796875
 30
0.0
  0
VERTEX
  5
C29
330
A46
100
AcDbEntity
  8
Layer 1
370
     0
100
AcDbVertex
100
AcDb2dVertex
 10
914.130859375
 20
-29.7080078125
 30
0.0
  0
VERTEX
  5
C2A
330
A46
100
AcDbEntity
  8
Layer 1
370
     0
100
AcDbVertex
100
AcDb2dVertex
 10
915.30859375
 20
-29.650390625
 30
0.0
  0
VERTEX
  5
C2B
330
A46
100
AcDbEntity
  8
Layer 1
370
     0
100
AcDbVertex
100
AcDb2dVertex
 10
916.2158203125
 20
-29.5361328125
 30
0.0
  0
VERTEX
  5
C2C
330
A46
100
AcDbEntity
  8
Layer 1
370
     0
100
AcDbVertex
100
AcDb2dVertex
 10
916.3955078125
 20
-29.4873046875
 30
0.0
  0
VERTEX
  5
C2D
330
A46
100
AcDbEntity
  8
Layer 1
370
     0
100
AcDbVertex
100
AcDb2dVertex
 10
916.5849609375
 20
-29.4228515625
 30
0.0
  0
VERTEX
  5
C2E
330
A46
100
AcDbEntity
  8
Layer 1
370
     0
100
AcDbVertex
100
AcDb2dVertex
 10
916.7744140625
 20
-29.361328125
 30
0.0
  0
VERTEX
  5
C2F
330
A46
100
AcDbEntity
  8
Layer 1
370
     0
100
AcDbVertex
100
AcDb2dVertex
 10
916.95703125
 20
-29.32421875
 30
0.0
  0
VERTEX
  5
C30
330
A46
100
AcDbEntity
  8
Layer 1
370
     0
100
AcDbVertex
100
AcDb2dVertex
 10
917.326171875
 20
-29.302734375
 30
0.0
  0
VERTEX
  5
C31
330
A46
100
AcDbEntity
  8
Layer 1
370
     0
100
AcDbVertex
100
AcDb2dVertex
 10
917.7001953125
 20
-29.310546875
 30
0.0
  0
VERTEX
  5
C32
330
A46
100
AcDbEntity
  8
Layer 1
370
     0
100
AcDbVertex
100
AcDb2dVertex
 10
918.046875
 20
-29.3515625
 30
0.0
  0
VERTEX
  5
C33
330
A46
100
AcDbEntity
  8
Layer 1
370
     0
100
AcDbVertex
100
AcDb2dVertex
 10
918.333984375
 20
-29.4306640625
 30
0.0
  0
VERTEX
  5
C34
330
A46
100
AcDbEntity
  8
Layer 1
370
     0
100
AcDbVertex
100
AcDb2dVertex
 10
918.4287109375
 20
-29.4638671875
 30
0.0
  0
VERTEX
  5
C35
330
A46
100
AcDbEntity
  8
Layer 1
370
     0
100
AcDbVertex
100
AcDb2dVertex
 10
918.556640625
 20
-29.5087890625
 30
0.0
  0
VERTEX
  5
C36
330
A46
100
AcDbEntity
  8
Layer 1
370
     0
100
AcDbVertex
100
AcDb2dVertex
 10
918.705078125
 20
-29.5673828125
 30
0.0
  0
VERTEX
  5
C37
330
A46
100
AcDbEntity
  8
Layer 1
370
     0
100
AcDbVertex
100
AcDb2dVertex
 10
918.86328125
 20
-29.642578125
 30
0.0
  0
VERTEX
  5
C38
330
A46
100
AcDbEntity
  8
Layer 1
370
     0
100
AcDbVertex
100
AcDb2dVertex
 10
918.8935546875
 20
-29.68359375
 30
0.0
  0
VERTEX
  5
C39
330
A46
100
AcDbEntity
  8
Layer 1
370
     0
100
AcDbVertex
100
AcDb2dVertex
 10
918.9189453125
 20
-29.7509765625
 30
0.0
  0
VERTEX
  5
C3A
330
A46
100
AcDbEntity
  8
Layer 1
370
     0
100
AcDbVertex
100
AcDb2dVertex
 10
918.9423828125
 20
-29.8173828125
 30
0.0
  0
VERTEX
  5
C3B
330
A46
100
AcDbEntity
  8
Layer 1
370
     0
100
AcDbVertex
100
AcDb2dVertex
 10
918.96875
 20
-29.853515625
 30
0.0
  0
VERTEX
  5
C3C
330
A46
100
AcDbEntity
  8
Layer 1
370
     0
100
AcDbVertex
100
AcDb2dVertex
 10
919.0849609375
 20
-29.89453125
 30
0.0
  0
VERTEX
  5
C3D
330
A46
100
AcDbEntity
  8
Layer 1
370
     0
100
AcDbVertex
100
AcDb2dVertex
 10
919.2216796875
 20
-29.9345703125
 30
0.0
  0
VERTEX
  5
C3E
330
A46
100
AcDbEntity
  8
Layer 1
370
     0
100
AcDbVertex
100
AcDb2dVertex
 10
919.3642578125
 20
-29.9873046875
 30
0.0
  0
VERTEX
  5
C3F
330
A46
100
AcDbEntity
  8
Layer 1
370
     0
100
AcDbVertex
100
AcDb2dVertex
 10
919.498046875
 20
-30.0654296875
 30
0.0
  0
VERTEX
  5
C40
330
A46
100
AcDbEntity
  8
Layer 1
370
     0
100
AcDbVertex
100
AcDb2dVertex
 10
919.828125
 20
-30.3740234375
 30
0.0
  0
VERTEX
  5
C41
330
A46
100
AcDbEntity
  8
Layer 1
370
     0
100
AcDbVertex
100
AcDb2dVertex
 10
920.111328125
 20
-30.7060546875
 30
0.0
  0
VERTEX
  5
C42
330
A46
100
AcDbEntity
  8
Layer 1
370
     0
100
AcDbVertex
100
AcDb2dVertex
 10
920.4052734375
 20
-31.03515625
 30
0.0
  0
VERTEX
  5
C43
330
A46
100
AcDbEntity
  8
Layer 1
370
     0
100
AcDbVertex
100
AcDb2dVertex
 10
920.7685546875
 20
-31.3359375
 30
0.0
  0
VERTEX
  5
C44
330
A46
100
AcDbEntity
  8
Layer 1
370
     0
100
AcDbVertex
100
AcDb2dVertex
 10
920.841796875
 20
-31.3701171875
 30
0.0
  0
VERTEX
  5
C45
330
A46
100
AcDbEntity
  8
Layer 1
370
     0
100
AcDbVertex
100
AcDb2dVertex
 10
920.91796875
 20
-31.388671875
 30
0.0
  0
VERTEX
  5
C46
330
A46
100
AcDbEntity
  8
Layer 1
370
     0
100
AcDbVertex
100
AcDb2dVertex
 10
920.9990234375
 20
-31.4072265625
 30
0.0
  0
VERTEX
  5
C47
330
A46
100
AcDbEntity
  8
Layer 1
370
     0
100
AcDbVertex
100
AcDb2dVertex
 10
921.0859375
 20
-31.4423828125
 30
0.0
  0
VERTEX
  5
C48
330
A46
100
AcDbEntity
  8
Layer 1
370
     0
100
AcDbVertex
100
AcDb2dVertex
 10
921.134765625
 20
-31.484375
 30
0.0
  0
VERTEX
  5
C49
330
A46
100
AcDbEntity
  8
Layer 1
370
     0
100
AcDbVertex
100
AcDb2dVertex
 10
921.1962890625
 20
-31.5537109375
 30
0.0
  0
VERTEX
  5
C4A
330
A46
100
AcDbEntity
  8
Layer 1
370
     0
100
AcDbVertex
100
AcDb2dVertex
 10
921.255859375
 20
-31.6201171875
 30
0.0
  0
VERTEX
  5
C4B
330
A46
100
AcDbEntity
  8
Layer 1
370
     0
100
AcDbVertex
100
AcDb2dVertex
 10
921.2978515625
 20
-31.654296875
 30
0.0
  0
VERTEX
  5
C4C
330
A46
100
AcDbEntity
  8
Layer 1
370
     0
100
AcDbVertex
100
AcDb2dVertex
 10
921.4921875
 20
-31.693359375
 30
0.0
  0
VERTEX
  5
C4D
330
A46
100
AcDbEntity
  8
Layer 1
370
     0
100
AcDbVertex
100
AcDb2dVertex
 10
921.73046875
 20
-31.7177734375
 30
0.0
  0
VERTEX
  5
C4E
330
A46
100
AcDbEntity
  8
Layer 1
370
     0
100
AcDbVertex
100
AcDb2dVertex
 10
921.990234375
 20
-31.736328125
 30
0.0
  0
VERTEX
  5
C4F
330
A46
100
AcDbEntity
  8
Layer 1
370
     0
100
AcDbVertex
100
AcDb2dVertex
 10
922.2509765625
 20
-31.759765625
 30
0.0
  0
VERTEX
  5
C50
330
A46
100
AcDbEntity
  8
Layer 1
370
     0
100
AcDbVertex
100
AcDb2dVertex
 10
922.703125
 20
-31.802734375
 30
0.0
  0
VERTEX
  5
C51
330
A46
100
AcDbEntity
  8
Layer 1
370
     0
100
AcDbVertex
100
AcDb2dVertex
 10
923.173828125
 20
-31.83984375
 30
0.0
  0
VERTEX
  5
C52
330
A46
100
AcDbEntity
  8
Layer 1
370
     0
100
AcDbVertex
100
AcDb2dVertex
 10
923.6591796875
 20
-31.8896484375
 30
0.0
  0
VERTEX
  5
C53
330
A46
100
AcDbEntity
  8
Layer 1
370
     0
100
AcDbVertex
100
AcDb2dVertex
 10
924.1572265625
 20
-31.9716796875
 30
0.0
  0
VERTEX
  5
C54
330
A46
100
AcDbEntity
  8
Layer 1
370
     0
100
AcDbVertex
100
AcDb2dVertex
 10
924.3603515625
 20
-32.02734375
 30
0.0
  0
VERTEX
  5
C55
330
A46
100
AcDbEntity
  8
Layer 1
370
     0
100
AcDbVertex
100
AcDb2dVertex
 10
924.544921875
 20
-32.0908203125
 30
0.0
  0
VERTEX
  5
C56
330
A46
100
AcDbEntity
  8
Layer 1
370
     0
100
AcDbVertex
100
AcDb2dVertex
 10
924.720703125
 20
-32.1484375
 30
0.0
  0
VERTEX
  5
C57
330
A46
100
AcDbEntity
  8
Layer 1
370
     0
100
AcDbVertex
100
AcDb2dVertex
 10
924.8984375
 20
-32.18359375
 30
0.0
  0
VERTEX
  5
C58
330
A46
100
AcDbEntity
  8
Layer 1
370
     0
100
AcDbVertex
100
AcDb2dVertex
 10
926.2685546875
 20
-32.2421875
 30
0.0
  0
VERTEX
  5
C59
330
A46
100
AcDbEntity
  8
Layer 1
370
     0
100
AcDbVertex
100
AcDb2dVertex
 10
927.7109375
 20
-32.20703125
 30
0.0
  0
VERTEX
  5
C5A
330
A46
100
AcDbEntity
  8
Layer 1
370
     0
100
AcDbVertex
100
AcDb2dVertex
 10
929.150390625
 20
-32.1611328125
 30
0.0
  0
VERTEX
  5
C5B
330
A46
100
AcDbEntity
  8
Layer 1
370
     0
100
AcDbVertex
100
AcDb2dVertex
 10
930.509765625
 20
-32.18359375
 30
0.0
  0
VERTEX
  5
C5C
330
A46
100
AcDbEntity
  8
Layer 1
370
     0
100
AcDbVertex
100
AcDb2dVertex
 10
931.5546875
 20
-32.2158203125
 30
0.0
  0
VERTEX
  5
C5D
330
A46
100
AcDbEntity
  8
Layer 1
370
     0
100
AcDbVertex
100
AcDb2dVertex
 10
932.6533203125
 20
-32.21484375
 30
0.0
  0
VERTEX
  5
C5E
330
A46
100
AcDbEntity
  8
Layer 1
370
     0
100
AcDbVertex
100
AcDb2dVertex
 10
933.765625
 20
-32.2236328125
 30
0.0
  0
VERTEX
  5
C5F
330
A46
100
AcDbEntity
  8
Layer 1
370
     0
100
AcDbVertex
100
AcDb2dVertex
 10
934.8505859375
 20
-32.2890625
 30
0.0
  0
VERTEX
  5
C60
330
A46
100
AcDbEntity
  8
Layer 1
370
     0
100
AcDbVertex
100
AcDb2dVertex
 10
935.341796875
 20
-32.3681640625
 30
0.0
  0
VERTEX
  5
C61
330
A46
100
AcDbEntity
  8
Layer 1
370
     0
100
AcDbVertex
100
AcDb2dVertex
 10
935.9052734375
 20
-32.51171875
 30
0.0
  0
VERTEX
  5
C62
330
A46
100
AcDbEntity
  8
Layer 1
370
     0
100
AcDbVertex
100
AcDb2dVertex
 10
936.3916015625
 20
-32.7021484375
 30
0.0
  0
VERTEX
  5
C63
330
A46
100
AcDbEntity
  8
Layer 1
370
     0
100
AcDbVertex
100
AcDb2dVertex
 10
936.650390625
 20
-32.9248046875
 30
0.0
  0
VERTEX
  5
C64
330
A46
100
AcDbEntity
  8
Layer 1
370
     0
100
AcDbVertex
100
AcDb2dVertex
 10
936.6201171875
 20
-33.490234375
 30
0.0
  0
VERTEX
  5
C65
330
A46
100
AcDbEntity
  8
Layer 1
370
     0
100
AcDbVertex
100
AcDb2dVertex
 10
936.2919921875
 20
-34.208984375
 30
0.0
  0
VERTEX
  5
C66
330
A46
100
AcDbEntity
  8
Layer 1
370
     0
100
AcDbVertex
100
AcDb2dVertex
 10
935.8525390625
 20
-34.9208984375
 30
0.0
  0
VERTEX
  5
C67
330
A46
100
AcDbEntity
  8
Layer 1
370
     0
100
AcDbVertex
100
AcDb2dVertex
 10
935.486328125
 20
-35.4658203125
 30
0.0
  0
VERTEX
  5
C68
330
A46
100
AcDbEntity
  8
Layer 1
370
     0
100
AcDbVertex
100
AcDb2dVertex
 10
935.4296875
 20
-35.5693359375
 30
0.0
  0
VERTEX
  5
C69
330
A46
100
AcDbEntity
  8
Layer 1
370
     0
100
AcDbVertex
100
AcDb2dVertex
 10
935.3818359375
 20
-35.6787109375
 30
0.0
  0
VERTEX
  5
C6A
330
A46
100
AcDbEntity
  8
Layer 1
370
     0
100
AcDbVertex
100
AcDb2dVertex
 10
935.3330078125
 20
-35.787109375
 30
0.0
  0
VERTEX
  5
C6B
330
A46
100
AcDbEntity
  8
Layer 1
370
     0
100
AcDbVertex
100
AcDb2dVertex
 10
935.2744140625
 20
-35.8896484375
 30
0.0
  0
VERTEX
  5
C6C
330
A46
100
AcDbEntity
  8
Layer 1
370
     0
100
AcDbVertex
100
AcDb2dVertex
 10
935.232421875
 20
-35.9169921875
 30
0.0
  0
VERTEX
  5
C6D
330
A46
100
AcDbEntity
  8
Layer 1
370
     0
100
AcDbVertex
100
AcDb2dVertex
 10
935.1640625
 20
-35.943359375
 30
0.0
  0
VERTEX
  5
C6E
330
A46
100
AcDbEntity
  8
Layer 1
370
     0
100
AcDbVertex
100
AcDb2dVertex
 10
935.0986328125
 20
-35.9697265625
 30
0.0
  0
VERTEX
  5
C6F
330
A46
100
AcDbEntity
  8
Layer 1
370
     0
100
AcDbVertex
100
AcDb2dVertex
 10
935.0625
 20
-35.9951171875
 30
0.0
  0
VERTEX
  5
C70
330
A46
100
AcDbEntity
  8
Layer 1
370
     0
100
AcDbVertex
100
AcDb2dVertex
 10
935.05859375
 20
-36.04296875
 30
0.0
  0
VERTEX
  5
C71
330
A46
100
AcDbEntity
  8
Layer 1
370
     0
100
AcDbVertex
100
AcDb2dVertex
 10
935.06640625
 20
-36.1044921875
 30
0.0
  0
VERTEX
  5
C72
330
A46
100
AcDbEntity
  8
Layer 1
370
     0
100
AcDbVertex
100
AcDb2dVertex
 10
935.0732421875
 20
-36.1640625
 30
0.0
  0
VERTEX
  5
C73
330
A46
100
AcDbEntity
  8
Layer 1
370
     0
100
AcDbVertex
100
AcDb2dVertex
 10
935.0625
 20
-36.20703125
 30
0.0
  0
VERTEX
  5
C74
330
A46
100
AcDbEntity
  8
Layer 1
370
     0
100
AcDbVertex
100
AcDb2dVertex
 10
934.8369140625
 20
-36.431640625
 30
0.0
  0
VERTEX
  5
C75
330
A46
100
AcDbEntity
  8
Layer 1
370
     0
100
AcDbVertex
100
AcDb2dVertex
 10
934.5849609375
 20
-36.62890625
 30
0.0
  0
VERTEX
  5
C76
330
A46
100
AcDbEntity
  8
Layer 1
370
     0
100
AcDbVertex
100
AcDb2dVertex
 10
934.333984375
 20
-36.828125
 30
0.0
  0
VERTEX
  5
C77
330
A46
100
AcDbEntity
  8
Layer 1
370
     0
100
AcDbVertex
100
AcDb2dVertex
 10
934.109375
 20
-37.0537109375
 30
0.0
  0
VERTEX
  5
C78
330
A46
100
AcDbEntity
  8
Layer 1
370
     0
100
AcDbVertex
100
AcDb2dVertex
 10
933.84375
 20
-37.4052734375
 30
0.0
  0
VERTEX
  5
C79
330
A46
100
AcDbEntity
  8
Layer 1
370
     0
100
AcDbVertex
100
AcDb2dVertex
 10
933.6162109375
 20
-37.8359375
 30
0.0
  0
VERTEX
  5
C7A
330
A46
100
AcDbEntity
  8
Layer 1
370
     0
100
AcDbVertex
100
AcDb2dVertex
 10
933.556640625
 20
-38.298828125
 30
0.0
  0
VERTEX
  5
C7B
330
A46
100
AcDbEntity
  8
Layer 1
370
     0
100
AcDbVertex
100
AcDb2dVertex
 10
933.7919921875
 20
-38.748046875
 30
0.0
  0
VERTEX
  5
C7C
330
A46
100
AcDbEntity
  8
Layer 1
370
     0
100
AcDbVertex
100
AcDb2dVertex
 10
934.0693359375
 20
-38.912109375
 30
0.0
  0
VERTEX
  5
C7D
330
A46
100
AcDbEntity
  8
Layer 1
370
     0
100
AcDbVertex
100
AcDb2dVertex
 10
934.3779296875
 20
-38.9169921875
 30
0.0
  0
VERTEX
  5
C7E
330
A46
100
AcDbEntity
  8
Layer 1
370
     0
100
AcDbVertex
100
AcDb2dVertex
 10
934.7109375
 20
-38.810546875
 30
0.0
  0
VERTEX
  5
C7F
330
A46
100
AcDbEntity
  8
Layer 1
370
     0
100
AcDbVertex
100
AcDb2dVertex
 10
935.0625
 20
-38.642578125
 30
0.0
  0
VERTEX
  5
C80
330
A46
100
AcDbEntity
  8
Layer 1
370
     0
100
AcDbVertex
100
AcDb2dVertex
 10
935.298828125
 20
-38.5185546875
 30
0.0
  0
VERTEX
  5
C81
330
A46
100
AcDbEntity
  8
Layer 1
370
     0
100
AcDbVertex
100
AcDb2dVertex
 10
935.4873046875
 20
-38.4130859375
 30
0.0
  0
VERTEX
  5
C82
330
A46
100
AcDbEntity
  8
Layer 1
370
     0
100
AcDbVertex
100
AcDb2dVertex
 10
935.6494140625
 20
-38.31640625
 30
0.0
  0
VERTEX
  5
C83
330
A46
100
AcDbEntity
  8
Layer 1
370
     0
100
AcDbVertex
100
AcDb2dVertex
 10
935.8037109375
 20
-38.21875
 30
0.0
  0
VERTEX
  5
C84
330
A46
100
AcDbEntity
  8
Layer 1
370
     0
100
AcDbVertex
100
AcDb2dVertex
 10
936.0458984375
 20
-38.046875
 30
0.0
  0
VERTEX
  5
C85
330
A46
100
AcDbEntity
  8
Layer 1
370
     0
100
AcDbVertex
100
AcDb2dVertex
 10
936.2451171875
 20
-37.875
 30
0.0
  0
VERTEX
  5
C86
330
A46
100
AcDbEntity
  8
Layer 1
370
     0
100
AcDbVertex
100
AcDb2dVertex
 10
936.435546875
 20
-37.689453125
 30
0.0
  0
VERTEX
  5
C87
330
A46
100
AcDbEntity
  8
Layer 1
370
     0
100
AcDbVertex
100
AcDb2dVertex
 10
936.650390625
 20
-37.4775390625
 30
0.0
  0
VERTEX
  5
C88
330
A46
100
AcDbEntity
  8
Layer 1
370
     0
100
AcDbVertex
100
AcDb2dVertex
 10
936.7177734375
 20
-37.4169921875
 30
0.0
  0
VERTEX
  5
C89
330
A46
100
AcDbEntity
  8
Layer 1
370
     0
100
AcDbVertex
100
AcDb2dVertex
 10
936.796875
 20
-37.35546875
 30
0.0
  0
VERTEX
  5
C8A
330
A46
100
AcDbEntity
  8
Layer 1
370
     0
100
AcDbVertex
100
AcDb2dVertex
 10
936.8828125
 20
-37.3017578125
 30
0.0
  0
VERTEX
  5
C8B
330
A46
100
AcDbEntity
  8
Layer 1
370
     0
100
AcDbVertex
100
AcDb2dVertex
 10
936.96875
 20
-37.265625
 30
0.0
  0
VERTEX
  5
C8C
330
A46
100
AcDbEntity
  8
Layer 1
370
     0
100
AcDbVertex
100
AcDb2dVertex
 10
937.4775390625
 20
-37.21484375
 30
0.0
  0
VERTEX
  5
C8D
330
A46
100
AcDbEntity
  8
Layer 1
370
     0
100
AcDbVertex
100
AcDb2dVertex
 10
938.0927734375
 20
-37.2666015625
 30
0.0
  0
VERTEX
  5
C8E
330
A46
100
AcDbEntity
  8
Layer 1
370
     0
100
AcDbVertex
100
AcDb2dVertex
 10
938.6494140625
 20
-37.37109375
 30
0.0
  0
VERTEX
  5
C8F
330
A46
100
AcDbEntity
  8
Layer 1
370
     0
100
AcDbVertex
100
AcDb2dVertex
 10
938.98046875
 20
-37.4775390625
 30
0.0
  0
VERTEX
  5
C90
330
A46
100
AcDbEntity
  8
Layer 1
370
     0
100
AcDbVertex
100
AcDb2dVertex
 10
939.1259765625
 20
-37.56640625
 30
0.0
  0
VERTEX
  5
C91
330
A46
100
AcDbEntity
  8
Layer 1
370
     0
100
AcDbVertex
100
AcDb2dVertex
 10
939.2783203125
 20
-37.669921875
 30
0.0
  0
VERTEX
  5
C92
330
A46
100
AcDbEntity
  8
Layer 1
370
     0
100
AcDbVertex
100
AcDb2dVertex
 10
939.4404296875
 20
-37.783203125
 30
0.0
  0
VERTEX
  5
C93
330
A46
100
AcDbEntity
  8
Layer 1
370
     0
100
AcDbVertex
100
AcDb2dVertex
 10
939.615234375
 20
-37.9013671875
 30
0.0
  0
VERTEX
  5
C94
330
A46
100
AcDbEntity
  8
Layer 1
370
     0
100
AcDbVertex
100
AcDb2dVertex
 10
939.6865234375
 20
-37.94921875
 30
0.0
  0
VERTEX
  5
C95
330
A46
100
AcDbEntity
  8
Layer 1
370
     0
100
AcDbVertex
100
AcDb2dVertex
 10
939.7822265625
 20
-38.0166015625
 30
0.0
  0
VERTEX
  5
C96
330
A46
100
AcDbEntity
  8
Layer 1
370
     0
100
AcDbVertex
100
AcDb2dVertex
 10
939.8740234375
 20
-38.0791015625
 30
0.0
  0
VERTEX
  5
C97
330
A46
100
AcDbEntity
  8
Layer 1
370
     0
100
AcDbVertex
100
AcDb2dVertex
 10
939.93359375
 20
-38.11328125
 30
0.0
  0
VERTEX
  5
C98
330
A46
100
AcDbEntity
  8
Layer 1
370
     0
100
AcDbVertex
100
AcDb2dVertex
 10
940.220703125
 20
-38.171875
 30
0.0
  0
VERTEX
  5
C99
330
A46
100
AcDbEntity
  8
Layer 1
370
     0
100
AcDbVertex
100
AcDb2dVertex
 10
940.4990234375
 20
-38.1826171875
 30
0.0
  0
VERTEX
  5
C9A
330
A46
100
AcDbEntity
  8
Layer 1
370
     0
100
AcDbVertex
100
AcDb2dVertex
 10
940.7333984375
 20
-38.185546875
 30
0.0
  0
VERTEX
  5
C9B
330
A46
100
AcDbEntity
  8
Layer 1
370
     0
100
AcDbVertex
100
AcDb2dVertex
 10
940.8857421875
 20
-38.21875
 30
0.0
  0
VERTEX
  5
C9C
330
A46
100
AcDbEntity
  8
Layer 1
370
     0
100
AcDbVertex
100
AcDb2dVertex
 10
940.9150390625
 20
-38.2734375
 30
0.0
  0
VERTEX
  5
C9D
330
A46
100
AcDbEntity
  8
Layer 1
370
     0
100
AcDbVertex
100
AcDb2dVertex
 10
940.9404296875
 20
-38.37109375
 30
0.0
  0
VERTEX
  5
C9E
330
A46
100
AcDbEntity
  8
Layer 1
370
     0
100
AcDbVertex
100
AcDb2dVertex
 10
940.96484375
 20
-38.4716796875
 30
0.0
  0
VERTEX
  5
C9F
330
A46
100
AcDbEntity
  8
Layer 1
370
     0
100
AcDbVertex
100
AcDb2dVertex
 10
940.9921875
 20
-38.5361328125
 30
0.0
  0
VERTEX
  5
CA0
330
A46
100
AcDbEntity
  8
Layer 1
370
     0
100
AcDbVertex
100
AcDb2dVertex
 10
941.078125
 20
-38.59375
 30
0.0
  0
VERTEX
  5
CA1
330
A46
100
AcDbEntity
  8
Layer 1
370
     0
100
AcDbVertex
100
AcDb2dVertex
 10
941.21875
 20
-38.6845703125
 30
0.0
  0
VERTEX
  5
CA2
330
A46
100
AcDbEntity
  8
Layer 1
370
     0
100
AcDbVertex
100
AcDb2dVertex
 10
941.3515625
 20
-38.806640625
 30
0.0
  0
VERTEX
  5
CA3
330
A46
100
AcDbEntity
  8
Layer 1
370
     0
100
AcDbVertex
100
AcDb2dVertex
 10
941.416015625
 20
-38.9599609375
 30
0.0
  0
VERTEX
  5
CA4
330
A46
100
AcDbEntity
  8
Layer 1
370
     0
100
AcDbVertex
100
AcDb2dVertex
 10
941.4990234375
 20
-39.107421875
 30
0.0
  0
VERTEX
  5
CA5
330
A46
100
AcDbEntity
  8
Layer 1
370
     0
100
AcDbVertex
100
AcDb2dVertex
 10
941.6865234375
 20
-39.32421875
 30
0.0
  0
VERTEX
  5
CA6
330
A46
100
AcDbEntity
  8
Layer 1
370
     0
100
AcDbVertex
100
AcDb2dVertex
 10
941.8974609375
 20
-39.544921875
 30
0.0
  0
VERTEX
  5
CA7
330
A46
100
AcDbEntity
  8
Layer 1
370
     0
100
AcDbVertex
100
AcDb2dVertex
 10
942.05078125
 20
-39.701171875
 30
0.0
  0
VERTEX
  5
CA8
330
A46
100
AcDbEntity
  8
Layer 1
370
     0
100
AcDbVertex
100
AcDb2dVertex
 10
942.2041015625
 20
-39.830078125
 30
0.0
  0
VERTEX
  5
CA9
330
A46
100
AcDbEntity
  8
Layer 1
370
     0
100
AcDbVertex
100
AcDb2dVertex
 10
942.4072265625
 20
-39.9775390625
 30
0.0
  0
VERTEX
  5
CAA
330
A46
100
AcDbEntity
  8
Layer 1
370
     0
100
AcDbVertex
100
AcDb2dVertex
 10
942.6171875
 20
-40.1455078125
 30
0.0
  0
VERTEX
  5
CAB
330
A46
100
AcDbEntity
  8
Layer 1
370
     0
100
AcDbVertex
100
AcDb2dVertex
 10
942.7919921875
 20
-40.3359375
 30
0.0
  0
VERTEX
  5
CAC
330
A46
100
AcDbEntity
  8
Layer 1
370
     0
100
AcDbVertex
100
AcDb2dVertex
 10
942.7978515625
 20
-40.380859375
 30
0.0
  0
VERTEX
  5
CAD
330
A46
100
AcDbEntity
  8
Layer 1
370
     0
100
AcDbVertex
100
AcDb2dVertex
 10
942.7890625
 20
-40.4453125
 30
0.0
  0
VERTEX
  5
CAE
330
A46
100
AcDbEntity
  8
Layer 1
370
     0
100
AcDbVertex
100
AcDb2dVertex
 10
942.78125
 20
-40.5078125
 30
0.0
  0
VERTEX
  5
CAF
330
A46
100
AcDbEntity
  8
Layer 1
370
     0
100
AcDbVertex
100
AcDb2dVertex
 10
942.7919921875
 20
-40.5478515625
 30
0.0
  0
VERTEX
  5
CB0
330
A46
100
AcDbEntity
  8
Layer 1
370
     0
100
AcDbVertex
100
AcDb2dVertex
 10
942.8388671875
 20
-40.58984375
 30
0.0
  0
VERTEX
  5
CB1
330
A46
100
AcDbEntity
  8
Layer 1
370
     0
100
AcDbVertex
100
AcDb2dVertex
 10
942.9052734375
 20
-40.65234375
 30
0.0
  0
VERTEX
  5
CB2
330
A46
100
AcDbEntity
  8
Layer 1
370
     0
100
AcDbVertex
100
AcDb2dVertex
 10
942.9677734375
 20
-40.7158203125
 30
0.0
  0
VERTEX
  5
CB3
330
A46
100
AcDbEntity
  8
Layer 1
370
     0
100
AcDbVertex
100
AcDb2dVertex
 10
943.00390625
 20
-40.759765625
 30
0.0
  0
VERTEX
  5
CB4
330
A46
100
AcDbEntity
  8
Layer 1
370
     0
100
AcDbVertex
100
AcDb2dVertex
 10
943.0078125
 20
-40.8056640625
 30
0.0
  0
VERTEX
  5
CB5
330
A46
100
AcDbEntity
  8
Layer 1
370
     0
100
AcDbVertex
100
AcDb2dVertex
 10
942.9990234375
 20
-40.87109375
 30
0.0
  0
VERTEX
  5
CB6
330
A46
100
AcDbEntity
  8
Layer 1
370
     0
100
AcDbVertex
100
AcDb2dVertex
 10
942.9931640625
 20
-40.93359375
 30
0.0
  0
VERTEX
  5
CB7
330
A46
100
AcDbEntity
  8
Layer 1
370
     0
100
AcDbVertex
100
AcDb2dVertex
 10
943.00390625
 20
-40.9716796875
 30
0.0
  0
VERTEX
  5
CB8
330
A46
100
AcDbEntity
  8
Layer 1
370
     0
100
AcDbVertex
100
AcDb2dVertex
 10
943.1630859375
 20
-41.2333984375
 30
0.0
  0
VERTEX
  5
CB9
330
A46
100
AcDbEntity
  8
Layer 1
370
     0
100
AcDbVertex
100
AcDb2dVertex
 10
942.9384765625
 20
-41.3779296875
 30
0.0
  0
VERTEX
  5
CBA
330
A46
100
AcDbEntity
  8
Layer 1
370
     0
100
AcDbVertex
100
AcDb2dVertex
 10
942.5341796875
 20
-41.478515625
 30
0.0
  0
VERTEX
  5
CBB
330
A46
100
AcDbEntity
  8
Layer 1
370
     0
100
AcDbVertex
100
AcDb2dVertex
 10
942.15625
 20
-41.6064453125
 30
0.0
  0
VERTEX
  5
CBC
330
A46
100
AcDbEntity
  8
Layer 1
370
     0
100
AcDbVertex
100
AcDb2dVertex
 10
941.982421875
 20
-41.7685546875
 30
0.0
  0
VERTEX
  5
CBD
330
A46
100
AcDbEntity
  8
Layer 1
370
     0
100
AcDbVertex
100
AcDb2dVertex
 10
941.74609375
 20
-42.03515625
 30
0.0
  0
VERTEX
  5
CBE
330
A46
100
AcDbEntity
  8
Layer 1
370
     0
100
AcDbVertex
100
AcDb2dVertex
 10
941.4765625
 20
-42.298828125
 30
0.0
  0
VERTEX
  5
CBF
330
A46
100
AcDbEntity
  8
Layer 1
370
     0
100
AcDbVertex
100
AcDb2dVertex
 10
941.2041015625
 20
-42.4541015625
 30
0.0
  0
VERTEX
  5
CC0
330
A46
100
AcDbEntity
  8
Layer 1
370
     0
100
AcDbVertex
100
AcDb2dVertex
 10
940.8505859375
 20
-42.607421875
 30
0.0
  0
VERTEX
  5
CC1
330
A46
100
AcDbEntity
  8
Layer 1
370
     0
100
AcDbVertex
100
AcDb2dVertex
 10
940.48046875
 20
-42.8408203125
 30
0.0
  0
VERTEX
  5
CC2
330
A46
100
AcDbEntity
  8
Layer 1
370
     0
100
AcDbVertex
100
AcDb2dVertex
 10
940.12890625
 20
-43.0654296875
 30
0.0
  0
VERTEX
  5
CC3
330
A46
100
AcDbEntity
  8
Layer 1
370
     0
100
AcDbVertex
100
AcDb2dVertex
 10
939.8271484375
 20
-43.1953125
 30
0.0
  0
VERTEX
  5
CC4
330
A46
100
AcDbEntity
  8
Layer 1
370
     0
100
AcDbVertex
100
AcDb2dVertex
 10
939.615234375
 20
-43.22265625
 30
0.0
  0
VERTEX
  5
CC5
330
A46
100
AcDbEntity
  8
Layer 1
370
     0
100
AcDbVertex
100
AcDb2dVertex
 10
939.376953125
 20
-43.228515625
 30
0.0
  0
VERTEX
  5
CC6
330
A46
100
AcDbEntity
  8
Layer 1
370
     0
100
AcDbVertex
100
AcDb2dVertex
 10
939.125
 20
-43.21875
 30
0.0
  0
VERTEX
  5
CC7
330
A46
100
AcDbEntity
  8
Layer 1
370
     0
100
AcDbVertex
100
AcDb2dVertex
 10
938.8740234375
 20
-43.1953125
 30
0.0
  0
VERTEX
  5
CC8
330
A46
100
AcDbEntity
  8
Layer 1
370
     0
100
AcDbVertex
100
AcDb2dVertex
 10
938.6337890625
 20
-43.140625
 30
0.0
  0
VERTEX
  5
CC9
330
A46
100
AcDbEntity
  8
Layer 1
370
     0
100
AcDbVertex
100
AcDb2dVertex
 10
938.3486328125
 20
-43.0595703125
 30
0.0
  0
VERTEX
  5
CCA
330
A46
100
AcDbEntity
  8
Layer 1
370
     0
100
AcDbVertex
100
AcDb2dVertex
 10
938.0087890625
 20
-42.9921875
 30
0.0
  0
VERTEX
  5
CCB
330
A46
100
AcDbEntity
  8
Layer 1
370
     0
100
AcDbVertex
100
AcDb2dVertex
 10
937.603515625
 20
-42.9833984375
 30
0.0
  0
VERTEX
  5
CCC
330
A46
100
AcDbEntity
  8
Layer 1
370
     0
100
AcDbVertex
100
AcDb2dVertex
 10
937.4267578125
 20
-43.0078125
 30
0.0
  0
VERTEX
  5
CCD
330
A46
100
AcDbEntity
  8
Layer 1
370
     0
100
AcDbVertex
100
AcDb2dVertex
 10
937.2470703125
 20
-43.052734375
 30
0.0
  0
VERTEX
  5
CCE
330
A46
100
AcDbEntity
  8
Layer 1
370
     0
100
AcDbVertex
100
AcDb2dVertex
 10
937.0595703125
 20
-43.1162109375
 30
0.0
  0
VERTEX
  5
CCF
330
A46
100
AcDbEntity
  8
Layer 1
370
     0
100
AcDbVertex
100
AcDb2dVertex
 10
936.8623046875
 20
-43.1953125
 30
0.0
  0
VERTEX
  5
CD0
330
A46
100
AcDbEntity
  8
Layer 1
370
     0
100
AcDbVertex
100
AcDb2dVertex
 10
936.7255859375
 20
-43.2724609375
 30
0.0
  0
VERTEX
  5
CD1
330
A46
100
AcDbEntity
  8
Layer 1
370
     0
100
AcDbVertex
100
AcDb2dVertex
 10
936.5732421875
 20
-43.37109375
 30
0.0
  0
VERTEX
  5
CD2
330
A46
100
AcDbEntity
  8
Layer 1
370
     0
100
AcDbVertex
100
AcDb2dVertex
 10
936.4072265625
 20
-43.4619140625
 30
0.0
  0
VERTEX
  5
CD3
330
A46
100
AcDbEntity
  8
Layer 1
370
     0
100
AcDbVertex
100
AcDb2dVertex
 10
936.2275390625
 20
-43.5126953125
 30
0.0
  0
VERTEX
  5
CD4
330
A46
100
AcDbEntity
  8
Layer 1
370
     0
100
AcDbVertex
100
AcDb2dVertex
 10
935.9951171875
 20
-43.5009765625
 30
0.0
  0
VERTEX
  5
CD5
330
A46
100
AcDbEntity
  8
Layer 1
370
     0
100
AcDbVertex
100
AcDb2dVertex
 10
935.75
 20
-43.4375
 30
0.0
  0
VERTEX
  5
CD6
330
A46
100
AcDbEntity
  8
Layer 1
370
     0
100
AcDbVertex
100
AcDb2dVertex
 10
935.478515625
 20
-43.359375
 30
0.0
  0
VERTEX
  5
CD7
330
A46
100
AcDbEntity
  8
Layer 1
370
     0
100
AcDbVertex
100
AcDb2dVertex
 10
935.1689453125
 20
-43.30078125
 30
0.0
  0
VERTEX
  5
CD8
330
A46
100
AcDbEntity
  8
Layer 1
370
     0
100
AcDbVertex
100
AcDb2dVertex
 10
934.48046875
 20
-43.2470703125
 30
0.0
  0
VERTEX
  5
CD9
330
A46
100
AcDbEntity
  8
Layer 1
370
     0
100
AcDbVertex
100
AcDb2dVertex
 10
933.58984375
 20
-43.2158203125
 30
0.0
  0
VERTEX
  5
CDA
330
A46
100
AcDbEntity
  8
Layer 1
370
     0
100
AcDbVertex
100
AcDb2dVertex
 10
932.66796875
 20
-43.2275390625
 30
0.0
  0
VERTEX
  5
CDB
330
A46
100
AcDbEntity
  8
Layer 1
370
     0
100
AcDbVertex
100
AcDb2dVertex
 10
931.88671875
 20
-43.30078125
 30
0.0
  0
VERTEX
  5
CDC
330
A46
100
AcDbEntity
  8
Layer 1
370
     0
100
AcDbVertex
100
AcDb2dVertex
 10
931.6064453125
 20
-43.38671875
 30
0.0
  0
VERTEX
  5
CDD
330
A46
100
AcDbEntity
  8
Layer 1
370
     0
100
AcDbVertex
100
AcDb2dVertex
 10
931.337890625
 20
-43.5166015625
 30
0.0
  0
VERTEX
  5
CDE
330
A46
100
AcDbEntity
  8
Layer 1
370
     0
100
AcDbVertex
100
AcDb2dVertex
 10
931.080078125
 20
-43.64453125
 30
0.0
  0
VERTEX
  5
CDF
330
A46
100
AcDbEntity
  8
Layer 1
370
     0
100
AcDbVertex
100
AcDb2dVertex
 10
930.8271484375
 20
-43.724609375
 30
0.0
  0
VERTEX
  5
CE0
330
A46
100
AcDbEntity
  8
Layer 1
370
     0
100
AcDbVertex
100
AcDb2dVertex
 10
930.388671875
 20
-43.7578125
 30
0.0
  0
VERTEX
  5
CE1
330
A46
100
AcDbEntity
  8
Layer 1
370
     0
100
AcDbVertex
100
AcDb2dVertex
 10
929.892578125
 20
-43.74609375
 30
0.0
  0
VERTEX
  5
CE2
330
A46
100
AcDbEntity
  8
Layer 1
370
     0
100
AcDbVertex
100
AcDb2dVertex
 10
929.361328125
 20
-43.7236328125
 30
0.0
  0
VERTEX
  5
CE3
330
A46
100
AcDbEntity
  8
Layer 1
370
     0
100
AcDbVertex
100
AcDb2dVertex
 10
928.8154296875
 20
-43.724609375
 30
0.0
  0
VERTEX
  5
CE4
330
A46
100
AcDbEntity
  8
Layer 1
370
     0
100
AcDbVertex
100
AcDb2dVertex
 10
927.8955078125
 20
-43.7646484375
 30
0.0
  0
VERTEX
  5
CE5
330
A46
100
AcDbEntity
  8
Layer 1
370
     0
100
AcDbVertex
100
AcDb2dVertex
 10
927.126953125
 20
-43.76953125
 30
0.0
  0
VERTEX
  5
CE6
330
A46
100
AcDbEntity
  8
Layer 1
370
     0
100
AcDbVertex
100
AcDb2dVertex
 10
926.541015625
 20
-43.69921875
 30
0.0
  0
VERTEX
  5
CE7
330
A46
100
AcDbEntity
  8
Layer 1
370
     0
100
AcDbVertex
100
AcDb2dVertex
 10
926.1689453125
 20
-43.5126953125
 30
0.0
  0
VERTEX
  5
CE8
330
A46
100
AcDbEntity
  8
Layer 1
370
     0
100
AcDbVertex
100
AcDb2dVertex
 10
926.0986328125
 20
-43.3935546875
 30
0.0
  0
VERTEX
  5
CE9
330
A46
100
AcDbEntity
  8
Layer 1
370
     0
100
AcDbVertex
100
AcDb2dVertex
 10
926.052734375
 20
-43.22265625
 30
0.0
  0
VERTEX
  5
CEA
330
A46
100
AcDbEntity
  8
Layer 1
370
     0
100
AcDbVertex
100
AcDb2dVertex
 10
926.01171875
 20
-43.01171875
 30
0.0
  0
VERTEX
  5
CEB
330
A46
100
AcDbEntity
  8
Layer 1
370
     0
100
AcDbVertex
100
AcDb2dVertex
 10
925.95703125
 20
-42.771484375
 30
0.0
  0
VERTEX
  5
CEC
330
A46
100
AcDbEntity
  8
Layer 1
370
     0
100
AcDbVertex
100
AcDb2dVertex
 10
925.908203125
 20
-42.6259765625
 30
0.0
  0
VERTEX
  5
CED
330
A46
100
AcDbEntity
  8
Layer 1
370
     0
100
AcDbVertex
100
AcDb2dVertex
 10
925.84375
 20
-42.45703125
 30
0.0
  0
VERTEX
  5
CEE
330
A46
100
AcDbEntity
  8
Layer 1
370
     0
100
AcDbVertex
100
AcDb2dVertex
 10
925.783203125
 20
-42.2861328125
 30
0.0
  0
VERTEX
  5
CEF
330
A46
100
AcDbEntity
  8
Layer 1
370
     0
100
AcDbVertex
100
AcDb2dVertex
 10
925.7451171875
 20
-42.13671875
 30
0.0
  0
VERTEX
  5
CF0
330
A46
100
AcDbEntity
  8
Layer 1
370
     0
100
AcDbVertex
100
AcDb2dVertex
 10
925.7294921875
 20
-41.8935546875
 30
0.0
  0
VERTEX
  5
CF1
330
A46
100
AcDbEntity
  8
Layer 1
370
     0
100
AcDbVertex
100
AcDb2dVertex
 10
925.73828125
 20
-41.630859375
 30
0.0
  0
VERTEX
  5
CF2
330
A46
100
AcDbEntity
  8
Layer 1
370
     0
100
AcDbVertex
100
AcDb2dVertex
 10
925.75
 20
-41.35546875
 30
0.0
  0
VERTEX
  5
CF3
330
A46
100
AcDbEntity
  8
Layer 1
370
     0
100
AcDbVertex
100
AcDb2dVertex
 10
925.7451171875
 20
-41.0771484375
 30
0.0
  0
VERTEX
  5
CF4
330
A46
100
AcDbEntity
  8
Layer 1
370
     0
100
AcDbVertex
100
AcDb2dVertex
 10
925.732421875
 20
-40.8671875
 30
0.0
  0
VERTEX
  5
CF5
330
A46
100
AcDbEntity
  8
Layer 1
370
     0
100
AcDbVertex
100
AcDb2dVertex
 10
925.7158203125
 20
-40.62890625
 30
0.0
  0
VERTEX
  5
CF6
330
A46
100
AcDbEntity
  8
Layer 1
370
     0
100
AcDbVertex
100
AcDb2dVertex
 10
925.6875
 20
-40.40234375
 30
0.0
  0
VERTEX
  5
CF7
330
A46
100
AcDbEntity
  8
Layer 1
370
     0
100
AcDbVertex
100
AcDb2dVertex
 10
925.6396484375
 20
-40.23046875
 30
0.0
  0
VERTEX
  5
CF8
330
A46
100
AcDbEntity
  8
Layer 1
370
     0
100
AcDbVertex
100
AcDb2dVertex
 10
925.5595703125
 20
-40.0830078125
 30
0.0
  0
VERTEX
  5
CF9
330
A46
100
AcDbEntity
  8
Layer 1
370
     0
100
AcDbVertex
100
AcDb2dVertex
 10
925.453125
 20
-39.92578125
 30
0.0
  0
VERTEX
  5
CFA
330
A46
100
AcDbEntity
  8
Layer 1
370
     0
100
AcDbVertex
100
AcDb2dVertex
 10
925.333984375
 20
-39.7890625
 30
0.0
  0
VERTEX
  5
CFB
330
A46
100
AcDbEntity
  8
Layer 1
370
     0
100
AcDbVertex
100
AcDb2dVertex
 10
925.2158203125
 20
-39.701171875
 30
0.0
  0
VERTEX
  5
CFC
330
A46
100
AcDbEntity
  8
Layer 1
370
     0
100
AcDbVertex
100
AcDb2dVertex
 10
925.1416015625
 20
-39.69140625
 30
0.0
  0
VERTEX
  5
CFD
330
A46
100
AcDbEntity
  8
Layer 1
370
     0
100
AcDbVertex
100
AcDb2dVertex
 10
925.0556640625
 20
-39.7041015625
 30
0.0
  0
VERTEX
  5
CFE
330
A46
100
AcDbEntity
  8
Layer 1
370
     0
100
AcDbVertex
100
AcDb2dVertex
 10
924.9697265625
 20
-39.7158203125
 30
0.0
  0
VERTEX
  5
CFF
330
A46
100
AcDbEntity
  8
Layer 1
370
     0
100
AcDbVertex
100
AcDb2dVertex
 10
924.8984375
 20
-39.701171875
 30
0.0
  0
VERTEX
  5
D00
330
A46
100
AcDbEntity
  8
Layer 1
370
     0
100
AcDbVertex
100
AcDb2dVertex
 10
924.6806640625
 20
-39.5712890625
 30
0.0
  0
VERTEX
  5
D01
330
A46
100
AcDbEntity
  8
Layer 1
370
     0
100
AcDbVertex
100
AcDb2dVertex
 10
924.431640625
 20
-39.423828125
 30
0.0
  0
VERTEX
  5
D02
330
A46
100
AcDbEntity
  8
Layer 1
370
     0
100
AcDbVertex
100
AcDb2dVertex
 10
924.2314453125
 20
-39.30859375
 30
0.0
  0
VERTEX
  5
D03
330
A46
100
AcDbEntity
  8
Layer 1
370
     0
100
AcDbVertex
100
AcDb2dVertex
 10
924.1572265625
 20
-39.27734375
 30
0.0
  0
VERTEX
  5
D04
330
A46
100
AcDbEntity
  8
Layer 1
370
     0
100
AcDbVertex
100
AcDb2dVertex
 10
924.1240234375
 20
-39.0869140625
 30
0.0
  0
VERTEX
  5
D05
330
A46
100
AcDbEntity
  8
Layer 1
370
     0
100
AcDbVertex
100
AcDb2dVertex
 10
924.13671875
 20
-38.798828125
 30
0.0
  0
VERTEX
  5
D06
330
A46
100
AcDbEntity
  8
Layer 1
370
     0
100
AcDbVertex
100
AcDb2dVertex
 10
924.1591796875
 20
-38.486328125
 30
0.0
  0
VERTEX
  5
D07
330
A46
100
AcDbEntity
  8
Layer 1
370
     0
100
AcDbVertex
100
AcDb2dVertex
 10
924.1572265625
 20
-38.21875
 30
0.0
  0
VERTEX
  5
D08
330
A46
100
AcDbEntity
  8
Layer 1
370
     0
100
AcDbVertex
100
AcDb2dVertex
 10
924.10546875
 20
-37.9775390625
 30
0.0
  0
VERTEX
  5
D09
330
A46
100
AcDbEntity
  8
Layer 1
370
     0
100
AcDbVertex
100
AcDb2dVertex
 10
923.9794921875
 20
-37.681640625
 30
0.0
  0
VERTEX
  5
D0A
330
A46
100
AcDbEntity
  8
Layer 1
370
     0
100
AcDbVertex
100
AcDb2dVertex
 10
923.7578125
 20
-37.4169921875
 30
0.0
  0
VERTEX
  5
D0B
330
A46
100
AcDbEntity
  8
Layer 1
370
     0
100
AcDbVertex
100
AcDb2dVertex
 10
923.416015625
 20
-37.265625
 30
0.0
  0
VERTEX
  5
D0C
330
A46
100
AcDbEntity
  8
Layer 1
370
     0
100
AcDbVertex
100
AcDb2dVertex
 10
923.3037109375
 20
-37.251953125
 30
0.0
  0
VERTEX
  5
D0D
330
A46
100
AcDbEntity
  8
Layer 1
370
     0
100
AcDbVertex
100
AcDb2dVertex
 10
923.1455078125
 20
-37.2421875
 30
0.0
  0
VERTEX
  5
D0E
330
A46
100
AcDbEntity
  8
Layer 1
370
     0
100
AcDbVertex
100
AcDb2dVertex
 10
922.990234375
 20
-37.244140625
 30
0.0
  0
VERTEX
  5
D0F
330
A46
100
AcDbEntity
  8
Layer 1
370
     0
100
AcDbVertex
100
AcDb2dVertex
 10
922.88671875
 20
-37.265625
 30
0.0
  0
VERTEX
  5
D10
330
A46
100
AcDbEntity
  8
Layer 1
370
     0
100
AcDbVertex
100
AcDb2dVertex
 10
922.83984375
 20
-37.3310546875
 30
0.0
  0
VERTEX
  5
D11
330
A46
100
AcDbEntity
  8
Layer 1
370
     0
100
AcDbVertex
100
AcDb2dVertex
 10
922.8251953125
 20
-37.4228515625
 30
0.0
  0
VERTEX
  5
D12
330
A46
100
AcDbEntity
  8
Layer 1
370
     0
100
AcDbVertex
100
AcDb2dVertex
 10
922.8154296875
 20
-37.515625
 30
0.0
  0
VERTEX
  5
D13
330
A46
100
AcDbEntity
  8
Layer 1
370
     0
100
AcDbVertex
100
AcDb2dVertex
 10
922.7802734375
 20
-37.5830078125
 30
0.0
  0
VERTEX
  5
D14
330
A46
100
AcDbEntity
  8
Layer 1
370
     0
100
AcDbVertex
100
AcDb2dVertex
 10
922.7138671875
 20
-37.5947265625
 30
0.0
  0
VERTEX
  5
D15
330
A46
100
AcDbEntity
  8
Layer 1
370
     0
100
AcDbVertex
100
AcDb2dVertex
 10
922.6181640625
 20
-37.580078125
 30
0.0
  0
VERTEX
  5
D16
330
A46
100
AcDbEntity
  8
Layer 1
370
     0
100
AcDbVertex
100
AcDb2dVertex
 10
922.5244140625
 20
-37.56640625
 30
0.0
  0
VERTEX
  5
D17
330
A46
100
AcDbEntity
  8
Layer 1
370
     0
100
AcDbVertex
100
AcDb2dVertex
 10
922.462890625
 20
-37.5830078125
 30
0.0
  0
VERTEX
  5
D18
330
A46
100
AcDbEntity
  8
Layer 1
370
     0
100
AcDbVertex
100
AcDb2dVertex
 10
922.43359375
 20
-37.646484375
 30
0.0
  0
VERTEX
  5
D19
330
A46
100
AcDbEntity
  8
Layer 1
370
     0
100
AcDbVertex
100
AcDb2dVertex
 10
922.390625
 20
-37.7802734375
 30
0.0
  0
VERTEX
  5
D1A
330
A46
100
AcDbEntity
  8
Layer 1
370
     0
100
AcDbVertex
100
AcDb2dVertex
 10
922.357421875
 20
-37.9482421875
 30
0.0
  0
VERTEX
  5
D1B
330
A46
100
AcDbEntity
  8
Layer 1
370
     0
100
AcDbVertex
100
AcDb2dVertex
 10
922.357421875
 20
-38.11328125
 30
0.0
  0
VERTEX
  5
D1C
330
A46
100
AcDbEntity
  8
Layer 1
370
     0
100
AcDbVertex
100
AcDb2dVertex
 10
922.4619140625
 20
-38.3154296875
 30
0.0
  0
VERTEX
  5
D1D
330
A46
100
AcDbEntity
  8
Layer 1
370
     0
100
AcDbVertex
100
AcDb2dVertex
 10
922.646484375
 20
-38.3681640625
 30
0.0
  0
VERTEX
  5
D1E
330
A46
100
AcDbEntity
  8
Layer 1
370
     0
100
AcDbVertex
100
AcDb2dVertex
 10
922.8720703125
 20
-38.3984375
 30
0.0
  0
VERTEX
  5
D1F
330
A46
100
AcDbEntity
  8
Layer 1
370
     0
100
AcDbVertex
100
AcDb2dVertex
 10
923.09765625
 20
-38.5361328125
 30
0.0
  0
VERTEX
  5
D20
330
A46
100
AcDbEntity
  8
Layer 1
370
     0
100
AcDbVertex
100
AcDb2dVertex
 10
923.2587890625
 20
-38.8994140625
 30
0.0
  0
VERTEX
  5
D21
330
A46
100
AcDbEntity
  8
Layer 1
370
     0
100
AcDbVertex
100
AcDb2dVertex
 10
923.1630859375
 20
-39.259765625
 30
0.0
  0
VERTEX
  5
D22
330
A46
100
AcDbEntity
  8
Layer 1
370
     0
100
AcDbVertex
100
AcDb2dVertex
 10
922.90234375
 20
-39.576171875
 30
0.0
  0
VERTEX
  5
D23
330
A46
100
AcDbEntity
  8
Layer 1
370
     0
100
AcDbVertex
100
AcDb2dVertex
 10
922.568359375
 20
-39.806640625
 30
0.0
  0
VERTEX
  5
D24
330
A46
100
AcDbEntity
  8
Layer 1
370
     0
100
AcDbVertex
100
AcDb2dVertex
 10
922.5224609375
 20
-39.810546875
 30
0.0
  0
VERTEX
  5
D25
330
A46
100
AcDbEntity
  8
Layer 1
370
     0
100
AcDbVertex
100
AcDb2dVertex
 10
922.4580078125
 20
-39.802734375
 30
0.0
  0
VERTEX
  5
D26
330
A46
100
AcDbEntity
  8
Layer 1
370
     0
100
AcDbVertex
100
AcDb2dVertex
 10
922.3955078125
 20
-39.7958984375
 30
0.0
  0
VERTEX
  5
D27
330
A46
100
AcDbEntity
  8
Layer 1
370
     0
100
AcDbVertex
100
AcDb2dVertex
 10
922.357421875
 20
-39.806640625
 30
0.0
  0
VERTEX
  5
D28
330
A46
100
AcDbEntity
  8
Layer 1
370
     0
100
AcDbVertex
100
AcDb2dVertex
 10
922.3154296875
 20
-39.8330078125
 30
0.0
  0
VERTEX
  5
D29
330
A46
100
AcDbEntity
  8
Layer 1
370
     0
100
AcDbVertex
100
AcDb2dVertex
 10
922.2451171875
 20
-39.8662109375
 30
0.0
  0
VERTEX
  5
D2A
330
A46
100
AcDbEntity
  8
Layer 1
370
     0
100
AcDbVertex
100
AcDb2dVertex
 10
922.177734375
 20
-39.8955078125
 30
0.0
  0
VERTEX
  5
D2B
330
A46
100
AcDbEntity
  8
Layer 1
370
     0
100
AcDbVertex
100
AcDb2dVertex
 10
922.1455078125
 20
-39.9130859375
 30
0.0
  0
VERTEX
  5
D2C
330
A46
100
AcDbEntity
  8
Layer 1
370
     0
100
AcDbVertex
100
AcDb2dVertex
 10
922.150390625
 20
-40.0
 30
0.0
  0
VERTEX
  5
D2D
330
A46
100
AcDbEntity
  8
Layer 1
370
     0
100
AcDbVertex
100
AcDb2dVertex
 10
922.2392578125
 20
-40.064453125
 30
0.0
  0
VERTEX
  5
D2E
330
A46
100
AcDbEntity
  8
Layer 1
370
     0
100
AcDbVertex
100
AcDb2dVertex
 10
922.361328125
 20
-40.1318359375
 30
0.0
  0
VERTEX
  5
D2F
330
A46
100
AcDbEntity
  8
Layer 1
370
     0
100
AcDbVertex
100
AcDb2dVertex
 10
922.462890625
 20
-40.23046875
 30
0.0
  0
VERTEX
  5
D30
330
A46
100
AcDbEntity
  8
Layer 1
370
     0
100
AcDbVertex
100
AcDb2dVertex
 10
922.4619140625
 20
-40.4580078125
 30
0.0
  0
VERTEX
  5
D31
330
A46
100
AcDbEntity
  8
Layer 1
370
     0
100
AcDbVertex
100
AcDb2dVertex
 10
922.29296875
 20
-40.7294921875
 30
0.0
  0
VERTEX
  5
D32
330
A46
100
AcDbEntity
  8
Layer 1
370
     0
100
AcDbVertex
100
AcDb2dVertex
 10
922.076171875
 20
-41.04296875
 30
0.0
  0
VERTEX
  5
D33
330
A46
100
AcDbEntity
  8
Layer 1
370
     0
100
AcDbVertex
100
AcDb2dVertex
 10
921.93359375
 20
-41.3955078125
 30
0.0
  0
VERTEX
  5
D34
330
A46
100
AcDbEntity
  8
Layer 1
370
     0
100
AcDbVertex
100
AcDb2dVertex
 10
921.875
 20
-41.81640625
 30
0.0
  0
VERTEX
  5
D35
330
A46
100
AcDbEntity
  8
Layer 1
370
     0
100
AcDbVertex
100
AcDb2dVertex
 10
921.876953125
 20
-42.115234375
 30
0.0
  0
VERTEX
  5
D36
330
A46
100
AcDbEntity
  8
Layer 1
370
     0
100
AcDbVertex
100
AcDb2dVertex
 10
921.93359375
 20
-42.37109375
 30
0.0
  0
VERTEX
  5
D37
330
A46
100
AcDbEntity
  8
Layer 1
370
     0
100
AcDbVertex
100
AcDb2dVertex
 10
922.0390625
 20
-42.666015625
 30
0.0
  0
VERTEX
  5
D38
330
A46
100
AcDbEntity
  8
Layer 1
370
     0
100
AcDbVertex
100
AcDb2dVertex
 10
922.05078125
 20
-42.69921875
 30
0.0
  0
VERTEX
  5
D39
330
A46
100
AcDbEntity
  8
Layer 1
370
     0
100
AcDbVertex
100
AcDb2dVertex
 10
922.07421875
 20
-42.751953125
 30
0.0
  0
VERTEX
  5
D3A
330
A46
100
AcDbEntity
  8
Layer 1
370
     0
100
AcDbVertex
100
AcDb2dVertex
 10
922.107421875
 20
-42.7880859375
 30
0.0
  0
VERTEX
  5
D3B
330
A46
100
AcDbEntity
  8
Layer 1
370
     0
100
AcDbVertex
100
AcDb2dVertex
 10
922.1455078125
 20
-42.771484375
 30
0.0
  0
VERTEX
  5
D3C
330
A46
100
AcDbEntity
  8
Layer 1
370
     0
100
AcDbVertex
100
AcDb2dVertex
 10
922.08984375
 20
-42.828125
 30
0.0
  0
VERTEX
  5
D3D
330
A46
100
AcDbEntity
  8
Layer 1
370
     0
100
AcDbVertex
100
AcDb2dVertex
 10
922.06640625
 20
-42.8173828125
 30
0.0
  0
VERTEX
  5
D3E
330
A46
100
AcDbEntity
  8
Layer 1
370
     0
100
AcDbVertex
100
AcDb2dVertex
 10
922.0556640625
 20
-42.7841796875
 30
0.0
  0
VERTEX
  5
D3F
330
A46
100
AcDbEntity
  8
Layer 1
370
     0
100
AcDbVertex
100
AcDb2dVertex
 10
922.0390625
 20
-42.771484375
 30
0.0
  0
VERTEX
  5
D40
330
A46
100
AcDbEntity
  8
Layer 1
370
     0
100
AcDbVertex
100
AcDb2dVertex
 10
922.0390625
 20
-42.771484375
 30
0.0
  0
SEQEND
  5
D41
330
A46
100
AcDbEntity
  8
Layer 1
370
     0
  0
POLYLINE
  5
D42
330
1F
100
AcDbEntity
  8
Layer 1
370
     0
100
AcDb2dPolyline
 66
     1
 10
0.0
 20
0.0
 30
0.0
  0
VERTEX
  5
D43
330
D42
100
AcDbEntity
  8
Layer 1
370
     0
100
AcDbVertex
100
AcDb2dVertex
 10
919.7099609375
 20
-36.1015625
 30
0.0
  0
VERTEX
  5
D44
330
D42
100
AcDbEntity
  8
Layer 1
370
     0
100
AcDbVertex
100
AcDb2dVertex
 10
919.6298828125
 20
-36.3515625
 30
0.0
  0
VERTEX
  5
D45
330
D42
100
AcDbEntity
  8
Layer 1
370
     0
100
AcDbVertex
100
AcDb2dVertex
 10
919.580078125
 20
-36.5537109375
 30
0.0
  0
VERTEX
  5
D46
330
D42
100
AcDbEntity
  8
Layer 1
370
     0
100
AcDbVertex
100
AcDb2dVertex
 10
919.568359375
 20
-36.71484375
 30
0.0
  0
VERTEX
  5
D47
330
D42
100
AcDbEntity
  8
Layer 1
370
     0
100
AcDbVertex
100
AcDb2dVertex
 10
919.6044921875
 20
-36.841796875
 30
0.0
  0
VERTEX
  5
D48
330
D42
100
AcDbEntity
  8
Layer 1
370
     0
100
AcDbVertex
100
AcDb2dVertex
 10
919.615234375
 20
-36.859375
 30
0.0
  0
VERTEX
  5
D49
330
D42
100
AcDbEntity
  8
Layer 1
370
     0
100
AcDbVertex
100
AcDb2dVertex
 10
919.6630859375
 20
-36.9404296875
 30
0.0
  0
VERTEX
  5
D4A
330
D42
100
AcDbEntity
  8
Layer 1
370
     0
100
AcDbVertex
100
AcDb2dVertex
 10
919.7080078125
 20
-37.0263671875
 30
0.0
  0
VERTEX
  5
D4B
330
D42
100
AcDbEntity
  8
Layer 1
370
     0
100
AcDbVertex
100
AcDb2dVertex
 10
919.7099609375
 20
-37.0537109375
 30
0.0
  0
VERTEX
  5
D4C
330
D42
100
AcDbEntity
  8
Layer 1
370
     0
100
AcDbVertex
100
AcDb2dVertex
 10
920.15234375
 20
-37.1845703125
 30
0.0
  0
VERTEX
  5
D4D
330
D42
100
AcDbEntity
  8
Layer 1
370
     0
100
AcDbVertex
100
AcDb2dVertex
 10
920.837890625
 20
-37.255859375
 30
0.0
  0
VERTEX
  5
D4E
330
D42
100
AcDbEntity
  8
Layer 1
370
     0
100
AcDbVertex
100
AcDb2dVertex
 10
921.5146484375
 20
-37.251953125
 30
0.0
  0
VERTEX
  5
D4F
330
D42
100
AcDbEntity
  8
Layer 1
370
     0
100
AcDbVertex
100
AcDb2dVertex
 10
921.93359375
 20
-37.16015625
 30
0.0
  0
VERTEX
  5
D50
330
D42
100
AcDbEntity
  8
Layer 1
370
     0
100
AcDbVertex
100
AcDb2dVertex
 10
921.9794921875
 20
-37.0947265625
 30
0.0
  0
VERTEX
  5
D51
330
D42
100
AcDbEntity
  8
Layer 1
370
     0
100
AcDbVertex
100
AcDb2dVertex
 10
921.974609375
 20
-37.0234375
 30
0.0
  0
VERTEX
  5
D52
330
D42
100
AcDbEntity
  8
Layer 1
370
     0
100
AcDbVertex
100
AcDb2dVertex
 10
921.9501953125
 20
-36.9677734375
 30
0.0
  0
VERTEX
  5
D53
330
D42
100
AcDbEntity
  8
Layer 1
370
     0
100
AcDbVertex
100
AcDb2dVertex
 10
921.93359375
 20
-36.9482421875
 30
0.0
  0
VERTEX
  5
D54
330
D42
100
AcDbEntity
  8
Layer 1
370
     0
100
AcDbVertex
100
AcDb2dVertex
 10
921.9765625
 20
-36.88671875
 30
0.0
  0
VERTEX
  5
D55
330
D42
100
AcDbEntity
  8
Layer 1
370
     0
100
AcDbVertex
100
AcDb2dVertex
 10
922.0478515625
 20
-36.822265625
 30
0.0
  0
VERTEX
  5
D56
330
D42
100
AcDbEntity
  8
Layer 1
370
     0
100
AcDbVertex
100
AcDb2dVertex
 10
922.115234375
 20
-36.7685546875
 30
0.0
  0
VERTEX
  5
D57
330
D42
100
AcDbEntity
  8
Layer 1
370
     0
100
AcDbVertex
100
AcDb2dVertex
 10
922.1455078125
 20
-36.736328125
 30
0.0
  0
VERTEX
  5
D58
330
D42
100
AcDbEntity
  8
Layer 1
370
     0
100
AcDbVertex
100
AcDb2dVertex
 10
922.1396484375
 20
-36.5654296875
 30
0.0
  0
VERTEX
  5
D59
330
D42
100
AcDbEntity
  8
Layer 1
370
     0
100
AcDbVertex
100
AcDb2dVertex
 10
922.1083984375
 20
-36.3447265625
 30
0.0
  0
VERTEX
  5
D5A
330
D42
100
AcDbEntity
  8
Layer 1
370
     0
100
AcDbVertex
100
AcDb2dVertex
 10
922.0693359375
 20
-36.134765625
 30
0.0
  0
VERTEX
  5
D5B
330
D42
100
AcDbEntity
  8
Layer 1
370
     0
100
AcDbVertex
100
AcDb2dVertex
 10
922.0390625
 20
-35.9951171875
 30
0.0
  0
VERTEX
  5
D5C
330
D42
100
AcDbEntity
  8
Layer 1
370
     0
100
AcDbVertex
100
AcDb2dVertex
 10
922.02734375
 20
-35.978515625
 30
0.0
  0
VERTEX
  5
D5D
330
D42
100
AcDbEntity
  8
Layer 1
370
     0
100
AcDbVertex
100
AcDb2dVertex
 10
921.9931640625
 20
-35.908203125
 30
0.0
  0
VERTEX
  5
D5E
330
D42
100
AcDbEntity
  8
Layer 1
370
     0
100
AcDbVertex
100
AcDb2dVertex
 10
921.9560546875
 20
-35.8291015625
 30
0.0
  0
VERTEX
  5
D5F
330
D42
100
AcDbEntity
  8
Layer 1
370
     0
100
AcDbVertex
100
AcDb2dVertex
 10
921.93359375
 20
-35.783203125
 30
0.0
  0
VERTEX
  5
D60
330
D42
100
AcDbEntity
  8
Layer 1
370
     0
100
AcDbVertex
100
AcDb2dVertex
 10
921.8388671875
 20
-35.6904296875
 30
0.0
  0
VERTEX
  5
D61
330
D42
100
AcDbEntity
  8
Layer 1
370
     0
100
AcDbVertex
100
AcDb2dVertex
 10
921.697265625
 20
-35.611328125
 30
0.0
  0
VERTEX
  5
D62
330
D42
100
AcDbEntity
  8
Layer 1
370
     0
100
AcDbVertex
100
AcDb2dVertex
 10
921.541015625
 20
-35.5380859375
 30
0.0
  0
VERTEX
  5
D63
330
D42
100
AcDbEntity
  8
Layer 1
370
     0
100
AcDbVertex
100
AcDb2dVertex
 10
921.404296875
 20
-35.4658203125
 30
0.0
  0
VERTEX
  5
D64
330
D42
100
AcDbEntity
  8
Layer 1
370
     0
100
AcDbVertex
100
AcDb2dVertex
 10
921.3525390625
 20
-35.4189453125
 30
0.0
  0
VERTEX
  5
D65
330
D42
100
AcDbEntity
  8
Layer 1
370
     0
100
AcDbVertex
100
AcDb2dVertex
 10
921.3095703125
 20
-35.361328125
 30
0.0
  0
VERTEX
  5
D66
330
D42
100
AcDbEntity
  8
Layer 1
370
     0
100
AcDbVertex
100
AcDb2dVertex
 10
921.2607421875
 20
-35.302734375
 30
0.0
  0
VERTEX
  5
D67
330
D42
100
AcDbEntity
  8
Layer 1
370
     0
100
AcDbVertex
100
AcDb2dVertex
 10
921.1923828125
 20
-35.25390625
 30
0.0
  0
VERTEX
  5
D68
330
D42
100
AcDbEntity
  8
Layer 1
370
     0
100
AcDbVertex
100
AcDb2dVertex
 10
921.0908203125
 20
-35.212890625
 30
0.0
  0
VERTEX
  5
D69
330
D42
100
AcDbEntity
  8
Layer 1
370
     0
100
AcDbVertex
100
AcDb2dVertex
 10
920.984375
 20
-35.1826171875
 30
0.0
  0
VERTEX
  5
D6A
330
D42
100
AcDbEntity
  8
Layer 1
370
     0
100
AcDbVertex
100
AcDb2dVertex
 10
920.8759765625
 20
-35.162109375
 30
0.0
  0
VERTEX
  5
D6B
330
D42
100
AcDbEntity
  8
Layer 1
370
     0
100
AcDbVertex
100
AcDb2dVertex
 10
920.7685546875
 20
-35.1484375
 30
0.0
  0
VERTEX
  5
D6C
330
D42
100
AcDbEntity
  8
Layer 1
370
     0
100
AcDbVertex
100
AcDb2dVertex
 10
920.6904296875
 20
-35.15625
 30
0.0
  0
VERTEX
  5
D6D
330
D42
100
AcDbEntity
  8
Layer 1
370
     0
100
AcDbVertex
100
AcDb2dVertex
 10
920.634765625
 20
-35.19140625
 30
0.0
  0
VERTEX
  5
D6E
330
D42
100
AcDbEntity
  8
Layer 1
370
     0
100
AcDbVertex
100
AcDb2dVertex
 10
920.59375
 20
-35.23046875
 30
0.0
  0
VERTEX
  5
D6F
330
D42
100
AcDbEntity
  8
Layer 1
370
     0
100
AcDbVertex
100
AcDb2dVertex
 10
920.556640625
 20
-35.25390625
 30
0.0
  0
VERTEX
  5
D70
330
D42
100
AcDbEntity
  8
Layer 1
370
     0
100
AcDbVertex
100
AcDb2dVertex
 10
920.1884765625
 20
-35.3681640625
 30
0.0
  0
VERTEX
  5
D71
330
D42
100
AcDbEntity
  8
Layer 1
370
     0
100
AcDbVertex
100
AcDb2dVertex
 10
919.9697265625
 20
-35.521484375
 30
0.0
  0
VERTEX
  5
D72
330
D42
100
AcDbEntity
  8
Layer 1
370
     0
100
AcDbVertex
100
AcDb2dVertex
 10
919.8330078125
 20
-35.7529296875
 30
0.0
  0
VERTEX
  5
D73
330
D42
100
AcDbEntity
  8
Layer 1
370
     0
100
AcDbVertex
100
AcDb2dVertex
 10
919.7099609375
 20
-36.1015625
 30
0.0
  0
VERTEX
  5
D74
330
D42
100
AcDbEntity
  8
Layer 1
370
     0
100
AcDbVertex
100
AcDb2dVertex
 10
919.7099609375
 20
-36.1015625
 30
0.0
  0
SEQEND
  5
D75
330
D42
100
AcDbEntity
  8
Layer 1
370
     0
  0
POLYLINE
  5
D76
330
1F
100
AcDbEntity
  8
Layer 1
370
     0
100
AcDb2dPolyline
 66
     1
 10
0.0
 20
0.0
 30
0.0
  0
VERTEX
  5
D77
330
D76
100
AcDbEntity
  8
Layer 1
370
     0
100
AcDbVertex
100
AcDb2dVertex
 10
926.486328125
 20
-39.5947265625
 30
0.0
  0
VERTEX
  5
D78
330
D76
100
AcDbEntity
  8
Layer 1
370
     0
100
AcDbVertex
100
AcDb2dVertex
 10
926.462890625
 20
-40.15625
 30
0.0
  0
VERTEX
  5
D79
330
D76
100
AcDbEntity
  8
Layer 1
370
     0
100
AcDbVertex
100
AcDb2dVertex
 10
926.4892578125
 20
-40.73828125
 30
0.0
  0
VERTEX
  5
D7A
330
D76
100
AcDbEntity
  8
Layer 1
370
     0
100
AcDbVertex
100
AcDb2dVertex
 10
926.56640625
 20
-41.224609375
 30
0.0
  0
VERTEX
  5
D7B
330
D76
100
AcDbEntity
  8
Layer 1
370
     0
100
AcDbVertex
100
AcDb2dVertex
 10
926.6982421875
 20
-41.5009765625
 30
0.0
  0
VERTEX
  5
D7C
330
D76
100
AcDbEntity
  8
Layer 1
370
     0
100
AcDbVertex
100
AcDb2dVertex
 10
926.708984375
 20
-41.5390625
 30
0.0
  0
VERTEX
  5
D7D
330
D76
100
AcDbEntity
  8
Layer 1
370
     0
100
AcDbVertex
100
AcDb2dVertex
 10
926.703125
 20
-41.6015625
 30
0.0
  0
VERTEX
  5
D7E
330
D76
100
AcDbEntity
  8
Layer 1
370
     0
100
AcDbVertex
100
AcDb2dVertex
 10
926.6953125
 20
-41.6669921875
 30
0.0
  0
VERTEX
  5
D7F
330
D76
100
AcDbEntity
  8
Layer 1
370
     0
100
AcDbVertex
100
AcDb2dVertex
 10
926.6982421875
 20
-41.712890625
 30
0.0
  0
VERTEX
  5
D80
330
D76
100
AcDbEntity
  8
Layer 1
370
     0
100
AcDbVertex
100
AcDb2dVertex
 10
926.7333984375
 20
-41.7568359375
 30
0.0
  0
VERTEX
  5
D81
330
D76
100
AcDbEntity
  8
Layer 1
370
     0
100
AcDbVertex
100
AcDb2dVertex
 10
926.796875
 20
-41.8203125
 30
0.0
  0
VERTEX
  5
D82
330
D76
100
AcDbEntity
  8
Layer 1
370
     0
100
AcDbVertex
100
AcDb2dVertex
 10
926.86328125
 20
-41.8828125
 30
0.0
  0
VERTEX
  5
D83
330
D76
100
AcDbEntity
  8
Layer 1
370
     0
100
AcDbVertex
100
AcDb2dVertex
 10
926.91015625
 20
-41.9248046875
 30
0.0
  0
VERTEX
  5
D84
330
D76
100
AcDbEntity
  8
Layer 1
370
     0
100
AcDbVertex
100
AcDb2dVertex
 10
926.9208984375
 20
-41.96484375
 30
0.0
  0
VERTEX
  5
D85
330
D76
100
AcDbEntity
  8
Layer 1
370
     0
100
AcDbVertex
100
AcDb2dVertex
 10
926.912109375
 20
-42.02734375
 30
0.0
  0
VERTEX
  5
D86
330
D76
100
AcDbEntity
  8
Layer 1
370
     0
100
AcDbVertex
100
AcDb2dVertex
 10
926.90234375
 20
-42.091796875
 30
0.0
  0
VERTEX
  5
D87
330
D76
100
AcDbEntity
  8
Layer 1
370
     0
100
AcDbVertex
100
AcDb2dVertex
 10
926.91015625
 20
-42.13671875
 30
0.0
  0
VERTEX
  5
D88
330
D76
100
AcDbEntity
  8
Layer 1
370
     0
100
AcDbVertex
100
AcDb2dVertex
 10
926.966796875
 20
-42.2041015625
 30
0.0
  0
VERTEX
  5
D89
330
D76
100
AcDbEntity
  8
Layer 1
370
     0
100
AcDbVertex
100
AcDb2dVertex
 10
927.0458984375
 20
-42.2900390625
 30
0.0
  0
VERTEX
  5
D8A
330
D76
100
AcDbEntity
  8
Layer 1
370
     0
100
AcDbVertex
100
AcDb2dVertex
 10
927.13671875
 20
-42.37890625
 30
0.0
  0
VERTEX
  5
D8B
330
D76
100
AcDbEntity
  8
Layer 1
370
     0
100
AcDbVertex
100
AcDb2dVertex
 10
927.2275390625
 20
-42.4541015625
 30
0.0
  0
VERTEX
  5
D8C
330
D76
100
AcDbEntity
  8
Layer 1
370
     0
100
AcDbVertex
100
AcDb2dVertex
 10
927.341796875
 20
-42.509765625
 30
0.0
  0
VERTEX
  5
D8D
330
D76
100
AcDbEntity
  8
Layer 1
370
     0
100
AcDbVertex
100
AcDb2dVertex
 10
927.4931640625
 20
-42.55859375
 30
0.0
  0
VERTEX
  5
D8E
330
D76
100
AcDbEntity
  8
Layer 1
370
     0
100
AcDbVertex
100
AcDb2dVertex
 10
927.64453125
 20
-42.609375
 30
0.0
  0
VERTEX
  5
D8F
330
D76
100
AcDbEntity
  8
Layer 1
370
     0
100
AcDbVertex
100
AcDb2dVertex
 10
927.7568359375
 20
-42.666015625
 30
0.0
  0
VERTEX
  5
D90
330
D76
100
AcDbEntity
  8
Layer 1
370
     0
100
AcDbVertex
100
AcDb2dVertex
 10
927.8720703125
 20
-42.7822265625
 30
0.0
  0
VERTEX
  5
D91
330
D76
100
AcDbEntity
  8
Layer 1
370
     0
100
AcDbVertex
100
AcDb2dVertex
 10
927.9501953125
 20
-42.90234375
 30
0.0
  0
VERTEX
  5
D92
330
D76
100
AcDbEntity
  8
Layer 1
370
     0
100
AcDbVertex
100
AcDb2dVertex
 10
928.0107421875
 20
-43.0107421875
 30
0.0
  0
VERTEX
  5
D93
330
D76
100
AcDbEntity
  8
Layer 1
370
     0
100
AcDbVertex
100
AcDb2dVertex
 10
928.07421875
 20
-43.0888671875
 30
0.0
  0
VERTEX
  5
D94
330
D76
100
AcDbEntity
  8
Layer 1
370
     0
100
AcDbVertex
100
AcDb2dVertex
 10
928.369140625
 20
-43.2646484375
 30
0.0
  0
VERTEX
  5
D95
330
D76
100
AcDbEntity
  8
Layer 1
370
     0
100
AcDbVertex
100
AcDb2dVertex
 10
928.64453125
 20
-43.3056640625
 30
0.0
  0
VERTEX
  5
D96
330
D76
100
AcDbEntity
  8
Layer 1
370
     0
100
AcDbVertex
100
AcDb2dVertex
 10
928.92578125
 20
-43.265625
 30
0.0
  0
VERTEX
  5
D97
330
D76
100
AcDbEntity
  8
Layer 1
370
     0
100
AcDbVertex
100
AcDb2dVertex
 10
929.2392578125
 20
-43.1953125
 30
0.0
  0
VERTEX
  5
D98
330
D76
100
AcDbEntity
  8
Layer 1
370
     0
100
AcDbVertex
100
AcDb2dVertex
 10
929.4248046875
 20
-43.1669921875
 30
0.0
  0
VERTEX
  5
D99
330
D76
100
AcDbEntity
  8
Layer 1
370
     0
100
AcDbVertex
100
AcDb2dVertex
 10
929.6220703125
 20
-43.1474609375
 30
0.0
  0
VERTEX
  5
D9A
330
D76
100
AcDbEntity
  8
Layer 1
370
     0
100
AcDbVertex
100
AcDb2dVertex
 10
929.8134765625
 20
-43.125
 30
0.0
  0
VERTEX
  5
D9B
330
D76
100
AcDbEntity
  8
Layer 1
370
     0
100
AcDbVertex
100
AcDb2dVertex
 10
929.98046875
 20
-43.0888671875
 30
0.0
  0
VERTEX
  5
D9C
330
D76
100
AcDbEntity
  8
Layer 1
370
     0
100
AcDbVertex
100
AcDb2dVertex
 10
930.0224609375
 20
-43.0546875
 30
0.0
  0
VERTEX
  5
D9D
330
D76
100
AcDbEntity
  8
Layer 1
370
     0
100
AcDbVertex
100
AcDb2dVertex
 10
930.0810546875
 20
-42.9873046875
 30
0.0
  0
VERTEX
  5
D9E
330
D76
100
AcDbEntity
  8
Layer 1
370
     0
100
AcDbVertex
100
AcDb2dVertex
 10
930.142578125
 20
-42.91796875
 30
0.0
  0
VERTEX
  5
D9F
330
D76
100
AcDbEntity
  8
Layer 1
370
     0
100
AcDbVertex
100
AcDb2dVertex
 10
930.1923828125
 20
-42.876953125
 30
0.0
  0
VERTEX
  5
DA0
330
D76
100
AcDbEntity
  8
Layer 1
370
     0
100
AcDbVertex
100
AcDb2dVertex
 10
930.2412109375
 20
-42.869140625
 30
0.0
  0
VERTEX
  5
DA1
330
D76
100
AcDbEntity
  8
Layer 1
370
     0
100
AcDbVertex
100
AcDb2dVertex
 10
930.296875
 20
-42.8740234375
 30
0.0
  0
VERTEX
  5
DA2
330
D76
100
AcDbEntity
  8
Layer 1
370
     0
100
AcDbVertex
100
AcDb2dVertex
 10
930.353515625
 20
-42.8798828125
 30
0.0
  0
VERTEX
  5
DA3
330
D76
100
AcDbEntity
  8
Layer 1
370
     0
100
AcDbVertex
100
AcDb2dVertex
 10
930.404296875
 20
-42.876953125
 30
0.0
  0
VERTEX
  5
DA4
330
D76
100
AcDbEntity
  8
Layer 1
370
     0
100
AcDbVertex
100
AcDb2dVertex
 10
930.4521484375
 20
-42.853515625
 30
0.0
  0
VERTEX
  5
DA5
330
D76
100
AcDbEntity
  8
Layer 1
370
     0
100
AcDbVertex
100
AcDb2dVertex
 10
930.4765625
 20
-42.8212890625
 30
0.0
  0
VERTEX
  5
DA6
330
D76
100
AcDbEntity
  8
Layer 1
370
     0
100
AcDbVertex
100
AcDb2dVertex
 10
930.4912109375
 20
-42.791015625
 30
0.0
  0
VERTEX
  5
DA7
330
D76
100
AcDbEntity
  8
Layer 1
370
     0
100
AcDbVertex
100
AcDb2dVertex
 10
930.509765625
 20
-42.771484375
 30
0.0
  0
VERTEX
  5
DA8
330
D76
100
AcDbEntity
  8
Layer 1
370
     0
100
AcDbVertex
100
AcDb2dVertex
 10
930.896484375
 20
-42.6650390625
 30
0.0
  0
VERTEX
  5
DA9
330
D76
100
AcDbEntity
  8
Layer 1
370
     0
100
AcDbVertex
100
AcDb2dVertex
 10
931.3330078125
 20
-42.599609375
 30
0.0
  0
VERTEX
  5
DAA
330
D76
100
AcDbEntity
  8
Layer 1
370
     0
100
AcDbVertex
100
AcDb2dVertex
 10
931.75390625
 20
-42.541015625
 30
0.0
  0
VERTEX
  5
DAB
330
D76
100
AcDbEntity
  8
Layer 1
370
     0
100
AcDbVertex
100
AcDb2dVertex
 10
932.09765625
 20
-42.4541015625
 30
0.0
  0
VERTEX
  5
DAC
330
D76
100
AcDbEntity
  8
Layer 1
370
     0
100
AcDbVertex
100
AcDb2dVertex
 10
932.2763671875
 20
-42.3818359375
 30
0.0
  0
VERTEX
  5
DAD
330
D76
100
AcDbEntity
  8
Layer 1
370
     0
100
AcDbVertex
100
AcDb2dVertex
 10
932.4755859375
 20
-42.2958984375
 30
0.0
  0
VERTEX
  5
DAE
330
D76
100
AcDbEntity
  8
Layer 1
370
     0
100
AcDbVertex
100
AcDb2dVertex
 10
932.64453125
 20
-42.2099609375
 30
0.0
  0
VERTEX
  5
DAF
330
D76
100
AcDbEntity
  8
Layer 1
370
     0
100
AcDbVertex
100
AcDb2dVertex
 10
932.7333984375
 20
-42.13671875
 30
0.0
  0
VERTEX
  5
DB0
330
D76
100
AcDbEntity
  8
Layer 1
370
     0
100
AcDbVertex
100
AcDb2dVertex
 10
932.796875
 20
-41.8505859375
 30
0.0
  0
VERTEX
  5
DB1
330
D76
100
AcDbEntity
  8
Layer 1
370
     0
100
AcDbVertex
100
AcDb2dVertex
 10
932.8154296875
 20
-41.431640625
 30
0.0
  0
VERTEX
  5
DB2
330
D76
100
AcDbEntity
  8
Layer 1
370
     0
100
AcDbVertex
100
AcDb2dVertex
 10
932.79296875
 20
-41.021484375
 30
0.0
  0
VERTEX
  5
DB3
330
D76
100
AcDbEntity
  8
Layer 1
370
     0
100
AcDbVertex
100
AcDb2dVertex
 10
932.7333984375
 20
-40.759765625
 30
0.0
  0
VERTEX
  5
DB4
330
D76
100
AcDbEntity
  8
Layer 1
370
     0
100
AcDbVertex
100
AcDb2dVertex
 10
932.666015625
 20
-40.6806640625
 30
0.0
  0
VERTEX
  5
DB5
330
D76
100
AcDbEntity
  8
Layer 1
370
     0
100
AcDbVertex
100
AcDb2dVertex
 10
932.626953125
 20
-40.72265625
 30
0.0
  0
VERTEX
  5
DB6
330
D76
100
AcDbEntity
  8
Layer 1
370
     0
100
AcDbVertex
100
AcDb2dVertex
 10
932.587890625
 20
-40.8095703125
 30
0.0
  0
VERTEX
  5
DB7
330
D76
100
AcDbEntity
  8
Layer 1
370
     0
100
AcDbVertex
100
AcDb2dVertex
 10
932.521484375
 20
-40.865234375
 30
0.0
  0
VERTEX
  5
DB8
330
D76
100
AcDbEntity
  8
Layer 1
370
     0
100
AcDbVertex
100
AcDb2dVertex
 10
932.2978515625
 20
-40.837890625
 30
0.0
  0
VERTEX
  5
DB9
330
D76
100
AcDbEntity
  8
Layer 1
370
     0
100
AcDbVertex
100
AcDb2dVertex
 10
932.0751953125
 20
-40.732421875
 30
0.0
  0
VERTEX
  5
DBA
330
D76
100
AcDbEntity
  8
Layer 1
370
     0
100
AcDbVertex
100
AcDb2dVertex
 10
931.890625
 20
-40.6142578125
 30
0.0
  0
VERTEX
  5
DBB
330
D76
100
AcDbEntity
  8
Layer 1
370
     0
100
AcDbVertex
100
AcDb2dVertex
 10
931.7802734375
 20
-40.5478515625
 30
0.0
  0
VERTEX
  5
DBC
330
D76
100
AcDbEntity
  8
Layer 1
370
     0
100
AcDbVertex
100
AcDb2dVertex
 10
931.599609375
 20
-40.5009765625
 30
0.0
  0
VERTEX
  5
DBD
330
D76
100
AcDbEntity
  8
Layer 1
370
     0
100
AcDbVertex
100
AcDb2dVertex
 10
931.447265625
 20
-40.47265625
 30
0.0
  0
VERTEX
  5
DBE
330
D76
100
AcDbEntity
  8
Layer 1
370
     0
100
AcDbVertex
100
AcDb2dVertex
 10
931.330078125
 20
-40.4560546875
 30
0.0
  0
VERTEX
  5
DBF
330
D76
100
AcDbEntity
  8
Layer 1
370
     0
100
AcDbVertex
100
AcDb2dVertex
 10
931.2509765625
 20
-40.4423828125
 30
0.0
  0
VERTEX
  5
DC0
330
D76
100
AcDbEntity
  8
Layer 1
370
     0
100
AcDbVertex
100
AcDb2dVertex
 10
931.19921875
 20
-40.4375
 30
0.0
  0
VERTEX
  5
DC1
330
D76
100
AcDbEntity
  8
Layer 1
370
     0
100
AcDbVertex
100
AcDb2dVertex
 10
931.14453125
 20
-40.4423828125
 30
0.0
  0
VERTEX
  5
DC2
330
D76
100
AcDbEntity
  8
Layer 1
370
     0
100
AcDbVertex
100
AcDb2dVertex
 10
931.0908203125
 20
-40.447265625
 30
0.0
  0
VERTEX
  5
DC3
330
D76
100
AcDbEntity
  8
Layer 1
370
     0
100
AcDbVertex
100
AcDb2dVertex
 10
931.0390625
 20
-40.4423828125
 30
0.0
  0
VERTEX
  5
DC4
330
D76
100
AcDbEntity
  8
Layer 1
370
     0
100
AcDbVertex
100
AcDb2dVertex
 10
930.8271484375
 20
-40.3681640625
 30
0.0
  0
VERTEX
  5
DC5
330
D76
100
AcDbEntity
  8
Layer 1
370
     0
100
AcDbVertex
100
AcDb2dVertex
 10
930.6611328125
 20
-40.2822265625
 30
0.0
  0
VERTEX
  5
DC6
330
D76
100
AcDbEntity
  8
Layer 1
370
     0
100
AcDbVertex
100
AcDb2dVertex
 10
930.525390625
 20
-40.1962890625
 30
0.0
  0
VERTEX
  5
DC7
330
D76
100
AcDbEntity
  8
Layer 1
370
     0
100
AcDbVertex
100
AcDb2dVertex
 10
930.404296875
 20
-40.125
 30
0.0
  0
VERTEX
  5
DC8
330
D76
100
AcDbEntity
  8
Layer 1
370
     0
100
AcDbVertex
100
AcDb2dVertex
 10
930.2958984375
 20
-40.0849609375
 30
0.0
  0
VERTEX
  5
DC9
330
D76
100
AcDbEntity
  8
Layer 1
370
     0
100
AcDbVertex
100
AcDb2dVertex
 10
930.1923828125
 20
-40.068359375
 30
0.0
  0
VERTEX
  5
DCA
330
D76
100
AcDbEntity
  8
Layer 1
370
     0
100
AcDbVertex
100
AcDb2dVertex
 10
930.0888671875
 20
-40.052734375
 30
0.0
  0
VERTEX
  5
DCB
330
D76
100
AcDbEntity
  8
Layer 1
370
     0
100
AcDbVertex
100
AcDb2dVertex
 10
929.98046875
 20
-40.0185546875
 30
0.0
  0
VERTEX
  5
DCC
330
D76
100
AcDbEntity
  8
Layer 1
370
     0
100
AcDbVertex
100
AcDb2dVertex
 10
929.9140625
 20
-39.9775390625
 30
0.0
  0
VERTEX
  5
DCD
330
D76
100
AcDbEntity
  8
Layer 1
370
     0
100
AcDbVertex
100
AcDb2dVertex
 10
929.826171875
 20
-39.9140625
 30
0.0
  0
VERTEX
  5
DCE
330
D76
100
AcDbEntity
  8
Layer 1
370
     0
100
AcDbVertex
100
AcDb2dVertex
 10
929.736328125
 20
-39.8486328125
 30
0.0
  0
VERTEX
  5
DCF
330
D76
100
AcDbEntity
  8
Layer 1
370
     0
100
AcDbVertex
100
AcDb2dVertex
 10
929.6630859375
 20
-39.806640625
 30
0.0
  0
VERTEX
  5
DD0
330
D76
100
AcDbEntity
  8
Layer 1
370
     0
100
AcDbVertex
100
AcDb2dVertex
 10
929.3037109375
 20
-39.705078125
 30
0.0
  0
VERTEX
  5
DD1
330
D76
100
AcDbEntity
  8
Layer 1
370
     0
100
AcDbVertex
100
AcDb2dVertex
 10
928.90625
 20
-39.6572265625
 30
0.0
  0
VERTEX
  5
DD2
330
D76
100
AcDbEntity
  8
Layer 1
370
     0
100
AcDbVertex
100
AcDb2dVertex
 10
928.490234375
 20
-39.6298828125
 30
0.0
  0
VERTEX
  5
DD3
330
D76
100
AcDbEntity
  8
Layer 1
370
     0
100
AcDbVertex
100
AcDb2dVertex
 10
928.07421875
 20
-39.5947265625
 30
0.0
  0
VERTEX
  5
DD4
330
D76
100
AcDbEntity
  8
Layer 1
370
     0
100
AcDbVertex
100
AcDb2dVertex
 10
927.6630859375
 20
-39.546875
 30
0.0
  0
VERTEX
  5
DD5
330
D76
100
AcDbEntity
  8
Layer 1
370
     0
100
AcDbVertex
100
AcDb2dVertex
 10
927.275390625
 20
-39.498046875
 30
0.0
  0
VERTEX
  5
DD6
330
D76
100
AcDbEntity
  8
Layer 1
370
     0
100
AcDbVertex
100
AcDb2dVertex
 10
926.943359375
 20
-39.4453125
 30
0.0
  0
VERTEX
  5
DD7
330
D76
100
AcDbEntity
  8
Layer 1
370
     0
100
AcDbVertex
100
AcDb2dVertex
 10
926.6982421875
 20
-39.3828125
 30
0.0
  0
VERTEX
  5
DD8
330
D76
100
AcDbEntity
  8
Layer 1
370
     0
100
AcDbVertex
100
AcDb2dVertex
 10
926.6611328125
 20
-39.353515625
 30
0.0
  0
VERTEX
  5
DD9
330
D76
100
AcDbEntity
  8
Layer 1
370
     0
100
AcDbVertex
100
AcDb2dVertex
 10
926.65625
 20
-39.328125
 30
0.0
  0
VERTEX
  5
DDA
330
D76
100
AcDbEntity
  8
Layer 1
370
     0
100
AcDbVertex
100
AcDb2dVertex
 10
926.6455078125
 20
-39.3291015625
 30
0.0
  0
VERTEX
  5
DDB
330
D76
100
AcDbEntity
  8
Layer 1
370
     0
100
AcDbVertex
100
AcDb2dVertex
 10
926.591796875
 20
-39.3828125
 30
0.0
  0
VERTEX
  5
DDC
330
D76
100
AcDbEntity
  8
Layer 1
370
     0
100
AcDbVertex
100
AcDb2dVertex
 10
926.5830078125
 20
-39.41796875
 30
0.0
  0
VERTEX
  5
DDD
330
D76
100
AcDbEntity
  8
Layer 1
370
     0
100
AcDbVertex
100
AcDb2dVertex
 10
926.544921875
 20
-39.5087890625
 30
0.0
  0
VERTEX
  5
DDE
330
D76
100
AcDbEntity
  8
Layer 1
370
     0
100
AcDbVertex
100
AcDb2dVertex
 10
926.5029296875
 20
-39.58984375
 30
0.0
  0
VERTEX
  5
DDF
330
D76
100
AcDbEntity
  8
Layer 1
370
     0
100
AcDbVertex
100
AcDb2dVertex
 10
926.486328125
 20
-39.5947265625
 30
0.0
  0
VERTEX
  5
DE0
330
D76
100
AcDbEntity
  8
Layer 1
370
     0
100
AcDbVertex
100
AcDb2dVertex
 10
926.486328125
 20
-39.5947265625
 30
0.0
  0
SEQEND
  5
DE1
330
D76
100
AcDbEntity
  8
Layer 1
370
     0
  0
HATCH
  5
DE2
330
1F
100
AcDbEntity
  8
Layer 1
 62
     7
420
 16777215
100
AcDbHatch
 10
0.0
 20
0.0
 30
0.0
210
0.0
220
0.0
230
1.0
  2
SOLID
 70
     1
 71
     0
 91
        3
 92
        1
 93
      760
 72
     1
 10
922.0390625
 20
-42.771484375
 11
922.01953125
 21
-42.7744140625
 72
     1
 10
922.01953125
 20
-42.7744140625
 11
921.986328125
 21
-42.775390625
 72
     1
 10
921.986328125
 20
-42.775390625
 11
921.953125
 21
-42.7744140625
 72
     1
 10
921.953125
 20
-42.7744140625
 11
921.93359375
 21
-42.771484375
 72
     1
 10
921.93359375
 20
-42.771484375
 11
921.7294921875
 21
-42.716796875
 72
     1
 10
921.7294921875
 20
-42.716796875
 11
921.427734375
 21
-42.666015625
 72
     1
 10
921.427734375
 20
-42.666015625
 11
921.033203125
 21
-42.615234375
 72
     1
 10
921.033203125
 20
-42.615234375
 11
920.556640625
 21
-42.5595703125
 72
     1
 10
920.556640625
 20
-42.5595703125
 11
920.224609375
 21
-42.5361328125
 72
     1
 10
920.224609375
 20
-42.5361328125
 11
919.8642578125
 21
-42.5224609375
 72
     1
 10
919.8642578125
 20
-42.5224609375
 11
919.5068359375
 21
-42.5009765625
 72
     1
 10
919.5068359375
 20
-42.5009765625
 11
919.1806640625
 21
-42.4541015625
 72
     1
 10
919.1806640625
 20
-42.4541015625
 11
918.9052734375
 21
-42.359375
 72
     1
 10
918.9052734375
 20
-42.359375
 11
918.599609375
 21
-42.20703125
 72
     1
 10
918.599609375
 20
-42.20703125
 11
918.2666015625
 21
-42.0185546875
 72
     1
 10
918.2666015625
 20
-42.0185546875
 11
917.91015625
 21
-41.818359375
 72
     1
 10
917.91015625
 20
-41.818359375
 11
917.681640625
 21
-41.6962890625
 72
     1
 10
917.681640625
 20
-41.6962890625
 11
917.4482421875
 21
-41.5693359375
 72
     1
 10
917.4482421875
 20
-41.5693359375
 11
917.20703125
 21
-41.4345703125
 72
     1
 10
917.20703125
 20
-41.4345703125
 11
916.95703125
 21
-41.2890625
 72
     1
 10
916.95703125
 20
-41.2890625
 11
916.884765625
 21
-41.2587890625
 72
     1
 10
916.884765625
 20
-41.2587890625
 11
916.8056640625
 21
-41.240234375
 72
     1
 10
916.8056640625
 20
-41.240234375
 11
916.72265625
 21
-41.21875
 72
     1
 10
916.72265625
 20
-41.21875
 11
916.6396484375
 21
-41.18359375
 72
     1
 10
916.6396484375
 20
-41.18359375
 11
916.501953125
 21
-41.0869140625
 72
     1
 10
916.501953125
 20
-41.0869140625
 11
916.3740234375
 21
-40.9736328125
 72
     1
 10
916.3740234375
 20
-40.9736328125
 11
916.24609375
 21
-40.859375
 72
     1
 10
916.24609375
 20
-40.859375
 11
916.1103515625
 21
-40.759765625
 72
     1
 10
916.1103515625
 20
-40.759765625
 11
916.0390625
 21
-40.7236328125
 72
     1
 10
916.0390625
 20
-40.7236328125
 11
915.9921875
 21
-40.7109375
 72
     1
 10
915.9921875
 20
-40.7109375
 11
915.9521484375
 21
-40.6962890625
 72
     1
 10
915.9521484375
 20
-40.6962890625
 11
915.8984375
 21
-40.654296875
 72
     1
 10
915.8984375
 20
-40.654296875
 11
915.7080078125
 21
-40.5302734375
 72
     1
 10
915.7080078125
 20
-40.5302734375
 11
915.42578125
 21
-40.396484375
 72
     1
 10
915.42578125
 20
-40.396484375
 11
915.115234375
 21
-40.259765625
 72
     1
 10
915.115234375
 20
-40.259765625
 11
914.83984375
 21
-40.125
 72
     1
 10
914.83984375
 20
-40.125
 11
914.755859375
 21
-40.072265625
 72
     1
 10
914.755859375
 20
-40.072265625
 11
914.6826171875
 21
-40.01953125
 72
     1
 10
914.6826171875
 20
-40.01953125
 11
914.6083984375
 21
-39.9658203125
 72
     1
 10
914.6083984375
 20
-39.9658203125
 11
914.521484375
 21
-39.9130859375
 72
     1
 10
914.521484375
 20
-39.9130859375
 11
914.4560546875
 21
-39.8896484375
 72
     1
 10
914.4560546875
 20
-39.8896484375
 11
914.365234375
 21
-39.8671875
 72
     1
 10
914.365234375
 20
-39.8671875
 11
914.2724609375
 21
-39.8408203125
 72
     1
 10
914.2724609375
 20
-39.8408203125
 11
914.2041015625
 21
-39.806640625
 72
     1
 10
914.2041015625
 20
-39.806640625
 11
914.1572265625
 21
-39.73828125
 72
     1
 10
914.1572265625
 20
-39.73828125
 11
914.1435546875
 21
-39.6572265625
 72
     1
 10
914.1435546875
 20
-39.6572265625
 11
914.1337890625
 21
-39.5712890625
 72
     1
 10
914.1337890625
 20
-39.5712890625
 11
914.0986328125
 21
-39.4892578125
 72
     1
 10
914.0986328125
 20
-39.4892578125
 11
914.0107421875
 21
-39.390625
 72
     1
 10
914.0107421875
 20
-39.390625
 11
913.8671875
 21
-39.2451171875
 72
     1
 10
913.8671875
 20
-39.2451171875
 11
913.70703125
 21
-39.0908203125
 72
     1
 10
913.70703125
 20
-39.0908203125
 11
913.568359375
 21
-38.9599609375
 72
     1
 10
913.568359375
 20
-38.9599609375
 11
913.4970703125
 21
-38.9208984375
 72
     1
 10
913.4970703125
 20
-38.9208984375
 11
913.4150390625
 21
-38.9052734375
 72
     1
 10
913.4150390625
 20
-38.9052734375
 11
913.330078125
 21
-38.890625
 72
     1
 10
913.330078125
 20
-38.890625
 11
913.2509765625
 21
-38.853515625
 72
     1
 10
913.2509765625
 20
-38.853515625
 11
913.150390625
 21
-38.759765625
 72
     1
 10
913.150390625
 20
-38.759765625
 11
913.017578125
 21
-38.6181640625
 72
     1
 10
913.017578125
 20
-38.6181640625
 11
912.869140625
 21
-38.4619140625
 72
     1
 10
912.869140625
 20
-38.4619140625
 11
912.7216796875
 21
-38.32421875
 72
     1
 10
912.7216796875
 20
-38.32421875
 11
912.587890625
 21
-38.185546875
 72
     1
 10
912.587890625
 20
-38.185546875
 11
912.390625
 21
-37.974609375
 72
     1
 10
912.390625
 20
-37.974609375
 11
912.1728515625
 21
-37.7802734375
 72
     1
 10
912.1728515625
 20
-37.7802734375
 11
911.98046875
 21
-37.689453125
 72
     1
 10
911.98046875
 20
-37.689453125
 11
911.8857421875
 21
-37.6552734375
 72
     1
 10
911.8857421875
 20
-37.6552734375
 11
911.74609375
 21
-37.57421875
 72
     1
 10
911.74609375
 20
-37.57421875
 11
911.591796875
 21
-37.4716796875
 72
     1
 10
911.591796875
 20
-37.4716796875
 11
911.451171875
 21
-37.37109375
 72
     1
 10
911.451171875
 20
-37.37109375
 11
911.3525390625
 21
-37.28125
 72
     1
 10
911.3525390625
 20
-37.28125
 11
911.267578125
 21
-37.1845703125
 72
     1
 10
911.267578125
 20
-37.1845703125
 11
911.1953125
 21
-37.1025390625
 72
     1
 10
911.1953125
 20
-37.1025390625
 11
911.1337890625
 21
-37.0537109375
 72
     1
 10
911.1337890625
 20
-37.0537109375
 11
910.9560546875
 21
-37.017578125
 72
     1
 10
910.9560546875
 20
-37.017578125
 11
910.740234375
 21
-37.009765625
 72
     1
 10
910.740234375
 20
-37.009765625
 11
910.53515625
 21
-36.9970703125
 72
     1
 10
910.53515625
 20
-36.9970703125
 11
910.392578125
 21
-36.9482421875
 72
     1
 10
910.392578125
 20
-36.9482421875
 11
910.361328125
 21
-36.890625
 72
     1
 10
910.361328125
 20
-36.890625
 11
910.333984375
 21
-36.794921875
 72
     1
 10
910.333984375
 20
-36.794921875
 11
910.30859375
 21
-36.697265625
 72
     1
 10
910.30859375
 20
-36.697265625
 11
910.2861328125
 21
-36.630859375
 72
     1
 10
910.2861328125
 20
-36.630859375
 11
910.2578125
 21
-36.607421875
 72
     1
 10
910.2578125
 20
-36.607421875
 11
910.224609375
 21
-36.6015625
 72
     1
 10
910.224609375
 20
-36.6015625
 11
910.1953125
 21
-36.583984375
 72
     1
 10
910.1953125
 20
-36.583984375
 11
910.1806640625
 21
-36.5244140625
 72
     1
 10
910.1806640625
 20
-36.5244140625
 11
910.1396484375
 21
-36.439453125
 72
     1
 10
910.1396484375
 20
-36.439453125
 11
910.048828125
 21
-36.3193359375
 72
     1
 10
910.048828125
 20
-36.3193359375
 11
909.9443359375
 21
-36.1962890625
 72
     1
 10
909.9443359375
 20
-36.1962890625
 11
909.86328125
 21
-36.1015625
 72
     1
 10
909.86328125
 20
-36.1015625
 11
909.69140625
 21
-35.908203125
 72
     1
 10
909.69140625
 20
-35.908203125
 11
909.5234375
 21
-35.744140625
 72
     1
 10
909.5234375
 20
-35.744140625
 11
909.3662109375
 21
-35.6005859375
 72
     1
 10
909.3662109375
 20
-35.6005859375
 11
909.2275390625
 21
-35.4658203125
 72
     1
 10
909.2275390625
 20
-35.4658203125
 11
909.2177734375
 21
-35.421875
 72
     1
 10
909.2177734375
 20
-35.421875
 11
909.2275390625
 21
-35.359375
 72
     1
 10
909.2275390625
 20
-35.359375
 11
909.23828125
 21
-35.296875
 72
     1
 10
909.23828125
 20
-35.296875
 11
909.2275390625
 21
-35.25390625
 72
     1
 10
909.2275390625
 20
-35.25390625
 11
909.1845703125
 21
-35.2431640625
 72
     1
 10
909.1845703125
 20
-35.2431640625
 11
909.123046875
 21
-35.2529296875
 72
     1
 10
909.123046875
 20
-35.2529296875
 11
909.060546875
 21
-35.263671875
 72
     1
 10
909.060546875
 20
-35.263671875
 11
909.015625
 21
-35.25390625
 72
     1
 10
909.015625
 20
-35.25390625
 11
908.92578125
 21
-35.1533203125
 72
     1
 10
908.92578125
 20
-35.1533203125
 11
908.826171875
 21
-35.017578125
 72
     1
 10
908.826171875
 20
-35.017578125
 11
908.7158203125
 21
-34.8681640625
 72
     1
 10
908.7158203125
 20
-34.8681640625
 11
908.5927734375
 21
-34.724609375
 72
     1
 10
908.5927734375
 20
-34.724609375
 11
908.255859375
 21
-34.4072265625
 72
     1
 10
908.255859375
 20
-34.4072265625
 11
908.0576171875
 21
-34.1904296875
 72
     1
 10
908.0576171875
 20
-34.1904296875
 11
907.9951171875
 21
-33.923828125
 72
     1
 10
907.9951171875
 20
-33.923828125
 11
908.0634765625
 21
-33.4541015625
 72
     1
 10
908.0634765625
 20
-33.4541015625
 11
908.0595703125
 21
-32.5498046875
 72
     1
 10
908.0595703125
 20
-32.5498046875
 11
907.6953125
 21
-31.8330078125
 72
     1
 10
907.6953125
 20
-31.8330078125
 11
907.091796875
 21
-31.23828125
 72
     1
 10
907.091796875
 20
-31.23828125
 11
906.369140625
 21
-30.701171875
 72
     1
 10
906.369140625
 20
-30.701171875
 11
906.236328125
 21
-30.60546875
 72
     1
 10
906.236328125
 20
-30.60546875
 11
906.107421875
 21
-30.5078125
 72
     1
 10
906.107421875
 20
-30.5078125
 11
905.9765625
 21
-30.4013671875
 72
     1
 10
905.9765625
 20
-30.4013671875
 11
905.83984375
 21
-30.27734375
 72
     1
 10
905.83984375
 20
-30.27734375
 11
905.744140625
 21
-30.2236328125
 72
     1
 10
905.744140625
 20
-30.2236328125
 11
905.615234375
 21
-30.1875
 72
     1
 10
905.615234375
 20
-30.1875
 11
905.466796875
 21
-30.1435546875
 72
     1
 10
905.466796875
 20
-30.1435546875
 11
905.310546875
 21
-30.0654296875
 72
     1
 10
905.310546875
 20
-30.0654296875
 11
905.251953125
 21
-29.9990234375
 72
     1
 10
905.251953125
 20
-29.9990234375
 11
905.203125
 21
-29.90625
 72
     1
 10
905.203125
 20
-29.90625
 11
905.1552734375
 21
-29.814453125
 72
     1
 10
905.1552734375
 20
-29.814453125
 11
905.0986328125
 21
-29.748046875
 72
     1
 10
905.0986328125
 20
-29.748046875
 11
905.0537109375
 21
-29.7421875
 72
     1
 10
905.0537109375
 20
-29.7421875
 11
904.9892578125
 21
-29.7509765625
 72
     1
 10
904.9892578125
 20
-29.7509765625
 11
904.92578125
 21
-29.7587890625
 72
     1
 10
904.92578125
 20
-29.7587890625
 11
904.88671875
 21
-29.748046875
 72
     1
 10
904.88671875
 20
-29.748046875
 11
904.78515625
 21
-29.6455078125
 72
     1
 10
904.78515625
 20
-29.6455078125
 11
904.658203125
 21
-29.546875
 72
     1
 10
904.658203125
 20
-29.546875
 11
904.5146484375
 21
-29.4423828125
 72
     1
 10
904.5146484375
 20
-29.4423828125
 11
904.357421875
 21
-29.32421875
 72
     1
 10
904.357421875
 20
-29.32421875
 11
904.2255859375
 21
-29.2041015625
 72
     1
 10
904.2255859375
 20
-29.2041015625
 11
904.095703125
 21
-29.06640625
 72
     1
 10
904.095703125
 20
-29.06640625
 11
903.96484375
 21
-28.9248046875
 72
     1
 10
903.96484375
 20
-28.9248046875
 11
903.828125
 21
-28.794921875
 72
     1
 10
903.828125
 20
-28.794921875
 11
903.7841796875
 21
-28.787109375
 72
     1
 10
903.7841796875
 20
-28.787109375
 11
903.7197265625
 21
-28.796875
 72
     1
 10
903.7197265625
 20
-28.796875
 11
903.65625
 21
-28.8056640625
 72
     1
 10
903.65625
 20
-28.8056640625
 11
903.6162109375
 21
-28.794921875
 72
     1
 10
903.6162109375
 20
-28.794921875
 11
903.3740234375
 21
-28.52734375
 72
     1
 10
903.3740234375
 20
-28.52734375
 11
903.068359375
 21
-28.220703125
 72
     1
 10
903.068359375
 20
-28.220703125
 11
902.74609375
 21
-27.9111328125
 72
     1
 10
902.74609375
 20
-27.9111328125
 11
902.451171875
 21
-27.630859375
 72
     1
 10
902.451171875
 20
-27.630859375
 11
902.3876953125
 21
-27.5888671875
 72
     1
 10
902.3876953125
 20
-27.5888671875
 11
902.2802734375
 21
-27.53515625
 72
     1
 10
902.2802734375
 20
-27.53515625
 11
902.15234375
 21
-27.4755859375
 72
     1
 10
902.15234375
 20
-27.4755859375
 11
902.02734375
 21
-27.4189453125
 72
     1
 10
902.02734375
 20
-27.4189453125
 11
901.8681640625
 21
-27.3642578125
 72
     1
 10
901.8681640625
 20
-27.3642578125
 11
901.697265625
 21
-27.3212890625
 72
     1
 10
901.697265625
 20
-27.3212890625
 11
901.5322265625
 21
-27.2744140625
 72
     1
 10
901.5322265625
 20
-27.2744140625
 11
901.392578125
 21
-27.20703125
 72
     1
 10
901.392578125
 20
-27.20703125
 11
901.267578125
 21
-27.0791015625
 72
     1
 10
901.267578125
 20
-27.0791015625
 11
901.111328125
 21
-26.880859375
 72
     1
 10
901.111328125
 20
-26.880859375
 11
900.9638671875
 21
-26.6875
 72
     1
 10
900.9638671875
 20
-26.6875
 11
900.86328125
 21
-26.572265625
 72
     1
 10
900.86328125
 20
-26.572265625
 11
900.75
 21
-26.4912109375
 72
     1
 10
900.75
 20
-26.4912109375
 11
900.619140625
 21
-26.4091796875
 72
     1
 10
900.619140625
 20
-26.4091796875
 11
900.478515625
 21
-26.3291015625
 72
     1
 10
900.478515625
 20
-26.3291015625
 11
900.333984375
 21
-26.25390625
 72
     1
 10
900.333984375
 20
-26.25390625
 11
900.1787109375
 21
-26.197265625
 72
     1
 10
900.1787109375
 20
-26.197265625
 11
900.0126953125
 21
-26.1572265625
 72
     1
 10
900.0126953125
 20
-26.1572265625
 11
899.84765625
 21
-26.11328125
 72
     1
 10
899.84765625
 20
-26.11328125
 11
899.6982421875
 21
-26.0419921875
 72
     1
 10
899.6982421875
 20
-26.0419921875
 11
899.5205078125
 21
-25.892578125
 72
     1
 10
899.5205078125
 20
-25.892578125
 11
899.33984375
 21
-25.697265625
 72
     1
 10
899.33984375
 20
-25.697265625
 11
899.15234375
 21
-25.4892578125
 72
     1
 10
899.15234375
 20
-25.4892578125
 11
898.95703125
 21
-25.30078125
 72
     1
 10
898.95703125
 20
-25.30078125
 11
898.361328125
 21
-24.8408203125
 72
     1
 10
898.361328125
 20
-24.8408203125
 11
897.6533203125
 21
-24.2919921875
 72
     1
 10
897.6533203125
 20
-24.2919921875
 11
897.041015625
 21
-23.7177734375
 72
     1
 10
897.041015625
 20
-23.7177734375
 11
896.7333984375
 21
-23.18359375
 72
     1
 10
896.7333984375
 20
-23.18359375
 11
896.728515625
 21
-22.765625
 72
     1
 10
896.728515625
 20
-22.765625
 11
896.82421875
 21
-22.3203125
 72
     1
 10
896.82421875
 20
-22.3203125
 11
896.98046875
 21
-21.8837890625
 72
     1
 10
896.98046875
 20
-21.8837890625
 11
897.1572265625
 21
-21.4892578125
 72
     1
 10
897.1572265625
 20
-21.4892578125
 11
897.18359375
 21
-21.466796875
 72
     1
 10
897.18359375
 20
-21.466796875
 11
897.2177734375
 21
-21.4609375
 72
     1
 10
897.2177734375
 20
-21.4609375
 11
897.248046875
 21
-21.44140625
 72
     1
 10
897.248046875
 20
-21.44140625
 11
897.263671875
 21
-21.3837890625
 72
     1
 10
897.263671875
 20
-21.3837890625
 11
897.3447265625
 21
-21.1376953125
 72
     1
 10
897.3447265625
 20
-21.1376953125
 11
897.5283203125
 21
-20.904296875
 72
     1
 10
897.5283203125
 20
-20.904296875
 11
897.765625
 21
-20.671875
 72
     1
 10
897.765625
 20
-20.671875
 11
898.00390625
 21
-20.4306640625
 72
     1
 10
898.00390625
 20
-20.4306640625
 11
898.1259765625
 21
-20.2802734375
 72
     1
 10
898.1259765625
 20
-20.2802734375
 11
898.2470703125
 21
-20.119140625
 72
     1
 10
898.2470703125
 20
-20.119140625
 11
898.37890625
 21
-19.955078125
 72
     1
 10
898.37890625
 20
-19.955078125
 11
898.5341796875
 21
-19.794921875
 72
     1
 10
898.5341796875
 20
-19.794921875
 11
898.8701171875
 21
-19.5224609375
 72
     1
 10
898.8701171875
 20
-19.5224609375
 11
899.3349609375
 21
-19.1865234375
 72
     1
 10
899.3349609375
 20
-19.1865234375
 11
899.76953125
 21
-18.916015625
 72
     1
 10
899.76953125
 20
-18.916015625
 11
900.015625
 21
-18.8427734375
 72
     1
 10
900.015625
 20
-18.8427734375
 11
900.099609375
 21
-19.0673828125
 72
     1
 10
900.099609375
 20
-19.0673828125
 11
900.140625
 21
-19.486328125
 72
     1
 10
900.140625
 20
-19.486328125
 11
900.1728515625
 21
-19.953125
 72
     1
 10
900.1728515625
 20
-19.953125
 11
900.2275390625
 21
-20.32421875
 72
     1
 10
900.2275390625
 20
-20.32421875
 11
900.2734375
 21
-20.4609375
 72
     1
 10
900.2734375
 20
-20.4609375
 11
900.322265625
 21
-20.5771484375
 72
     1
 10
900.322265625
 20
-20.5771484375
 11
900.376953125
 21
-20.69921875
 72
     1
 10
900.376953125
 20
-20.69921875
 11
900.439453125
 21
-20.8544921875
 72
     1
 10
900.439453125
 20
-20.8544921875
 11
900.46875
 21
-21.0439453125
 72
     1
 10
900.46875
 20
-21.0439453125
 11
900.4765625
 21
-21.31640625
 72
     1
 10
900.4765625
 20
-21.31640625
 11
900.4921875
 21
-21.623046875
 72
     1
 10
900.4921875
 20
-21.623046875
 11
900.5458984375
 21
-21.9130859375
 72
     1
 10
900.5458984375
 20
-21.9130859375
 11
900.65234375
 21
-22.140625
 72
     1
 10
900.65234375
 20
-22.140625
 11
900.814453125
 21
-22.3876953125
 72
     1
 10
900.814453125
 20
-22.3876953125
 11
901.0009765625
 21
-22.662109375
 72
     1
 10
901.0009765625
 20
-22.662109375
 11
901.1806640625
 21
-22.9716796875
 72
     1
 10
901.1806640625
 20
-22.9716796875
 11
901.2587890625
 21
-23.181640625
 72
     1
 10
901.2587890625
 20
-23.181640625
 11
901.3212890625
 21
-23.419921875
 72
     1
 10
901.3212890625
 20
-23.419921875
 11
901.392578125
 21
-23.6728515625
 72
     1
 10
901.392578125
 20
-23.6728515625
 11
901.498046875
 21
-23.9248046875
 72
     1
 10
901.498046875
 20
-23.9248046875
 11
901.541015625
 21
-23.974609375
 72
     1
 10
901.541015625
 20
-23.974609375
 11
901.6083984375
 21
-24.0341796875
 72
     1
 10
901.6083984375
 20
-24.0341796875
 11
901.6728515625
 21
-24.091796875
 72
     1
 10
901.6728515625
 20
-24.091796875
 11
901.7099609375
 21
-24.13671875
 72
     1
 10
901.7099609375
 20
-24.13671875
 11
901.84765625
 21
-24.5419921875
 72
     1
 10
901.84765625
 20
-24.5419921875
 11
901.955078125
 21
-24.943359375
 72
     1
 10
901.955078125
 20
-24.943359375
 11
902.072265625
 21
-25.337890625
 72
     1
 10
902.072265625
 20
-25.337890625
 11
902.2392578125
 21
-25.724609375
 72
     1
 10
902.2392578125
 20
-25.724609375
 11
902.2822265625
 21
-25.7744140625
 72
     1
 10
902.2822265625
 20
-25.7744140625
 11
902.3505859375
 21
-25.8349609375
 72
     1
 10
902.3505859375
 20
-25.8349609375
 11
902.416015625
 21
-25.892578125
 72
     1
 10
902.416015625
 20
-25.892578125
 11
902.451171875
 21
-25.9365234375
 72
     1
 10
902.451171875
 20
-25.9365234375
 11
902.4921875
 21
-26.119140625
 72
     1
 10
902.4921875
 20
-26.119140625
 11
902.50390625
 21
-26.296875
 72
     1
 10
902.50390625
 20
-26.296875
 11
902.5166015625
 21
-26.453125
 72
     1
 10
902.5166015625
 20
-26.453125
 11
902.5576171875
 21
-26.572265625
 72
     1
 10
902.5576171875
 20
-26.572265625
 11
902.6298828125
 21
-26.6611328125
 72
     1
 10
902.6298828125
 20
-26.6611328125
 11
902.689453125
 21
-26.701171875
 72
     1
 10
902.689453125
 20
-26.701171875
 11
902.7626953125
 21
-26.728515625
 72
     1
 10
902.7626953125
 20
-26.728515625
 11
902.875
 21
-26.783203125
 72
     1
 10
902.875
 20
-26.783203125
 11
903.0
 21
-26.8681640625
 72
     1
 10
903.0
 20
-26.8681640625
 11
903.119140625
 21
-26.9677734375
 72
     1
 10
903.119140625
 20
-26.9677734375
 11
903.2490234375
 21
-27.08203125
 72
     1
 10
903.2490234375
 20
-27.08203125
 11
903.404296875
 21
-27.20703125
 72
     1
 10
903.404296875
 20
-27.20703125
 11
903.50390625
 21
-27.27734375
 72
     1
 10
903.50390625
 20
-27.27734375
 11
903.6064453125
 21
-27.345703125
 72
     1
 10
903.6064453125
 20
-27.345703125
 11
903.712890625
 21
-27.423828125
 72
     1
 10
903.712890625
 20
-27.423828125
 11
903.828125
 21
-27.5244140625
 72
     1
 10
903.828125
 20
-27.5244140625
 11
903.849609375
 21
-27.5458984375
 72
     1
 10
903.849609375
 20
-27.5458984375
 11
903.8837890625
 21
-27.5810546875
 72
     1
 10
903.8837890625
 20
-27.5810546875
 11
903.916015625
 21
-27.6142578125
 72
     1
 10
903.916015625
 20
-27.6142578125
 11
903.93359375
 21
-27.630859375
 72
     1
 10
903.93359375
 20
-27.630859375
 11
904.0048828125
 21
-27.6630859375
 72
     1
 10
904.0048828125
 20
-27.6630859375
 11
904.087890625
 21
-27.6806640625
 72
     1
 10
904.087890625
 20
-27.6806640625
 11
904.1728515625
 21
-27.7001953125
 72
     1
 10
904.1728515625
 20
-27.7001953125
 11
904.2509765625
 21
-27.736328125
 72
     1
 10
904.2509765625
 20
-27.736328125
 11
904.396484375
 21
-27.8505859375
 72
     1
 10
904.396484375
 20
-27.8505859375
 11
904.53515625
 21
-27.9765625
 72
     1
 10
904.53515625
 20
-27.9765625
 11
904.6650390625
 21
-28.087890625
 72
     1
 10
904.6650390625
 20
-28.087890625
 11
904.78125
 21
-28.16015625
 72
     1
 10
904.78125
 20
-28.16015625
 11
905.05859375
 21
-28.2275390625
 72
     1
 10
905.05859375
 20
-28.2275390625
 11
905.353515625
 21
-28.2509765625
 72
     1
 10
905.353515625
 20
-28.2509765625
 11
905.6533203125
 21
-28.2822265625
 72
     1
 10
905.6533203125
 20
-28.2822265625
 11
905.9453125
 21
-28.3720703125
 72
     1
 10
905.9453125
 20
-28.3720703125
 11
905.9765625
 21
-28.412109375
 72
     1
 10
905.9765625
 20
-28.412109375
 11
906.001953125
 21
-28.4794921875
 72
     1
 10
906.001953125
 20
-28.4794921875
 11
906.025390625
 21
-28.546875
 72
     1
 10
906.025390625
 20
-28.546875
 11
906.05078125
 21
-28.583984375
 72
     1
 10
906.05078125
 20
-28.583984375
 11
906.1630859375
 21
-28.6259765625
 72
     1
 10
906.1630859375
 20
-28.6259765625
 11
906.259765625
 21
-28.6591796875
 72
     1
 10
906.259765625
 20
-28.6591796875
 11
906.357421875
 21
-28.70703125
 72
     1
 10
906.357421875
 20
-28.70703125
 11
906.474609375
 21
-28.794921875
 72
     1
 10
906.474609375
 20
-28.794921875
 11
906.6826171875
 21
-28.99609375
 72
     1
 10
906.6826171875
 20
-28.99609375
 11
906.876953125
 21
-29.2041015625
 72
     1
 10
906.876953125
 20
-29.2041015625
 11
907.08203125
 21
-29.4189453125
 72
     1
 10
907.08203125
 20
-29.4189453125
 11
907.322265625
 21
-29.642578125
 72
     1
 10
907.322265625
 20
-29.642578125
 11
907.48046875
 21
-29.7734375
 72
     1
 10
907.48046875
 20
-29.7734375
 11
907.6376953125
 21
-29.8974609375
 72
     1
 10
907.6376953125
 20
-29.8974609375
 11
907.7958984375
 21
-30.02734375
 72
     1
 10
907.7958984375
 20
-30.02734375
 11
907.95703125
 21
-30.171875
 72
     1
 10
907.95703125
 20
-30.171875
 11
908.1318359375
 21
-30.294921875
 72
     1
 10
908.1318359375
 20
-30.294921875
 11
908.3828125
 21
-30.4296875
 72
     1
 10
908.3828125
 20
-30.4296875
 11
908.6591796875
 21
-30.5673828125
 72
     1
 10
908.6591796875
 20
-30.5673828125
 11
908.91015625
 21
-30.701171875
 72
     1
 10
908.91015625
 20
-30.701171875
 11
909.1494140625
 21
-30.8486328125
 72
     1
 10
909.1494140625
 20
-30.8486328125
 11
909.4052734375
 21
-31.013671875
 72
     1
 10
909.4052734375
 20
-31.013671875
 11
909.6787109375
 21
-31.1806640625
 72
     1
 10
909.6787109375
 20
-31.1806640625
 11
909.96875
 21
-31.3359375
 72
     1
 10
909.96875
 20
-31.3359375
 11
910.076171875
 21
-31.37109375
 72
     1
 10
910.076171875
 20
-31.37109375
 11
910.1796875
 21
-31.38671875
 72
     1
 10
910.1796875
 20
-31.38671875
 11
910.2841796875
 21
-31.4033203125
 72
     1
 10
910.2841796875
 20
-31.4033203125
 11
910.392578125
 21
-31.4423828125
 72
     1
 10
910.392578125
 20
-31.4423828125
 11
910.48046875
 21
-31.49609375
 72
     1
 10
910.48046875
 20
-31.49609375
 11
910.556640625
 21
-31.5498046875
 72
     1
 10
910.556640625
 20
-31.5498046875
 11
910.65625
 21
-31.603515625
 72
     1
 10
910.65625
 20
-31.603515625
 11
910.81640625
 21
-31.654296875
 72
     1
 10
910.81640625
 20
-31.654296875
 11
910.88671875
 21
-31.67578125
 72
     1
 10
910.88671875
 20
-31.67578125
 11
910.958984375
 21
-31.703125
 72
     1
 10
910.958984375
 20
-31.703125
 11
911.0400390625
 21
-31.732421875
 72
     1
 10
911.0400390625
 20
-31.732421875
 11
911.1337890625
 21
-31.759765625
 72
     1
 10
911.1337890625
 20
-31.759765625
 11
911.392578125
 21
-31.861328125
 72
     1
 10
911.392578125
 20
-31.861328125
 11
911.728515625
 21
-32.0322265625
 72
     1
 10
911.728515625
 20
-32.0322265625
 11
912.083984375
 21
-32.2265625
 72
     1
 10
912.083984375
 20
-32.2265625
 11
912.404296875
 21
-32.3955078125
 72
     1
 10
912.404296875
 20
-32.3955078125
 11
912.8212890625
 21
-32.6025390625
 72
     1
 10
912.8212890625
 20
-32.6025390625
 11
913.2587890625
 21
-32.830078125
 72
     1
 10
913.2587890625
 20
-32.830078125
 11
913.69140625
 21
-33.078125
 72
     1
 10
913.69140625
 20
-33.078125
 11
914.0986328125
 21
-33.34765625
 72
     1
 10
914.0986328125
 20
-33.34765625
 11
914.158203125
 21
-33.400390625
 72
     1
 10
914.158203125
 20
-33.400390625
 11
914.208984375
 21
-33.45703125
 72
     1
 10
914.208984375
 20
-33.45703125
 11
914.2578125
 21
-33.51171875
 72
     1
 10
914.2578125
 20
-33.51171875
 11
914.310546875
 21
-33.5595703125
 72
     1
 10
914.310546875
 20
-33.5595703125
 11
914.3720703125
 21
-33.583984375
 72
     1
 10
914.3720703125
 20
-33.583984375
 11
914.4736328125
 21
-33.6103515625
 72
     1
 10
914.4736328125
 20
-33.6103515625
 11
914.572265625
 21
-33.638671875
 72
     1
 10
914.572265625
 20
-33.638671875
 11
914.6279296875
 21
-33.666015625
 72
     1
 10
914.6279296875
 20
-33.666015625
 11
914.666015625
 21
-33.787109375
 72
     1
 10
914.666015625
 20
-33.787109375
 11
914.6875
 21
-33.9716796875
 72
     1
 10
914.6875
 20
-33.9716796875
 11
914.7060546875
 21
-34.1611328125
 72
     1
 10
914.7060546875
 20
-34.1611328125
 11
914.7333984375
 21
-34.30078125
 72
     1
 10
914.7333984375
 20
-34.30078125
 11
914.8115234375
 21
-34.435546875
 72
     1
 10
914.8115234375
 20
-34.435546875
 11
914.916015625
 21
-34.5654296875
 72
     1
 10
914.916015625
 20
-34.5654296875
 11
915.0087890625
 21
-34.669921875
 72
     1
 10
915.0087890625
 20
-34.669921875
 11
915.05078125
 21
-34.724609375
 72
     1
 10
915.05078125
 20
-34.724609375
 11
915.037109375
 21
-34.857421875
 72
     1
 10
915.037109375
 20
-34.857421875
 11
914.966796875
 21
-34.9326171875
 72
     1
 10
914.966796875
 20
-34.9326171875
 11
914.88671875
 21
-34.982421875
 72
     1
 10
914.88671875
 20
-34.982421875
 11
914.83984375
 21
-35.0419921875
 72
     1
 10
914.83984375
 20
-35.0419921875
 11
914.8408203125
 21
-35.140625
 72
     1
 10
914.8408203125
 20
-35.140625
 11
914.8681640625
 21
-35.2529296875
 72
     1
 10
914.8681640625
 20
-35.2529296875
 11
914.908203125
 21
-35.3662109375
 72
     1
 10
914.908203125
 20
-35.3662109375
 11
914.9453125
 21
-35.4658203125
 72
     1
 10
914.9453125
 20
-35.4658203125
 11
915.0439453125
 21
-35.6884765625
 72
     1
 10
915.0439453125
 20
-35.6884765625
 11
915.1953125
 21
-35.9501953125
 72
     1
 10
915.1953125
 20
-35.9501953125
 11
915.380859375
 21
-36.2080078125
 72
     1
 10
915.380859375
 20
-36.2080078125
 11
915.580078125
 21
-36.4189453125
 72
     1
 10
915.580078125
 20
-36.4189453125
 11
916.095703125
 21
-36.6123046875
 72
     1
 10
916.095703125
 20
-36.6123046875
 11
916.912109375
 21
-36.708984375
 72
     1
 10
916.912109375
 20
-36.708984375
 11
917.75
 21
-36.6875
 72
     1
 10
917.75
 20
-36.6875
 11
918.333984375
 21
-36.5244140625
 72
     1
 10
918.333984375
 20
-36.5244140625
 11
918.4169921875
 21
-36.380859375
 72
     1
 10
918.4169921875
 20
-36.380859375
 11
918.431640625
 21
-36.154296875
 72
     1
 10
918.431640625
 20
-36.154296875
 11
918.3974609375
 21
-35.900390625
 72
     1
 10
918.3974609375
 20
-35.900390625
 11
918.333984375
 21
-35.677734375
 72
     1
 10
918.333984375
 20
-35.677734375
 11
918.240234375
 21
-35.462890625
 72
     1
 10
918.240234375
 20
-35.462890625
 11
918.1337890625
 21
-35.326171875
 72
     1
 10
918.1337890625
 20
-35.326171875
 11
917.9677734375
 21
-35.234375
 72
     1
 10
917.9677734375
 20
-35.234375
 11
917.6982421875
 21
-35.1484375
 72
     1
 10
917.6982421875
 20
-35.1484375
 11
917.625
 21
-35.1201171875
 72
     1
 10
917.625
 20
-35.1201171875
 11
917.5673828125
 21
-35.0888671875
 72
     1
 10
917.5673828125
 20
-35.0888671875
 11
917.5234375
 21
-35.0595703125
 72
     1
 10
917.5234375
 20
-35.0595703125
 11
917.486328125
 21
-35.0419921875
 72
     1
 10
917.486328125
 20
-35.0419921875
 11
917.1142578125
 21
-34.94140625
 72
     1
 10
917.1142578125
 20
-34.94140625
 11
916.9150390625
 21
-34.865234375
 72
     1
 10
916.9150390625
 20
-34.865234375
 11
916.7626953125
 21
-34.71875
 72
     1
 10
916.7626953125
 20
-34.71875
 11
916.533203125
 21
-34.4072265625
 72
     1
 10
916.533203125
 20
-34.4072265625
 11
916.4541015625
 21
-34.302734375
 72
     1
 10
916.4541015625
 20
-34.302734375
 11
916.36328125
 21
-34.1884765625
 72
     1
 10
916.36328125
 20
-34.1884765625
 11
916.2783203125
 21
-34.078125
 72
     1
 10
916.2783203125
 20
-34.078125
 11
916.2158203125
 21
-33.9833984375
 72
     1
 10
916.2158203125
 20
-33.9833984375
 11
916.1650390625
 21
-33.87109375
 72
     1
 10
916.1650390625
 20
-33.87109375
 11
916.1142578125
 21
-33.732421875
 72
     1
 10
916.1142578125
 20
-33.732421875
 11
916.0615234375
 21
-33.5859375
 72
     1
 10
916.0615234375
 20
-33.5859375
 11
916.00390625
 21
-33.4541015625
 72
     1
 10
916.00390625
 20
-33.4541015625
 11
915.95703125
 21
-33.39453125
 72
     1
 10
915.95703125
 20
-33.39453125
 11
915.890625
 21
-33.3369140625
 72
     1
 10
915.890625
 20
-33.3369140625
 11
915.828125
 21
-33.28515625
 72
     1
 10
915.828125
 20
-33.28515625
 11
915.7919921875
 21
-33.2421875
 72
     1
 10
915.7919921875
 20
-33.2421875
 11
915.7861328125
 21
-33.169921875
 72
     1
 10
915.7861328125
 20
-33.169921875
 11
915.798828125
 21
-33.0791015625
 72
     1
 10
915.798828125
 20
-33.0791015625
 11
915.80859375
 21
-32.9912109375
 72
     1
 10
915.80859375
 20
-32.9912109375
 11
915.7919921875
 21
-32.9248046875
 72
     1
 10
915.7919921875
 20
-32.9248046875
 11
915.654296875
 21
-32.794921875
 72
     1
 10
915.654296875
 20
-32.794921875
 11
915.431640625
 21
-32.630859375
 72
     1
 10
915.431640625
 20
-32.630859375
 11
915.177734375
 21
-32.4541015625
 72
     1
 10
915.177734375
 20
-32.4541015625
 11
914.9453125
 21
-32.2890625
 72
     1
 10
914.9453125
 20
-32.2890625
 11
914.73046875
 21
-32.1640625
 72
     1
 10
914.73046875
 20
-32.1640625
 11
914.46875
 21
-32.0654296875
 72
     1
 10
914.46875
 20
-32.0654296875
 11
914.154296875
 21
-31.97265625
 72
     1
 10
914.154296875
 20
-31.97265625
 11
913.7802734375
 21
-31.8662109375
 72
     1
 10
913.7802734375
 20
-31.8662109375
 11
913.169921875
 21
-31.6494140625
 72
     1
 10
913.169921875
 20
-31.6494140625
 11
912.5693359375
 21
-31.38671875
 72
     1
 10
912.5693359375
 20
-31.38671875
 11
911.96484375
 21
-31.09765625
 72
     1
 10
911.96484375
 20
-31.09765625
 11
911.345703125
 21
-30.806640625
 72
     1
 10
911.345703125
 20
-30.806640625
 11
911.134765625
 21
-30.720703125
 72
     1
 10
911.134765625
 20
-30.720703125
 11
910.921875
 21
-30.64453125
 72
     1
 10
910.921875
 20
-30.64453125
 11
910.7099609375
 21
-30.5703125
 72
     1
 10
910.7099609375
 20
-30.5703125
 11
910.498046875
 21
-30.4892578125
 72
     1
 10
910.498046875
 20
-30.4892578125
 11
910.30859375
 21
-30.39453125
 72
     1
 10
910.30859375
 20
-30.39453125
 11
910.1240234375
 21
-30.2822265625
 72
     1
 10
910.1240234375
 20
-30.2822265625
 11
909.94140625
 21
-30.16796875
 72
     1
 10
909.94140625
 20
-30.16796875
 11
909.7568359375
 21
-30.0654296875
 72
     1
 10
909.7568359375
 20
-30.0654296875
 11
909.7119140625
 21
-30.0625
 72
     1
 10
909.7119140625
 20
-30.0625
 11
909.646484375
 21
-30.0703125
 72
     1
 10
909.646484375
 20
-30.0703125
 11
909.583984375
 21
-30.076171875
 72
     1
 10
909.583984375
 20
-30.076171875
 11
909.544921875
 21
-30.0654296875
 72
     1
 10
909.544921875
 20
-30.0654296875
 11
909.50390625
 21
-30.01953125
 72
     1
 10
909.50390625
 20
-30.01953125
 11
909.44140625
 21
-29.9521484375
 72
     1
 10
909.44140625
 20
-29.9521484375
 11
909.376953125
 21
-29.8896484375
 72
     1
 10
909.376953125
 20
-29.8896484375
 11
909.333984375
 21
-29.853515625
 72
     1
 10
909.333984375
 20
-29.853515625
 11
909.1416015625
 21
-29.765625
 72
     1
 10
909.1416015625
 20
-29.765625
 11
908.9423828125
 21
-29.6875
 72
     1
 10
908.9423828125
 20
-29.6875
 11
908.7265625
 21
-29.6123046875
 72
     1
 10
908.7265625
 20
-29.6123046875
 11
908.486328125
 21
-29.5361328125
 72
     1
 10
908.486328125
 20
-29.5361328125
 11
908.2275390625
 21
-29.4443359375
 72
     1
 10
908.2275390625
 20
-29.4443359375
 11
908.01171875
 21
-29.337890625
 72
     1
 10
908.01171875
 20
-29.337890625
 11
907.7939453125
 21
-29.197265625
 72
     1
 10
907.7939453125
 20
-29.197265625
 11
907.533203125
 21
-29.0068359375
 72
     1
 10
907.533203125
 20
-29.0068359375
 11
907.4755859375
 21
-28.9541015625
 72
     1
 10
907.4755859375
 20
-28.9541015625
 11
907.423828125
 21
-28.8984375
 72
     1
 10
907.423828125
 20
-28.8984375
 11
907.3740234375
 21
-28.841796875
 72
     1
 10
907.3740234375
 20
-28.841796875
 11
907.322265625
 21
-28.794921875
 72
     1
 10
907.322265625
 20
-28.794921875
 11
907.25
 21
-28.7607421875
 72
     1
 10
907.25
 20
-28.7607421875
 11
907.16796875
 21
-28.744140625
 72
     1
 10
907.16796875
 20
-28.744140625
 11
907.0830078125
 21
-28.7265625
 72
     1
 10
907.0830078125
 20
-28.7265625
 11
907.00390625
 21
-28.689453125
 72
     1
 10
907.00390625
 20
-28.689453125
 11
906.7646484375
 21
-28.4990234375
 72
     1
 10
906.7646484375
 20
-28.4990234375
 11
906.5390625
 21
-28.2998046875
 72
     1
 10
906.5390625
 20
-28.2998046875
 11
906.3076171875
 21
-28.109375
 72
     1
 10
906.3076171875
 20
-28.109375
 11
906.05078125
 21
-27.9482421875
 72
     1
 10
906.05078125
 20
-27.9482421875
 11
905.7724609375
 21
-27.845703125
 72
     1
 10
905.7724609375
 20
-27.845703125
 11
905.412109375
 21
-27.751953125
 72
     1
 10
905.412109375
 20
-27.751953125
 11
905.0283203125
 21
-27.6513671875
 72
     1
 10
905.0283203125
 20
-27.6513671875
 11
904.6748046875
 21
-27.5244140625
 72
     1
 10
904.6748046875
 20
-27.5244140625
 11
904.564453125
 21
-27.458984375
 72
     1
 10
904.564453125
 20
-27.458984375
 11
904.462890625
 21
-27.375
 72
     1
 10
904.462890625
 20
-27.375
 11
904.361328125
 21
-27.287109375
 72
     1
 10
904.361328125
 20
-27.287109375
 11
904.2509765625
 21
-27.20703125
 72
     1
 10
904.2509765625
 20
-27.20703125
 11
903.91015625
 21
-26.9736328125
 72
     1
 10
903.91015625
 20
-26.9736328125
 11
903.6015625
 21
-26.6943359375
 72
     1
 10
903.6015625
 20
-26.6943359375
 11
903.326171875
 21
-26.353515625
 72
     1
 10
903.326171875
 20
-26.353515625
 11
903.0869140625
 21
-25.9365234375
 72
     1
 10
903.0869140625
 20
-25.9365234375
 11
902.779296875
 21
-25.193359375
 72
     1
 10
902.779296875
 20
-25.193359375
 11
902.7529296875
 21
-24.69921875
 72
     1
 10
902.7529296875
 20
-24.69921875
 11
903.1044921875
 21
-24.48046875
 72
     1
 10
903.1044921875
 20
-24.48046875
 11
903.93359375
 21
-24.560546875
 72
     1
 10
903.93359375
 20
-24.560546875
 11
904.3837890625
 21
-24.724609375
 72
     1
 10
904.3837890625
 20
-24.724609375
 11
904.77734375
 21
-24.9541015625
 72
     1
 10
904.77734375
 20
-24.9541015625
 11
905.1728515625
 21
-25.171875
 72
     1
 10
905.1728515625
 20
-25.171875
 11
905.6279296875
 21
-25.30078125
 72
     1
 10
905.6279296875
 20
-25.30078125
 11
905.904296875
 21
-25.37109375
 72
     1
 10
905.904296875
 20
-25.37109375
 11
906.076171875
 21
-25.4873046875
 72
     1
 10
906.076171875
 20
-25.4873046875
 11
906.2353515625
 21
-25.642578125
 72
     1
 10
906.2353515625
 20
-25.642578125
 11
906.474609375
 21
-25.830078125
 72
     1
 10
906.474609375
 20
-25.830078125
 11
906.4990234375
 21
-25.8623046875
 72
     1
 10
906.4990234375
 20
-25.8623046875
 11
906.50390625
 21
-25.89453125
 72
     1
 10
906.50390625
 20
-25.89453125
 11
906.5205078125
 21
-25.9228515625
 72
     1
 10
906.5205078125
 20
-25.9228515625
 11
906.5810546875
 21
-25.9365234375
 72
     1
 10
906.5810546875
 20
-25.9365234375
 11
906.7578125
 21
-26.0166015625
 72
     1
 10
906.7578125
 20
-26.0166015625
 11
906.9873046875
 21
-26.1943359375
 72
     1
 10
906.9873046875
 20
-26.1943359375
 11
907.2255859375
 21
-26.4033203125
 72
     1
 10
907.2255859375
 20
-26.4033203125
 11
907.427734375
 21
-26.572265625
 72
     1
 10
907.427734375
 20
-26.572265625
 11
907.576171875
 21
-26.677734375
 72
     1
 10
907.576171875
 20
-26.677734375
 11
907.7265625
 21
-26.7783203125
 72
     1
 10
907.7265625
 20
-26.7783203125
 11
907.88671875
 21
-26.8818359375
 72
     1
 10
907.88671875
 20
-26.8818359375
 11
908.0634765625
 21
-26.9951171875
 72
     1
 10
908.0634765625
 20
-26.9951171875
 11
908.087890625
 21
-27.0263671875
 72
     1
 10
908.087890625
 20
-27.0263671875
 11
908.0927734375
 21
-27.060546875
 72
     1
 10
908.0927734375
 20
-27.060546875
 11
908.109375
 21
-27.0869140625
 72
     1
 10
908.109375
 20
-27.0869140625
 11
908.1689453125
 21
-27.1015625
 72
     1
 10
908.1689453125
 20
-27.1015625
 11
908.32421875
 21
-27.1826171875
 72
     1
 10
908.32421875
 20
-27.1826171875
 11
908.5205078125
 21
-27.3662109375
 72
     1
 10
908.5205078125
 20
-27.3662109375
 11
908.7265625
 21
-27.5751953125
 72
     1
 10
908.7265625
 20
-27.5751953125
 11
908.91015625
 21
-27.736328125
 72
     1
 10
908.91015625
 20
-27.736328125
 11
909.017578125
 21
-27.787109375
 72
     1
 10
909.017578125
 20
-27.787109375
 11
909.1572265625
 21
-27.83203125
 72
     1
 10
909.1572265625
 20
-27.83203125
 11
909.3056640625
 21
-27.8828125
 72
     1
 10
909.3056640625
 20
-27.8828125
 11
909.439453125
 21
-27.9482421875
 72
     1
 10
909.439453125
 20
-27.9482421875
 11
909.51953125
 21
-28.0185546875
 72
     1
 10
909.51953125
 20
-28.0185546875
 11
909.595703125
 21
-28.1083984375
 72
     1
 10
909.595703125
 20
-28.1083984375
 11
909.6728515625
 21
-28.197265625
 72
     1
 10
909.6728515625
 20
-28.197265625
 11
909.7568359375
 21
-28.265625
 72
     1
 10
909.7568359375
 20
-28.265625
 11
909.923828125
 21
-28.3427734375
 72
     1
 10
909.923828125
 20
-28.3427734375
 11
910.1142578125
 21
-28.41015625
 72
     1
 10
910.1142578125
 20
-28.41015625
 11
910.310546875
 21
-28.4853515625
 72
     1
 10
910.310546875
 20
-28.4853515625
 11
910.498046875
 21
-28.583984375
 72
     1
 10
910.498046875
 20
-28.583984375
 11
910.5224609375
 21
-28.615234375
 72
     1
 10
910.5224609375
 20
-28.615234375
 11
910.52734375
 21
-28.6484375
 72
     1
 10
910.52734375
 20
-28.6484375
 11
910.5439453125
 21
-28.6748046875
 72
     1
 10
910.5439453125
 20
-28.6748046875
 11
910.6044921875
 21
-28.689453125
 72
     1
 10
910.6044921875
 20
-28.689453125
 11
910.705078125
 21
-28.728515625
 72
     1
 10
910.705078125
 20
-28.728515625
 11
910.84765625
 21
-28.818359375
 72
     1
 10
910.84765625
 20
-28.818359375
 11
911.0009765625
 21
-28.9228515625
 72
     1
 10
911.0009765625
 20
-28.9228515625
 11
911.1337890625
 21
-29.0068359375
 72
     1
 10
911.1337890625
 20
-29.0068359375
 11
911.3623046875
 21
-29.134765625
 72
     1
 10
911.3623046875
 20
-29.134765625
 11
911.6201171875
 21
-29.271484375
 72
     1
 10
911.6201171875
 20
-29.271484375
 11
911.8994140625
 21
-29.4091796875
 72
     1
 10
911.8994140625
 20
-29.4091796875
 11
912.1923828125
 21
-29.5361328125
 72
     1
 10
912.1923828125
 20
-29.5361328125
 11
912.990234375
 21
-29.6796875
 72
     1
 10
912.990234375
 20
-29.6796875
 11
914.130859375
 21
-29.7080078125
 72
     1
 10
914.130859375
 20
-29.7080078125
 11
915.30859375
 21
-29.650390625
 72
     1
 10
915.30859375
 20
-29.650390625
 11
916.2158203125
 21
-29.5361328125
 72
     1
 10
916.2158203125
 20
-29.5361328125
 11
916.3955078125
 21
-29.4873046875
 72
     1
 10
916.3955078125
 20
-29.4873046875
 11
916.5849609375
 21
-29.4228515625
 72
     1
 10
916.5849609375
 20
-29.4228515625
 11
916.7744140625
 21
-29.361328125
 72
     1
 10
916.7744140625
 20
-29.361328125
 11
916.95703125
 21
-29.32421875
 72
     1
 10
916.95703125
 20
-29.32421875
 11
917.326171875
 21
-29.302734375
 72
     1
 10
917.326171875
 20
-29.302734375
 11
917.7001953125
 21
-29.310546875
 72
     1
 10
917.7001953125
 20
-29.310546875
 11
918.046875
 21
-29.3515625
 72
     1
 10
918.046875
 20
-29.3515625
 11
918.333984375
 21
-29.4306640625
 72
     1
 10
918.333984375
 20
-29.4306640625
 11
918.4287109375
 21
-29.4638671875
 72
     1
 10
918.4287109375
 20
-29.4638671875
 11
918.556640625
 21
-29.5087890625
 72
     1
 10
918.556640625
 20
-29.5087890625
 11
918.705078125
 21
-29.5673828125
 72
     1
 10
918.705078125
 20
-29.5673828125
 11
918.86328125
 21
-29.642578125
 72
     1
 10
918.86328125
 20
-29.642578125
 11
918.8935546875
 21
-29.68359375
 72
     1
 10
918.8935546875
 20
-29.68359375
 11
918.9189453125
 21
-29.7509765625
 72
     1
 10
918.9189453125
 20
-29.7509765625
 11
918.9423828125
 21
-29.8173828125
 72
     1
 10
918.9423828125
 20
-29.8173828125
 11
918.96875
 21
-29.853515625
 72
     1
 10
918.96875
 20
-29.853515625
 11
919.0849609375
 21
-29.89453125
 72
     1
 10
919.0849609375
 20
-29.89453125
 11
919.2216796875
 21
-29.9345703125
 72
     1
 10
919.2216796875
 20
-29.9345703125
 11
919.3642578125
 21
-29.9873046875
 72
     1
 10
919.3642578125
 20
-29.9873046875
 11
919.498046875
 21
-30.0654296875
 72
     1
 10
919.498046875
 20
-30.0654296875
 11
919.828125
 21
-30.3740234375
 72
     1
 10
919.828125
 20
-30.3740234375
 11
920.111328125
 21
-30.7060546875
 72
     1
 10
920.111328125
 20
-30.7060546875
 11
920.4052734375
 21
-31.03515625
 72
     1
 10
920.4052734375
 20
-31.03515625
 11
920.7685546875
 21
-31.3359375
 72
     1
 10
920.7685546875
 20
-31.3359375
 11
920.841796875
 21
-31.3701171875
 72
     1
 10
920.841796875
 20
-31.3701171875
 11
920.91796875
 21
-31.388671875
 72
     1
 10
920.91796875
 20
-31.388671875
 11
920.9990234375
 21
-31.4072265625
 72
     1
 10
920.9990234375
 20
-31.4072265625
 11
921.0859375
 21
-31.4423828125
 72
     1
 10
921.0859375
 20
-31.4423828125
 11
921.134765625
 21
-31.484375
 72
     1
 10
921.134765625
 20
-31.484375
 11
921.1962890625
 21
-31.5537109375
 72
     1
 10
921.1962890625
 20
-31.5537109375
 11
921.255859375
 21
-31.6201171875
 72
     1
 10
921.255859375
 20
-31.6201171875
 11
921.2978515625
 21
-31.654296875
 72
     1
 10
921.2978515625
 20
-31.654296875
 11
921.4921875
 21
-31.693359375
 72
     1
 10
921.4921875
 20
-31.693359375
 11
921.73046875
 21
-31.7177734375
 72
     1
 10
921.73046875
 20
-31.7177734375
 11
921.990234375
 21
-31.736328125
 72
     1
 10
921.990234375
 20
-31.736328125
 11
922.2509765625
 21
-31.759765625
 72
     1
 10
922.2509765625
 20
-31.759765625
 11
922.703125
 21
-31.802734375
 72
     1
 10
922.703125
 20
-31.802734375
 11
923.173828125
 21
-31.83984375
 72
     1
 10
923.173828125
 20
-31.83984375
 11
923.6591796875
 21
-31.8896484375
 72
     1
 10
923.6591796875
 20
-31.8896484375
 11
924.1572265625
 21
-31.9716796875
 72
     1
 10
924.1572265625
 20
-31.9716796875
 11
924.3603515625
 21
-32.02734375
 72
     1
 10
924.3603515625
 20
-32.02734375
 11
924.544921875
 21
-32.0908203125
 72
     1
 10
924.544921875
 20
-32.0908203125
 11
924.720703125
 21
-32.1484375
 72
     1
 10
924.720703125
 20
-32.1484375
 11
924.8984375
 21
-32.18359375
 72
     1
 10
924.8984375
 20
-32.18359375
 11
926.2685546875
 21
-32.2421875
 72
     1
 10
926.2685546875
 20
-32.2421875
 11
927.7109375
 21
-32.20703125
 72
     1
 10
927.7109375
 20
-32.20703125
 11
929.150390625
 21
-32.1611328125
 72
     1
 10
929.150390625
 20
-32.1611328125
 11
930.509765625
 21
-32.18359375
 72
     1
 10
930.509765625
 20
-32.18359375
 11
931.5546875
 21
-32.2158203125
 72
     1
 10
931.5546875
 20
-32.2158203125
 11
932.6533203125
 21
-32.21484375
 72
     1
 10
932.6533203125
 20
-32.21484375
 11
933.765625
 21
-32.2236328125
 72
     1
 10
933.765625
 20
-32.2236328125
 11
934.8505859375
 21
-32.2890625
 72
     1
 10
934.8505859375
 20
-32.2890625
 11
935.341796875
 21
-32.3681640625
 72
     1
 10
935.341796875
 20
-32.3681640625
 11
935.9052734375
 21
-32.51171875
 72
     1
 10
935.9052734375
 20
-32.51171875
 11
936.3916015625
 21
-32.7021484375
 72
     1
 10
936.3916015625
 20
-32.7021484375
 11
936.650390625
 21
-32.9248046875
 72
     1
 10
936.650390625
 20
-32.9248046875
 11
936.6201171875
 21
-33.490234375
 72
     1
 10
936.6201171875
 20
-33.490234375
 11
936.2919921875
 21
-34.208984375
 72
     1
 10
936.2919921875
 20
-34.208984375
 11
935.8525390625
 21
-34.9208984375
 72
     1
 10
935.8525390625
 20
-34.9208984375
 11
935.486328125
 21
-35.4658203125
 72
     1
 10
935.486328125
 20
-35.4658203125
 11
935.4296875
 21
-35.5693359375
 72
     1
 10
935.4296875
 20
-35.5693359375
 11
935.3818359375
 21
-35.6787109375
 72
     1
 10
935.3818359375
 20
-35.6787109375
 11
935.3330078125
 21
-35.787109375
 72
     1
 10
935.3330078125
 20
-35.787109375
 11
935.2744140625
 21
-35.8896484375
 72
     1
 10
935.2744140625
 20
-35.8896484375
 11
935.232421875
 21
-35.9169921875
 72
     1
 10
935.232421875
 20
-35.9169921875
 11
935.1640625
 21
-35.943359375
 72
     1
 10
935.1640625
 20
-35.943359375
 11
935.0986328125
 21
-35.9697265625
 72
     1
 10
935.0986328125
 20
-35.9697265625
 11
935.0625
 21
-35.9951171875
 72
     1
 10
935.0625
 20
-35.9951171875
 11
935.05859375
 21
-36.04296875
 72
     1
 10
935.05859375
 20
-36.04296875
 11
935.06640625
 21
-36.1044921875
 72
     1
 10
935.06640625
 20
-36.1044921875
 11
935.0732421875
 21
-36.1640625
 72
     1
 10
935.0732421875
 20
-36.1640625
 11
935.0625
 21
-36.20703125
 72
     1
 10
935.0625
 20
-36.20703125
 11
934.8369140625
 21
-36.431640625
 72
     1
 10
934.8369140625
 20
-36.431640625
 11
934.5849609375
 21
-36.62890625
 72
     1
 10
934.5849609375
 20
-36.62890625
 11
934.333984375
 21
-36.828125
 72
     1
 10
934.333984375
 20
-36.828125
 11
934.109375
 21
-37.0537109375
 72
     1
 10
934.109375
 20
-37.0537109375
 11
933.84375
 21
-37.4052734375
 72
     1
 10
933.84375
 20
-37.4052734375
 11
933.6162109375
 21
-37.8359375
 72
     1
 10
933.6162109375
 20
-37.8359375
 11
933.556640625
 21
-38.298828125
 72
     1
 10
933.556640625
 20
-38.298828125
 11
933.7919921875
 21
-38.748046875
 72
     1
 10
933.7919921875
 20
-38.748046875
 11
934.0693359375
 21
-38.912109375
 72
     1
 10
934.0693359375
 20
-38.912109375
 11
934.3779296875
 21
-38.9169921875
 72
     1
 10
934.3779296875
 20
-38.9169921875
 11
934.7109375
 21
-38.810546875
 72
     1
 10
934.7109375
 20
-38.810546875
 11
935.0625
 21
-38.642578125
 72
     1
 10
935.0625
 20
-38.642578125
 11
935.298828125
 21
-38.5185546875
 72
     1
 10
935.298828125
 20
-38.5185546875
 11
935.4873046875
 21
-38.4130859375
 72
     1
 10
935.4873046875
 20
-38.4130859375
 11
935.6494140625
 21
-38.31640625
 72
     1
 10
935.6494140625
 20
-38.31640625
 11
935.8037109375
 21
-38.21875
 72
     1
 10
935.8037109375
 20
-38.21875
 11
936.0458984375
 21
-38.046875
 72
     1
 10
936.0458984375
 20
-38.046875
 11
936.2451171875
 21
-37.875
 72
     1
 10
936.2451171875
 20
-37.875
 11
936.435546875
 21
-37.689453125
 72
     1
 10
936.435546875
 20
-37.689453125
 11
936.650390625
 21
-37.4775390625
 72
     1
 10
936.650390625
 20
-37.4775390625
 11
936.7177734375
 21
-37.4169921875
 72
     1
 10
936.7177734375
 20
-37.4169921875
 11
936.796875
 21
-37.35546875
 72
     1
 10
936.796875
 20
-37.35546875
 11
936.8828125
 21
-37.3017578125
 72
     1
 10
936.8828125
 20
-37.3017578125
 11
936.96875
 21
-37.265625
 72
     1
 10
936.96875
 20
-37.265625
 11
937.4775390625
 21
-37.21484375
 72
     1
 10
937.4775390625
 20
-37.21484375
 11
938.0927734375
 21
-37.2666015625
 72
     1
 10
938.0927734375
 20
-37.2666015625
 11
938.6494140625
 21
-37.37109375
 72
     1
 10
938.6494140625
 20
-37.37109375
 11
938.98046875
 21
-37.4775390625
 72
     1
 10
938.98046875
 20
-37.4775390625
 11
939.1259765625
 21
-37.56640625
 72
     1
 10
939.1259765625
 20
-37.56640625
 11
939.2783203125
 21
-37.669921875
 72
     1
 10
939.2783203125
 20
-37.669921875
 11
939.4404296875
 21
-37.783203125
 72
     1
 10
939.4404296875
 20
-37.783203125
 11
939.615234375
 21
-37.9013671875
 72
     1
 10
939.615234375
 20
-37.9013671875
 11
939.6865234375
 21
-37.94921875
 72
     1
 10
939.6865234375
 20
-37.94921875
 11
939.7822265625
 21
-38.0166015625
 72
     1
 10
939.7822265625
 20
-38.0166015625
 11
939.8740234375
 21
-38.0791015625
 72
     1
 10
939.8740234375
 20
-38.0791015625
 11
939.93359375
 21
-38.11328125
 72
     1
 10
939.93359375
 20
-38.11328125
 11
940.220703125
 21
-38.171875
 72
     1
 10
940.220703125
 20
-38.171875
 11
940.4990234375
 21
-38.1826171875
 72
     1
 10
940.4990234375
 20
-38.1826171875
 11
940.7333984375
 21
-38.185546875
 72
     1
 10
940.7333984375
 20
-38.185546875
 11
940.8857421875
 21
-38.21875
 72
     1
 10
940.8857421875
 20
-38.21875
 11
940.9150390625
 21
-38.2734375
 72
     1
 10
940.9150390625
 20
-38.2734375
 11
940.9404296875
 21
-38.37109375
 72
     1
 10
940.9404296875
 20
-38.37109375
 11
940.96484375
 21
-38.4716796875
 72
     1
 10
940.96484375
 20
-38.4716796875
 11
940.9921875
 21
-38.5361328125
 72
     1
 10
940.9921875
 20
-38.5361328125
 11
941.078125
 21
-38.59375
 72
     1
 10
941.078125
 20
-38.59375
 11
941.21875
 21
-38.6845703125
 72
     1
 10
941.21875
 20
-38.6845703125
 11
941.3515625
 21
-38.806640625
 72
     1
 10
941.3515625
 20
-38.806640625
 11
941.416015625
 21
-38.9599609375
 72
     1
 10
941.416015625
 20
-38.9599609375
 11
941.4990234375
 21
-39.107421875
 72
     1
 10
941.4990234375
 20
-39.107421875
 11
941.6865234375
 21
-39.32421875
 72
     1
 10
941.6865234375
 20
-39.32421875
 11
941.8974609375
 21
-39.544921875
 72
     1
 10
941.8974609375
 20
-39.544921875
 11
942.05078125
 21
-39.701171875
 72
     1
 10
942.05078125
 20
-39.701171875
 11
942.2041015625
 21
-39.830078125
 72
     1
 10
942.2041015625
 20
-39.830078125
 11
942.4072265625
 21
-39.9775390625
 72
     1
 10
942.4072265625
 20
-39.9775390625
 11
942.6171875
 21
-40.1455078125
 72
     1
 10
942.6171875
 20
-40.1455078125
 11
942.7919921875
 21
-40.3359375
 72
     1
 10
942.7919921875
 20
-40.3359375
 11
942.7978515625
 21
-40.380859375
 72
     1
 10
942.7978515625
 20
-40.380859375
 11
942.7890625
 21
-40.4453125
 72
     1
 10
942.7890625
 20
-40.4453125
 11
942.78125
 21
-40.5078125
 72
     1
 10
942.78125
 20
-40.5078125
 11
942.7919921875
 21
-40.5478515625
 72
     1
 10
942.7919921875
 20
-40.5478515625
 11
942.8388671875
 21
-40.58984375
 72
     1
 10
942.8388671875
 20
-40.58984375
 11
942.9052734375
 21
-40.65234375
 72
     1
 10
942.9052734375
 20
-40.65234375
 11
942.9677734375
 21
-40.7158203125
 72
     1
 10
942.9677734375
 20
-40.7158203125
 11
943.00390625
 21
-40.759765625
 72
     1
 10
943.00390625
 20
-40.759765625
 11
943.0078125
 21
-40.8056640625
 72
     1
 10
943.0078125
 20
-40.8056640625
 11
942.9990234375
 21
-40.87109375
 72
     1
 10
942.9990234375
 20
-40.87109375
 11
942.9931640625
 21
-40.93359375
 72
     1
 10
942.9931640625
 20
-40.93359375
 11
943.00390625
 21
-40.9716796875
 72
     1
 10
943.00390625
 20
-40.9716796875
 11
943.1630859375
 21
-41.2333984375
 72
     1
 10
943.1630859375
 20
-41.2333984375
 11
942.9384765625
 21
-41.3779296875
 72
     1
 10
942.9384765625
 20
-41.3779296875
 11
942.5341796875
 21
-41.478515625
 72
     1
 10
942.5341796875
 20
-41.478515625
 11
942.15625
 21
-41.6064453125
 72
     1
 10
942.15625
 20
-41.6064453125
 11
941.982421875
 21
-41.7685546875
 72
     1
 10
941.982421875
 20
-41.7685546875
 11
941.74609375
 21
-42.03515625
 72
     1
 10
941.74609375
 20
-42.03515625
 11
941.4765625
 21
-42.298828125
 72
     1
 10
941.4765625
 20
-42.298828125
 11
941.2041015625
 21
-42.4541015625
 72
     1
 10
941.2041015625
 20
-42.4541015625
 11
940.8505859375
 21
-42.607421875
 72
     1
 10
940.8505859375
 20
-42.607421875
 11
940.48046875
 21
-42.8408203125
 72
     1
 10
940.48046875
 20
-42.8408203125
 11
940.12890625
 21
-43.0654296875
 72
     1
 10
940.12890625
 20
-43.0654296875
 11
939.8271484375
 21
-43.1953125
 72
     1
 10
939.8271484375
 20
-43.1953125
 11
939.615234375
 21
-43.22265625
 72
     1
 10
939.615234375
 20
-43.22265625
 11
939.376953125
 21
-43.228515625
 72
     1
 10
939.376953125
 20
-43.228515625
 11
939.125
 21
-43.21875
 72
     1
 10
939.125
 20
-43.21875
 11
938.8740234375
 21
-43.1953125
 72
     1
 10
938.8740234375
 20
-43.1953125
 11
938.6337890625
 21
-43.140625
 72
     1
 10
938.6337890625
 20
-43.140625
 11
938.3486328125
 21
-43.0595703125
 72
     1
 10
938.3486328125
 20
-43.0595703125
 11
938.0087890625
 21
-42.9921875
 72
     1
 10
938.0087890625
 20
-42.9921875
 11
937.603515625
 21
-42.9833984375
 72
     1
 10
937.603515625
 20
-42.9833984375
 11
937.4267578125
 21
-43.0078125
 72
     1
 10
937.4267578125
 20
-43.0078125
 11
937.2470703125
 21
-43.052734375
 72
     1
 10
937.2470703125
 20
-43.052734375
 11
937.0595703125
 21
-43.1162109375
 72
     1
 10
937.0595703125
 20
-43.1162109375
 11
936.8623046875
 21
-43.1953125
 72
     1
 10
936.8623046875
 20
-43.1953125
 11
936.7255859375
 21
-43.2724609375
 72
     1
 10
936.7255859375
 20
-43.2724609375
 11
936.5732421875
 21
-43.37109375
 72
     1
 10
936.5732421875
 20
-43.37109375
 11
936.4072265625
 21
-43.4619140625
 72
     1
 10
936.4072265625
 20
-43.4619140625
 11
936.2275390625
 21
-43.5126953125
 72
     1
 10
936.2275390625
 20
-43.5126953125
 11
935.9951171875
 21
-43.5009765625
 72
     1
 10
935.9951171875
 20
-43.5009765625
 11
935.75
 21
-43.4375
 72
     1
 10
935.75
 20
-43.4375
 11
935.478515625
 21
-43.359375
 72
     1
 10
935.478515625
 20
-43.359375
 11
935.1689453125
 21
-43.30078125
 72
     1
 10
935.1689453125
 20
-43.30078125
 11
934.48046875
 21
-43.2470703125
 72
     1
 10
934.48046875
 20
-43.2470703125
 11
933.58984375
 21
-43.2158203125
 72
     1
 10
933.58984375
 20
-43.2158203125
 11
932.66796875
 21
-43.2275390625
 72
     1
 10
932.66796875
 20
-43.2275390625
 11
931.88671875
 21
-43.30078125
 72
     1
 10
931.88671875
 20
-43.30078125
 11
931.6064453125
 21
-43.38671875
 72
     1
 10
931.6064453125
 20
-43.38671875
 11
931.337890625
 21
-43.5166015625
 72
     1
 10
931.337890625
 20
-43.5166015625
 11
931.080078125
 21
-43.64453125
 72
     1
 10
931.080078125
 20
-43.64453125
 11
930.8271484375
 21
-43.724609375
 72
     1
 10
930.8271484375
 20
-43.724609375
 11
930.388671875
 21
-43.7578125
 72
     1
 10
930.388671875
 20
-43.7578125
 11
929.892578125
 21
-43.74609375
 72
     1
 10
929.892578125
 20
-43.74609375
 11
929.361328125
 21
-43.7236328125
 72
     1
 10
929.361328125
 20
-43.7236328125
 11
928.8154296875
 21
-43.724609375
 72
     1
 10
928.8154296875
 20
-43.724609375
 11
927.8955078125
 21
-43.7646484375
 72
     1
 10
927.8955078125
 20
-43.7646484375
 11
927.126953125
 21
-43.76953125
 72
     1
 10
927.126953125
 20
-43.76953125
 11
926.541015625
 21
-43.69921875
 72
     1
 10
926.541015625
 20
-43.69921875
 11
926.1689453125
 21
-43.5126953125
 72
     1
 10
926.1689453125
 20
-43.5126953125
 11
926.0986328125
 21
-43.3935546875
 72
     1
 10
926.0986328125
 20
-43.3935546875
 11
926.052734375
 21
-43.22265625
 72
     1
 10
926.052734375
 20
-43.22265625
 11
926.01171875
 21
-43.01171875
 72
     1
 10
926.01171875
 20
-43.01171875
 11
925.95703125
 21
-42.771484375
 72
     1
 10
925.95703125
 20
-42.771484375
 11
925.908203125
 21
-42.6259765625
 72
     1
 10
925.908203125
 20
-42.6259765625
 11
925.84375
 21
-42.45703125
 72
     1
 10
925.84375
 20
-42.45703125
 11
925.783203125
 21
-42.2861328125
 72
     1
 10
925.783203125
 20
-42.2861328125
 11
925.7451171875
 21
-42.13671875
 72
     1
 10
925.7451171875
 20
-42.13671875
 11
925.7294921875
 21
-41.8935546875
 72
     1
 10
925.7294921875
 20
-41.8935546875
 11
925.73828125
 21
-41.630859375
 72
     1
 10
925.73828125
 20
-41.630859375
 11
925.75
 21
-41.35546875
 72
     1
 10
925.75
 20
-41.35546875
 11
925.7451171875
 21
-41.0771484375
 72
     1
 10
925.7451171875
 20
-41.0771484375
 11
925.732421875
 21
-40.8671875
 72
     1
 10
925.732421875
 20
-40.8671875
 11
925.7158203125
 21
-40.62890625
 72
     1
 10
925.7158203125
 20
-40.62890625
 11
925.6875
 21
-40.40234375
 72
     1
 10
925.6875
 20
-40.40234375
 11
925.6396484375
 21
-40.23046875
 72
     1
 10
925.6396484375
 20
-40.23046875
 11
925.5595703125
 21
-40.0830078125
 72
     1
 10
925.5595703125
 20
-40.0830078125
 11
925.453125
 21
-39.92578125
 72
     1
 10
925.453125
 20
-39.92578125
 11
925.333984375
 21
-39.7890625
 72
     1
 10
925.333984375
 20
-39.7890625
 11
925.2158203125
 21
-39.701171875
 72
     1
 10
925.2158203125
 20
-39.701171875
 11
925.1416015625
 21
-39.69140625
 72
     1
 10
925.1416015625
 20
-39.69140625
 11
925.0556640625
 21
-39.7041015625
 72
     1
 10
925.0556640625
 20
-39.7041015625
 11
924.9697265625
 21
-39.7158203125
 72
     1
 10
924.9697265625
 20
-39.7158203125
 11
924.8984375
 21
-39.701171875
 72
     1
 10
924.8984375
 20
-39.701171875
 11
924.6806640625
 21
-39.5712890625
 72
     1
 10
924.6806640625
 20
-39.5712890625
 11
924.431640625
 21
-39.423828125
 72
     1
 10
924.431640625
 20
-39.423828125
 11
924.2314453125
 21
-39.30859375
 72
     1
 10
924.2314453125
 20
-39.30859375
 11
924.1572265625
 21
-39.27734375
 72
     1
 10
924.1572265625
 20
-39.27734375
 11
924.1240234375
 21
-39.0869140625
 72
     1
 10
924.1240234375
 20
-39.0869140625
 11
924.13671875
 21
-38.798828125
 72
     1
 10
924.13671875
 20
-38.798828125
 11
924.1591796875
 21
-38.486328125
 72
     1
 10
924.1591796875
 20
-38.486328125
 11
924.1572265625
 21
-38.21875
 72
     1
 10
924.1572265625
 20
-38.21875
 11
924.10546875
 21
-37.9775390625
 72
     1
 10
924.10546875
 20
-37.9775390625
 11
923.9794921875
 21
-37.681640625
 72
     1
 10
923.9794921875
 20
-37.681640625
 11
923.7578125
 21
-37.4169921875
 72
     1
 10
923.7578125
 20
-37.4169921875
 11
923.416015625
 21
-37.265625
 72
     1
 10
923.416015625
 20
-37.265625
 11
923.3037109375
 21
-37.251953125
 72
     1
 10
923.3037109375
 20
-37.251953125
 11
923.1455078125
 21
-37.2421875
 72
     1
 10
923.1455078125
 20
-37.2421875
 11
922.990234375
 21
-37.244140625
 72
     1
 10
922.990234375
 20
-37.244140625
 11
922.88671875
 21
-37.265625
 72
     1
 10
922.88671875
 20
-37.265625
 11
922.83984375
 21
-37.3310546875
 72
     1
 10
922.83984375
 20
-37.3310546875
 11
922.8251953125
 21
-37.4228515625
 72
     1
 10
922.8251953125
 20
-37.4228515625
 11
922.8154296875
 21
-37.515625
 72
     1
 10
922.8154296875
 20
-37.515625
 11
922.7802734375
 21
-37.5830078125
 72
     1
 10
922.7802734375
 20
-37.5830078125
 11
922.7138671875
 21
-37.5947265625
 72
     1
 10
922.7138671875
 20
-37.5947265625
 11
922.6181640625
 21
-37.580078125
 72
     1
 10
922.6181640625
 20
-37.580078125
 11
922.5244140625
 21
-37.56640625
 72
     1
 10
922.5244140625
 20
-37.56640625
 11
922.462890625
 21
-37.5830078125
 72
     1
 10
922.462890625
 20
-37.5830078125
 11
922.43359375
 21
-37.646484375
 72
     1
 10
922.43359375
 20
-37.646484375
 11
922.390625
 21
-37.7802734375
 72
     1
 10
922.390625
 20
-37.7802734375
 11
922.357421875
 21
-37.9482421875
 72
     1
 10
922.357421875
 20
-37.9482421875
 11
922.357421875
 21
-38.11328125
 72
     1
 10
922.357421875
 20
-38.11328125
 11
922.4619140625
 21
-38.3154296875
 72
     1
 10
922.4619140625
 20
-38.3154296875
 11
922.646484375
 21
-38.3681640625
 72
     1
 10
922.646484375
 20
-38.3681640625
 11
922.8720703125
 21
-38.3984375
 72
     1
 10
922.8720703125
 20
-38.3984375
 11
923.09765625
 21
-38.5361328125
 72
     1
 10
923.09765625
 20
-38.5361328125
 11
923.2587890625
 21
-38.8994140625
 72
     1
 10
923.2587890625
 20
-38.8994140625
 11
923.1630859375
 21
-39.259765625
 72
     1
 10
923.1630859375
 20
-39.259765625
 11
922.90234375
 21
-39.576171875
 72
     1
 10
922.90234375
 20
-39.576171875
 11
922.568359375
 21
-39.806640625
 72
     1
 10
922.568359375
 20
-39.806640625
 11
922.5224609375
 21
-39.810546875
 72
     1
 10
922.5224609375
 20
-39.810546875
 11
922.4580078125
 21
-39.802734375
 72
     1
 10
922.4580078125
 20
-39.802734375
 11
922.3955078125
 21
-39.7958984375
 72
     1
 10
922.3955078125
 20
-39.7958984375
 11
922.357421875
 21
-39.806640625
 72
     1
 10
922.357421875
 20
-39.806640625
 11
922.3154296875
 21
-39.8330078125
 72
     1
 10
922.3154296875
 20
-39.8330078125
 11
922.2451171875
 21
-39.8662109375
 72
     1
 10
922.2451171875
 20
-39.8662109375
 11
922.177734375
 21
-39.8955078125
 72
     1
 10
922.177734375
 20
-39.8955078125
 11
922.1455078125
 21
-39.9130859375
 72
     1
 10
922.1455078125
 20
-39.9130859375
 11
922.150390625
 21
-40.0
 72
     1
 10
922.150390625
 20
-40.0
 11
922.2392578125
 21
-40.064453125
 72
     1
 10
922.2392578125
 20
-40.064453125
 11
922.361328125
 21
-40.1318359375
 72
     1
 10
922.361328125
 20
-40.1318359375
 11
922.462890625
 21
-40.23046875
 72
     1
 10
922.462890625
 20
-40.23046875
 11
922.4619140625
 21
-40.4580078125
 72
     1
 10
922.4619140625
 20
-40.4580078125
 11
922.29296875
 21
-40.7294921875
 72
     1
 10
922.29296875
 20
-40.7294921875
 11
922.076171875
 21
-41.04296875
 72
     1
 10
922.076171875
 20
-41.04296875
 11
921.93359375
 21
-41.3955078125
 72
     1
 10
921.93359375
 20
-41.3955078125
 11
921.875
 21
-41.81640625
 72
     1
 10
921.875
 20
-41.81640625
 11
921.876953125
 21
-42.115234375
 72
     1
 10
921.876953125
 20
-42.115234375
 11
921.93359375
 21
-42.37109375
 72
     1
 10
921.93359375
 20
-42.37109375
 11
922.0390625
 21
-42.666015625
 72
     1
 10
922.0390625
 20
-42.666015625
 11
922.05078125
 21
-42.69921875
 72
     1
 10
922.05078125
 20
-42.69921875
 11
922.07421875
 21
-42.751953125
 72
     1
 10
922.07421875
 20
-42.751953125
 11
922.107421875
 21
-42.7880859375
 72
     1
 10
922.107421875
 20
-42.7880859375
 11
922.1455078125
 21
-42.771484375
 72
     1
 10
922.1455078125
 20
-42.771484375
 11
922.08984375
 21
-42.828125
 72
     1
 10
922.08984375
 20
-42.828125
 11
922.06640625
 21
-42.8173828125
 72
     1
 10
922.06640625
 20
-42.8173828125
 11
922.0556640625
 21
-42.7841796875
 72
     1
 10
922.0556640625
 20
-42.7841796875
 11
922.0390625
 21
-42.771484375
 97
        0
 92
        1
 93
       48
 72
     1
 10
919.7099609375
 20
-36.1015625
 11
919.6298828125
 21
-36.3515625
 72
     1
 10
919.6298828125
 20
-36.3515625
 11
919.580078125
 21
-36.5537109375
 72
     1
 10
919.580078125
 20
-36.5537109375
 11
919.568359375
 21
-36.71484375
 72
     1
 10
919.568359375
 20
-36.71484375
 11
919.6044921875
 21
-36.841796875
 72
     1
 10
919.6044921875
 20
-36.841796875
 11
919.615234375
 21
-36.859375
 72
     1
 10
919.615234375
 20
-36.859375
 11
919.6630859375
 21
-36.9404296875
 72
     1
 10
919.6630859375
 20
-36.9404296875
 11
919.7080078125
 21
-37.0263671875
 72
     1
 10
919.7080078125
 20
-37.0263671875
 11
919.7099609375
 21
-37.0537109375
 72
     1
 10
919.7099609375
 20
-37.0537109375
 11
920.15234375
 21
-37.1845703125
 72
     1
 10
920.15234375
 20
-37.1845703125
 11
920.837890625
 21
-37.255859375
 72
     1
 10
920.837890625
 20
-37.255859375
 11
921.5146484375
 21
-37.251953125
 72
     1
 10
921.5146484375
 20
-37.251953125
 11
921.93359375
 21
-37.16015625
 72
     1
 10
921.93359375
 20
-37.16015625
 11
921.9794921875
 21
-37.0947265625
 72
     1
 10
921.9794921875
 20
-37.0947265625
 11
921.974609375
 21
-37.0234375
 72
     1
 10
921.974609375
 20
-37.0234375
 11
921.9501953125
 21
-36.9677734375
 72
     1
 10
921.9501953125
 20
-36.9677734375
 11
921.93359375
 21
-36.9482421875
 72
     1
 10
921.93359375
 20
-36.9482421875
 11
921.9765625
 21
-36.88671875
 72
     1
 10
921.9765625
 20
-36.88671875
 11
922.0478515625
 21
-36.822265625
 72
     1
 10
922.0478515625
 20
-36.822265625
 11
922.115234375
 21
-36.7685546875
 72
     1
 10
922.115234375
 20
-36.7685546875
 11
922.1455078125
 21
-36.736328125
 72
     1
 10
922.1455078125
 20
-36.736328125
 11
922.1396484375
 21
-36.5654296875
 72
     1
 10
922.1396484375
 20
-36.5654296875
 11
922.1083984375
 21
-36.3447265625
 72
     1
 10
922.1083984375
 20
-36.3447265625
 11
922.0693359375
 21
-36.134765625
 72
     1
 10
922.0693359375
 20
-36.134765625
 11
922.0390625
 21
-35.9951171875
 72
     1
 10
922.0390625
 20
-35.9951171875
 11
922.02734375
 21
-35.978515625
 72
     1
 10
922.02734375
 20
-35.978515625
 11
921.9931640625
 21
-35.908203125
 72
     1
 10
921.9931640625
 20
-35.908203125
 11
921.9560546875
 21
-35.8291015625
 72
     1
 10
921.9560546875
 20
-35.8291015625
 11
921.93359375
 21
-35.783203125
 72
     1
 10
921.93359375
 20
-35.783203125
 11
921.8388671875
 21
-35.6904296875
 72
     1
 10
921.8388671875
 20
-35.6904296875
 11
921.697265625
 21
-35.611328125
 72
     1
 10
921.697265625
 20
-35.611328125
 11
921.541015625
 21
-35.5380859375
 72
     1
 10
921.541015625
 20
-35.5380859375
 11
921.404296875
 21
-35.4658203125
 72
     1
 10
921.404296875
 20
-35.4658203125
 11
921.3525390625
 21
-35.4189453125
 72
     1
 10
921.3525390625
 20
-35.4189453125
 11
921.3095703125
 21
-35.361328125
 72
     1
 10
921.3095703125
 20
-35.361328125
 11
921.2607421875
 21
-35.302734375
 72
     1
 10
921.2607421875
 20
-35.302734375
 11
921.1923828125
 21
-35.25390625
 72
     1
 10
921.1923828125
 20
-35.25390625
 11
921.0908203125
 21
-35.212890625
 72
     1
 10
921.0908203125
 20
-35.212890625
 11
920.984375
 21
-35.1826171875
 72
     1
 10
920.984375
 20
-35.1826171875
 11
920.8759765625
 21
-35.162109375
 72
     1
 10
920.8759765625
 20
-35.162109375
 11
920.7685546875
 21
-35.1484375
 72
     1
 10
920.7685546875
 20
-35.1484375
 11
920.6904296875
 21
-35.15625
 72
     1
 10
920.6904296875
 20
-35.15625
 11
920.634765625
 21
-35.19140625
 72
     1
 10
920.634765625
 20
-35.19140625
 11
920.59375
 21
-35.23046875
 72
     1
 10
920.59375
 20
-35.23046875
 11
920.556640625
 21
-35.25390625
 72
     1
 10
920.556640625
 20
-35.25390625
 11
920.1884765625
 21
-35.3681640625
 72
     1
 10
920.1884765625
 20
-35.3681640625
 11
919.9697265625
 21
-35.521484375
 72
     1
 10
919.9697265625
 20
-35.521484375
 11
919.8330078125
 21
-35.7529296875
 72
     1
 10
919.8330078125
 20
-35.7529296875
 11
919.7099609375
 21
-36.1015625
 97
        0
 92
        1
 93
      104
 72
     1
 10
926.486328125
 20
-39.5947265625
 11
926.462890625
 21
-40.15625
 72
     1
 10
926.462890625
 20
-40.15625
 11
926.4892578125
 21
-40.73828125
 72
     1
 10
926.4892578125
 20
-40.73828125
 11
926.56640625
 21
-41.224609375
 72
     1
 10
926.56640625
 20
-41.224609375
 11
926.6982421875
 21
-41.5009765625
 72
     1
 10
926.6982421875
 20
-41.5009765625
 11
926.708984375
 21
-41.5390625
 72
     1
 10
926.708984375
 20
-41.5390625
 11
926.703125
 21
-41.6015625
 72
     1
 10
926.703125
 20
-41.6015625
 11
926.6953125
 21
-41.6669921875
 72
     1
 10
926.6953125
 20
-41.6669921875
 11
926.6982421875
 21
-41.712890625
 72
     1
 10
926.6982421875
 20
-41.712890625
 11
926.7333984375
 21
-41.7568359375
 72
     1
 10
926.7333984375
 20
-41.7568359375
 11
926.796875
 21
-41.8203125
 72
     1
 10
926.796875
 20
-41.8203125
 11
926.86328125
 21
-41.8828125
 72
     1
 10
926.86328125
 20
-41.8828125
 11
926.91015625
 21
-41.9248046875
 72
     1
 10
926.91015625
 20
-41.9248046875
 11
926.9208984375
 21
-41.96484375
 72
     1
 10
926.9208984375
 20
-41.96484375
 11
926.912109375
 21
-42.02734375
 72
     1
 10
926.912109375
 20
-42.02734375
 11
926.90234375
 21
-42.091796875
 72
     1
 10
926.90234375
 20
-42.091796875
 11
926.91015625
 21
-42.13671875
 72
     1
 10
926.91015625
 20
-42.13671875
 11
926.966796875
 21
-42.2041015625
 72
     1
 10
926.966796875
 20
-42.2041015625
 11
927.0458984375
 21
-42.2900390625
 72
     1
 10
927.0458984375
 20
-42.2900390625
 11
927.13671875
 21
-42.37890625
 72
     1
 10
927.13671875
 20
-42.37890625
 11
927.2275390625
 21
-42.4541015625
 72
     1
 10
927.2275390625
 20
-42.4541015625
 11
927.341796875
 21
-42.509765625
 72
     1
 10
927.341796875
 20
-42.509765625
 11
927.4931640625
 21
-42.55859375
 72
     1
 10
927.4931640625
 20
-42.55859375
 11
927.64453125
 21
-42.609375
 72
     1
 10
927.64453125
 20
-42.609375
 11
927.7568359375
 21
-42.666015625
 72
     1
 10
927.7568359375
 20
-42.666015625
 11
927.8720703125
 21
-42.7822265625
 72
     1
 10
927.8720703125
 20
-42.7822265625
 11
927.9501953125
 21
-42.90234375
 72
     1
 10
927.9501953125
 20
-42.90234375
 11
928.0107421875
 21
-43.0107421875
 72
     1
 10
928.0107421875
 20
-43.0107421875
 11
928.07421875
 21
-43.0888671875
 72
     1
 10
928.07421875
 20
-43.0888671875
 11
928.369140625
 21
-43.2646484375
 72
     1
 10
928.369140625
 20
-43.2646484375
 11
928.64453125
 21
-43.3056640625
 72
     1
 10
928.64453125
 20
-43.3056640625
 11
928.92578125
 21
-43.265625
 72
     1
 10
928.92578125
 20
-43.265625
 11
929.2392578125
 21
-43.1953125
 72
     1
 10
929.2392578125
 20
-43.1953125
 11
929.4248046875
 21
-43.1669921875
 72
     1
 10
929.4248046875
 20
-43.1669921875
 11
929.6220703125
 21
-43.1474609375
 72
     1
 10
929.6220703125
 20
-43.1474609375
 11
929.8134765625
 21
-43.125
 72
     1
 10
929.8134765625
 20
-43.125
 11
929.98046875
 21
-43.0888671875
 72
     1
 10
929.98046875
 20
-43.0888671875
 11
930.0224609375
 21
-43.0546875
 72
     1
 10
930.0224609375
 20
-43.0546875
 11
930.0810546875
 21
-42.9873046875
 72
     1
 10
930.0810546875
 20
-42.9873046875
 11
930.142578125
 21
-42.91796875
 72
     1
 10
930.142578125
 20
-42.91796875
 11
930.1923828125
 21
-42.876953125
 72
     1
 10
930.1923828125
 20
-42.876953125
 11
930.2412109375
 21
-42.869140625
 72
     1
 10
930.2412109375
 20
-42.869140625
 11
930.296875
 21
-42.8740234375
 72
     1
 10
930.296875
 20
-42.8740234375
 11
930.353515625
 21
-42.8798828125
 72
     1
 10
930.353515625
 20
-42.8798828125
 11
930.404296875
 21
-42.876953125
 72
     1
 10
930.404296875
 20
-42.876953125
 11
930.4521484375
 21
-42.853515625
 72
     1
 10
930.4521484375
 20
-42.853515625
 11
930.4765625
 21
-42.8212890625
 72
     1
 10
930.4765625
 20
-42.8212890625
 11
930.4912109375
 21
-42.791015625
 72
     1
 10
930.4912109375
 20
-42.791015625
 11
930.509765625
 21
-42.771484375
 72
     1
 10
930.509765625
 20
-42.771484375
 11
930.896484375
 21
-42.6650390625
 72
     1
 10
930.896484375
 20
-42.6650390625
 11
931.3330078125
 21
-42.599609375
 72
     1
 10
931.3330078125
 20
-42.599609375
 11
931.75390625
 21
-42.541015625
 72
     1
 10
931.75390625
 20
-42.541015625
 11
932.09765625
 21
-42.4541015625
 72
     1
 10
932.09765625
 20
-42.4541015625
 11
932.2763671875
 21
-42.3818359375
 72
     1
 10
932.2763671875
 20
-42.3818359375
 11
932.4755859375
 21
-42.2958984375
 72
     1
 10
932.4755859375
 20
-42.2958984375
 11
932.64453125
 21
-42.2099609375
 72
     1
 10
932.64453125
 20
-42.2099609375
 11
932.7333984375
 21
-42.13671875
 72
     1
 10
932.7333984375
 20
-42.13671875
 11
932.796875
 21
-41.8505859375
 72
     1
 10
932.796875
 20
-41.8505859375
 11
932.8154296875
 21
-41.431640625
 72
     1
 10
932.8154296875
 20
-41.431640625
 11
932.79296875
 21
-41.021484375
 72
     1
 10
932.79296875
 20
-41.021484375
 11
932.7333984375
 21
-40.759765625
 72
     1
 10
932.7333984375
 20
-40.759765625
 11
932.666015625
 21
-40.6806640625
 72
     1
 10
932.666015625
 20
-40.6806640625
 11
932.626953125
 21
-40.72265625
 72
     1
 10
932.626953125
 20
-40.72265625
 11
932.587890625
 21
-40.8095703125
 72
     1
 10
932.587890625
 20
-40.8095703125
 11
932.521484375
 21
-40.865234375
 72
     1
 10
932.521484375
 20
-40.865234375
 11
932.2978515625
 21
-40.837890625
 72
     1
 10
932.2978515625
 20
-40.837890625
 11
932.0751953125
 21
-40.732421875
 72
     1
 10
932.0751953125
 20
-40.732421875
 11
931.890625
 21
-40.6142578125
 72
     1
 10
931.890625
 20
-40.6142578125
 11
931.7802734375
 21
-40.5478515625
 72
     1
 10
931.7802734375
 20
-40.5478515625
 11
931.599609375
 21
-40.5009765625
 72
     1
 10
931.599609375
 20
-40.5009765625
 11
931.447265625
 21
-40.47265625
 72
     1
 10
931.447265625
 20
-40.47265625
 11
931.330078125
 21
-40.4560546875
 72
     1
 10
931.330078125
 20
-40.4560546875
 11
931.2509765625
 21
-40.4423828125
 72
     1
 10
931.2509765625
 20
-40.4423828125
 11
931.19921875
 21
-40.4375
 72
     1
 10
931.19921875
 20
-40.4375
 11
931.14453125
 21
-40.4423828125
 72
     1
 10
931.14453125
 20
-40.4423828125
 11
931.0908203125
 21
-40.447265625
 72
     1
 10
931.0908203125
 20
-40.447265625
 11
931.0390625
 21
-40.4423828125
 72
     1
 10
931.0390625
 20
-40.4423828125
 11
930.8271484375
 21
-40.3681640625
 72
     1
 10
930.8271484375
 20
-40.3681640625
 11
930.6611328125
 21
-40.2822265625
 72
     1
 10
930.6611328125
 20
-40.2822265625
 11
930.525390625
 21
-40.1962890625
 72
     1
 10
930.525390625
 20
-40.1962890625
 11
930.404296875
 21
-40.125
 72
     1
 10
930.404296875
 20
-40.125
 11
930.2958984375
 21
-40.0849609375
 72
     1
 10
930.2958984375
 20
-40.0849609375
 11
930.1923828125
 21
-40.068359375
 72
     1
 10
930.1923828125
 20
-40.068359375
 11
930.0888671875
 21
-40.052734375
 72
     1
 10
930.0888671875
 20
-40.052734375
 11
929.98046875
 21
-40.0185546875
 72
     1
 10
929.98046875
 20
-40.0185546875
 11
929.9140625
 21
-39.9775390625
 72
     1
 10
929.9140625
 20
-39.9775390625
 11
929.826171875
 21
-39.9140625
 72
     1
 10
929.826171875
 20
-39.9140625
 11
929.736328125
 21
-39.8486328125
 72
     1
 10
929.736328125
 20
-39.8486328125
 11
929.6630859375
 21
-39.806640625
 72
     1
 10
929.6630859375
 20
-39.806640625
 11
929.3037109375
 21
-39.705078125
 72
     1
 10
929.3037109375
 20
-39.705078125
 11
928.90625
 21
-39.6572265625
 72
     1
 10
928.90625
 20
-39.6572265625
 11
928.490234375
 21
-39.6298828125
 72
     1
 10
928.490234375
 20
-39.6298828125
 11
928.07421875
 21
-39.5947265625
 72
     1
 10
928.07421875
 20
-39.5947265625
 11
927.6630859375
 21
-39.546875
 72
     1
 10
927.6630859375
 20
-39.546875
 11
927.275390625
 21
-39.498046875
 72
     1
 10
927.275390625
 20
-39.498046875
 11
926.943359375
 21
-39.4453125
 72
     1
 10
926.943359375
 20
-39.4453125
 11
926.6982421875
 21
-39.3828125
 72
     1
 10
926.6982421875
 20
-39.3828125
 11
926.6611328125
 21
-39.353515625
 72
     1
 10
926.6611328125
 20
-39.353515625
 11
926.65625
 21
-39.328125
 72
     1
 10
926.65625
 20
-39.328125
 11
926.6455078125
 21
-39.3291015625
 72
     1
 10
926.6455078125
 20
-39.3291015625
 11
926.591796875
 21
-39.3828125
 72
     1
 10
926.591796875
 20
-39.3828125
 11
926.5830078125
 21
-39.41796875
 72
     1
 10
926.5830078125
 20
-39.41796875
 11
926.544921875
 21
-39.5087890625
 72
     1
 10
926.544921875
 20
-39.5087890625
 11
926.5029296875
 21
-39.58984375
 72
     1
 10
926.5029296875
 20
-39.58984375
 11
926.486328125
 21
-39.5947265625
 97
        0
 75
     0
 76
     1
 98
        0
  0
ENDSEC
  0
SECTION
  2
OBJECTS
  0
DICTIONARY
  5
C
330
0
100
AcDbDictionary
281
     1
  3
ACAD_GROUP
350
D
  3
ACAD_LAYOUT
350
1A
  3
ACAD_MLINESTYLE
350
17
  3
ACAD_PLOTSETTINGS
350
19
  3
ACAD_PLOTSTYLENAME
350
E
  3
ACAD_TABLESTYLE
350
DE3
  3
ACAD_VISUALSTYLE
350
2A
  0
DICTIONARY
  5
D
102
{ACAD_REACTORS
330
C
102
}
330
C
100
AcDbDictionary
281
     1
  0
DICTIONARY
  5
1A
102
{ACAD_REACTORS
330
C
102
}
330
C
100
AcDbDictionary
281
     1
  3
Layout1
350
1E
  3
Layout2
350
26
  3
Model
350
22
  0
DICTIONARY
  5
17
102
{ACAD_REACTORS
330
C
102
}
330
C
100
AcDbDictionary
281
     1
  3
Standard
350
18
  0
DICTIONARY
  5
19
102
{ACAD_REACTORS
330
C
102
}
330
C
100
AcDbDictionary
281
     1
  0
ACDBDICTIONARYWDFLT
  5
E
102
{ACAD_REACTORS
330
C
102
}
330
C
100
AcDbDictionary
281
     1
  3
Normal
350
F
100
AcDbDictionaryWithDefault
340
F
  0
DICTIONARY
  5
DE3
102
{ACAD_REACTORS
330
C
102
}
330
C
100
AcDbDictionary
281
     1
  0
DICTIONARY
  5
2A
102
{ACAD_REACTORS
330
C
102
}
330
C
100
AcDbDictionary
281
     1
  3
2dWireframe
350
2F
  3
3D Hidden
350
31
  3
3dWireframe
350
30
  3
Basic
350
32
  3
Brighten
350
36
  3
ColorChange
350
3A
  3
Conceptual
350
34
  3
Dim
350
35
  3
Facepattern
350
39
  3
Flat
350
2B
  3
FlatWithEdges
350
2C
  3
Gouraud
350
2D
  3
GouraudWithEdges
350
2E
  3
Linepattern
350
38
  3
Realistic
350
33
  3
Thicken
350
37
  0
LAYOUT
  5
1E
102
{ACAD_REACTORS
330
1A
102
}
330
1A
100
AcDbPlotSettings
  1

  2
none_device
  4

  6

 40
0.0
 41
0.0
 42
0.0
 43
0.0
 44
0.0
 45
0.0
 46
0.0
 47
0.0
 48
0.0
 49
0.0
140
0.0
141
0.0
142
1.0
143
1.0
 70
   688
 72
     0
 73
     0
 74
     5
  7

 75
    16
 76
     0
 77
     2
 78
   300
147
1.0
148
0.0
149
0.0
100
AcDbLayout
  1
Layout1
 70
     1
 71
     1
 10
0.0
 20
0.0
 11
12.0
 21
9.0
 12
0.0
 22
0.0
 32
0.0
 14
1.000000000000000E+20
 24
1.000000000000000E+20
 34
1.000000000000000E+20
 15
-1.000000000000000E+20
 25
-1.000000000000000E+20
 35
-1.000000000000000E+20
146
0.0
 13
0.0
 23
0.0
 33
0.0
 16
1.0
 26
0.0
 36
0.0
 17
0.0
 27
1.0
 37
0.0
 76
     0
330
1B
  0
LAYOUT
  5
26
102
{ACAD_REACTORS
330
1A
102
}
330
1A
100
AcDbPlotSettings
  1

  2
none_device
  4

  6

 40
0.0
 41
0.0
 42
0.0
 43
0.0
 44
0.0
 45
0.0
 46
0.0
 47
0.0
 48
0.0
 49
0.0
140
0.0
141
0.0
142
1.0
143
1.0
 70
   688
 72
     0
 73
     0
 74
     5
  7

 75
    16
 76
     0
 77
     2
 78
   300
147
1.0
148
0.0
149
0.0
100
AcDbLayout
  1
Layout2
 70
     1
 71
     2
 10
0.0
 20
0.0
 11
0.0
 21
0.0
 12
0.0
 22
0.0
 32
0.0
 14
0.0
 24
0.0
 34
0.0
 15
0.0
 25
0.0
 35
0.0
146
0.0
 13
0.0
 23
0.0
 33
0.0
 16
1.0
 26
0.0
 36
0.0
 17
0.0
 27
1.0
 37
0.0
 76
     0
330
23
  0
LAYOUT
  5
22
102
{ACAD_REACTORS
330
1A
102
}
330
1A
100
AcDbPlotSettings
  1

  2
none_device
  4

  6

 40
0.0
 41
0.0
 42
0.0
 43
0.0
 44
0.0
 45
0.0
 46
0.0
 47
0.0
 48
0.0
 49
0.0
140
0.0
141
0.0
142
1.0
143
1.0
 70
  1712
 72
     0
 73
     0
 74
     0
  7

 75
     0
 76
     0
 77
     2
 78
   300
147
1.0
148
0.0
149
0.0
100
AcDbLayout
  1
Model
 70
     1
 71
     0
 10
0.0
 20
0.0
 11
12.0
 21
9.0
 12
0.0
 22
0.0
 32
0.0
 14
1.000000000000000E+20
 24
1.000000000000000E+20
 34
1.000000000000000E+20
 15
-1.000000000000000E+20
 25
-1.000000000000000E+20
 35
-1.000000000000000E+20
146
0.0
 13
0.0
 23
0.0
 33
0.0
 16
1.0
 26
0.0
 36
0.0
 17
0.0
 27
1.0
 37
0.0
 76
     0
330
1F
331
29
  0
MLINESTYLE
  5
18
102
{ACAD_REACTORS
330
17
102
}
330
17
100
AcDbMlineStyle
  2
Standard
 70
     0
  3

 62
   256
 51
90.0
 52
90.0
 71
     2
 49
0.5
 62
   256
  6
BYLAYER
 49
-0.5
 62
   256
  6
BYLAYER
  0
ACDBPLACEHOLDER
  5
F
102
{ACAD_REACTORS
330
E
102
}
330
E
  0
VISUALSTYLE
  5
2F
102
{ACAD_REACTORS
330
2A
102
}
330
2A
100
AcDbVisualStyle
  2
2dWireframe
 70
     4
 71
     0
 72
     2
 73
     0
 90
        0
 40
-0.6
 41
-30.0
 62
     5
 63
     7
421
 16777215
 74
     1
 91
        4
 64
     7
 65
   257
 75
     1
175
     1
 42
1.0
 92
        0
 66
   257
 43
1.0
 76
     1
 77
     6
 78
     2
 67
     7
 79
     5
170
     0
171
     0
290
     0
174
     0
 93
        1
 44
0.0
173
     0
291
     0
 45
0.0
1001
ACAD
1000
AcDbSavedByObjectVersion
1070
     0
  0
VISUALSTYLE
  5
31
102
{ACAD_REACTORS
330
2A
102
}
330
2A
100
AcDbVisualStyle
  2
3D Hidden
 70
     6
 71
     1
 72
     2
 73
     2
 90
        0
 40
-0.6
 41
-30.0
 62
     5
 63
     7
421
 16777215
 74
     2
 91
        2
 64
     7
 65
   257
 75
     2
175
     1
 42
40.0
 92
        0
 66
   257
 43
1.0
 76
     1
 77
     6
 78
     2
 67
     7
 79
     3
170
     0
171
     0
290
     0
174
     0
 93
        1
 44
0.0
173
     0
291
     0
 45
0.0
1001
ACAD
1000
AcDbSavedByObjectVersion
1070
     0
  0
VISUALSTYLE
  5
30
102
{ACAD_REACTORS
330
2A
102
}
330
2A
100
AcDbVisualStyle
  2
3dWireframe
 70
     5
 71
     0
 72
     2
 73
     0
 90
        0
 40
-0.6
 41
-30.0
 62
     5
 63
     7
421
 16777215
 74
     1
 91
        4
 64
     7
 65
   257
 75
     1
175
     1
 42
1.0
 92
        0
 66
   257
 43
1.0
 76
     1
 77
     6
 78
     2
 67
     7
 79
     5
170
     0
171
     0
290
     0
174
     0
 93
        1
 44
0.0
173
     0
291
     0
 45
0.0
1001
ACAD
1000
AcDbSavedByObjectVersion
1070
     0
  0
VISUALSTYLE
  5
32
102
{ACAD_REACTORS
330
2A
102
}
330
2A
100
AcDbVisualStyle
  2
Basic
 70
     7
 71
     1
 72
     0
 73
     1
 90
        0
 40
-0.6
 41
-30.0
 62
     5
 63
     7
421
 16777215
 74
     0
 91
        4
 64
     7
 65
   257
 75
     1
175
     1
 42
1.0
 92
        8
 66
     7
 43
1.0
 76
     1
 77
     6
 78
     2
 67
     7
 79
     5
170
     0
171
     0
290
     0
174
     0
 93
        1
 44
0.0
173
     0
291
     1
 45
0.0
1001
ACAD
1000
AcDbSavedByObjectVersion
1070
     0
  0
VISUALSTYLE
  5
36
102
{ACAD_REACTORS
330
2A
102
}
330
2A
100
AcDbVisualStyle
  2
Brighten
 70
    12
 71
     2
 72
     2
 73
     0
 90
        0
 40
-0.6
 41
-30.0
 62
     5
 63
     7
421
 16777215
 74
     1
 91
        4
 64
     7
 65
   257
 75
     1
175
     1
 42
1.0
 92
        8
 66
     7
 43
1.0
 76
     1
 77
     6
 78
     2
 67
     7
 79
     5
170
     0
171
     0
290
     0
174
     0
 93
        1
 44
50.0
173
     0
291
     1
 45
0.0
1001
ACAD
1000
AcDbSavedByObjectVersion
1070
     0
  0
VISUALSTYLE
  5
3A
102
{ACAD_REACTORS
330
2A
102
}
330
2A
100
AcDbVisualStyle
  2
ColorChange
 70
    16
 71
     2
 72
     2
 73
     3
 90
        0
 40
-0.6
 41
-30.0
 62
     5
 63
     8
421
  8421504
 74
     1
 91
        4
 64
     7
 65
   257
 75
     1
175
     1
 42
1.0
 92
        8
 66
     8
424
  8421504
 43
1.0
 76
     1
 77
     6
 78
     2
 67
     7
 79
     5
170
     0
171
     0
290
     0
174
     0
 93
        1
 44
0.0
173
     0
291
     1
 45
0.0
1001
ACAD
1000
AcDbSavedByObjectVersion
1070
     0
  0
VISUALSTYLE
  5
34
102
{ACAD_REACTORS
330
2A
102
}
330
2A
100
AcDbVisualStyle
  2
Conceptual
 70
     9
 71
     3
 72
     2
 73
     0
 90
        0
 40
-0.6
 41
-30.0
 62
     5
 63
     7
421
 16777215
 74
     2
 91
        2
 64
     7
 65
   257
 75
     1
175
     1
 42
40.0
 92
        8
 66
     7
 43
1.0
 76
     1
 77
     6
 78
     2
 67
     7
 79
     3
170
     0
171
     0
290
     0
174
     0
 93
        1
 44
0.0
173
     0
291
     0
 45
0.0
1001
ACAD
1000
AcDbSavedByObjectVersion
1070
     0
  0
VISUALSTYLE
  5
35
102
{ACAD_REACTORS
330
2A
102
}
330
2A
100
AcDbVisualStyle
  2
Dim
 70
    11
 71
     2
 72
     2
 73
     0
 90
        0
 40
-0.6
 41
-30.0
 62
     5
 63
     7
421
 16777215
 74
     1
 91
        4
 64
     7
 65
   257
 75
     1
175
     1
 42
1.0
 92
        8
 66
     7
 43
1.0
 76
     1
 77
     6
 78
     2
 67
     7
 79
     5
170
     0
171
     0
290
     0
174
     0
 93
        1
 44
-50.0
173
     0
291
     1
 45
0.0
1001
ACAD
1000
AcDbSavedByObjectVersion
1070
     0
  0
VISUALSTYLE
  5
39
102
{ACAD_REACTORS
330
2A
102
}
330
2A
100
AcDbVisualStyle
  2
Facepattern
 70
    15
 71
     2
 72
     2
 73
     0
 90
        0
 40
-0.6
 41
-30.0
 62
     5
 63
     7
421
 16777215
 74
     1
 91
        4
 64
     7
 65
   257
 75
     1
175
     1
 42
1.0
 92
        8
 66
     7
 43
1.0
 76
     1
 77
     6
 78
     2
 67
     7
 79
     5
170
     0
171
     0
290
     0
174
     0
 93
        1
 44
0.0
173
     0
291
     1
 45
0.0
1001
ACAD
1000
AcDbSavedByObjectVersion
1070
     0
  0
VISUALSTYLE
  5
2B
102
{ACAD_REACTORS
330
2A
102
}
330
2A
100
AcDbVisualStyle
  2
Flat
 70
     0
 71
     2
 72
     1
 73
     1
 90
        2
 40
-0.6
 41
30.0
 62
     5
 63
     7
421
 16777215
 74
     0
 91
        4
 64
     7
 65
   257
 75
     1
175
     1
 42
1.0
 92
        8
 66
     7
 43
1.0
 76
     1
 77
     6
 78
     2
 67
     7
 79
     5
170
     0
171
     0
290
     0
174
     0
 93
       13
 44
0.0
173
     0
291
     1
 45
0.0
1001
ACAD
1000
AcDbSavedByObjectVersion
1070
     0
  0
VISUALSTYLE
  5
2C
102
{ACAD_REACTORS
330
2A
102
}
330
2A
100
AcDbVisualStyle
  2
FlatWithEdges
 70
     1
 71
     2
 72
     1
 73
     1
 90
        2
 40
-0.6
 41
30.0
 62
     5
 63
     7
421
 16777215
 74
     1
 91
        4
 64
     7
 65
   257
 75
     1
175
     1
 42
1.0
 92
        0
 66
   257
 43
1.0
 76
     1
 77
     6
 78
     2
 67
     7
 79
     5
170
     0
171
     0
290
     0
174
     0
 93
       13
 44
0.0
173
     0
291
     1
 45
0.0
1001
ACAD
1000
AcDbSavedByObjectVersion
1070
     0
  0
VISUALSTYLE
  5
2D
102
{ACAD_REACTORS
330
2A
102
}
330
2A
100
AcDbVisualStyle
  2
Gouraud
 70
     2
 71
     2
 72
     2
 73
     1
 90
        2
 40
-0.6
 41
30.0
 62
     5
 63
     7
421
 16777215
 74
     0
 91
        4
 64
     7
 65
   257
 75
     1
175
     1
 42
1.0
 92
        0
 66
     7
 43
1.0
 76
     1
 77
     6
 78
     2
 67
     7
 79
     5
170
     0
171
     0
290
     0
174
     0
 93
       13
 44
0.0
173
     0
291
     1
 45
0.0
1001
ACAD
1000
AcDbSavedByObjectVersion
1070
     0
  0
VISUALSTYLE
  5
2E
102
{ACAD_REACTORS
330
2A
102
}
330
2A
100
AcDbVisualStyle
  2
GouraudWithEdges
 70
     3
 71
     2
 72
     2
 73
     1
 90
        2
 40
-0.6
 41
30.0
 62
     5
 63
     7
421
 16777215
 74
     1
 91
        4
 64
     7
 65
   257
 75
     1
175
     1
 42
1.0
 92
        0
 66
   257
 43
1.0
 76
     1
 77
     6
 78
     2
 67
     7
 79
     5
170
     0
171
     0
290
     0
174
     0
 93
       13
 44
0.0
173
     0
291
     1
 45
0.0
1001
ACAD
1000
AcDbSavedByObjectVersion
1070
     0
  0
VISUALSTYLE
  5
38
102
{ACAD_REACTORS
330
2A
102
}
330
2A
100
AcDbVisualStyle
  2
Linepattern
 70
    14
 71
     2
 72
     2
 73
     0
 90
        0
 40
-0.6
 41
-30.0
 62
     5
 63
     7
421
 16777215
 74
     1
 91
        4
 64
     7
 65
   257
 75
     7
175
     7
 42
1.0
 92
        8
 66
     7
 43
1.0
 76
     1
 77
     6
 78
     2
 67
     7
 79
     5
170
     0
171
     0
290
     0
174
     0
 93
        1
 44
0.0
173
     0
291
     1
 45
0.0
1001
ACAD
1000
AcDbSavedByObjectVersion
1070
     0
  0
VISUALSTYLE
  5
33
102
{ACAD_REACTORS
330
2A
102
}
330
2A
100
AcDbVisualStyle
  2
Realistic
 70
     8
 71
     2
 72
     2
 73
     0
 90
        0
 40
-0.6
 41
-30.0
 62
     5
 63
     7
421
 16777215
 74
     1
 91
        0
 64
     7
 65
   257
 75
     1
175
     1
 42
1.0
 92
        8
 66
     8
424
  7895160
 43
1.0
 76
     1
 77
     6
 78
     2
 67
     7
 79
     5
170
     0
171
     0
290
     0
174
     0
 93
       13
 44
0.0
173
     0
291
     0
 45
0.0
1001
ACAD
1000
AcDbSavedByObjectVersion
1070
     0
  0
VISUALSTYLE
  5
37
102
{ACAD_REACTORS
330
2A
102
}
330
2A
100
AcDbVisualStyle
  2
Thicken
 70
    13
 71
     2
 72
     2
 73
     0
 90
        0
 40
-0.6
 41
-30.0
 62
     5
 63
     7
421
 16777215
 74
     1
 91
        4
 64
     7
 65
   257
 75
     1
175
     1
 42
1.0
 92
       12
 66
     7
 43
1.0
 76
     1
 77
     6
 78
     2
 67
     7
 79
     5
170
     0
171
     0
290
     0
174
     0
 93
        1
 44
0.0
173
     0
291
     1
 45
0.0
1001
ACAD
1000
AcDbSavedByObjectVersion
1070
     0
  0
ENDSEC
  0
EOF
