  0
SECTION
  2
HEADER
  9
$ACADVER
  1
AC1018
  9
$ACADMAINTVER
 70
     0
  9
$DWGCODEPAGE
  3
ANSI_932
  9
$INSBASE
 10
0.0
 20
0.0
 30
0.0
  9
$EXTMIN
 10
1.000000000000000E+20
 20
1.000000000000000E+20
 30
1.000000000000000E+20
  9
$EXTMAX
 10
-1.000000000000000E+20
 20
-1.000000000000000E+20
 30
-1.000000000000000E+20
  9
$LIMMIN
 10
0.0
 20
0.0
  9
$LIMMAX
 10
12.0
 20
9.0
  9
$ORTHOMODE
 70
     0
  9
$REGENMODE
 70
     1
  9
$FILLMODE
 70
     1
  9
$QTEXTMODE
 70
     0
  9
$MIRRTEXT
 70
     1
  9
$LTSCALE
 40
1.0
  9
$ATTMODE
 70
     1
  9
$TEXTSIZE
 40
0.2
  9
$TRACEWID
 40
0.05
  9
$TEXTSTYLE
  7
Standard
  9
$CLAYER
  8
0
  9
$CELTYPE
  6
ByLayer
  9
$CECOLOR
 62
   256
  9
$CELTSCALE
 40
1.0
  9
$DISPSILH
 70
     0
  9
$DIMSCALE
 40
1.0
  9
$DIMASZ
 40
0.18
  9
$DIMEXO
 40
0.0625
  9
$DIMDLI
 40
0.38
  9
$DIMRND
 40
0.0
  9
$DIMDLE
 40
0.0
  9
$DIMEXE
 40
0.18
  9
$DIMTP
 40
0.0
  9
$DIMTM
 40
0.0
  9
$DIMTXT
 40
0.18
  9
$DIMCEN
 40
0.09
  9
$DIMTSZ
 40
0.0
  9
$DIMTOL
 70
     0
  9
$DIMLIM
 70
     0
  9
$DIMTIH
 70
     1
  9
$DIMTOH
 70
     1
  9
$DIMSE1
 70
     0
  9
$DIMSE2
 70
     0
  9
$DIMTAD
 70
     0
  9
$DIMZIN
 70
     0
  9
$DIMBLK
  1

  9
$DIMASO
 70
     1
  9
$DIMSHO
 70
     1
  9
$DIMPOST
  1

  9
$DIMAPOST
  1

  9
$DIMALT
 70
     0
  9
$DIMALTD
 70
     2
  9
$DIMALTF
 40
25.4
  9
$DIMLFAC
 40
1.0
  9
$DIMTOFL
 70
     0
  9
$DIMTVP
 40
0.0
  9
$DIMTIX
 70
     0
  9
$DIMSOXD
 70
     0
  9
$DIMSAH
 70
     0
  9
$DIMBLK1
  1

  9
$DIMBLK2
  1

  9
$DIMSTYLE
  2
Standard
  9
$DIMCLRD
 70
     0
  9
$DIMCLRE
 70
     0
  9
$DIMCLRT
 70
     0
  9
$DIMTFAC
 40
1.0
  9
$DIMGAP
 40
0.09
  9
$DIMJUST
 70
     0
  9
$DIMSD1
 70
     0
  9
$DIMSD2
 70
     0
  9
$DIMTOLJ
 70
     1
  9
$DIMTZIN
 70
     0
  9
$DIMALTZ
 70
     0
  9
$DIMALTTZ
 70
     0
  9
$DIMUPT
 70
     0
  9
$DIMDEC
 70
     4
  9
$DIMTDEC
 70
     4
  9
$DIMALTU
 70
     2
  9
$DIMALTTD
 70
     2
  9
$DIMTXSTY
  7
Standard
  9
$DIMAUNIT
 70
     0
  9
$DIMADEC
 70
     0
  9
$DIMALTRND
 40
0.0
  9
$DIMAZIN
 70
     0
  9
$DIMDSEP
 70
    46
  9
$DIMATFIT
 70
     3
  9
$DIMFRAC
 70
     0
  9
$DIMLDRBLK
  1

  9
$DIMLUNIT
 70
     2
  9
$DIMLWD
 70
    -2
  9
$DIMLWE
 70
    -2
  9
$DIMTMOVE
 70
     0
  9
$LUNITS
 70
     2
  9
$LUPREC
 70
     4
  9
$SKETCHINC
 40
0.1
  9
$FILLETRAD
 40
0.5
  9
$AUNITS
 70
     0
  9
$AUPREC
 70
     0
  9
$MENU
  1
.
  9
$ELEVATION
 40
0.0
  9
$PELEVATION
 40
0.0
  9
$THICKNESS
 40
0.0
  9
$LIMCHECK
 70
     0
  9
$CHAMFERA
 40
0.5
  9
$CHAMFERB
 40
0.5
  9
$CHAMFERC
 40
1.0
  9
$CHAMFERD
 40
0.0
  9
$SKPOLY
 70
     0
  9
$TDCREATE
 40
2457547.729733796
  9
$TDUCREATE
 40
2457548.06306713
  9
$TDUPDATE
 40
2457547.729733808
  9
$TDUUPDATE
 40
2457548.063067141
  9
$TDINDWG
 40
0.0000000116
  9
$TDUSRTIMER
 40
0.0000000116
  9
$USRTIMER
 70
     1
  9
$ANGBASE
 50
0.0
  9
$ANGDIR
 70
     0
  9
$PDMODE
 70
     0
  9
$PDSIZE
 40
0.0
  9
$PLINEWID
 40
0.0
  9
$SPLFRAME
 70
     0
  9
$SPLINETYPE
 70
     6
  9
$SPLINESEGS
 70
     8
  9
$HANDSEED
  5
21F
  9
$SURFTAB1
 70
     6
  9
$SURFTAB2
 70
     6
  9
$SURFTYPE
 70
     6
  9
$SURFU
 70
     6
  9
$SURFV
 70
     6
  9
$UCSBASE
  2

  9
$UCSNAME
  2

  9
$UCSORG
 10
0.0
 20
0.0
 30
0.0
  9
$UCSXDIR
 10
1.0
 20
0.0
 30
0.0
  9
$UCSYDIR
 10
0.0
 20
1.0
 30
0.0
  9
$UCSORTHOREF
  2

  9
$UCSORTHOVIEW
 70
     0
  9
$UCSORGTOP
 10
0.0
 20
0.0
 30
0.0
  9
$UCSORGBOTTOM
 10
0.0
 20
0.0
 30
0.0
  9
$UCSORGLEFT
 10
0.0
 20
0.0
 30
0.0
  9
$UCSORGRIGHT
 10
0.0
 20
0.0
 30
0.0
  9
$UCSORGFRONT
 10
0.0
 20
0.0
 30
0.0
  9
$UCSORGBACK
 10
0.0
 20
0.0
 30
0.0
  9
$PUCSBASE
  2

  9
$PUCSNAME
  2

  9
$PUCSORG
 10
0.0
 20
0.0
 30
0.0
  9
$PUCSXDIR
 10
1.0
 20
0.0
 30
0.0
  9
$PUCSYDIR
 10
0.0
 20
1.0
 30
0.0
  9
$PUCSORTHOREF
  2

  9
$PUCSORTHOVIEW
 70
     0
  9
$PUCSORGTOP
 10
0.0
 20
0.0
 30
0.0
  9
$PUCSORGBOTTOM
 10
0.0
 20
0.0
 30
0.0
  9
$PUCSORGLEFT
 10
0.0
 20
0.0
 30
0.0
  9
$PUCSORGRIGHT
 10
0.0
 20
0.0
 30
0.0
  9
$PUCSORGFRONT
 10
0.0
 20
0.0
 30
0.0
  9
$PUCSORGBACK
 10
0.0
 20
0.0
 30
0.0
  9
$USERI1
 70
     0
  9
$USERI2
 70
     0
  9
$USERI3
 70
     0
  9
$USERI4
 70
     0
  9
$USERI5
 70
     0
  9
$USERR1
 40
0.0
  9
$USERR2
 40
0.0
  9
$USERR3
 40
0.0
  9
$USERR4
 40
0.0
  9
$USERR5
 40
0.0
  9
$WORLDVIEW
 70
     1
  9
$SHADEDGE
 70
     3
  9
$SHADEDIF
 70
    70
  9
$TILEMODE
 70
     1
  9
$MAXACTVP
 70
    64
  9
$PINSBASE
 10
0.0
 20
0.0
 30
0.0
  9
$PLIMCHECK
 70
     0
  9
$PEXTMIN
 10
1.000000000000000E+20
 20
1.000000000000000E+20
 30
1.000000000000000E+20
  9
$PEXTMAX
 10
-1.000000000000000E+20
 20
-1.000000000000000E+20
 30
-1.000000000000000E+20
  9
$PLIMMIN
 10
0.0
 20
0.0
  9
$PLIMMAX
 10
12.0
 20
9.0
  9
$UNITMODE
 70
     0
  9
$VISRETAIN
 70
     1
  9
$PLINEGEN
 70
     0
  9
$PSLTSCALE
 70
     1
  9
$TREEDEPTH
 70
  3020
  9
$CMLSTYLE
  2
Standard
  9
$CMLJUST
 70
     0
  9
$CMLSCALE
 40
1.0
  9
$PROXYGRAPHICS
 70
     1
  9
$MEASUREMENT
 70
     0
  9
$CELWEIGHT
370
    -1
  9
$ENDCAPS
280
     0
  9
$JOINSTYLE
280
     0
  9
$LWDISPLAY
290
     1
  9
$INSUNITS
 70
     1
  9
$HYPERLINKBASE
  1

  9
$STYLESHEET
  1

  9
$XEDIT
290
     1
  9
$CEPSNTYPE
380
     0
  9
$PSTYLEMODE
290
     1
  9
$FINGERPRINTGUID
  2
{8CEB7537-162B-0DE8-DA4C-643CCA5F04DE}
  9
$VERSIONGUID
  2
{FAEB1C32-E019-11D5-929B-00C0DF256EC4}
  9
$EXTNAMES
290
     1
  9
$PSVPSCALE
 40
0.0
  9
$OLESTARTUP
290
     0
  9
$SORTENTS
280
   127
  9
$INDEXCTL
280
     0
  9
$HIDETEXT
280
     1
  9
$XCLIPFRAME
290
     0
  9
$HALOGAP
280
     0
  9
$OBSCOLOR
 70
   257
  9
$OBSLTYPE
280
     0
  9
$INTERSECTIONDISPLAY
280
     0
  9
$INTERSECTIONCOLOR
 70
   257
  9
$DIMASSOC
280
     2
  9
$PROJECTNAME
  1

  0
ENDSEC
  0
SECTION
  2
CLASSES
  0
CLASS
  1
ACDBDICTIONARYWDFLT
  2
AcDbDictionaryWithDefault
  3
ObjectDBX Classes
 90
        0
 91
        3
280
     0
281
     0
  0
CLASS
  1
VISUALSTYLE
  2
AcDbVisualStyle
  3
ObjectDBX Classes
 90
     4095
 91
        3
280
     0
281
     0
  0
ENDSEC
  0
SECTION
  2
TABLES
  0
TABLE
  2
VPORT
  5
8
330
0
100
AcDbSymbolTable
 70
     1
  0
VPORT
  5
29
330
8
100
AcDbSymbolTableRecord
100
AcDbViewportTableRecord
  2
*Active
 70
     0
 10
0.0
 20
0.0
 11
1.0
 21
1.0
 12
0.0
 22
0.0
 13
0.0
 23
0.0
 14
0.5
 24
0.5
 15
0.5
 25
0.5
 16
0.0
 26
0.0
 36
1.0
 17
299.98095703125
 27
344.01708984375
 37
0.0
 40
1836.1201171875
 41
0.9804030131045476
 42
50.0
 43
0.0
 44
0.0
 50
0.0
 51
0.0
 71
     0
 72
   100
 73
     1
 74
     3
 75
     0
 76
     0
 77
     0
 78
     0
281
     0
 65
     1
110
0.0
120
0.0
130
0.0
111
1.0
121
0.0
131
0.0
112
0.0
122
1.0
132
0.0
 79
     0
146
0.0
  0
ENDTAB
  0
TABLE
  2
LTYPE
  5
5
330
0
100
AcDbSymbolTable
 70
     1
  0
LTYPE
  5
14
330
5
100
AcDbSymbolTableRecord
100
AcDbLinetypeTableRecord
  2
ByBlock
 70
     0
  3

 72
    65
 73
     0
 40
0.0
  0
LTYPE
  5
15
330
5
100
AcDbSymbolTableRecord
100
AcDbLinetypeTableRecord
  2
ByLayer
 70
     0
  3

 72
    65
 73
     0
 40
0.0
  0
LTYPE
  5
16
330
5
100
AcDbSymbolTableRecord
100
AcDbLinetypeTableRecord
  2
Continuous
 70
     0
  3
Solid line
 72
    65
 73
     0
 40
0.0
  0
ENDTAB
  0
TABLE
  2
LAYER
  5
2
330
0
100
AcDbSymbolTable
 70
     2
  0
LAYER
  5
10
330
2
100
AcDbSymbolTableRecord
100
AcDbLayerTableRecord
  2
0
 70
     0
 62
     7
  6
Continuous
370
    -3
390
F
  0
LAYER
  5
3B
330
2
100
AcDbSymbolTableRecord
100
AcDbLayerTableRecord
  2
Layer 1
 70
     0
 62
     7
  6
Continuous
370
    -3
390
F
  0
ENDTAB
  0
TABLE
  2
STYLE
  5
3
330
0
100
AcDbSymbolTable
 70
     1
  0
STYLE
  5
11
330
3
100
AcDbSymbolTableRecord
100
AcDbTextStyleTableRecord
  2
Standard
 70
     0
 40
0.0
 41
1.0
 50
0.0
 71
     0
 42
0.2
  3
txt
  4

  0
ENDTAB
  0
TABLE
  2
VIEW
  5
6
330
0
100
AcDbSymbolTable
 70
     0
  0
ENDTAB
  0
TABLE
  2
UCS
  5
7
330
0
100
AcDbSymbolTable
 70
     0
  0
ENDTAB
  0
TABLE
  2
APPID
  5
9
330
0
100
AcDbSymbolTable
 70
     1
  0
APPID
  5
12
330
9
100
AcDbSymbolTableRecord
100
AcDbRegAppTableRecord
  2
ACAD
 70
     0
  0
ENDTAB
  0
TABLE
  2
DIMSTYLE
  5
A
330
0
100
AcDbSymbolTable
 70
     1
100
AcDbDimStyleTable
  0
DIMSTYLE
105
27
330
A
100
AcDbSymbolTableRecord
100
AcDbDimStyleTableRecord
  2
Standard
 70
     0
340
11
  0
ENDTAB
  0
TABLE
  2
BLOCK_RECORD
  5
1
330
0
100
AcDbSymbolTable
 70
     1
  0
BLOCK_RECORD
  5
1F
330
1
100
AcDbSymbolTableRecord
100
AcDbBlockTableRecord
  2
*Model_Space
340
22
  0
BLOCK_RECORD
  5
1B
330
1
100
AcDbSymbolTableRecord
100
AcDbBlockTableRecord
  2
*Paper_Space
340
1E
  0
BLOCK_RECORD
  5
23
330
1
100
AcDbSymbolTableRecord
100
AcDbBlockTableRecord
  2
*Paper_Space0
340
26
  0
ENDTAB
  0
ENDSEC
  0
SECTION
  2
BLOCKS
  0
BLOCK
  5
20
330
1F
100
AcDbEntity
  8
0
100
AcDbBlockBegin
  2
*Model_Space
 70
     0
 71
     0
 10
0.0
 20
0.0
 30
0.0
  3
*Model_Space
  1

  0
ENDBLK
  5
21
330
1F
100
AcDbEntity
  8
0
100
AcDbBlockEnd
  0
BLOCK
  5
1C
330
1B
100
AcDbEntity
 67
     1
  8
0
100
AcDbBlockBegin
  2
*Paper_Space
 70
     0
 71
     0
 10
0.0
 20
0.0
 30
0.0
  3
*Paper_Space
  1

  0
ENDBLK
  5
1D
330
1B
100
AcDbEntity
 67
     1
  8
0
100
AcDbBlockEnd
  0
BLOCK
  5
24
330
23
100
AcDbEntity
  8
0
100
AcDbBlockBegin
  2
*Paper_Space0
 70
     0
 71
     0
 10
0.0
 20
0.0
 30
0.0
  3
*Paper_Space0
  1

  0
ENDBLK
  5
25
330
23
100
AcDbEntity
  8
0
100
AcDbBlockEnd
  0
ENDSEC
  0
SECTION
  2
ENTITIES
  0
SPLINE
  5
3C
330
1F
100
AcDbEntity
  8
Layer 1
370
     0
100
AcDbSpline
210
0.0
220
0.0
230
1.0
 70
    11
 71
     3
 72
    35
 73
    31
 74
     0
 42
0.0000000001
 43
0.0000000001
 40
0.0
 40
0.0
 40
0.0
 40
0.0
 40
1.0
 40
1.0
 40
1.0
 40
2.0
 40
2.0
 40
2.0
 40
3.0
 40
3.0
 40
3.0
 40
4.0
 40
4.0
 40
4.0
 40
5.0
 40
5.0
 40
5.0
 40
6.0
 40
6.0
 40
6.0
 40
7.0
 40
7.0
 40
7.0
 40
8.0
 40
8.0
 40
8.0
 40
9.0
 40
9.0
 40
9.0
 40
10.0
 40
10.0
 40
10.0
 40
10.0
 10
597.9375
 20
854.67578125
 30
0.0
 10
597.9375
 20
854.67578125
 30
0.0
 10
598.048828125
 20
854.74560546875
 30
0.0
 10
598.048828125
 20
854.74560546875
 30
0.0
 10
598.048828125
 20
854.74560546875
 30
0.0
 10
598.306640625
 20
854.81640625
 30
0.0
 10
598.306640625
 20
854.81640625
 30
0.0
 10
598.306640625
 20
854.81640625
 30
0.0
 10
598.619140625
 20
854.84375
 30
0.0
 10
598.619140625
 20
854.84375
 30
0.0
 10
598.619140625
 20
854.84375
 30
0.0
 10
598.890625
 20
854.78173828125
 30
0.0
 10
598.890625
 20
854.78173828125
 30
0.0
 10
598.890625
 20
854.78173828125
 30
0.0
 10
598.857421875
 20
854.68505859375
 30
0.0
 10
598.857421875
 20
854.68505859375
 30
0.0
 10
598.857421875
 20
854.68505859375
 30
0.0
 10
598.513671875
 20
854.63037109375
 30
0.0
 10
598.513671875
 20
854.63037109375
 30
0.0
 10
598.513671875
 20
854.63037109375
 30
0.0
 10
598.1201171875
 20
854.625
 30
0.0
 10
598.1201171875
 20
854.625
 30
0.0
 10
598.1201171875
 20
854.625
 30
0.0
 10
597.9375
 20
854.67578125
 30
0.0
 10
597.9375
 20
854.67578125
 30
0.0
 10
597.9375
 20
854.67578125
 30
0.0
 10
597.9375
 20
854.67578125
 30
0.0
 10
597.9375
 20
854.67578125
 30
0.0
 10
597.9375
 20
854.67578125
 30
0.0
 10
597.9375
 20
854.67578125
 30
0.0
 10
597.9375
 20
854.67578125
 30
0.0
  0
HATCH
  5
3D
330
1F
100
AcDbEntity
  8
Layer 1
 62
     7
420
 16777215
100
AcDbHatch
 10
0.0
 20
0.0
 30
0.0
210
0.0
220
0.0
230
1.0
  2
SOLID
 70
     1
 71
     0
 91
        1
 92
        1
 93
        1
 72
     4
 94
        3
 73
     0
 74
     1
 95
       35
 96
       31
 40
0.0
 40
0.0
 40
0.0
 40
0.0
 40
1.0
 40
1.0
 40
1.0
 40
2.0
 40
2.0
 40
2.0
 40
3.0
 40
3.0
 40
3.0
 40
4.0
 40
4.0
 40
4.0
 40
5.0
 40
5.0
 40
5.0
 40
6.0
 40
6.0
 40
6.0
 40
7.0
 40
7.0
 40
7.0
 40
8.0
 40
8.0
 40
8.0
 40
9.0
 40
9.0
 40
9.0
 40
10.0
 40
10.0
 40
10.0
 40
10.0
 10
597.9375
 20
854.67578125
 10
597.9375
 20
854.67578125
 10
598.048828125
 20
854.74560546875
 10
598.048828125
 20
854.74560546875
 10
598.048828125
 20
854.74560546875
 10
598.306640625
 20
854.81640625
 10
598.306640625
 20
854.81640625
 10
598.306640625
 20
854.81640625
 10
598.619140625
 20
854.84375
 10
598.619140625
 20
854.84375
 10
598.619140625
 20
854.84375
 10
598.890625
 20
854.78173828125
 10
598.890625
 20
854.78173828125
 10
598.890625
 20
854.78173828125
 10
598.857421875
 20
854.68505859375
 10
598.857421875
 20
854.68505859375
 10
598.857421875
 20
854.68505859375
 10
598.513671875
 20
854.63037109375
 10
598.513671875
 20
854.63037109375
 10
598.513671875
 20
854.63037109375
 10
598.1201171875
 20
854.625
 10
598.1201171875
 20
854.625
 10
598.1201171875
 20
854.625
 10
597.9375
 20
854.67578125
 10
597.9375
 20
854.67578125
 10
597.9375
 20
854.67578125
 10
597.9375
 20
854.67578125
 10
597.9375
 20
854.67578125
 10
597.9375
 20
854.67578125
 10
597.9375
 20
854.67578125
 10
597.9375
 20
854.67578125
 97
        0
 75
     0
 76
     1
 98
        0
  0
POLYLINE
  5
3E
330
1F
100
AcDbEntity
  8
Layer 1
370
     0
100
AcDb2dPolyline
 66
     1
 10
0.0
 20
0.0
 30
0.0
  0
VERTEX
  5
3F
330
3E
100
AcDbEntity
  8
Layer 1
370
     0
100
AcDbVertex
100
AcDb2dVertex
 10
471.7275390625
 20
796.7587890625
 30
0.0
  0
VERTEX
  5
40
330
3E
100
AcDbEntity
  8
Layer 1
370
     0
100
AcDbVertex
100
AcDb2dVertex
 10
471.7802734375
 20
796.791015625
 30
0.0
  0
VERTEX
  5
41
330
3E
100
AcDbEntity
  8
Layer 1
370
     0
100
AcDbVertex
100
AcDb2dVertex
 10
472.052734375
 20
796.84765625
 30
0.0
  0
VERTEX
  5
42
330
3E
100
AcDbEntity
  8
Layer 1
370
     0
100
AcDbVertex
100
AcDb2dVertex
 10
472.375
 20
796.88671875
 30
0.0
  0
VERTEX
  5
43
330
3E
100
AcDbEntity
  8
Layer 1
370
     0
100
AcDbVertex
100
AcDb2dVertex
 10
472.57421875
 20
796.86474609375
 30
0.0
  0
VERTEX
  5
44
330
3E
100
AcDbEntity
  8
Layer 1
370
     0
100
AcDbVertex
100
AcDb2dVertex
 10
472.59765625
 20
796.73291015625
 30
0.0
  0
VERTEX
  5
45
330
3E
100
AcDbEntity
  8
Layer 1
370
     0
100
AcDbVertex
100
AcDb2dVertex
 10
472.57421875
 20
796.017578125
 30
0.0
  0
VERTEX
  5
46
330
3E
100
AcDbEntity
  8
Layer 1
370
     0
100
AcDbVertex
100
AcDb2dVertex
 10
472.587890625
 20
796.01953125
 30
0.0
  0
VERTEX
  5
47
330
3E
100
AcDbEntity
  8
Layer 1
370
     0
100
AcDbVertex
100
AcDb2dVertex
 10
472.623046875
 20
795.990234375
 30
0.0
  0
VERTEX
  5
48
330
3E
100
AcDbEntity
  8
Layer 1
370
     0
100
AcDbVertex
100
AcDb2dVertex
 10
472.6591796875
 20
795.9482421875
 30
0.0
  0
VERTEX
  5
49
330
3E
100
AcDbEntity
  8
Layer 1
370
     0
100
AcDbVertex
100
AcDb2dVertex
 10
472.6806640625
 20
795.912109375
 30
0.0
  0
VERTEX
  5
4A
330
3E
100
AcDbEntity
  8
Layer 1
370
     0
100
AcDbVertex
100
AcDb2dVertex
 10
472.7392578125
 20
795.482421875
 30
0.0
  0
VERTEX
  5
4B
330
3E
100
AcDbEntity
  8
Layer 1
370
     0
100
AcDbVertex
100
AcDb2dVertex
 10
472.943359375
 20
791.7705078125
 30
0.0
  0
VERTEX
  5
4C
330
3E
100
AcDbEntity
  8
Layer 1
370
     0
100
AcDbVertex
100
AcDb2dVertex
 10
473.0390625
 20
790.947265625
 30
0.0
  0
VERTEX
  5
4D
330
3E
100
AcDbEntity
  8
Layer 1
370
     0
100
AcDbVertex
100
AcDb2dVertex
 10
472.998046875
 20
790.7236328125
 30
0.0
  0
VERTEX
  5
4E
330
3E
100
AcDbEntity
  8
Layer 1
370
     0
100
AcDbVertex
100
AcDb2dVertex
 10
472.775390625
 20
790.66552734375
 30
0.0
  0
VERTEX
  5
4F
330
3E
100
AcDbEntity
  8
Layer 1
370
     0
100
AcDbVertex
100
AcDb2dVertex
 10
467.068359375
 20
789.982421875
 30
0.0
  0
VERTEX
  5
50
330
3E
100
AcDbEntity
  8
Layer 1
370
     0
100
AcDbVertex
100
AcDb2dVertex
 10
466.3701171875
 20
789.9658203125
 30
0.0
  0
VERTEX
  5
51
330
3E
100
AcDbEntity
  8
Layer 1
370
     0
100
AcDbVertex
100
AcDb2dVertex
 10
466.2216796875
 20
789.982421875
 30
0.0
  0
VERTEX
  5
52
330
3E
100
AcDbEntity
  8
Layer 1
370
     0
100
AcDbVertex
100
AcDb2dVertex
 10
466.193359375
 20
790.14453125
 30
0.0
  0
VERTEX
  5
53
330
3E
100
AcDbEntity
  8
Layer 1
370
     0
100
AcDbVertex
100
AcDb2dVertex
 10
466.2109375
 20
790.7216796875
 30
0.0
  0
VERTEX
  5
54
330
3E
100
AcDbEntity
  8
Layer 1
370
     0
100
AcDbVertex
100
AcDb2dVertex
 10
466.2216796875
 20
790.82958984375
 30
0.0
  0
VERTEX
  5
55
330
3E
100
AcDbEntity
  8
Layer 1
370
     0
100
AcDbVertex
100
AcDb2dVertex
 10
465.6923828125
 20
795.912109375
 30
0.0
  0
VERTEX
  5
56
330
3E
100
AcDbEntity
  8
Layer 1
370
     0
100
AcDbVertex
100
AcDb2dVertex
 10
466.1298828125
 20
796.02734375
 30
0.0
  0
VERTEX
  5
57
330
3E
100
AcDbEntity
  8
Layer 1
370
     0
100
AcDbVertex
100
AcDb2dVertex
 10
471.0390625
 20
796.73876953125
 30
0.0
  0
VERTEX
  5
58
330
3E
100
AcDbEntity
  8
Layer 1
370
     0
100
AcDbVertex
100
AcDb2dVertex
 10
471.7275390625
 20
796.7587890625
 30
0.0
  0
VERTEX
  5
59
330
3E
100
AcDbEntity
  8
Layer 1
370
     0
100
AcDbVertex
100
AcDb2dVertex
 10
471.7275390625
 20
796.7587890625
 30
0.0
  0
SEQEND
  5
5A
330
3E
100
AcDbEntity
  8
Layer 1
370
     0
  0
HATCH
  5
5B
330
1F
100
AcDbEntity
  8
Layer 1
 62
     7
420
 16777215
100
AcDbHatch
 10
0.0
 20
0.0
 30
0.0
210
0.0
220
0.0
230
1.0
  2
SOLID
 70
     1
 71
     0
 91
        1
 92
        1
 93
       25
 72
     1
 10
471.7275390625
 20
796.7587890625
 11
471.7802734375
 21
796.791015625
 72
     1
 10
471.7802734375
 20
796.791015625
 11
472.052734375
 21
796.84765625
 72
     1
 10
472.052734375
 20
796.84765625
 11
472.375
 21
796.88671875
 72
     1
 10
472.375
 20
796.88671875
 11
472.57421875
 21
796.86474609375
 72
     1
 10
472.57421875
 20
796.86474609375
 11
472.59765625
 21
796.73291015625
 72
     1
 10
472.59765625
 20
796.73291015625
 11
472.57421875
 21
796.017578125
 72
     1
 10
472.57421875
 20
796.017578125
 11
472.587890625
 21
796.01953125
 72
     1
 10
472.587890625
 20
796.01953125
 11
472.623046875
 21
795.990234375
 72
     1
 10
472.623046875
 20
795.990234375
 11
472.6591796875
 21
795.9482421875
 72
     1
 10
472.6591796875
 20
795.9482421875
 11
472.6806640625
 21
795.912109375
 72
     1
 10
472.6806640625
 20
795.912109375
 11
472.7392578125
 21
795.482421875
 72
     1
 10
472.7392578125
 20
795.482421875
 11
472.943359375
 21
791.7705078125
 72
     1
 10
472.943359375
 20
791.7705078125
 11
473.0390625
 21
790.947265625
 72
     1
 10
473.0390625
 20
790.947265625
 11
472.998046875
 21
790.7236328125
 72
     1
 10
472.998046875
 20
790.7236328125
 11
472.775390625
 21
790.66552734375
 72
     1
 10
472.775390625
 20
790.66552734375
 11
467.068359375
 21
789.982421875
 72
     1
 10
467.068359375
 20
789.982421875
 11
466.3701171875
 21
789.9658203125
 72
     1
 10
466.3701171875
 20
789.9658203125
 11
466.2216796875
 21
789.982421875
 72
     1
 10
466.2216796875
 20
789.982421875
 11
466.193359375
 21
790.14453125
 72
     1
 10
466.193359375
 20
790.14453125
 11
466.2109375
 21
790.7216796875
 72
     1
 10
466.2109375
 20
790.7216796875
 11
466.2216796875
 21
790.82958984375
 72
     1
 10
466.2216796875
 20
790.82958984375
 11
465.6923828125
 21
795.912109375
 72
     1
 10
465.6923828125
 20
795.912109375
 11
466.1298828125
 21
796.02734375
 72
     1
 10
466.1298828125
 20
796.02734375
 11
471.0390625
 21
796.73876953125
 72
     1
 10
471.0390625
 20
796.73876953125
 11
471.7275390625
 21
796.7587890625
 97
        0
 75
     0
 76
     1
 98
        0
  0
SPLINE
  5
5C
330
1F
100
AcDbEntity
  8
Layer 1
370
     0
100
AcDbSpline
210
0.0
220
0.0
230
1.0
 70
    11
 71
     3
 72
   326
 73
   322
 74
     0
 42
0.0000000001
 43
0.0000000001
 40
0.0
 40
0.0
 40
0.0
 40
0.0
 40
1.0
 40
1.0
 40
1.0
 40
2.0
 40
2.0
 40
2.0
 40
3.0
 40
3.0
 40
3.0
 40
4.0
 40
4.0
 40
4.0
 40
5.0
 40
5.0
 40
5.0
 40
6.0
 40
6.0
 40
6.0
 40
7.0
 40
7.0
 40
7.0
 40
8.0
 40
8.0
 40
8.0
 40
9.0
 40
9.0
 40
9.0
 40
10.0
 40
10.0
 40
10.0
 40
11.0
 40
11.0
 40
11.0
 40
12.0
 40
12.0
 40
12.0
 40
13.0
 40
13.0
 40
13.0
 40
14.0
 40
14.0
 40
14.0
 40
15.0
 40
15.0
 40
15.0
 40
16.0
 40
16.0
 40
16.0
 40
17.0
 40
17.0
 40
17.0
 40
18.0
 40
18.0
 40
18.0
 40
19.0
 40
19.0
 40
19.0
 40
20.0
 40
20.0
 40
20.0
 40
21.0
 40
21.0
 40
21.0
 40
22.0
 40
22.0
 40
22.0
 40
23.0
 40
23.0
 40
23.0
 40
24.0
 40
24.0
 40
24.0
 40
25.0
 40
25.0
 40
25.0
 40
26.0
 40
26.0
 40
26.0
 40
27.0
 40
27.0
 40
27.0
 40
28.0
 40
28.0
 40
28.0
 40
29.0
 40
29.0
 40
29.0
 40
30.0
 40
30.0
 40
30.0
 40
31.0
 40
31.0
 40
31.0
 40
32.0
 40
32.0
 40
32.0
 40
33.0
 40
33.0
 40
33.0
 40
34.0
 40
34.0
 40
34.0
 40
35.0
 40
35.0
 40
35.0
 40
36.0
 40
36.0
 40
36.0
 40
37.0
 40
37.0
 40
37.0
 40
38.0
 40
38.0
 40
38.0
 40
39.0
 40
39.0
 40
39.0
 40
40.0
 40
40.0
 40
40.0
 40
41.0
 40
41.0
 40
41.0
 40
42.0
 40
42.0
 40
42.0
 40
43.0
 40
43.0
 40
43.0
 40
44.0
 40
44.0
 40
44.0
 40
45.0
 40
45.0
 40
45.0
 40
46.0
 40
46.0
 40
46.0
 40
47.0
 40
47.0
 40
47.0
 40
48.0
 40
48.0
 40
48.0
 40
49.0
 40
49.0
 40
49.0
 40
50.0
 40
50.0
 40
50.0
 40
51.0
 40
51.0
 40
51.0
 40
52.0
 40
52.0
 40
52.0
 40
53.0
 40
53.0
 40
53.0
 40
54.0
 40
54.0
 40
54.0
 40
55.0
 40
55.0
 40
55.0
 40
56.0
 40
56.0
 40
56.0
 40
57.0
 40
57.0
 40
57.0
 40
58.0
 40
58.0
 40
58.0
 40
59.0
 40
59.0
 40
59.0
 40
60.0
 40
60.0
 40
60.0
 40
61.0
 40
61.0
 40
61.0
 40
62.0
 40
62.0
 40
62.0
 40
63.0
 40
63.0
 40
63.0
 40
64.0
 40
64.0
 40
64.0
 40
65.0
 40
65.0
 40
65.0
 40
66.0
 40
66.0
 40
66.0
 40
67.0
 40
67.0
 40
67.0
 40
68.0
 40
68.0
 40
68.0
 40
69.0
 40
69.0
 40
69.0
 40
70.0
 40
70.0
 40
70.0
 40
71.0
 40
71.0
 40
71.0
 40
72.0
 40
72.0
 40
72.0
 40
73.0
 40
73.0
 40
73.0
 40
74.0
 40
74.0
 40
74.0
 40
75.0
 40
75.0
 40
75.0
 40
76.0
 40
76.0
 40
76.0
 40
77.0
 40
77.0
 40
77.0
 40
78.0
 40
78.0
 40
78.0
 40
79.0
 40
79.0
 40
79.0
 40
80.0
 40
80.0
 40
80.0
 40
81.0
 40
81.0
 40
81.0
 40
82.0
 40
82.0
 40
82.0
 40
83.0
 40
83.0
 40
83.0
 40
84.0
 40
84.0
 40
84.0
 40
85.0
 40
85.0
 40
85.0
 40
86.0
 40
86.0
 40
86.0
 40
87.0
 40
87.0
 40
87.0
 40
88.0
 40
88.0
 40
88.0
 40
89.0
 40
89.0
 40
89.0
 40
90.0
 40
90.0
 40
90.0
 40
91.0
 40
91.0
 40
91.0
 40
92.0
 40
92.0
 40
92.0
 40
93.0
 40
93.0
 40
93.0
 40
94.0
 40
94.0
 40
94.0
 40
95.0
 40
95.0
 40
95.0
 40
96.0
 40
96.0
 40
96.0
 40
97.0
 40
97.0
 40
97.0
 40
98.0
 40
98.0
 40
98.0
 40
99.0
 40
99.0
 40
99.0
 40
100.0
 40
100.0
 40
100.0
 40
101.0
 40
101.0
 40
101.0
 40
102.0
 40
102.0
 40
102.0
 40
103.0
 40
103.0
 40
103.0
 40
104.0
 40
104.0
 40
104.0
 40
105.0
 40
105.0
 40
105.0
 40
106.0
 40
106.0
 40
106.0
 40
107.0
 40
107.0
 40
107.0
 40
107.0
 10
13.15673828125
 20
712.4775390625
 30
0.0
 10
13.15673828125
 20
712.4775390625
 30
0.0
 10
13.33056640625
 20
712.54736328125
 30
0.0
 10
13.33056640625
 20
712.54736328125
 30
0.0
 10
13.33056640625
 20
712.54736328125
 30
0.0
 10
13.48486328125
 20
712.52490234375
 30
0.0
 10
13.48486328125
 20
712.52490234375
 30
0.0
 10
13.48486328125
 20
712.52490234375
 30
0.0
 10
13.66064453125
 20
712.4521484375
 30
0.0
 10
13.66064453125
 20
712.4521484375
 30
0.0
 10
13.66064453125
 20
712.4521484375
 30
0.0
 10
13.89794921875
 20
712.3720703125
 30
0.0
 10
13.89794921875
 20
712.3720703125
 30
0.0
 10
13.89794921875
 20
712.3720703125
 30
0.0
 10
13.94970703125
 20
712.3681640625
 30
0.0
 10
13.94970703125
 20
712.3681640625
 30
0.0
 10
13.94970703125
 20
712.3681640625
 30
0.0
 10
14.0595703125
 20
712.37890625
 30
0.0
 10
14.0595703125
 20
712.37890625
 30
0.0
 10
14.0595703125
 20
712.37890625
 30
0.0
 10
14.10986328125
 20
712.3720703125
 30
0.0
 10
14.10986328125
 20
712.3720703125
 30
0.0
 10
14.10986328125
 20
712.3720703125
 30
0.0
 10
14.16015625
 20
712.33203125
 30
0.0
 10
14.16015625
 20
712.33203125
 30
0.0
 10
14.16015625
 20
712.33203125
 30
0.0
 10
14.279296875
 20
712.1953125
 30
0.0
 10
14.279296875
 20
712.1953125
 30
0.0
 10
14.279296875
 20
712.1953125
 30
0.0
 10
14.3212890625
 20
712.16015625
 30
0.0
 10
14.3212890625
 20
712.16015625
 30
0.0
 10
14.3212890625
 20
712.16015625
 30
0.0
 10
14.39794921875
 20
712.15283203125
 30
0.0
 10
14.39794921875
 20
712.15283203125
 30
0.0
 10
14.39794921875
 20
712.15283203125
 30
0.0
 10
14.56396484375
 20
712.17138671875
 30
0.0
 10
14.56396484375
 20
712.17138671875
 30
0.0
 10
14.56396484375
 20
712.17138671875
 30
0.0
 10
14.63916015625
 20
712.16015625
 30
0.0
 10
14.63916015625
 20
712.16015625
 30
0.0
 10
14.63916015625
 20
712.16015625
 30
0.0
 10
14.6923828125
 20
712.11962890625
 30
0.0
 10
14.6923828125
 20
712.11962890625
 30
0.0
 10
14.6923828125
 20
712.11962890625
 30
0.0
 10
14.80517578125
 20
711.9873046875
 30
0.0
 10
14.80517578125
 20
711.9873046875
 30
0.0
 10
14.80517578125
 20
711.9873046875
 30
0.0
 10
14.85107421875
 20
711.9482421875
 30
0.0
 10
14.85107421875
 20
711.9482421875
 30
0.0
 10
14.85107421875
 20
711.9482421875
 30
0.0
 10
14.900390625
 20
711.93994140625
 30
0.0
 10
14.900390625
 20
711.93994140625
 30
0.0
 10
14.900390625
 20
711.93994140625
 30
0.0
 10
15.01123046875
 20
711.951171875
 30
0.0
 10
15.01123046875
 20
711.951171875
 30
0.0
 10
15.01123046875
 20
711.951171875
 30
0.0
 10
15.0625
 20
711.9482421875
 30
0.0
 10
15.0625
 20
711.9482421875
 30
0.0
 10
15.0625
 20
711.9482421875
 30
0.0
 10
15.14697265625
 20
711.9140625
 30
0.0
 10
15.14697265625
 20
711.9140625
 30
0.0
 10
15.14697265625
 20
711.9140625
 30
0.0
 10
15.3544921875
 20
711.79638671875
 30
0.0
 10
15.3544921875
 20
711.79638671875
 30
0.0
 10
15.3544921875
 20
711.79638671875
 30
0.0
 10
15.486328125
 20
711.736328125
 30
0.0
 10
15.486328125
 20
711.736328125
 30
0.0
 10
15.486328125
 20
711.736328125
 30
0.0
 10
15.53173828125
 20
711.73486328125
 30
0.0
 10
15.53173828125
 20
711.73486328125
 30
0.0
 10
15.53173828125
 20
711.73486328125
 30
0.0
 10
15.66015625
 20
711.74658203125
 30
0.0
 10
15.66015625
 20
711.74658203125
 30
0.0
 10
15.66015625
 20
711.74658203125
 30
0.0
 10
15.69775390625
 20
711.736328125
 30
0.0
 10
15.69775390625
 20
711.736328125
 30
0.0
 10
15.69775390625
 20
711.736328125
 30
0.0
 10
15.896484375
 20
711.5908203125
 30
0.0
 10
15.896484375
 20
711.5908203125
 30
0.0
 10
15.896484375
 20
711.5908203125
 30
0.0
 10
16.205078125
 20
711.4501953125
 30
0.0
 10
16.205078125
 20
711.4501953125
 30
0.0
 10
16.205078125
 20
711.4501953125
 30
0.0
 10
19.19189453125
 20
710.3603515625
 30
0.0
 10
19.19189453125
 20
710.3603515625
 30
0.0
 10
19.19189453125
 20
710.3603515625
 30
0.0
 10
19.29150390625
 20
710.310546875
 30
0.0
 10
19.29150390625
 20
710.310546875
 30
0.0
 10
19.29150390625
 20
710.310546875
 30
0.0
 10
19.38525390625
 20
710.25146484375
 30
0.0
 10
19.38525390625
 20
710.25146484375
 30
0.0
 10
19.38525390625
 20
710.25146484375
 30
0.0
 10
19.48779296875
 20
710.1943359375
 30
0.0
 10
19.48779296875
 20
710.1943359375
 30
0.0
 10
19.48779296875
 20
710.1943359375
 30
0.0
 10
19.61572265625
 20
710.1484375
 30
0.0
 10
19.61572265625
 20
710.1484375
 30
0.0
 10
19.61572265625
 20
710.1484375
 30
0.0
 10
19.6669921875
 20
710.14501953125
 30
0.0
 10
19.6669921875
 20
710.14501953125
 30
0.0
 10
19.6669921875
 20
710.14501953125
 30
0.0
 10
19.77734375
 20
710.15625
 30
0.0
 10
19.77734375
 20
710.15625
 30
0.0
 10
19.77734375
 20
710.15625
 30
0.0
 10
19.8271484375
 20
710.1484375
 30
0.0
 10
19.8271484375
 20
710.1484375
 30
0.0
 10
19.8271484375
 20
710.1484375
 30
0.0
 10
19.87744140625
 20
710.10791015625
 30
0.0
 10
19.87744140625
 20
710.10791015625
 30
0.0
 10
19.87744140625
 20
710.10791015625
 30
0.0
 10
19.9970703125
 20
709.9716796875
 30
0.0
 10
19.9970703125
 20
709.9716796875
 30
0.0
 10
19.9970703125
 20
709.9716796875
 30
0.0
 10
20.0390625
 20
709.9365234375
 30
0.0
 10
20.0390625
 20
709.9365234375
 30
0.0
 10
20.0390625
 20
709.9365234375
 30
0.0
 10
20.115234375
 20
709.9296875
 30
0.0
 10
20.115234375
 20
709.9296875
 30
0.0
 10
20.115234375
 20
709.9296875
 30
0.0
 10
20.28173828125
 20
709.9482421875
 30
0.0
 10
20.28173828125
 20
709.9482421875
 30
0.0
 10
20.28173828125
 20
709.9482421875
 30
0.0
 10
20.3564453125
 20
709.9365234375
 30
0.0
 10
20.3564453125
 20
709.9365234375
 30
0.0
 10
20.3564453125
 20
709.9365234375
 30
0.0
 10
20.40966796875
 20
709.8955078125
 30
0.0
 10
20.40966796875
 20
709.8955078125
 30
0.0
 10
20.40966796875
 20
709.8955078125
 30
0.0
 10
20.5224609375
 20
709.763671875
 30
0.0
 10
20.5224609375
 20
709.763671875
 30
0.0
 10
20.5224609375
 20
709.763671875
 30
0.0
 10
20.568359375
 20
709.724609375
 30
0.0
 10
20.568359375
 20
709.724609375
 30
0.0
 10
20.568359375
 20
709.724609375
 30
0.0
 10
20.6171875
 20
709.71630859375
 30
0.0
 10
20.6171875
 20
709.71630859375
 30
0.0
 10
20.6171875
 20
709.71630859375
 30
0.0
 10
20.72900390625
 20
709.7275390625
 30
0.0
 10
20.72900390625
 20
709.7275390625
 30
0.0
 10
20.72900390625
 20
709.7275390625
 30
0.0
 10
20.7802734375
 20
709.724609375
 30
0.0
 10
20.7802734375
 20
709.724609375
 30
0.0
 10
20.7802734375
 20
709.724609375
 30
0.0
 10
22.33349609375
 20
709.0703125
 30
0.0
 10
22.33349609375
 20
709.0703125
 30
0.0
 10
22.33349609375
 20
709.0703125
 30
0.0
 10
22.580078125
 20
708.9833984375
 30
0.0
 10
22.580078125
 20
708.9833984375
 30
0.0
 10
22.580078125
 20
708.9833984375
 30
0.0
 10
22.57177734375
 20
708.693359375
 30
0.0
 10
22.57177734375
 20
708.693359375
 30
0.0
 10
22.57177734375
 20
708.693359375
 30
0.0
 10
21.41552734375
 20
705.3837890625
 30
0.0
 10
21.41552734375
 20
705.3837890625
 30
0.0
 10
21.41552734375
 20
705.3837890625
 30
0.0
 10
21.36474609375
 20
705.1748046875
 30
0.0
 10
21.36474609375
 20
705.1748046875
 30
0.0
 10
21.36474609375
 20
705.1748046875
 30
0.0
 10
21.28857421875
 20
704.619140625
 30
0.0
 10
21.28857421875
 20
704.619140625
 30
0.0
 10
21.28857421875
 20
704.619140625
 30
0.0
 10
21.20361328125
 20
704.32470703125
 30
0.0
 10
21.20361328125
 20
704.32470703125
 30
0.0
 10
21.20361328125
 20
704.32470703125
 30
0.0
 10
21.03271484375
 20
703.9384765625
 30
0.0
 10
21.03271484375
 20
703.9384765625
 30
0.0
 10
21.03271484375
 20
703.9384765625
 30
0.0
 10
20.93115234375
 20
703.6455078125
 30
0.0
 10
20.93115234375
 20
703.6455078125
 30
0.0
 10
20.93115234375
 20
703.6455078125
 30
0.0
 10
20.88623046875
 20
703.3720703125
 30
0.0
 10
20.88623046875
 20
703.3720703125
 30
0.0
 10
20.88623046875
 20
703.3720703125
 30
0.0
 10
20.7060546875
 20
703.306640625
 30
0.0
 10
20.7060546875
 20
703.306640625
 30
0.0
 10
20.7060546875
 20
703.306640625
 30
0.0
 10
20.29150390625
 20
703.451171875
 30
0.0
 10
20.29150390625
 20
703.451171875
 30
0.0
 10
20.29150390625
 20
703.451171875
 30
0.0
 10
19.509765625
 20
703.79541015625
 30
0.0
 10
19.509765625
 20
703.79541015625
 30
0.0
 10
19.509765625
 20
703.79541015625
 30
0.0
 10
19.45849609375
 20
703.79833984375
 30
0.0
 10
19.45849609375
 20
703.79833984375
 30
0.0
 10
19.45849609375
 20
703.79833984375
 30
0.0
 10
19.3466796875
 20
703.787109375
 30
0.0
 10
19.3466796875
 20
703.787109375
 30
0.0
 10
19.3466796875
 20
703.787109375
 30
0.0
 10
19.2978515625
 20
703.79541015625
 30
0.0
 10
19.2978515625
 20
703.79541015625
 30
0.0
 10
19.2978515625
 20
703.79541015625
 30
0.0
 10
19.212890625
 20
703.84326171875
 30
0.0
 10
19.212890625
 20
703.84326171875
 30
0.0
 10
19.212890625
 20
703.84326171875
 30
0.0
 10
19.13427734375
 20
703.8984375
 30
0.0
 10
19.13427734375
 20
703.8984375
 30
0.0
 10
19.13427734375
 20
703.8984375
 30
0.0
 10
19.0322265625
 20
703.95458984375
 30
0.0
 10
19.0322265625
 20
703.95458984375
 30
0.0
 10
19.0322265625
 20
703.95458984375
 30
0.0
 10
18.87451171875
 20
704.00732421875
 30
0.0
 10
18.87451171875
 20
704.00732421875
 30
0.0
 10
18.87451171875
 20
704.00732421875
 30
0.0
 10
18.7900390625
 20
704.041015625
 30
0.0
 10
18.7900390625
 20
704.041015625
 30
0.0
 10
18.7900390625
 20
704.041015625
 30
0.0
 10
18.58154296875
 20
704.158203125
 30
0.0
 10
18.58154296875
 20
704.158203125
 30
0.0
 10
18.58154296875
 20
704.158203125
 30
0.0
 10
18.45068359375
 20
704.21875
 30
0.0
 10
18.45068359375
 20
704.21875
 30
0.0
 10
18.45068359375
 20
704.21875
 30
0.0
 10
13.580078125
 20
706.125
 30
0.0
 10
13.580078125
 20
706.125
 30
0.0
 10
13.580078125
 20
706.125
 30
0.0
 10
13.48095703125
 20
706.17529296875
 30
0.0
 10
13.48095703125
 20
706.17529296875
 30
0.0
 10
13.48095703125
 20
706.17529296875
 30
0.0
 10
13.3876953125
 20
706.23388671875
 30
0.0
 10
13.3876953125
 20
706.23388671875
 30
0.0
 10
13.3876953125
 20
706.23388671875
 30
0.0
 10
13.28466796875
 20
706.291015625
 30
0.0
 10
13.28466796875
 20
706.291015625
 30
0.0
 10
13.28466796875
 20
706.291015625
 30
0.0
 10
13.15673828125
 20
706.33642578125
 30
0.0
 10
13.15673828125
 20
706.33642578125
 30
0.0
 10
13.15673828125
 20
706.33642578125
 30
0.0
 10
13.10546875
 20
706.33984375
 30
0.0
 10
13.10546875
 20
706.33984375
 30
0.0
 10
13.10546875
 20
706.33984375
 30
0.0
 10
12.994140625
 20
706.328125
 30
0.0
 10
12.994140625
 20
706.328125
 30
0.0
 10
12.994140625
 20
706.328125
 30
0.0
 10
12.94482421875
 20
706.33642578125
 30
0.0
 10
12.94482421875
 20
706.33642578125
 30
0.0
 10
12.94482421875
 20
706.33642578125
 30
0.0
 10
12.8603515625
 20
706.3828125
 30
0.0
 10
12.8603515625
 20
706.3828125
 30
0.0
 10
12.8603515625
 20
706.3828125
 30
0.0
 10
12.78125
 20
706.43798828125
 30
0.0
 10
12.78125
 20
706.43798828125
 30
0.0
 10
12.78125
 20
706.43798828125
 30
0.0
 10
12.67822265625
 20
706.49560546875
 30
0.0
 10
12.67822265625
 20
706.49560546875
 30
0.0
 10
12.67822265625
 20
706.49560546875
 30
0.0
 10
12.38623046875
 20
706.59375
 30
0.0
 10
12.38623046875
 20
706.59375
 30
0.0
 10
12.38623046875
 20
706.59375
 30
0.0
 10
12.0625
 20
706.74755859375
 30
0.0
 10
12.0625
 20
706.74755859375
 30
0.0
 10
12.0625
 20
706.74755859375
 30
0.0
 10
11.3076171875
 20
707.041015625
 30
0.0
 10
11.3076171875
 20
707.041015625
 30
0.0
 10
11.3076171875
 20
707.041015625
 30
0.0
 10
11.2509765625
 20
707.07763671875
 30
0.0
 10
11.2509765625
 20
707.07763671875
 30
0.0
 10
11.2509765625
 20
707.07763671875
 30
0.0
 10
11.30078125
 20
707.1904296875
 30
0.0
 10
11.30078125
 20
707.1904296875
 30
0.0
 10
11.30078125
 20
707.1904296875
 30
0.0
 10
11.568359375
 20
708.13671875
 30
0.0
 10
11.568359375
 20
708.13671875
 30
0.0
 10
11.568359375
 20
708.13671875
 30
0.0
 10
11.60986328125
 20
708.1875
 30
0.0
 10
11.60986328125
 20
708.1875
 30
0.0
 10
11.60986328125
 20
708.1875
 30
0.0
 10
11.744140625
 20
708.30419921875
 30
0.0
 10
11.744140625
 20
708.30419921875
 30
0.0
 10
11.744140625
 20
708.30419921875
 30
0.0
 10
11.7802734375
 20
708.34814453125
 30
0.0
 10
11.7802734375
 20
708.34814453125
 30
0.0
 10
11.7802734375
 20
708.34814453125
 30
0.0
 10
12.2041015625
 20
709.724609375
 30
0.0
 10
12.2041015625
 20
709.724609375
 30
0.0
 10
12.2041015625
 20
709.724609375
 30
0.0
 10
12.5361328125
 20
710.5830078125
 30
0.0
 10
12.5361328125
 20
710.5830078125
 30
0.0
 10
12.5361328125
 20
710.5830078125
 30
0.0
 10
12.67431640625
 20
711.04541015625
 30
0.0
 10
12.67431640625
 20
711.04541015625
 30
0.0
 10
12.67431640625
 20
711.04541015625
 30
0.0
 10
12.787109375
 20
711.3505859375
 30
0.0
 10
12.787109375
 20
711.3505859375
 30
0.0
 10
12.787109375
 20
711.3505859375
 30
0.0
 10
12.8388671875
 20
711.52490234375
 30
0.0
 10
12.8388671875
 20
711.52490234375
 30
0.0
 10
12.8388671875
 20
711.52490234375
 30
0.0
 10
12.84228515625
 20
711.576171875
 30
0.0
 10
12.84228515625
 20
711.576171875
 30
0.0
 10
12.84228515625
 20
711.576171875
 30
0.0
 10
12.83154296875
 20
711.6865234375
 30
0.0
 10
12.83154296875
 20
711.6865234375
 30
0.0
 10
12.83154296875
 20
711.6865234375
 30
0.0
 10
12.8388671875
 20
711.736328125
 30
0.0
 10
12.8388671875
 20
711.736328125
 30
0.0
 10
12.8388671875
 20
711.736328125
 30
0.0
 10
12.87939453125
 20
711.78955078125
 30
0.0
 10
12.87939453125
 20
711.78955078125
 30
0.0
 10
12.87939453125
 20
711.78955078125
 30
0.0
 10
13.01220703125
 20
711.90234375
 30
0.0
 10
13.01220703125
 20
711.90234375
 30
0.0
 10
13.01220703125
 20
711.90234375
 30
0.0
 10
13.05078125
 20
711.9482421875
 30
0.0
 10
13.05078125
 20
711.9482421875
 30
0.0
 10
13.05078125
 20
711.9482421875
 30
0.0
 10
13.0595703125
 20
711.9970703125
 30
0.0
 10
13.0595703125
 20
711.9970703125
 30
0.0
 10
13.0595703125
 20
711.9970703125
 30
0.0
 10
13.0478515625
 20
712.10888671875
 30
0.0
 10
13.0478515625
 20
712.10888671875
 30
0.0
 10
13.0478515625
 20
712.10888671875
 30
0.0
 10
13.05078125
 20
712.16015625
 30
0.0
 10
13.05078125
 20
712.16015625
 30
0.0
 10
13.05078125
 20
712.16015625
 30
0.0
 10
13.15673828125
 20
712.4775390625
 30
0.0
 10
13.15673828125
 20
712.4775390625
 30
0.0
 10
13.15673828125
 20
712.4775390625
 30
0.0
 10
13.15673828125
 20
712.4775390625
 30
0.0
 10
13.15673828125
 20
712.4775390625
 30
0.0
 10
13.15673828125
 20
712.4775390625
 30
0.0
 10
13.15673828125
 20
712.4775390625
 30
0.0
 10
13.15673828125
 20
712.4775390625
 30
0.0
  0
HATCH
  5
5D
330
1F
100
AcDbEntity
  8
Layer 1
 62
     7
420
 16777215
100
AcDbHatch
 10
0.0
 20
0.0
 30
0.0
210
0.0
220
0.0
230
1.0
  2
SOLID
 70
     1
 71
     0
 91
        1
 92
        1
 93
        1
 72
     4
 94
        3
 73
     0
 74
     1
 95
      326
 96
      322
 40
0.0
 40
0.0
 40
0.0
 40
0.0
 40
1.0
 40
1.0
 40
1.0
 40
2.0
 40
2.0
 40
2.0
 40
3.0
 40
3.0
 40
3.0
 40
4.0
 40
4.0
 40
4.0
 40
5.0
 40
5.0
 40
5.0
 40
6.0
 40
6.0
 40
6.0
 40
7.0
 40
7.0
 40
7.0
 40
8.0
 40
8.0
 40
8.0
 40
9.0
 40
9.0
 40
9.0
 40
10.0
 40
10.0
 40
10.0
 40
11.0
 40
11.0
 40
11.0
 40
12.0
 40
12.0
 40
12.0
 40
13.0
 40
13.0
 40
13.0
 40
14.0
 40
14.0
 40
14.0
 40
15.0
 40
15.0
 40
15.0
 40
16.0
 40
16.0
 40
16.0
 40
17.0
 40
17.0
 40
17.0
 40
18.0
 40
18.0
 40
18.0
 40
19.0
 40
19.0
 40
19.0
 40
20.0
 40
20.0
 40
20.0
 40
21.0
 40
21.0
 40
21.0
 40
22.0
 40
22.0
 40
22.0
 40
23.0
 40
23.0
 40
23.0
 40
24.0
 40
24.0
 40
24.0
 40
25.0
 40
25.0
 40
25.0
 40
26.0
 40
26.0
 40
26.0
 40
27.0
 40
27.0
 40
27.0
 40
28.0
 40
28.0
 40
28.0
 40
29.0
 40
29.0
 40
29.0
 40
30.0
 40
30.0
 40
30.0
 40
31.0
 40
31.0
 40
31.0
 40
32.0
 40
32.0
 40
32.0
 40
33.0
 40
33.0
 40
33.0
 40
34.0
 40
34.0
 40
34.0
 40
35.0
 40
35.0
 40
35.0
 40
36.0
 40
36.0
 40
36.0
 40
37.0
 40
37.0
 40
37.0
 40
38.0
 40
38.0
 40
38.0
 40
39.0
 40
39.0
 40
39.0
 40
40.0
 40
40.0
 40
40.0
 40
41.0
 40
41.0
 40
41.0
 40
42.0
 40
42.0
 40
42.0
 40
43.0
 40
43.0
 40
43.0
 40
44.0
 40
44.0
 40
44.0
 40
45.0
 40
45.0
 40
45.0
 40
46.0
 40
46.0
 40
46.0
 40
47.0
 40
47.0
 40
47.0
 40
48.0
 40
48.0
 40
48.0
 40
49.0
 40
49.0
 40
49.0
 40
50.0
 40
50.0
 40
50.0
 40
51.0
 40
51.0
 40
51.0
 40
52.0
 40
52.0
 40
52.0
 40
53.0
 40
53.0
 40
53.0
 40
54.0
 40
54.0
 40
54.0
 40
55.0
 40
55.0
 40
55.0
 40
56.0
 40
56.0
 40
56.0
 40
57.0
 40
57.0
 40
57.0
 40
58.0
 40
58.0
 40
58.0
 40
59.0
 40
59.0
 40
59.0
 40
60.0
 40
60.0
 40
60.0
 40
61.0
 40
61.0
 40
61.0
 40
62.0
 40
62.0
 40
62.0
 40
63.0
 40
63.0
 40
63.0
 40
64.0
 40
64.0
 40
64.0
 40
65.0
 40
65.0
 40
65.0
 40
66.0
 40
66.0
 40
66.0
 40
67.0
 40
67.0
 40
67.0
 40
68.0
 40
68.0
 40
68.0
 40
69.0
 40
69.0
 40
69.0
 40
70.0
 40
70.0
 40
70.0
 40
71.0
 40
71.0
 40
71.0
 40
72.0
 40
72.0
 40
72.0
 40
73.0
 40
73.0
 40
73.0
 40
74.0
 40
74.0
 40
74.0
 40
75.0
 40
75.0
 40
75.0
 40
76.0
 40
76.0
 40
76.0
 40
77.0
 40
77.0
 40
77.0
 40
78.0
 40
78.0
 40
78.0
 40
79.0
 40
79.0
 40
79.0
 40
80.0
 40
80.0
 40
80.0
 40
81.0
 40
81.0
 40
81.0
 40
82.0
 40
82.0
 40
82.0
 40
83.0
 40
83.0
 40
83.0
 40
84.0
 40
84.0
 40
84.0
 40
85.0
 40
85.0
 40
85.0
 40
86.0
 40
86.0
 40
86.0
 40
87.0
 40
87.0
 40
87.0
 40
88.0
 40
88.0
 40
88.0
 40
89.0
 40
89.0
 40
89.0
 40
90.0
 40
90.0
 40
90.0
 40
91.0
 40
91.0
 40
91.0
 40
92.0
 40
92.0
 40
92.0
 40
93.0
 40
93.0
 40
93.0
 40
94.0
 40
94.0
 40
94.0
 40
95.0
 40
95.0
 40
95.0
 40
96.0
 40
96.0
 40
96.0
 40
97.0
 40
97.0
 40
97.0
 40
98.0
 40
98.0
 40
98.0
 40
99.0
 40
99.0
 40
99.0
 40
100.0
 40
100.0
 40
100.0
 40
101.0
 40
101.0
 40
101.0
 40
102.0
 40
102.0
 40
102.0
 40
103.0
 40
103.0
 40
103.0
 40
104.0
 40
104.0
 40
104.0
 40
105.0
 40
105.0
 40
105.0
 40
106.0
 40
106.0
 40
106.0
 40
107.0
 40
107.0
 40
107.0
 40
107.0
 10
13.15673828125
 20
712.4775390625
 10
13.15673828125
 20
712.4775390625
 10
13.33056640625
 20
712.54736328125
 10
13.33056640625
 20
712.54736328125
 10
13.33056640625
 20
712.54736328125
 10
13.48486328125
 20
712.52490234375
 10
13.48486328125
 20
712.52490234375
 10
13.48486328125
 20
712.52490234375
 10
13.66064453125
 20
712.4521484375
 10
13.66064453125
 20
712.4521484375
 10
13.66064453125
 20
712.4521484375
 10
13.89794921875
 20
712.3720703125
 10
13.89794921875
 20
712.3720703125
 10
13.89794921875
 20
712.3720703125
 10
13.94970703125
 20
712.3681640625
 10
13.94970703125
 20
712.3681640625
 10
13.94970703125
 20
712.3681640625
 10
14.0595703125
 20
712.37890625
 10
14.0595703125
 20
712.37890625
 10
14.0595703125
 20
712.37890625
 10
14.10986328125
 20
712.3720703125
 10
14.10986328125
 20
712.3720703125
 10
14.10986328125
 20
712.3720703125
 10
14.16015625
 20
712.33203125
 10
14.16015625
 20
712.33203125
 10
14.16015625
 20
712.33203125
 10
14.279296875
 20
712.1953125
 10
14.279296875
 20
712.1953125
 10
14.279296875
 20
712.1953125
 10
14.3212890625
 20
712.16015625
 10
14.3212890625
 20
712.16015625
 10
14.3212890625
 20
712.16015625
 10
14.39794921875
 20
712.15283203125
 10
14.39794921875
 20
712.15283203125
 10
14.39794921875
 20
712.15283203125
 10
14.56396484375
 20
712.17138671875
 10
14.56396484375
 20
712.17138671875
 10
14.56396484375
 20
712.17138671875
 10
14.63916015625
 20
712.16015625
 10
14.63916015625
 20
712.16015625
 10
14.63916015625
 20
712.16015625
 10
14.6923828125
 20
712.11962890625
 10
14.6923828125
 20
712.11962890625
 10
14.6923828125
 20
712.11962890625
 10
14.80517578125
 20
711.9873046875
 10
14.80517578125
 20
711.9873046875
 10
14.80517578125
 20
711.9873046875
 10
14.85107421875
 20
711.9482421875
 10
14.85107421875
 20
711.9482421875
 10
14.85107421875
 20
711.9482421875
 10
14.900390625
 20
711.93994140625
 10
14.900390625
 20
711.93994140625
 10
14.900390625
 20
711.93994140625
 10
15.01123046875
 20
711.951171875
 10
15.01123046875
 20
711.951171875
 10
15.01123046875
 20
711.951171875
 10
15.0625
 20
711.9482421875
 10
15.0625
 20
711.9482421875
 10
15.0625
 20
711.9482421875
 10
15.14697265625
 20
711.9140625
 10
15.14697265625
 20
711.9140625
 10
15.14697265625
 20
711.9140625
 10
15.3544921875
 20
711.79638671875
 10
15.3544921875
 20
711.79638671875
 10
15.3544921875
 20
711.79638671875
 10
15.486328125
 20
711.736328125
 10
15.486328125
 20
711.736328125
 10
15.486328125
 20
711.736328125
 10
15.53173828125
 20
711.73486328125
 10
15.53173828125
 20
711.73486328125
 10
15.53173828125
 20
711.73486328125
 10
15.66015625
 20
711.74658203125
 10
15.66015625
 20
711.74658203125
 10
15.66015625
 20
711.74658203125
 10
15.69775390625
 20
711.736328125
 10
15.69775390625
 20
711.736328125
 10
15.69775390625
 20
711.736328125
 10
15.896484375
 20
711.5908203125
 10
15.896484375
 20
711.5908203125
 10
15.896484375
 20
711.5908203125
 10
16.205078125
 20
711.4501953125
 10
16.205078125
 20
711.4501953125
 10
16.205078125
 20
711.4501953125
 10
19.19189453125
 20
710.3603515625
 10
19.19189453125
 20
710.3603515625
 10
19.19189453125
 20
710.3603515625
 10
19.29150390625
 20
710.310546875
 10
19.29150390625
 20
710.310546875
 10
19.29150390625
 20
710.310546875
 10
19.38525390625
 20
710.25146484375
 10
19.38525390625
 20
710.25146484375
 10
19.38525390625
 20
710.25146484375
 10
19.48779296875
 20
710.1943359375
 10
19.48779296875
 20
710.1943359375
 10
19.48779296875
 20
710.1943359375
 10
19.61572265625
 20
710.1484375
 10
19.61572265625
 20
710.1484375
 10
19.61572265625
 20
710.1484375
 10
19.6669921875
 20
710.14501953125
 10
19.6669921875
 20
710.14501953125
 10
19.6669921875
 20
710.14501953125
 10
19.77734375
 20
710.15625
 10
19.77734375
 20
710.15625
 10
19.77734375
 20
710.15625
 10
19.8271484375
 20
710.1484375
 10
19.8271484375
 20
710.1484375
 10
19.8271484375
 20
710.1484375
 10
19.87744140625
 20
710.10791015625
 10
19.87744140625
 20
710.10791015625
 10
19.87744140625
 20
710.10791015625
 10
19.9970703125
 20
709.9716796875
 10
19.9970703125
 20
709.9716796875
 10
19.9970703125
 20
709.9716796875
 10
20.0390625
 20
709.9365234375
 10
20.0390625
 20
709.9365234375
 10
20.0390625
 20
709.9365234375
 10
20.115234375
 20
709.9296875
 10
20.115234375
 20
709.9296875
 10
20.115234375
 20
709.9296875
 10
20.28173828125
 20
709.9482421875
 10
20.28173828125
 20
709.9482421875
 10
20.28173828125
 20
709.9482421875
 10
20.3564453125
 20
709.9365234375
 10
20.3564453125
 20
709.9365234375
 10
20.3564453125
 20
709.9365234375
 10
20.40966796875
 20
709.8955078125
 10
20.40966796875
 20
709.8955078125
 10
20.40966796875
 20
709.8955078125
 10
20.5224609375
 20
709.763671875
 10
20.5224609375
 20
709.763671875
 10
20.5224609375
 20
709.763671875
 10
20.568359375
 20
709.724609375
 10
20.568359375
 20
709.724609375
 10
20.568359375
 20
709.724609375
 10
20.6171875
 20
709.71630859375
 10
20.6171875
 20
709.71630859375
 10
20.6171875
 20
709.71630859375
 10
20.72900390625
 20
709.7275390625
 10
20.72900390625
 20
709.7275390625
 10
20.72900390625
 20
709.7275390625
 10
20.7802734375
 20
709.724609375
 10
20.7802734375
 20
709.724609375
 10
20.7802734375
 20
709.724609375
 10
22.33349609375
 20
709.0703125
 10
22.33349609375
 20
709.0703125
 10
22.33349609375
 20
709.0703125
 10
22.580078125
 20
708.9833984375
 10
22.580078125
 20
708.9833984375
 10
22.580078125
 20
708.9833984375
 10
22.57177734375
 20
708.693359375
 10
22.57177734375
 20
708.693359375
 10
22.57177734375
 20
708.693359375
 10
21.41552734375
 20
705.3837890625
 10
21.41552734375
 20
705.3837890625
 10
21.41552734375
 20
705.3837890625
 10
21.36474609375
 20
705.1748046875
 10
21.36474609375
 20
705.1748046875
 10
21.36474609375
 20
705.1748046875
 10
21.28857421875
 20
704.619140625
 10
21.28857421875
 20
704.619140625
 10
21.28857421875
 20
704.619140625
 10
21.20361328125
 20
704.32470703125
 10
21.20361328125
 20
704.32470703125
 10
21.20361328125
 20
704.32470703125
 10
21.03271484375
 20
703.9384765625
 10
21.03271484375
 20
703.9384765625
 10
21.03271484375
 20
703.9384765625
 10
20.93115234375
 20
703.6455078125
 10
20.93115234375
 20
703.6455078125
 10
20.93115234375
 20
703.6455078125
 10
20.88623046875
 20
703.3720703125
 10
20.88623046875
 20
703.3720703125
 10
20.88623046875
 20
703.3720703125
 10
20.7060546875
 20
703.306640625
 10
20.7060546875
 20
703.306640625
 10
20.7060546875
 20
703.306640625
 10
20.29150390625
 20
703.451171875
 10
20.29150390625
 20
703.451171875
 10
20.29150390625
 20
703.451171875
 10
19.509765625
 20
703.79541015625
 10
19.509765625
 20
703.79541015625
 10
19.509765625
 20
703.79541015625
 10
19.45849609375
 20
703.79833984375
 10
19.45849609375
 20
703.79833984375
 10
19.45849609375
 20
703.79833984375
 10
19.3466796875
 20
703.787109375
 10
19.3466796875
 20
703.787109375
 10
19.3466796875
 20
703.787109375
 10
19.2978515625
 20
703.79541015625
 10
19.2978515625
 20
703.79541015625
 10
19.2978515625
 20
703.79541015625
 10
19.212890625
 20
703.84326171875
 10
19.212890625
 20
703.84326171875
 10
19.212890625
 20
703.84326171875
 10
19.13427734375
 20
703.8984375
 10
19.13427734375
 20
703.8984375
 10
19.13427734375
 20
703.8984375
 10
19.0322265625
 20
703.95458984375
 10
19.0322265625
 20
703.95458984375
 10
19.0322265625
 20
703.95458984375
 10
18.87451171875
 20
704.00732421875
 10
18.87451171875
 20
704.00732421875
 10
18.87451171875
 20
704.00732421875
 10
18.7900390625
 20
704.041015625
 10
18.7900390625
 20
704.041015625
 10
18.7900390625
 20
704.041015625
 10
18.58154296875
 20
704.158203125
 10
18.58154296875
 20
704.158203125
 10
18.58154296875
 20
704.158203125
 10
18.45068359375
 20
704.21875
 10
18.45068359375
 20
704.21875
 10
18.45068359375
 20
704.21875
 10
13.580078125
 20
706.125
 10
13.580078125
 20
706.125
 10
13.580078125
 20
706.125
 10
13.48095703125
 20
706.17529296875
 10
13.48095703125
 20
706.17529296875
 10
13.48095703125
 20
706.17529296875
 10
13.3876953125
 20
706.23388671875
 10
13.3876953125
 20
706.23388671875
 10
13.3876953125
 20
706.23388671875
 10
13.28466796875
 20
706.291015625
 10
13.28466796875
 20
706.291015625
 10
13.28466796875
 20
706.291015625
 10
13.15673828125
 20
706.33642578125
 10
13.15673828125
 20
706.33642578125
 10
13.15673828125
 20
706.33642578125
 10
13.10546875
 20
706.33984375
 10
13.10546875
 20
706.33984375
 10
13.10546875
 20
706.33984375
 10
12.994140625
 20
706.328125
 10
12.994140625
 20
706.328125
 10
12.994140625
 20
706.328125
 10
12.94482421875
 20
706.33642578125
 10
12.94482421875
 20
706.33642578125
 10
12.94482421875
 20
706.33642578125
 10
12.8603515625
 20
706.3828125
 10
12.8603515625
 20
706.3828125
 10
12.8603515625
 20
706.3828125
 10
12.78125
 20
706.43798828125
 10
12.78125
 20
706.43798828125
 10
12.78125
 20
706.43798828125
 10
12.67822265625
 20
706.49560546875
 10
12.67822265625
 20
706.49560546875
 10
12.67822265625
 20
706.49560546875
 10
12.38623046875
 20
706.59375
 10
12.38623046875
 20
706.59375
 10
12.38623046875
 20
706.59375
 10
12.0625
 20
706.74755859375
 10
12.0625
 20
706.74755859375
 10
12.0625
 20
706.74755859375
 10
11.3076171875
 20
707.041015625
 10
11.3076171875
 20
707.041015625
 10
11.3076171875
 20
707.041015625
 10
11.2509765625
 20
707.07763671875
 10
11.2509765625
 20
707.07763671875
 10
11.2509765625
 20
707.07763671875
 10
11.30078125
 20
707.1904296875
 10
11.30078125
 20
707.1904296875
 10
11.30078125
 20
707.1904296875
 10
11.568359375
 20
708.13671875
 10
11.568359375
 20
708.13671875
 10
11.568359375
 20
708.13671875
 10
11.60986328125
 20
708.1875
 10
11.60986328125
 20
708.1875
 10
11.60986328125
 20
708.1875
 10
11.744140625
 20
708.30419921875
 10
11.744140625
 20
708.30419921875
 10
11.744140625
 20
708.30419921875
 10
11.7802734375
 20
708.34814453125
 10
11.7802734375
 20
708.34814453125
 10
11.7802734375
 20
708.34814453125
 10
12.2041015625
 20
709.724609375
 10
12.2041015625
 20
709.724609375
 10
12.2041015625
 20
709.724609375
 10
12.5361328125
 20
710.5830078125
 10
12.5361328125
 20
710.5830078125
 10
12.5361328125
 20
710.5830078125
 10
12.67431640625
 20
711.04541015625
 10
12.67431640625
 20
711.04541015625
 10
12.67431640625
 20
711.04541015625
 10
12.787109375
 20
711.3505859375
 10
12.787109375
 20
711.3505859375
 10
12.787109375
 20
711.3505859375
 10
12.8388671875
 20
711.52490234375
 10
12.8388671875
 20
711.52490234375
 10
12.8388671875
 20
711.52490234375
 10
12.84228515625
 20
711.576171875
 10
12.84228515625
 20
711.576171875
 10
12.84228515625
 20
711.576171875
 10
12.83154296875
 20
711.6865234375
 10
12.83154296875
 20
711.6865234375
 10
12.83154296875
 20
711.6865234375
 10
12.8388671875
 20
711.736328125
 10
12.8388671875
 20
711.736328125
 10
12.8388671875
 20
711.736328125
 10
12.87939453125
 20
711.78955078125
 10
12.87939453125
 20
711.78955078125
 10
12.87939453125
 20
711.78955078125
 10
13.01220703125
 20
711.90234375
 10
13.01220703125
 20
711.90234375
 10
13.01220703125
 20
711.90234375
 10
13.05078125
 20
711.9482421875
 10
13.05078125
 20
711.9482421875
 10
13.05078125
 20
711.9482421875
 10
13.0595703125
 20
711.9970703125
 10
13.0595703125
 20
711.9970703125
 10
13.0595703125
 20
711.9970703125
 10
13.0478515625
 20
712.10888671875
 10
13.0478515625
 20
712.10888671875
 10
13.0478515625
 20
712.10888671875
 10
13.05078125
 20
712.16015625
 10
13.05078125
 20
712.16015625
 10
13.05078125
 20
712.16015625
 10
13.15673828125
 20
712.4775390625
 10
13.15673828125
 20
712.4775390625
 10
13.15673828125
 20
712.4775390625
 10
13.15673828125
 20
712.4775390625
 10
13.15673828125
 20
712.4775390625
 10
13.15673828125
 20
712.4775390625
 10
13.15673828125
 20
712.4775390625
 10
13.15673828125
 20
712.4775390625
 97
        0
 75
     0
 76
     1
 98
        0
  0
SPLINE
  5
5E
330
1F
100
AcDbEntity
  8
Layer 1
370
     0
100
AcDbSpline
210
0.0
220
0.0
230
1.0
 70
    11
 71
     3
 72
    80
 73
    76
 74
     0
 42
0.0000000001
 43
0.0000000001
 40
0.0
 40
0.0
 40
0.0
 40
0.0
 40
1.0
 40
1.0
 40
1.0
 40
2.0
 40
2.0
 40
2.0
 40
3.0
 40
3.0
 40
3.0
 40
4.0
 40
4.0
 40
4.0
 40
5.0
 40
5.0
 40
5.0
 40
6.0
 40
6.0
 40
6.0
 40
7.0
 40
7.0
 40
7.0
 40
8.0
 40
8.0
 40
8.0
 40
9.0
 40
9.0
 40
9.0
 40
10.0
 40
10.0
 40
10.0
 40
11.0
 40
11.0
 40
11.0
 40
12.0
 40
12.0
 40
12.0
 40
13.0
 40
13.0
 40
13.0
 40
14.0
 40
14.0
 40
14.0
 40
15.0
 40
15.0
 40
15.0
 40
16.0
 40
16.0
 40
16.0
 40
17.0
 40
17.0
 40
17.0
 40
18.0
 40
18.0
 40
18.0
 40
19.0
 40
19.0
 40
19.0
 40
20.0
 40
20.0
 40
20.0
 40
21.0
 40
21.0
 40
21.0
 40
22.0
 40
22.0
 40
22.0
 40
23.0
 40
23.0
 40
23.0
 40
24.0
 40
24.0
 40
24.0
 40
25.0
 40
25.0
 40
25.0
 40
25.0
 10
519.69140625
 20
680.3955078125
 30
0.0
 10
519.69140625
 20
680.3955078125
 30
0.0
 10
519.7119140625
 20
680.41748046875
 30
0.0
 10
519.7119140625
 20
680.41748046875
 30
0.0
 10
519.7119140625
 20
680.41748046875
 30
0.0
 10
519.72265625
 20
680.44921875
 30
0.0
 10
519.72265625
 20
680.44921875
 30
0.0
 10
519.72265625
 20
680.44921875
 30
0.0
 10
519.744140625
 20
680.48046875
 30
0.0
 10
519.744140625
 20
680.48046875
 30
0.0
 10
519.744140625
 20
680.48046875
 30
0.0
 10
519.796875
 20
680.50146484375
 30
0.0
 10
519.796875
 20
680.50146484375
 30
0.0
 10
519.796875
 20
680.50146484375
 30
0.0
 10
520.1376953125
 20
680.53076171875
 30
0.0
 10
520.1376953125
 20
680.53076171875
 30
0.0
 10
520.1376953125
 20
680.53076171875
 30
0.0
 10
520.505859375
 20
680.52197265625
 30
0.0
 10
520.505859375
 20
680.52197265625
 30
0.0
 10
520.505859375
 20
680.52197265625
 30
0.0
 10
520.8369140625
 20
680.4765625
 30
0.0
 10
520.8369140625
 20
680.4765625
 30
0.0
 10
520.8369140625
 20
680.4765625
 30
0.0
 10
521.068359375
 20
680.3955078125
 30
0.0
 10
521.068359375
 20
680.3955078125
 30
0.0
 10
521.068359375
 20
680.3955078125
 30
0.0
 10
521.375
 20
679.99462890625
 30
0.0
 10
521.375
 20
679.99462890625
 30
0.0
 10
521.375
 20
679.99462890625
 30
0.0
 10
521.4990234375
 20
679.3857421875
 30
0.0
 10
521.4990234375
 20
679.3857421875
 30
0.0
 10
521.4990234375
 20
679.3857421875
 30
0.0
 10
521.408203125
 20
678.7529296875
 30
0.0
 10
521.408203125
 20
678.7529296875
 30
0.0
 10
521.408203125
 20
678.7529296875
 30
0.0
 10
521.068359375
 20
678.2783203125
 30
0.0
 10
521.068359375
 20
678.2783203125
 30
0.0
 10
521.068359375
 20
678.2783203125
 30
0.0
 10
520.623046875
 20
678.140625
 30
0.0
 10
520.623046875
 20
678.140625
 30
0.0
 10
520.623046875
 20
678.140625
 30
0.0
 10
520.0546875
 20
678.1708984375
 30
0.0
 10
520.0546875
 20
678.1708984375
 30
0.0
 10
520.0546875
 20
678.1708984375
 30
0.0
 10
519.515625
 20
678.333984375
 30
0.0
 10
519.515625
 20
678.333984375
 30
0.0
 10
519.515625
 20
678.333984375
 30
0.0
 10
519.162109375
 20
678.595703125
 30
0.0
 10
519.162109375
 20
678.595703125
 30
0.0
 10
519.162109375
 20
678.595703125
 30
0.0
 10
519.060546875
 20
678.935546875
 30
0.0
 10
519.060546875
 20
678.935546875
 30
0.0
 10
519.060546875
 20
678.935546875
 30
0.0
 10
519.05859375
 20
679.412109375
 30
0.0
 10
519.05859375
 20
679.412109375
 30
0.0
 10
519.05859375
 20
679.412109375
 30
0.0
 10
519.134765625
 20
679.876953125
 30
0.0
 10
519.134765625
 20
679.876953125
 30
0.0
 10
519.134765625
 20
679.876953125
 30
0.0
 10
519.267578125
 20
680.18408203125
 30
0.0
 10
519.267578125
 20
680.18408203125
 30
0.0
 10
519.267578125
 20
680.18408203125
 30
0.0
 10
519.3515625
 20
680.25634765625
 30
0.0
 10
519.3515625
 20
680.25634765625
 30
0.0
 10
519.3515625
 20
680.25634765625
 30
0.0
 10
519.4482421875
 20
680.30517578125
 30
0.0
 10
519.4482421875
 20
680.30517578125
 30
0.0
 10
519.4482421875
 20
680.30517578125
 30
0.0
 10
519.69140625
 20
680.3955078125
 30
0.0
 10
519.69140625
 20
680.3955078125
 30
0.0
 10
519.69140625
 20
680.3955078125
 30
0.0
 10
519.69140625
 20
680.3955078125
 30
0.0
 10
519.69140625
 20
680.3955078125
 30
0.0
 10
519.69140625
 20
680.3955078125
 30
0.0
 10
519.69140625
 20
680.3955078125
 30
0.0
 10
519.69140625
 20
680.3955078125
 30
0.0
  0
HATCH
  5
5F
330
1F
100
AcDbEntity
  8
Layer 1
 62
     7
420
 16777215
100
AcDbHatch
 10
0.0
 20
0.0
 30
0.0
210
0.0
220
0.0
230
1.0
  2
SOLID
 70
     1
 71
     0
 91
        1
 92
        1
 93
        1
 72
     4
 94
        3
 73
     0
 74
     1
 95
       80
 96
       76
 40
0.0
 40
0.0
 40
0.0
 40
0.0
 40
1.0
 40
1.0
 40
1.0
 40
2.0
 40
2.0
 40
2.0
 40
3.0
 40
3.0
 40
3.0
 40
4.0
 40
4.0
 40
4.0
 40
5.0
 40
5.0
 40
5.0
 40
6.0
 40
6.0
 40
6.0
 40
7.0
 40
7.0
 40
7.0
 40
8.0
 40
8.0
 40
8.0
 40
9.0
 40
9.0
 40
9.0
 40
10.0
 40
10.0
 40
10.0
 40
11.0
 40
11.0
 40
11.0
 40
12.0
 40
12.0
 40
12.0
 40
13.0
 40
13.0
 40
13.0
 40
14.0
 40
14.0
 40
14.0
 40
15.0
 40
15.0
 40
15.0
 40
16.0
 40
16.0
 40
16.0
 40
17.0
 40
17.0
 40
17.0
 40
18.0
 40
18.0
 40
18.0
 40
19.0
 40
19.0
 40
19.0
 40
20.0
 40
20.0
 40
20.0
 40
21.0
 40
21.0
 40
21.0
 40
22.0
 40
22.0
 40
22.0
 40
23.0
 40
23.0
 40
23.0
 40
24.0
 40
24.0
 40
24.0
 40
25.0
 40
25.0
 40
25.0
 40
25.0
 10
519.69140625
 20
680.3955078125
 10
519.69140625
 20
680.3955078125
 10
519.7119140625
 20
680.41748046875
 10
519.7119140625
 20
680.41748046875
 10
519.7119140625
 20
680.41748046875
 10
519.72265625
 20
680.44921875
 10
519.72265625
 20
680.44921875
 10
519.72265625
 20
680.44921875
 10
519.744140625
 20
680.48046875
 10
519.744140625
 20
680.48046875
 10
519.744140625
 20
680.48046875
 10
519.796875
 20
680.50146484375
 10
519.796875
 20
680.50146484375
 10
519.796875
 20
680.50146484375
 10
520.1376953125
 20
680.53076171875
 10
520.1376953125
 20
680.53076171875
 10
520.1376953125
 20
680.53076171875
 10
520.505859375
 20
680.52197265625
 10
520.505859375
 20
680.52197265625
 10
520.505859375
 20
680.52197265625
 10
520.8369140625
 20
680.4765625
 10
520.8369140625
 20
680.4765625
 10
520.8369140625
 20
680.4765625
 10
521.068359375
 20
680.3955078125
 10
521.068359375
 20
680.3955078125
 10
521.068359375
 20
680.3955078125
 10
521.375
 20
679.99462890625
 10
521.375
 20
679.99462890625
 10
521.375
 20
679.99462890625
 10
521.4990234375
 20
679.3857421875
 10
521.4990234375
 20
679.3857421875
 10
521.4990234375
 20
679.3857421875
 10
521.408203125
 20
678.7529296875
 10
521.408203125
 20
678.7529296875
 10
521.408203125
 20
678.7529296875
 10
521.068359375
 20
678.2783203125
 10
521.068359375
 20
678.2783203125
 10
521.068359375
 20
678.2783203125
 10
520.623046875
 20
678.140625
 10
520.623046875
 20
678.140625
 10
520.623046875
 20
678.140625
 10
520.0546875
 20
678.1708984375
 10
520.0546875
 20
678.1708984375
 10
520.0546875
 20
678.1708984375
 10
519.515625
 20
678.333984375
 10
519.515625
 20
678.333984375
 10
519.515625
 20
678.333984375
 10
519.162109375
 20
678.595703125
 10
519.162109375
 20
678.595703125
 10
519.162109375
 20
678.595703125
 10
519.060546875
 20
678.935546875
 10
519.060546875
 20
678.935546875
 10
519.060546875
 20
678.935546875
 10
519.05859375
 20
679.412109375
 10
519.05859375
 20
679.412109375
 10
519.05859375
 20
679.412109375
 10
519.134765625
 20
679.876953125
 10
519.134765625
 20
679.876953125
 10
519.134765625
 20
679.876953125
 10
519.267578125
 20
680.18408203125
 10
519.267578125
 20
680.18408203125
 10
519.267578125
 20
680.18408203125
 10
519.3515625
 20
680.25634765625
 10
519.3515625
 20
680.25634765625
 10
519.3515625
 20
680.25634765625
 10
519.4482421875
 20
680.30517578125
 10
519.4482421875
 20
680.30517578125
 10
519.4482421875
 20
680.30517578125
 10
519.69140625
 20
680.3955078125
 10
519.69140625
 20
680.3955078125
 10
519.69140625
 20
680.3955078125
 10
519.69140625
 20
680.3955078125
 10
519.69140625
 20
680.3955078125
 10
519.69140625
 20
680.3955078125
 10
519.69140625
 20
680.3955078125
 10
519.69140625
 20
680.3955078125
 97
        0
 75
     0
 76
     1
 98
        0
  0
SPLINE
  5
60
330
1F
100
AcDbEntity
  8
Layer 1
370
     0
100
AcDbSpline
210
0.0
220
0.0
230
1.0
 70
    11
 71
     3
 72
    80
 73
    76
 74
     0
 42
0.0000000001
 43
0.0000000001
 40
0.0
 40
0.0
 40
0.0
 40
0.0
 40
1.0
 40
1.0
 40
1.0
 40
2.0
 40
2.0
 40
2.0
 40
3.0
 40
3.0
 40
3.0
 40
4.0
 40
4.0
 40
4.0
 40
5.0
 40
5.0
 40
5.0
 40
6.0
 40
6.0
 40
6.0
 40
7.0
 40
7.0
 40
7.0
 40
8.0
 40
8.0
 40
8.0
 40
9.0
 40
9.0
 40
9.0
 40
10.0
 40
10.0
 40
10.0
 40
11.0
 40
11.0
 40
11.0
 40
12.0
 40
12.0
 40
12.0
 40
13.0
 40
13.0
 40
13.0
 40
14.0
 40
14.0
 40
14.0
 40
15.0
 40
15.0
 40
15.0
 40
16.0
 40
16.0
 40
16.0
 40
17.0
 40
17.0
 40
17.0
 40
18.0
 40
18.0
 40
18.0
 40
19.0
 40
19.0
 40
19.0
 40
20.0
 40
20.0
 40
20.0
 40
21.0
 40
21.0
 40
21.0
 40
22.0
 40
22.0
 40
22.0
 40
23.0
 40
23.0
 40
23.0
 40
24.0
 40
24.0
 40
24.0
 40
25.0
 40
25.0
 40
25.0
 40
25.0
 10
-417.1435546875
 20
581.92626953125
 30
0.0
 10
-417.1435546875
 20
581.92626953125
 30
0.0
 10
-417.123046875
 20
581.9482421875
 30
0.0
 10
-417.123046875
 20
581.9482421875
 30
0.0
 10
-417.123046875
 20
581.9482421875
 30
0.0
 10
-417.11279296875
 20
581.97998046875
 30
0.0
 10
-417.11279296875
 20
581.97998046875
 30
0.0
 10
-417.11279296875
 20
581.97998046875
 30
0.0
 10
-417.09130859375
 20
582.01171875
 30
0.0
 10
-417.09130859375
 20
582.01171875
 30
0.0
 10
-417.09130859375
 20
582.01171875
 30
0.0
 10
-417.03759765625
 20
582.0322265625
 30
0.0
 10
-417.03759765625
 20
582.0322265625
 30
0.0
 10
-417.03759765625
 20
582.0322265625
 30
0.0
 10
-416.69677734375
 20
582.0615234375
 30
0.0
 10
-416.69677734375
 20
582.0615234375
 30
0.0
 10
-416.69677734375
 20
582.0615234375
 30
0.0
 10
-416.3291015625
 20
582.052734375
 30
0.0
 10
-416.3291015625
 20
582.052734375
 30
0.0
 10
-416.3291015625
 20
582.052734375
 30
0.0
 10
-415.998046875
 20
582.0068359375
 30
0.0
 10
-415.998046875
 20
582.0068359375
 30
0.0
 10
-415.998046875
 20
582.0068359375
 30
0.0
 10
-415.76708984375
 20
581.92626953125
 30
0.0
 10
-415.76708984375
 20
581.92626953125
 30
0.0
 10
-415.76708984375
 20
581.92626953125
 30
0.0
 10
-415.4599609375
 20
581.5244140625
 30
0.0
 10
-415.4599609375
 20
581.5244140625
 30
0.0
 10
-415.4599609375
 20
581.5244140625
 30
0.0
 10
-415.33642578125
 20
580.9150390625
 30
0.0
 10
-415.33642578125
 20
580.9150390625
 30
0.0
 10
-415.33642578125
 20
580.9150390625
 30
0.0
 10
-415.42822265625
 20
580.2822265625
 30
0.0
 10
-415.42822265625
 20
580.2822265625
 30
0.0
 10
-415.42822265625
 20
580.2822265625
 30
0.0
 10
-415.76708984375
 20
579.80859375
 30
0.0
 10
-415.76708984375
 20
579.80859375
 30
0.0
 10
-415.76708984375
 20
579.80859375
 30
0.0
 10
-416.2119140625
 20
579.6708984375
 30
0.0
 10
-416.2119140625
 20
579.6708984375
 30
0.0
 10
-416.2119140625
 20
579.6708984375
 30
0.0
 10
-416.78076171875
 20
579.701171875
 30
0.0
 10
-416.78076171875
 20
579.701171875
 30
0.0
 10
-416.78076171875
 20
579.701171875
 30
0.0
 10
-417.31884765625
 20
579.86474609375
 30
0.0
 10
-417.31884765625
 20
579.86474609375
 30
0.0
 10
-417.31884765625
 20
579.86474609375
 30
0.0
 10
-417.6728515625
 20
580.12646484375
 30
0.0
 10
-417.6728515625
 20
580.12646484375
 30
0.0
 10
-417.6728515625
 20
580.12646484375
 30
0.0
 10
-417.7744140625
 20
580.46826171875
 30
0.0
 10
-417.7744140625
 20
580.46826171875
 30
0.0
 10
-417.7744140625
 20
580.46826171875
 30
0.0
 10
-417.77685546875
 20
580.9443359375
 30
0.0
 10
-417.77685546875
 20
580.9443359375
 30
0.0
 10
-417.77685546875
 20
580.9443359375
 30
0.0
 10
-417.7001953125
 20
581.408203125
 30
0.0
 10
-417.7001953125
 20
581.408203125
 30
0.0
 10
-417.7001953125
 20
581.408203125
 30
0.0
 10
-417.56689453125
 20
581.71484375
 30
0.0
 10
-417.56689453125
 20
581.71484375
 30
0.0
 10
-417.56689453125
 20
581.71484375
 30
0.0
 10
-417.4833984375
 20
581.787109375
 30
0.0
 10
-417.4833984375
 20
581.787109375
 30
0.0
 10
-417.4833984375
 20
581.787109375
 30
0.0
 10
-417.38623046875
 20
581.8359375
 30
0.0
 10
-417.38623046875
 20
581.8359375
 30
0.0
 10
-417.38623046875
 20
581.8359375
 30
0.0
 10
-417.1435546875
 20
581.92626953125
 30
0.0
 10
-417.1435546875
 20
581.92626953125
 30
0.0
 10
-417.1435546875
 20
581.92626953125
 30
0.0
 10
-417.1435546875
 20
581.92626953125
 30
0.0
 10
-417.1435546875
 20
581.92626953125
 30
0.0
 10
-417.1435546875
 20
581.92626953125
 30
0.0
 10
-417.1435546875
 20
581.92626953125
 30
0.0
 10
-417.1435546875
 20
581.92626953125
 30
0.0
  0
HATCH
  5
61
330
1F
100
AcDbEntity
  8
Layer 1
 62
     7
420
 16777215
100
AcDbHatch
 10
0.0
 20
0.0
 30
0.0
210
0.0
220
0.0
230
1.0
  2
SOLID
 70
     1
 71
     0
 91
        1
 92
        1
 93
        1
 72
     4
 94
        3
 73
     0
 74
     1
 95
       80
 96
       76
 40
0.0
 40
0.0
 40
0.0
 40
0.0
 40
1.0
 40
1.0
 40
1.0
 40
2.0
 40
2.0
 40
2.0
 40
3.0
 40
3.0
 40
3.0
 40
4.0
 40
4.0
 40
4.0
 40
5.0
 40
5.0
 40
5.0
 40
6.0
 40
6.0
 40
6.0
 40
7.0
 40
7.0
 40
7.0
 40
8.0
 40
8.0
 40
8.0
 40
9.0
 40
9.0
 40
9.0
 40
10.0
 40
10.0
 40
10.0
 40
11.0
 40
11.0
 40
11.0
 40
12.0
 40
12.0
 40
12.0
 40
13.0
 40
13.0
 40
13.0
 40
14.0
 40
14.0
 40
14.0
 40
15.0
 40
15.0
 40
15.0
 40
16.0
 40
16.0
 40
16.0
 40
17.0
 40
17.0
 40
17.0
 40
18.0
 40
18.0
 40
18.0
 40
19.0
 40
19.0
 40
19.0
 40
20.0
 40
20.0
 40
20.0
 40
21.0
 40
21.0
 40
21.0
 40
22.0
 40
22.0
 40
22.0
 40
23.0
 40
23.0
 40
23.0
 40
24.0
 40
24.0
 40
24.0
 40
25.0
 40
25.0
 40
25.0
 40
25.0
 10
-417.1435546875
 20
581.92626953125
 10
-417.1435546875
 20
581.92626953125
 10
-417.123046875
 20
581.9482421875
 10
-417.123046875
 20
581.9482421875
 10
-417.123046875
 20
581.9482421875
 10
-417.11279296875
 20
581.97998046875
 10
-417.11279296875
 20
581.97998046875
 10
-417.11279296875
 20
581.97998046875
 10
-417.09130859375
 20
582.01171875
 10
-417.09130859375
 20
582.01171875
 10
-417.09130859375
 20
582.01171875
 10
-417.03759765625
 20
582.0322265625
 10
-417.03759765625
 20
582.0322265625
 10
-417.03759765625
 20
582.0322265625
 10
-416.69677734375
 20
582.0615234375
 10
-416.69677734375
 20
582.0615234375
 10
-416.69677734375
 20
582.0615234375
 10
-416.3291015625
 20
582.052734375
 10
-416.3291015625
 20
582.052734375
 10
-416.3291015625
 20
582.052734375
 10
-415.998046875
 20
582.0068359375
 10
-415.998046875
 20
582.0068359375
 10
-415.998046875
 20
582.0068359375
 10
-415.76708984375
 20
581.92626953125
 10
-415.76708984375
 20
581.92626953125
 10
-415.76708984375
 20
581.92626953125
 10
-415.4599609375
 20
581.5244140625
 10
-415.4599609375
 20
581.5244140625
 10
-415.4599609375
 20
581.5244140625
 10
-415.33642578125
 20
580.9150390625
 10
-415.33642578125
 20
580.9150390625
 10
-415.33642578125
 20
580.9150390625
 10
-415.42822265625
 20
580.2822265625
 10
-415.42822265625
 20
580.2822265625
 10
-415.42822265625
 20
580.2822265625
 10
-415.76708984375
 20
579.80859375
 10
-415.76708984375
 20
579.80859375
 10
-415.76708984375
 20
579.80859375
 10
-416.2119140625
 20
579.6708984375
 10
-416.2119140625
 20
579.6708984375
 10
-416.2119140625
 20
579.6708984375
 10
-416.78076171875
 20
579.701171875
 10
-416.78076171875
 20
579.701171875
 10
-416.78076171875
 20
579.701171875
 10
-417.31884765625
 20
579.86474609375
 10
-417.31884765625
 20
579.86474609375
 10
-417.31884765625
 20
579.86474609375
 10
-417.6728515625
 20
580.12646484375
 10
-417.6728515625
 20
580.12646484375
 10
-417.6728515625
 20
580.12646484375
 10
-417.7744140625
 20
580.46826171875
 10
-417.7744140625
 20
580.46826171875
 10
-417.7744140625
 20
580.46826171875
 10
-417.77685546875
 20
580.9443359375
 10
-417.77685546875
 20
580.9443359375
 10
-417.77685546875
 20
580.9443359375
 10
-417.7001953125
 20
581.408203125
 10
-417.7001953125
 20
581.408203125
 10
-417.7001953125
 20
581.408203125
 10
-417.56689453125
 20
581.71484375
 10
-417.56689453125
 20
581.71484375
 10
-417.56689453125
 20
581.71484375
 10
-417.4833984375
 20
581.787109375
 10
-417.4833984375
 20
581.787109375
 10
-417.4833984375
 20
581.787109375
 10
-417.38623046875
 20
581.8359375
 10
-417.38623046875
 20
581.8359375
 10
-417.38623046875
 20
581.8359375
 10
-417.1435546875
 20
581.92626953125
 10
-417.1435546875
 20
581.92626953125
 10
-417.1435546875
 20
581.92626953125
 10
-417.1435546875
 20
581.92626953125
 10
-417.1435546875
 20
581.92626953125
 10
-417.1435546875
 20
581.92626953125
 10
-417.1435546875
 20
581.92626953125
 10
-417.1435546875
 20
581.92626953125
 97
        0
 75
     0
 76
     1
 98
        0
  0
SPLINE
  5
62
330
1F
100
AcDbEntity
  8
Layer 1
370
     0
100
AcDbSpline
210
0.0
220
0.0
230
1.0
 70
    11
 71
     3
 72
    80
 73
    76
 74
     0
 42
0.0000000001
 43
0.0000000001
 40
0.0
 40
0.0
 40
0.0
 40
0.0
 40
1.0
 40
1.0
 40
1.0
 40
2.0
 40
2.0
 40
2.0
 40
3.0
 40
3.0
 40
3.0
 40
4.0
 40
4.0
 40
4.0
 40
5.0
 40
5.0
 40
5.0
 40
6.0
 40
6.0
 40
6.0
 40
7.0
 40
7.0
 40
7.0
 40
8.0
 40
8.0
 40
8.0
 40
9.0
 40
9.0
 40
9.0
 40
10.0
 40
10.0
 40
10.0
 40
11.0
 40
11.0
 40
11.0
 40
12.0
 40
12.0
 40
12.0
 40
13.0
 40
13.0
 40
13.0
 40
14.0
 40
14.0
 40
14.0
 40
15.0
 40
15.0
 40
15.0
 40
16.0
 40
16.0
 40
16.0
 40
17.0
 40
17.0
 40
17.0
 40
18.0
 40
18.0
 40
18.0
 40
19.0
 40
19.0
 40
19.0
 40
20.0
 40
20.0
 40
20.0
 40
21.0
 40
21.0
 40
21.0
 40
22.0
 40
22.0
 40
22.0
 40
23.0
 40
23.0
 40
23.0
 40
24.0
 40
24.0
 40
24.0
 40
25.0
 40
25.0
 40
25.0
 40
25.0
 10
-348.21484375
 20
570.173828125
 30
0.0
 10
-348.21484375
 20
570.173828125
 30
0.0
 10
-348.1943359375
 20
570.1953125
 30
0.0
 10
-348.1943359375
 20
570.1953125
 30
0.0
 10
-348.1943359375
 20
570.1953125
 30
0.0
 10
-348.18408203125
 20
570.2275390625
 30
0.0
 10
-348.18408203125
 20
570.2275390625
 30
0.0
 10
-348.18408203125
 20
570.2275390625
 30
0.0
 10
-348.16259765625
 20
570.2587890625
 30
0.0
 10
-348.16259765625
 20
570.2587890625
 30
0.0
 10
-348.16259765625
 20
570.2587890625
 30
0.0
 10
-348.109375
 20
570.279296875
 30
0.0
 10
-348.109375
 20
570.279296875
 30
0.0
 10
-348.109375
 20
570.279296875
 30
0.0
 10
-347.7685546875
 20
570.30859375
 30
0.0
 10
-347.7685546875
 20
570.30859375
 30
0.0
 10
-347.7685546875
 20
570.30859375
 30
0.0
 10
-347.400390625
 20
570.2998046875
 30
0.0
 10
-347.400390625
 20
570.2998046875
 30
0.0
 10
-347.400390625
 20
570.2998046875
 30
0.0
 10
-347.0693359375
 20
570.25439453125
 30
0.0
 10
-347.0693359375
 20
570.25439453125
 30
0.0
 10
-347.0693359375
 20
570.25439453125
 30
0.0
 10
-346.83837890625
 20
570.173828125
 30
0.0
 10
-346.83837890625
 20
570.173828125
 30
0.0
 10
-346.83837890625
 20
570.173828125
 30
0.0
 10
-346.53125
 20
569.7724609375
 30
0.0
 10
-346.53125
 20
569.7724609375
 30
0.0
 10
-346.53125
 20
569.7724609375
 30
0.0
 10
-346.4072265625
 20
569.1640625
 30
0.0
 10
-346.4072265625
 20
569.1640625
 30
0.0
 10
-346.4072265625
 20
569.1640625
 30
0.0
 10
-346.498046875
 20
568.53076171875
 30
0.0
 10
-346.498046875
 20
568.53076171875
 30
0.0
 10
-346.498046875
 20
568.53076171875
 30
0.0
 10
-346.83837890625
 20
568.05615234375
 30
0.0
 10
-346.83837890625
 20
568.05615234375
 30
0.0
 10
-346.83837890625
 20
568.05615234375
 30
0.0
 10
-347.28369140625
 20
567.91796875
 30
0.0
 10
-347.28369140625
 20
567.91796875
 30
0.0
 10
-347.28369140625
 20
567.91796875
 30
0.0
 10
-347.8525390625
 20
567.9482421875
 30
0.0
 10
-347.8525390625
 20
567.9482421875
 30
0.0
 10
-347.8525390625
 20
567.9482421875
 30
0.0
 10
-348.390625
 20
568.11181640625
 30
0.0
 10
-348.390625
 20
568.11181640625
 30
0.0
 10
-348.390625
 20
568.11181640625
 30
0.0
 10
-348.74462890625
 20
568.37353515625
 30
0.0
 10
-348.74462890625
 20
568.37353515625
 30
0.0
 10
-348.74462890625
 20
568.37353515625
 30
0.0
 10
-348.8466796875
 20
568.71533203125
 30
0.0
 10
-348.8466796875
 20
568.71533203125
 30
0.0
 10
-348.8466796875
 20
568.71533203125
 30
0.0
 10
-348.8486328125
 20
569.19140625
 30
0.0
 10
-348.8486328125
 20
569.19140625
 30
0.0
 10
-348.8486328125
 20
569.19140625
 30
0.0
 10
-348.77197265625
 20
569.65576171875
 30
0.0
 10
-348.77197265625
 20
569.65576171875
 30
0.0
 10
-348.77197265625
 20
569.65576171875
 30
0.0
 10
-348.638671875
 20
569.9619140625
 30
0.0
 10
-348.638671875
 20
569.9619140625
 30
0.0
 10
-348.638671875
 20
569.9619140625
 30
0.0
 10
-348.55517578125
 20
570.0341796875
 30
0.0
 10
-348.55517578125
 20
570.0341796875
 30
0.0
 10
-348.55517578125
 20
570.0341796875
 30
0.0
 10
-348.4580078125
 20
570.0830078125
 30
0.0
 10
-348.4580078125
 20
570.0830078125
 30
0.0
 10
-348.4580078125
 20
570.0830078125
 30
0.0
 10
-348.21484375
 20
570.173828125
 30
0.0
 10
-348.21484375
 20
570.173828125
 30
0.0
 10
-348.21484375
 20
570.173828125
 30
0.0
 10
-348.21484375
 20
570.173828125
 30
0.0
 10
-348.21484375
 20
570.173828125
 30
0.0
 10
-348.21484375
 20
570.173828125
 30
0.0
 10
-348.21484375
 20
570.173828125
 30
0.0
 10
-348.21484375
 20
570.173828125
 30
0.0
  0
HATCH
  5
63
330
1F
100
AcDbEntity
  8
Layer 1
 62
     7
420
 16777215
100
AcDbHatch
 10
0.0
 20
0.0
 30
0.0
210
0.0
220
0.0
230
1.0
  2
SOLID
 70
     1
 71
     0
 91
        1
 92
        1
 93
        1
 72
     4
 94
        3
 73
     0
 74
     1
 95
       80
 96
       76
 40
0.0
 40
0.0
 40
0.0
 40
0.0
 40
1.0
 40
1.0
 40
1.0
 40
2.0
 40
2.0
 40
2.0
 40
3.0
 40
3.0
 40
3.0
 40
4.0
 40
4.0
 40
4.0
 40
5.0
 40
5.0
 40
5.0
 40
6.0
 40
6.0
 40
6.0
 40
7.0
 40
7.0
 40
7.0
 40
8.0
 40
8.0
 40
8.0
 40
9.0
 40
9.0
 40
9.0
 40
10.0
 40
10.0
 40
10.0
 40
11.0
 40
11.0
 40
11.0
 40
12.0
 40
12.0
 40
12.0
 40
13.0
 40
13.0
 40
13.0
 40
14.0
 40
14.0
 40
14.0
 40
15.0
 40
15.0
 40
15.0
 40
16.0
 40
16.0
 40
16.0
 40
17.0
 40
17.0
 40
17.0
 40
18.0
 40
18.0
 40
18.0
 40
19.0
 40
19.0
 40
19.0
 40
20.0
 40
20.0
 40
20.0
 40
21.0
 40
21.0
 40
21.0
 40
22.0
 40
22.0
 40
22.0
 40
23.0
 40
23.0
 40
23.0
 40
24.0
 40
24.0
 40
24.0
 40
25.0
 40
25.0
 40
25.0
 40
25.0
 10
-348.21484375
 20
570.173828125
 10
-348.21484375
 20
570.173828125
 10
-348.1943359375
 20
570.1953125
 10
-348.1943359375
 20
570.1953125
 10
-348.1943359375
 20
570.1953125
 10
-348.18408203125
 20
570.2275390625
 10
-348.18408203125
 20
570.2275390625
 10
-348.18408203125
 20
570.2275390625
 10
-348.16259765625
 20
570.2587890625
 10
-348.16259765625
 20
570.2587890625
 10
-348.16259765625
 20
570.2587890625
 10
-348.109375
 20
570.279296875
 10
-348.109375
 20
570.279296875
 10
-348.109375
 20
570.279296875
 10
-347.7685546875
 20
570.30859375
 10
-347.7685546875
 20
570.30859375
 10
-347.7685546875
 20
570.30859375
 10
-347.400390625
 20
570.2998046875
 10
-347.400390625
 20
570.2998046875
 10
-347.400390625
 20
570.2998046875
 10
-347.0693359375
 20
570.25439453125
 10
-347.0693359375
 20
570.25439453125
 10
-347.0693359375
 20
570.25439453125
 10
-346.83837890625
 20
570.173828125
 10
-346.83837890625
 20
570.173828125
 10
-346.83837890625
 20
570.173828125
 10
-346.53125
 20
569.7724609375
 10
-346.53125
 20
569.7724609375
 10
-346.53125
 20
569.7724609375
 10
-346.4072265625
 20
569.1640625
 10
-346.4072265625
 20
569.1640625
 10
-346.4072265625
 20
569.1640625
 10
-346.498046875
 20
568.53076171875
 10
-346.498046875
 20
568.53076171875
 10
-346.498046875
 20
568.53076171875
 10
-346.83837890625
 20
568.05615234375
 10
-346.83837890625
 20
568.05615234375
 10
-346.83837890625
 20
568.05615234375
 10
-347.28369140625
 20
567.91796875
 10
-347.28369140625
 20
567.91796875
 10
-347.28369140625
 20
567.91796875
 10
-347.8525390625
 20
567.9482421875
 10
-347.8525390625
 20
567.9482421875
 10
-347.8525390625
 20
567.9482421875
 10
-348.390625
 20
568.11181640625
 10
-348.390625
 20
568.11181640625
 10
-348.390625
 20
568.11181640625
 10
-348.74462890625
 20
568.37353515625
 10
-348.74462890625
 20
568.37353515625
 10
-348.74462890625
 20
568.37353515625
 10
-348.8466796875
 20
568.71533203125
 10
-348.8466796875
 20
568.71533203125
 10
-348.8466796875
 20
568.71533203125
 10
-348.8486328125
 20
569.19140625
 10
-348.8486328125
 20
569.19140625
 10
-348.8486328125
 20
569.19140625
 10
-348.77197265625
 20
569.65576171875
 10
-348.77197265625
 20
569.65576171875
 10
-348.77197265625
 20
569.65576171875
 10
-348.638671875
 20
569.9619140625
 10
-348.638671875
 20
569.9619140625
 10
-348.638671875
 20
569.9619140625
 10
-348.55517578125
 20
570.0341796875
 10
-348.55517578125
 20
570.0341796875
 10
-348.55517578125
 20
570.0341796875
 10
-348.4580078125
 20
570.0830078125
 10
-348.4580078125
 20
570.0830078125
 10
-348.4580078125
 20
570.0830078125
 10
-348.21484375
 20
570.173828125
 10
-348.21484375
 20
570.173828125
 10
-348.21484375
 20
570.173828125
 10
-348.21484375
 20
570.173828125
 10
-348.21484375
 20
570.173828125
 10
-348.21484375
 20
570.173828125
 10
-348.21484375
 20
570.173828125
 10
-348.21484375
 20
570.173828125
 97
        0
 75
     0
 76
     1
 98
        0
  0
SPLINE
  5
64
330
1F
100
AcDbEntity
  8
Layer 1
370
     0
100
AcDbSpline
210
0.0
220
0.0
230
1.0
 70
    11
 71
     3
 72
    80
 73
    76
 74
     0
 42
0.0000000001
 43
0.0000000001
 40
0.0
 40
0.0
 40
0.0
 40
0.0
 40
1.0
 40
1.0
 40
1.0
 40
2.0
 40
2.0
 40
2.0
 40
3.0
 40
3.0
 40
3.0
 40
4.0
 40
4.0
 40
4.0
 40
5.0
 40
5.0
 40
5.0
 40
6.0
 40
6.0
 40
6.0
 40
7.0
 40
7.0
 40
7.0
 40
8.0
 40
8.0
 40
8.0
 40
9.0
 40
9.0
 40
9.0
 40
10.0
 40
10.0
 40
10.0
 40
11.0
 40
11.0
 40
11.0
 40
12.0
 40
12.0
 40
12.0
 40
13.0
 40
13.0
 40
13.0
 40
14.0
 40
14.0
 40
14.0
 40
15.0
 40
15.0
 40
15.0
 40
16.0
 40
16.0
 40
16.0
 40
17.0
 40
17.0
 40
17.0
 40
18.0
 40
18.0
 40
18.0
 40
19.0
 40
19.0
 40
19.0
 40
20.0
 40
20.0
 40
20.0
 40
21.0
 40
21.0
 40
21.0
 40
22.0
 40
22.0
 40
22.0
 40
23.0
 40
23.0
 40
23.0
 40
24.0
 40
24.0
 40
24.0
 40
25.0
 40
25.0
 40
25.0
 40
25.0
 10
186.9072265625
 20
285.77734375
 30
0.0
 10
186.9072265625
 20
285.77734375
 30
0.0
 10
186.927734375
 20
285.7998046875
 30
0.0
 10
186.927734375
 20
285.7998046875
 30
0.0
 10
186.927734375
 20
285.7998046875
 30
0.0
 10
186.93798828125
 20
285.8310546875
 30
0.0
 10
186.93798828125
 20
285.8310546875
 30
0.0
 10
186.93798828125
 20
285.8310546875
 30
0.0
 10
186.95947265625
 20
285.8623046875
 30
0.0
 10
186.95947265625
 20
285.8623046875
 30
0.0
 10
186.95947265625
 20
285.8623046875
 30
0.0
 10
187.01318359375
 20
285.8828125
 30
0.0
 10
187.01318359375
 20
285.8828125
 30
0.0
 10
187.01318359375
 20
285.8828125
 30
0.0
 10
187.3544921875
 20
285.912109375
 30
0.0
 10
187.3544921875
 20
285.912109375
 30
0.0
 10
187.3544921875
 20
285.912109375
 30
0.0
 10
187.7216796875
 20
285.9033203125
 30
0.0
 10
187.7216796875
 20
285.9033203125
 30
0.0
 10
187.7216796875
 20
285.9033203125
 30
0.0
 10
188.05322265625
 20
285.8583984375
 30
0.0
 10
188.05322265625
 20
285.8583984375
 30
0.0
 10
188.05322265625
 20
285.8583984375
 30
0.0
 10
188.2841796875
 20
285.77734375
 30
0.0
 10
188.2841796875
 20
285.77734375
 30
0.0
 10
188.2841796875
 20
285.77734375
 30
0.0
 10
188.5908203125
 20
285.3759765625
 30
0.0
 10
188.5908203125
 20
285.3759765625
 30
0.0
 10
188.5908203125
 20
285.3759765625
 30
0.0
 10
188.71435546875
 20
284.7666015625
 30
0.0
 10
188.71435546875
 20
284.7666015625
 30
0.0
 10
188.71435546875
 20
284.7666015625
 30
0.0
 10
188.62255859375
 20
284.1337890625
 30
0.0
 10
188.62255859375
 20
284.1337890625
 30
0.0
 10
188.62255859375
 20
284.1337890625
 30
0.0
 10
188.2841796875
 20
283.66015625
 30
0.0
 10
188.2841796875
 20
283.66015625
 30
0.0
 10
188.2841796875
 20
283.66015625
 30
0.0
 10
187.83935546875
 20
283.5224609375
 30
0.0
 10
187.83935546875
 20
283.5224609375
 30
0.0
 10
187.83935546875
 20
283.5224609375
 30
0.0
 10
187.2705078125
 20
283.552734375
 30
0.0
 10
187.2705078125
 20
283.552734375
 30
0.0
 10
187.2705078125
 20
283.552734375
 30
0.0
 10
186.73193359375
 20
283.7158203125
 30
0.0
 10
186.73193359375
 20
283.7158203125
 30
0.0
 10
186.73193359375
 20
283.7158203125
 30
0.0
 10
186.3779296875
 20
283.9775390625
 30
0.0
 10
186.3779296875
 20
283.9775390625
 30
0.0
 10
186.3779296875
 20
283.9775390625
 30
0.0
 10
186.27783203125
 20
284.3154296875
 30
0.0
 10
186.27783203125
 20
284.3154296875
 30
0.0
 10
186.27783203125
 20
284.3154296875
 30
0.0
 10
186.27490234375
 20
284.791015625
 30
0.0
 10
186.27490234375
 20
284.791015625
 30
0.0
 10
186.27490234375
 20
284.791015625
 30
0.0
 10
186.349609375
 20
285.2568359375
 30
0.0
 10
186.349609375
 20
285.2568359375
 30
0.0
 10
186.349609375
 20
285.2568359375
 30
0.0
 10
186.48388671875
 20
285.5654296875
 30
0.0
 10
186.48388671875
 20
285.5654296875
 30
0.0
 10
186.48388671875
 20
285.5654296875
 30
0.0
 10
186.5673828125
 20
285.6376953125
 30
0.0
 10
186.5673828125
 20
285.6376953125
 30
0.0
 10
186.5673828125
 20
285.6376953125
 30
0.0
 10
186.66455078125
 20
285.6865234375
 30
0.0
 10
186.66455078125
 20
285.6865234375
 30
0.0
 10
186.66455078125
 20
285.6865234375
 30
0.0
 10
186.9072265625
 20
285.77734375
 30
0.0
 10
186.9072265625
 20
285.77734375
 30
0.0
 10
186.9072265625
 20
285.77734375
 30
0.0
 10
186.9072265625
 20
285.77734375
 30
0.0
 10
186.9072265625
 20
285.77734375
 30
0.0
 10
186.9072265625
 20
285.77734375
 30
0.0
 10
186.9072265625
 20
285.77734375
 30
0.0
 10
186.9072265625
 20
285.77734375
 30
0.0
  0
HATCH
  5
65
330
1F
100
AcDbEntity
  8
Layer 1
 62
     7
420
 16777215
100
AcDbHatch
 10
0.0
 20
0.0
 30
0.0
210
0.0
220
0.0
230
1.0
  2
SOLID
 70
     1
 71
     0
 91
        1
 92
        1
 93
        1
 72
     4
 94
        3
 73
     0
 74
     1
 95
       80
 96
       76
 40
0.0
 40
0.0
 40
0.0
 40
0.0
 40
1.0
 40
1.0
 40
1.0
 40
2.0
 40
2.0
 40
2.0
 40
3.0
 40
3.0
 40
3.0
 40
4.0
 40
4.0
 40
4.0
 40
5.0
 40
5.0
 40
5.0
 40
6.0
 40
6.0
 40
6.0
 40
7.0
 40
7.0
 40
7.0
 40
8.0
 40
8.0
 40
8.0
 40
9.0
 40
9.0
 40
9.0
 40
10.0
 40
10.0
 40
10.0
 40
11.0
 40
11.0
 40
11.0
 40
12.0
 40
12.0
 40
12.0
 40
13.0
 40
13.0
 40
13.0
 40
14.0
 40
14.0
 40
14.0
 40
15.0
 40
15.0
 40
15.0
 40
16.0
 40
16.0
 40
16.0
 40
17.0
 40
17.0
 40
17.0
 40
18.0
 40
18.0
 40
18.0
 40
19.0
 40
19.0
 40
19.0
 40
20.0
 40
20.0
 40
20.0
 40
21.0
 40
21.0
 40
21.0
 40
22.0
 40
22.0
 40
22.0
 40
23.0
 40
23.0
 40
23.0
 40
24.0
 40
24.0
 40
24.0
 40
25.0
 40
25.0
 40
25.0
 40
25.0
 10
186.9072265625
 20
285.77734375
 10
186.9072265625
 20
285.77734375
 10
186.927734375
 20
285.7998046875
 10
186.927734375
 20
285.7998046875
 10
186.927734375
 20
285.7998046875
 10
186.93798828125
 20
285.8310546875
 10
186.93798828125
 20
285.8310546875
 10
186.93798828125
 20
285.8310546875
 10
186.95947265625
 20
285.8623046875
 10
186.95947265625
 20
285.8623046875
 10
186.95947265625
 20
285.8623046875
 10
187.01318359375
 20
285.8828125
 10
187.01318359375
 20
285.8828125
 10
187.01318359375
 20
285.8828125
 10
187.3544921875
 20
285.912109375
 10
187.3544921875
 20
285.912109375
 10
187.3544921875
 20
285.912109375
 10
187.7216796875
 20
285.9033203125
 10
187.7216796875
 20
285.9033203125
 10
187.7216796875
 20
285.9033203125
 10
188.05322265625
 20
285.8583984375
 10
188.05322265625
 20
285.8583984375
 10
188.05322265625
 20
285.8583984375
 10
188.2841796875
 20
285.77734375
 10
188.2841796875
 20
285.77734375
 10
188.2841796875
 20
285.77734375
 10
188.5908203125
 20
285.3759765625
 10
188.5908203125
 20
285.3759765625
 10
188.5908203125
 20
285.3759765625
 10
188.71435546875
 20
284.7666015625
 10
188.71435546875
 20
284.7666015625
 10
188.71435546875
 20
284.7666015625
 10
188.62255859375
 20
284.1337890625
 10
188.62255859375
 20
284.1337890625
 10
188.62255859375
 20
284.1337890625
 10
188.2841796875
 20
283.66015625
 10
188.2841796875
 20
283.66015625
 10
188.2841796875
 20
283.66015625
 10
187.83935546875
 20
283.5224609375
 10
187.83935546875
 20
283.5224609375
 10
187.83935546875
 20
283.5224609375
 10
187.2705078125
 20
283.552734375
 10
187.2705078125
 20
283.552734375
 10
187.2705078125
 20
283.552734375
 10
186.73193359375
 20
283.7158203125
 10
186.73193359375
 20
283.7158203125
 10
186.73193359375
 20
283.7158203125
 10
186.3779296875
 20
283.9775390625
 10
186.3779296875
 20
283.9775390625
 10
186.3779296875
 20
283.9775390625
 10
186.27783203125
 20
284.3154296875
 10
186.27783203125
 20
284.3154296875
 10
186.27783203125
 20
284.3154296875
 10
186.27490234375
 20
284.791015625
 10
186.27490234375
 20
284.791015625
 10
186.27490234375
 20
284.791015625
 10
186.349609375
 20
285.2568359375
 10
186.349609375
 20
285.2568359375
 10
186.349609375
 20
285.2568359375
 10
186.48388671875
 20
285.5654296875
 10
186.48388671875
 20
285.5654296875
 10
186.48388671875
 20
285.5654296875
 10
186.5673828125
 20
285.6376953125
 10
186.5673828125
 20
285.6376953125
 10
186.5673828125
 20
285.6376953125
 10
186.66455078125
 20
285.6865234375
 10
186.66455078125
 20
285.6865234375
 10
186.66455078125
 20
285.6865234375
 10
186.9072265625
 20
285.77734375
 10
186.9072265625
 20
285.77734375
 10
186.9072265625
 20
285.77734375
 10
186.9072265625
 20
285.77734375
 10
186.9072265625
 20
285.77734375
 10
186.9072265625
 20
285.77734375
 10
186.9072265625
 20
285.77734375
 10
186.9072265625
 20
285.77734375
 97
        0
 75
     0
 76
     1
 98
        0
  0
SPLINE
  5
66
330
1F
100
AcDbEntity
  8
Layer 1
370
     0
100
AcDbSpline
210
0.0
220
0.0
230
1.0
 70
    11
 71
     3
 72
    47
 73
    43
 74
     0
 42
0.0000000001
 43
0.0000000001
 40
0.0
 40
0.0
 40
0.0
 40
0.0
 40
1.0
 40
1.0
 40
1.0
 40
2.0
 40
2.0
 40
2.0
 40
3.0
 40
3.0
 40
3.0
 40
4.0
 40
4.0
 40
4.0
 40
5.0
 40
5.0
 40
5.0
 40
6.0
 40
6.0
 40
6.0
 40
7.0
 40
7.0
 40
7.0
 40
8.0
 40
8.0
 40
8.0
 40
9.0
 40
9.0
 40
9.0
 40
10.0
 40
10.0
 40
10.0
 40
11.0
 40
11.0
 40
11.0
 40
12.0
 40
12.0
 40
12.0
 40
13.0
 40
13.0
 40
13.0
 40
14.0
 40
14.0
 40
14.0
 40
14.0
 10
80.28515625
 20
278.154296875
 30
0.0
 10
80.28515625
 20
278.154296875
 30
0.0
 10
80.41748046875
 20
278.20703125
 30
0.0
 10
80.41748046875
 20
278.20703125
 30
0.0
 10
80.41748046875
 20
278.20703125
 30
0.0
 10
80.63525390625
 20
278.2421875
 30
0.0
 10
80.63525390625
 20
278.2421875
 30
0.0
 10
80.63525390625
 20
278.2421875
 30
0.0
 10
80.86328125
 20
278.20703125
 30
0.0
 10
80.86328125
 20
278.20703125
 30
0.0
 10
80.86328125
 20
278.20703125
 30
0.0
 10
81.0263671875
 20
278.0478515625
 30
0.0
 10
81.0263671875
 20
278.0478515625
 30
0.0
 10
81.0263671875
 20
278.0478515625
 30
0.0
 10
81.0546875
 20
277.630859375
 30
0.0
 10
81.0546875
 20
277.630859375
 30
0.0
 10
81.0546875
 20
277.630859375
 30
0.0
 10
80.81640625
 20
277.375
 30
0.0
 10
80.81640625
 20
277.375
 30
0.0
 10
80.81640625
 20
277.375
 30
0.0
 10
80.47119140625
 20
277.3232421875
 30
0.0
 10
80.47119140625
 20
277.3232421875
 30
0.0
 10
80.47119140625
 20
277.3232421875
 30
0.0
 10
80.1796875
 20
277.5185546875
 30
0.0
 10
80.1796875
 20
277.5185546875
 30
0.0
 10
80.1796875
 20
277.5185546875
 30
0.0
 10
80.1240234375
 20
277.6318359375
 30
0.0
 10
80.1240234375
 20
277.6318359375
 30
0.0
 10
80.1240234375
 20
277.6318359375
 30
0.0
 10
80.09033203125
 20
277.7939453125
 30
0.0
 10
80.09033203125
 20
277.7939453125
 30
0.0
 10
80.09033203125
 20
277.7939453125
 30
0.0
 10
80.1279296875
 20
277.9775390625
 30
0.0
 10
80.1279296875
 20
277.9775390625
 30
0.0
 10
80.1279296875
 20
277.9775390625
 30
0.0
 10
80.28515625
 20
278.154296875
 30
0.0
 10
80.28515625
 20
278.154296875
 30
0.0
 10
80.28515625
 20
278.154296875
 30
0.0
 10
80.28515625
 20
278.154296875
 30
0.0
 10
80.28515625
 20
278.154296875
 30
0.0
 10
80.28515625
 20
278.154296875
 30
0.0
 10
80.28515625
 20
278.154296875
 30
0.0
 10
80.28515625
 20
278.154296875
 30
0.0
  0
HATCH
  5
67
330
1F
100
AcDbEntity
  8
Layer 1
 62
     7
420
 16777215
100
AcDbHatch
 10
0.0
 20
0.0
 30
0.0
210
0.0
220
0.0
230
1.0
  2
SOLID
 70
     1
 71
     0
 91
        1
 92
        1
 93
        1
 72
     4
 94
        3
 73
     0
 74
     1
 95
       47
 96
       43
 40
0.0
 40
0.0
 40
0.0
 40
0.0
 40
1.0
 40
1.0
 40
1.0
 40
2.0
 40
2.0
 40
2.0
 40
3.0
 40
3.0
 40
3.0
 40
4.0
 40
4.0
 40
4.0
 40
5.0
 40
5.0
 40
5.0
 40
6.0
 40
6.0
 40
6.0
 40
7.0
 40
7.0
 40
7.0
 40
8.0
 40
8.0
 40
8.0
 40
9.0
 40
9.0
 40
9.0
 40
10.0
 40
10.0
 40
10.0
 40
11.0
 40
11.0
 40
11.0
 40
12.0
 40
12.0
 40
12.0
 40
13.0
 40
13.0
 40
13.0
 40
14.0
 40
14.0
 40
14.0
 40
14.0
 10
80.28515625
 20
278.154296875
 10
80.28515625
 20
278.154296875
 10
80.41748046875
 20
278.20703125
 10
80.41748046875
 20
278.20703125
 10
80.41748046875
 20
278.20703125
 10
80.63525390625
 20
278.2421875
 10
80.63525390625
 20
278.2421875
 10
80.63525390625
 20
278.2421875
 10
80.86328125
 20
278.20703125
 10
80.86328125
 20
278.20703125
 10
80.86328125
 20
278.20703125
 10
81.0263671875
 20
278.0478515625
 10
81.0263671875
 20
278.0478515625
 10
81.0263671875
 20
278.0478515625
 10
81.0546875
 20
277.630859375
 10
81.0546875
 20
277.630859375
 10
81.0546875
 20
277.630859375
 10
80.81640625
 20
277.375
 10
80.81640625
 20
277.375
 10
80.81640625
 20
277.375
 10
80.47119140625
 20
277.3232421875
 10
80.47119140625
 20
277.3232421875
 10
80.47119140625
 20
277.3232421875
 10
80.1796875
 20
277.5185546875
 10
80.1796875
 20
277.5185546875
 10
80.1796875
 20
277.5185546875
 10
80.1240234375
 20
277.6318359375
 10
80.1240234375
 20
277.6318359375
 10
80.1240234375
 20
277.6318359375
 10
80.09033203125
 20
277.7939453125
 10
80.09033203125
 20
277.7939453125
 10
80.09033203125
 20
277.7939453125
 10
80.1279296875
 20
277.9775390625
 10
80.1279296875
 20
277.9775390625
 10
80.1279296875
 20
277.9775390625
 10
80.28515625
 20
278.154296875
 10
80.28515625
 20
278.154296875
 10
80.28515625
 20
278.154296875
 10
80.28515625
 20
278.154296875
 10
80.28515625
 20
278.154296875
 10
80.28515625
 20
278.154296875
 10
80.28515625
 20
278.154296875
 10
80.28515625
 20
278.154296875
 97
        0
 75
     0
 76
     1
 98
        0
  0
SPLINE
  5
68
330
1F
100
AcDbEntity
  8
Layer 1
370
     0
100
AcDbSpline
210
0.0
220
0.0
230
1.0
 70
    11
 71
     3
 72
    47
 73
    43
 74
     0
 42
0.0000000001
 43
0.0000000001
 40
0.0
 40
0.0
 40
0.0
 40
0.0
 40
1.0
 40
1.0
 40
1.0
 40
2.0
 40
2.0
 40
2.0
 40
3.0
 40
3.0
 40
3.0
 40
4.0
 40
4.0
 40
4.0
 40
5.0
 40
5.0
 40
5.0
 40
6.0
 40
6.0
 40
6.0
 40
7.0
 40
7.0
 40
7.0
 40
8.0
 40
8.0
 40
8.0
 40
9.0
 40
9.0
 40
9.0
 40
10.0
 40
10.0
 40
10.0
 40
11.0
 40
11.0
 40
11.0
 40
12.0
 40
12.0
 40
12.0
 40
13.0
 40
13.0
 40
13.0
 40
14.0
 40
14.0
 40
14.0
 40
14.0
 10
79.9677734375
 20
275.9306640625
 30
0.0
 10
79.9677734375
 20
275.9306640625
 30
0.0
 10
80.1005859375
 20
275.984375
 30
0.0
 10
80.1005859375
 20
275.984375
 30
0.0
 10
80.1005859375
 20
275.984375
 30
0.0
 10
80.3173828125
 20
276.0185546875
 30
0.0
 10
80.3173828125
 20
276.0185546875
 30
0.0
 10
80.3173828125
 20
276.0185546875
 30
0.0
 10
80.54541015625
 20
275.982421875
 30
0.0
 10
80.54541015625
 20
275.982421875
 30
0.0
 10
80.54541015625
 20
275.982421875
 30
0.0
 10
80.708984375
 20
275.82421875
 30
0.0
 10
80.708984375
 20
275.82421875
 30
0.0
 10
80.708984375
 20
275.82421875
 30
0.0
 10
80.7265625
 20
275.376953125
 30
0.0
 10
80.7265625
 20
275.376953125
 30
0.0
 10
80.7265625
 20
275.376953125
 30
0.0
 10
80.44189453125
 20
275.1064453125
 30
0.0
 10
80.44189453125
 20
275.1064453125
 30
0.0
 10
80.44189453125
 20
275.1064453125
 30
0.0
 10
80.052734375
 20
275.0615234375
 30
0.0
 10
80.052734375
 20
275.0615234375
 30
0.0
 10
80.052734375
 20
275.0615234375
 30
0.0
 10
79.755859375
 20
275.294921875
 30
0.0
 10
79.755859375
 20
275.294921875
 30
0.0
 10
79.755859375
 20
275.294921875
 30
0.0
 10
79.705078125
 20
275.4453125
 30
0.0
 10
79.705078125
 20
275.4453125
 30
0.0
 10
79.705078125
 20
275.4453125
 30
0.0
 10
79.70751953125
 20
275.603515625
 30
0.0
 10
79.70751953125
 20
275.603515625
 30
0.0
 10
79.70751953125
 20
275.603515625
 30
0.0
 10
79.787109375
 20
275.765625
 30
0.0
 10
79.787109375
 20
275.765625
 30
0.0
 10
79.787109375
 20
275.765625
 30
0.0
 10
79.9677734375
 20
275.9306640625
 30
0.0
 10
79.9677734375
 20
275.9306640625
 30
0.0
 10
79.9677734375
 20
275.9306640625
 30
0.0
 10
79.9677734375
 20
275.9306640625
 30
0.0
 10
79.9677734375
 20
275.9306640625
 30
0.0
 10
79.9677734375
 20
275.9306640625
 30
0.0
 10
79.9677734375
 20
275.9306640625
 30
0.0
 10
79.9677734375
 20
275.9306640625
 30
0.0
  0
HATCH
  5
69
330
1F
100
AcDbEntity
  8
Layer 1
 62
     7
420
 16777215
100
AcDbHatch
 10
0.0
 20
0.0
 30
0.0
210
0.0
220
0.0
230
1.0
  2
SOLID
 70
     1
 71
     0
 91
        1
 92
        1
 93
        1
 72
     4
 94
        3
 73
     0
 74
     1
 95
       47
 96
       43
 40
0.0
 40
0.0
 40
0.0
 40
0.0
 40
1.0
 40
1.0
 40
1.0
 40
2.0
 40
2.0
 40
2.0
 40
3.0
 40
3.0
 40
3.0
 40
4.0
 40
4.0
 40
4.0
 40
5.0
 40
5.0
 40
5.0
 40
6.0
 40
6.0
 40
6.0
 40
7.0
 40
7.0
 40
7.0
 40
8.0
 40
8.0
 40
8.0
 40
9.0
 40
9.0
 40
9.0
 40
10.0
 40
10.0
 40
10.0
 40
11.0
 40
11.0
 40
11.0
 40
12.0
 40
12.0
 40
12.0
 40
13.0
 40
13.0
 40
13.0
 40
14.0
 40
14.0
 40
14.0
 40
14.0
 10
79.9677734375
 20
275.9306640625
 10
79.9677734375
 20
275.9306640625
 10
80.1005859375
 20
275.984375
 10
80.1005859375
 20
275.984375
 10
80.1005859375
 20
275.984375
 10
80.3173828125
 20
276.0185546875
 10
80.3173828125
 20
276.0185546875
 10
80.3173828125
 20
276.0185546875
 10
80.54541015625
 20
275.982421875
 10
80.54541015625
 20
275.982421875
 10
80.54541015625
 20
275.982421875
 10
80.708984375
 20
275.82421875
 10
80.708984375
 20
275.82421875
 10
80.708984375
 20
275.82421875
 10
80.7265625
 20
275.376953125
 10
80.7265625
 20
275.376953125
 10
80.7265625
 20
275.376953125
 10
80.44189453125
 20
275.1064453125
 10
80.44189453125
 20
275.1064453125
 10
80.44189453125
 20
275.1064453125
 10
80.052734375
 20
275.0615234375
 10
80.052734375
 20
275.0615234375
 10
80.052734375
 20
275.0615234375
 10
79.755859375
 20
275.294921875
 10
79.755859375
 20
275.294921875
 10
79.755859375
 20
275.294921875
 10
79.705078125
 20
275.4453125
 10
79.705078125
 20
275.4453125
 10
79.705078125
 20
275.4453125
 10
79.70751953125
 20
275.603515625
 10
79.70751953125
 20
275.603515625
 10
79.70751953125
 20
275.603515625
 10
79.787109375
 20
275.765625
 10
79.787109375
 20
275.765625
 10
79.787109375
 20
275.765625
 10
79.9677734375
 20
275.9306640625
 10
79.9677734375
 20
275.9306640625
 10
79.9677734375
 20
275.9306640625
 10
79.9677734375
 20
275.9306640625
 10
79.9677734375
 20
275.9306640625
 10
79.9677734375
 20
275.9306640625
 10
79.9677734375
 20
275.9306640625
 10
79.9677734375
 20
275.9306640625
 97
        0
 75
     0
 76
     1
 98
        0
  0
SPLINE
  5
6A
330
1F
100
AcDbEntity
  8
Layer 1
370
     0
100
AcDbSpline
210
0.0
220
0.0
230
1.0
 70
    11
 71
     3
 72
    86
 73
    82
 74
     0
 42
0.0000000001
 43
0.0000000001
 40
0.0
 40
0.0
 40
0.0
 40
0.0
 40
1.0
 40
1.0
 40
1.0
 40
2.0
 40
2.0
 40
2.0
 40
3.0
 40
3.0
 40
3.0
 40
4.0
 40
4.0
 40
4.0
 40
5.0
 40
5.0
 40
5.0
 40
6.0
 40
6.0
 40
6.0
 40
7.0
 40
7.0
 40
7.0
 40
8.0
 40
8.0
 40
8.0
 40
9.0
 40
9.0
 40
9.0
 40
10.0
 40
10.0
 40
10.0
 40
11.0
 40
11.0
 40
11.0
 40
12.0
 40
12.0
 40
12.0
 40
13.0
 40
13.0
 40
13.0
 40
14.0
 40
14.0
 40
14.0
 40
15.0
 40
15.0
 40
15.0
 40
16.0
 40
16.0
 40
16.0
 40
17.0
 40
17.0
 40
17.0
 40
18.0
 40
18.0
 40
18.0
 40
19.0
 40
19.0
 40
19.0
 40
20.0
 40
20.0
 40
20.0
 40
21.0
 40
21.0
 40
21.0
 40
22.0
 40
22.0
 40
22.0
 40
23.0
 40
23.0
 40
23.0
 40
24.0
 40
24.0
 40
24.0
 40
25.0
 40
25.0
 40
25.0
 40
26.0
 40
26.0
 40
26.0
 40
27.0
 40
27.0
 40
27.0
 40
27.0
 10
72.767578125
 20
253.6953125
 30
0.0
 10
72.767578125
 20
253.6953125
 30
0.0
 10
72.7880859375
 20
253.7177734375
 30
0.0
 10
72.7880859375
 20
253.7177734375
 30
0.0
 10
72.7880859375
 20
253.7177734375
 30
0.0
 10
72.79833984375
 20
253.7490234375
 30
0.0
 10
72.79833984375
 20
253.7490234375
 30
0.0
 10
72.79833984375
 20
253.7490234375
 30
0.0
 10
72.81982421875
 20
253.7802734375
 30
0.0
 10
72.81982421875
 20
253.7802734375
 30
0.0
 10
72.81982421875
 20
253.7802734375
 30
0.0
 10
72.87353515625
 20
253.80078125
 30
0.0
 10
72.87353515625
 20
253.80078125
 30
0.0
 10
72.87353515625
 20
253.80078125
 30
0.0
 10
73.6064453125
 20
253.8349609375
 30
0.0
 10
73.6064453125
 20
253.8349609375
 30
0.0
 10
73.6064453125
 20
253.8349609375
 30
0.0
 10
74.0986328125
 20
253.6572265625
 30
0.0
 10
74.0986328125
 20
253.6572265625
 30
0.0
 10
74.0986328125
 20
253.6572265625
 30
0.0
 10
74.37548828125
 20
253.259765625
 30
0.0
 10
74.37548828125
 20
253.259765625
 30
0.0
 10
74.37548828125
 20
253.259765625
 30
0.0
 10
74.4619140625
 20
252.63671875
 30
0.0
 10
74.4619140625
 20
252.63671875
 30
0.0
 10
74.4619140625
 20
252.63671875
 30
0.0
 10
74.40673828125
 20
252.064453125
 30
0.0
 10
74.40673828125
 20
252.064453125
 30
0.0
 10
74.40673828125
 20
252.064453125
 30
0.0
 10
74.2177734375
 20
251.703125
 30
0.0
 10
74.2177734375
 20
251.703125
 30
0.0
 10
74.2177734375
 20
251.703125
 30
0.0
 10
73.85986328125
 20
251.517578125
 30
0.0
 10
73.85986328125
 20
251.517578125
 30
0.0
 10
73.85986328125
 20
251.517578125
 30
0.0
 10
73.29736328125
 20
251.4716796875
 30
0.0
 10
73.29736328125
 20
251.4716796875
 30
0.0
 10
73.29736328125
 20
251.4716796875
 30
0.0
 10
72.88134765625
 20
251.4873046875
 30
0.0
 10
72.88134765625
 20
251.4873046875
 30
0.0
 10
72.88134765625
 20
251.4873046875
 30
0.0
 10
72.703125
 20
251.517578125
 30
0.0
 10
72.703125
 20
251.517578125
 30
0.0
 10
72.703125
 20
251.517578125
 30
0.0
 10
72.55615234375
 20
251.578125
 30
0.0
 10
72.55615234375
 20
251.578125
 30
0.0
 10
72.55615234375
 20
251.578125
 30
0.0
 10
72.271484375
 20
251.91015625
 30
0.0
 10
72.271484375
 20
251.91015625
 30
0.0
 10
72.271484375
 20
251.91015625
 30
0.0
 10
72.1259765625
 20
252.373046875
 30
0.0
 10
72.1259765625
 20
252.373046875
 30
0.0
 10
72.1259765625
 20
252.373046875
 30
0.0
 10
72.08984375
 20
252.8349609375
 30
0.0
 10
72.08984375
 20
252.8349609375
 30
0.0
 10
72.08984375
 20
252.8349609375
 30
0.0
 10
72.13232421875
 20
253.166015625
 30
0.0
 10
72.13232421875
 20
253.166015625
 30
0.0
 10
72.13232421875
 20
253.166015625
 30
0.0
 10
72.166015625
 20
253.2294921875
 30
0.0
 10
72.166015625
 20
253.2294921875
 30
0.0
 10
72.166015625
 20
253.2294921875
 30
0.0
 10
72.2939453125
 20
253.41796875
 30
0.0
 10
72.2939453125
 20
253.41796875
 30
0.0
 10
72.2939453125
 20
253.41796875
 30
0.0
 10
72.34423828125
 20
253.4833984375
 30
0.0
 10
72.34423828125
 20
253.4833984375
 30
0.0
 10
72.34423828125
 20
253.4833984375
 30
0.0
 10
72.427734375
 20
253.5556640625
 30
0.0
 10
72.427734375
 20
253.5556640625
 30
0.0
 10
72.427734375
 20
253.5556640625
 30
0.0
 10
72.52490234375
 20
253.6044921875
 30
0.0
 10
72.52490234375
 20
253.6044921875
 30
0.0
 10
72.52490234375
 20
253.6044921875
 30
0.0
 10
72.767578125
 20
253.6953125
 30
0.0
 10
72.767578125
 20
253.6953125
 30
0.0
 10
72.767578125
 20
253.6953125
 30
0.0
 10
72.767578125
 20
253.6953125
 30
0.0
 10
72.767578125
 20
253.6953125
 30
0.0
 10
72.767578125
 20
253.6953125
 30
0.0
 10
72.767578125
 20
253.6953125
 30
0.0
 10
72.767578125
 20
253.6953125
 30
0.0
  0
HATCH
  5
6B
330
1F
100
AcDbEntity
  8
Layer 1
 62
     7
420
 16777215
100
AcDbHatch
 10
0.0
 20
0.0
 30
0.0
210
0.0
220
0.0
230
1.0
  2
SOLID
 70
     1
 71
     0
 91
        1
 92
        1
 93
        1
 72
     4
 94
        3
 73
     0
 74
     1
 95
       86
 96
       82
 40
0.0
 40
0.0
 40
0.0
 40
0.0
 40
1.0
 40
1.0
 40
1.0
 40
2.0
 40
2.0
 40
2.0
 40
3.0
 40
3.0
 40
3.0
 40
4.0
 40
4.0
 40
4.0
 40
5.0
 40
5.0
 40
5.0
 40
6.0
 40
6.0
 40
6.0
 40
7.0
 40
7.0
 40
7.0
 40
8.0
 40
8.0
 40
8.0
 40
9.0
 40
9.0
 40
9.0
 40
10.0
 40
10.0
 40
10.0
 40
11.0
 40
11.0
 40
11.0
 40
12.0
 40
12.0
 40
12.0
 40
13.0
 40
13.0
 40
13.0
 40
14.0
 40
14.0
 40
14.0
 40
15.0
 40
15.0
 40
15.0
 40
16.0
 40
16.0
 40
16.0
 40
17.0
 40
17.0
 40
17.0
 40
18.0
 40
18.0
 40
18.0
 40
19.0
 40
19.0
 40
19.0
 40
20.0
 40
20.0
 40
20.0
 40
21.0
 40
21.0
 40
21.0
 40
22.0
 40
22.0
 40
22.0
 40
23.0
 40
23.0
 40
23.0
 40
24.0
 40
24.0
 40
24.0
 40
25.0
 40
25.0
 40
25.0
 40
26.0
 40
26.0
 40
26.0
 40
27.0
 40
27.0
 40
27.0
 40
27.0
 10
72.767578125
 20
253.6953125
 10
72.767578125
 20
253.6953125
 10
72.7880859375
 20
253.7177734375
 10
72.7880859375
 20
253.7177734375
 10
72.7880859375
 20
253.7177734375
 10
72.79833984375
 20
253.7490234375
 10
72.79833984375
 20
253.7490234375
 10
72.79833984375
 20
253.7490234375
 10
72.81982421875
 20
253.7802734375
 10
72.81982421875
 20
253.7802734375
 10
72.81982421875
 20
253.7802734375
 10
72.87353515625
 20
253.80078125
 10
72.87353515625
 20
253.80078125
 10
72.87353515625
 20
253.80078125
 10
73.6064453125
 20
253.8349609375
 10
73.6064453125
 20
253.8349609375
 10
73.6064453125
 20
253.8349609375
 10
74.0986328125
 20
253.6572265625
 10
74.0986328125
 20
253.6572265625
 10
74.0986328125
 20
253.6572265625
 10
74.37548828125
 20
253.259765625
 10
74.37548828125
 20
253.259765625
 10
74.37548828125
 20
253.259765625
 10
74.4619140625
 20
252.63671875
 10
74.4619140625
 20
252.63671875
 10
74.4619140625
 20
252.63671875
 10
74.40673828125
 20
252.064453125
 10
74.40673828125
 20
252.064453125
 10
74.40673828125
 20
252.064453125
 10
74.2177734375
 20
251.703125
 10
74.2177734375
 20
251.703125
 10
74.2177734375
 20
251.703125
 10
73.85986328125
 20
251.517578125
 10
73.85986328125
 20
251.517578125
 10
73.85986328125
 20
251.517578125
 10
73.29736328125
 20
251.4716796875
 10
73.29736328125
 20
251.4716796875
 10
73.29736328125
 20
251.4716796875
 10
72.88134765625
 20
251.4873046875
 10
72.88134765625
 20
251.4873046875
 10
72.88134765625
 20
251.4873046875
 10
72.703125
 20
251.517578125
 10
72.703125
 20
251.517578125
 10
72.703125
 20
251.517578125
 10
72.55615234375
 20
251.578125
 10
72.55615234375
 20
251.578125
 10
72.55615234375
 20
251.578125
 10
72.271484375
 20
251.91015625
 10
72.271484375
 20
251.91015625
 10
72.271484375
 20
251.91015625
 10
72.1259765625
 20
252.373046875
 10
72.1259765625
 20
252.373046875
 10
72.1259765625
 20
252.373046875
 10
72.08984375
 20
252.8349609375
 10
72.08984375
 20
252.8349609375
 10
72.08984375
 20
252.8349609375
 10
72.13232421875
 20
253.166015625
 10
72.13232421875
 20
253.166015625
 10
72.13232421875
 20
253.166015625
 10
72.166015625
 20
253.2294921875
 10
72.166015625
 20
253.2294921875
 10
72.166015625
 20
253.2294921875
 10
72.2939453125
 20
253.41796875
 10
72.2939453125
 20
253.41796875
 10
72.2939453125
 20
253.41796875
 10
72.34423828125
 20
253.4833984375
 10
72.34423828125
 20
253.4833984375
 10
72.34423828125
 20
253.4833984375
 10
72.427734375
 20
253.5556640625
 10
72.427734375
 20
253.5556640625
 10
72.427734375
 20
253.5556640625
 10
72.52490234375
 20
253.6044921875
 10
72.52490234375
 20
253.6044921875
 10
72.52490234375
 20
253.6044921875
 10
72.767578125
 20
253.6953125
 10
72.767578125
 20
253.6953125
 10
72.767578125
 20
253.6953125
 10
72.767578125
 20
253.6953125
 10
72.767578125
 20
253.6953125
 10
72.767578125
 20
253.6953125
 10
72.767578125
 20
253.6953125
 10
72.767578125
 20
253.6953125
 97
        0
 75
     0
 76
     1
 98
        0
  0
POLYLINE
  5
6C
330
1F
100
AcDbEntity
  8
Layer 1
370
     0
100
AcDb2dPolyline
 66
     1
 10
0.0
 20
0.0
 30
0.0
  0
VERTEX
  5
6D
330
6C
100
AcDbEntity
  8
Layer 1
370
     0
100
AcDbVertex
100
AcDb2dVertex
 10
165.98388671875
 20
229.7978515625
 30
0.0
  0
VERTEX
  5
6E
330
6C
100
AcDbEntity
  8
Layer 1
370
     0
100
AcDbVertex
100
AcDb2dVertex
 10
166.50634765625
 20
229.76171875
 30
0.0
  0
VERTEX
  5
6F
330
6C
100
AcDbEntity
  8
Layer 1
370
     0
100
AcDbVertex
100
AcDb2dVertex
 10
166.958984375
 20
229.6474609375
 30
0.0
  0
VERTEX
  5
70
330
6C
100
AcDbEntity
  8
Layer 1
370
     0
100
AcDbVertex
100
AcDb2dVertex
 10
167.56494140625
 20
229.3896484375
 30
0.0
  0
VERTEX
  5
71
330
6C
100
AcDbEntity
  8
Layer 1
370
     0
100
AcDbVertex
100
AcDb2dVertex
 10
167.845703125
 20
229.2890625
 30
0.0
  0
VERTEX
  5
72
330
6C
100
AcDbEntity
  8
Layer 1
370
     0
100
AcDbVertex
100
AcDb2dVertex
 10
168.0146484375
 20
229.171875
 30
0.0
  0
VERTEX
  5
73
330
6C
100
AcDbEntity
  8
Layer 1
370
     0
100
AcDbVertex
100
AcDb2dVertex
 10
168.4130859375
 20
228.853515625
 30
0.0
  0
VERTEX
  5
74
330
6C
100
AcDbEntity
  8
Layer 1
370
     0
100
AcDbVertex
100
AcDb2dVertex
 10
168.54931640625
 20
228.736328125
 30
0.0
  0
VERTEX
  5
75
330
6C
100
AcDbEntity
  8
Layer 1
370
     0
100
AcDbVertex
100
AcDb2dVertex
 10
168.97998046875
 20
228.1572265625
 30
0.0
  0
VERTEX
  5
76
330
6C
100
AcDbEntity
  8
Layer 1
370
     0
100
AcDbVertex
100
AcDb2dVertex
 10
169.13818359375
 20
227.9111328125
 30
0.0
  0
VERTEX
  5
77
330
6C
100
AcDbEntity
  8
Layer 1
370
     0
100
AcDbVertex
100
AcDb2dVertex
 10
169.55029296875
 20
227.0986328125
 30
0.0
  0
VERTEX
  5
78
330
6C
100
AcDbEntity
  8
Layer 1
370
     0
100
AcDbVertex
100
AcDb2dVertex
 10
169.59912109375
 20
226.97265625
 30
0.0
  0
VERTEX
  5
79
330
6C
100
AcDbEntity
  8
Layer 1
370
     0
100
AcDbVertex
100
AcDb2dVertex
 10
169.7548828125
 20
226.3779296875
 30
0.0
  0
VERTEX
  5
7A
330
6C
100
AcDbEntity
  8
Layer 1
370
     0
100
AcDbVertex
100
AcDb2dVertex
 10
169.8408203125
 20
225.8955078125
 30
0.0
  0
VERTEX
  5
7B
330
6C
100
AcDbEntity
  8
Layer 1
370
     0
100
AcDbVertex
100
AcDb2dVertex
 10
169.88134765625
 20
225.228515625
 30
0.0
  0
VERTEX
  5
7C
330
6C
100
AcDbEntity
  8
Layer 1
370
     0
100
AcDbVertex
100
AcDb2dVertex
 10
169.8583984375
 20
224.5283203125
 30
0.0
  0
VERTEX
  5
7D
330
6C
100
AcDbEntity
  8
Layer 1
370
     0
100
AcDbVertex
100
AcDb2dVertex
 10
169.7548828125
 20
223.943359375
 30
0.0
  0
VERTEX
  5
7E
330
6C
100
AcDbEntity
  8
Layer 1
370
     0
100
AcDbVertex
100
AcDb2dVertex
 10
169.71533203125
 20
223.87109375
 30
0.0
  0
VERTEX
  5
7F
330
6C
100
AcDbEntity
  8
Layer 1
370
     0
100
AcDbVertex
100
AcDb2dVertex
 10
169.2255859375
 20
222.8837890625
 30
0.0
  0
VERTEX
  5
80
330
6C
100
AcDbEntity
  8
Layer 1
370
     0
100
AcDbVertex
100
AcDb2dVertex
 10
169.1435546875
 20
222.73046875
 30
0.0
  0
VERTEX
  5
81
330
6C
100
AcDbEntity
  8
Layer 1
370
     0
100
AcDbVertex
100
AcDb2dVertex
 10
168.927734375
 20
222.416015625
 30
0.0
  0
VERTEX
  5
82
330
6C
100
AcDbEntity
  8
Layer 1
370
     0
100
AcDbVertex
100
AcDb2dVertex
 10
168.61865234375
 20
222.0283203125
 30
0.0
  0
VERTEX
  5
83
330
6C
100
AcDbEntity
  8
Layer 1
370
     0
100
AcDbVertex
100
AcDb2dVertex
 10
168.41748046875
 20
221.8310546875
 30
0.0
  0
VERTEX
  5
84
330
6C
100
AcDbEntity
  8
Layer 1
370
     0
100
AcDbVertex
100
AcDb2dVertex
 10
168.169921875
 20
221.630859375
 30
0.0
  0
VERTEX
  5
85
330
6C
100
AcDbEntity
  8
Layer 1
370
     0
100
AcDbVertex
100
AcDb2dVertex
 10
167.576171875
 20
221.216796875
 30
0.0
  0
VERTEX
  5
86
330
6C
100
AcDbEntity
  8
Layer 1
370
     0
100
AcDbVertex
100
AcDb2dVertex
 10
167.310546875
 20
221.060546875
 30
0.0
  0
VERTEX
  5
87
330
6C
100
AcDbEntity
  8
Layer 1
370
     0
100
AcDbVertex
100
AcDb2dVertex
 10
166.99609375
 20
220.9150390625
 30
0.0
  0
VERTEX
  5
88
330
6C
100
AcDbEntity
  8
Layer 1
370
     0
100
AcDbVertex
100
AcDb2dVertex
 10
166.578125
 20
220.7666015625
 30
0.0
  0
VERTEX
  5
89
330
6C
100
AcDbEntity
  8
Layer 1
370
     0
100
AcDbVertex
100
AcDb2dVertex
 10
166.0595703125
 20
220.564453125
 30
0.0
  0
VERTEX
  5
8A
330
6C
100
AcDbEntity
  8
Layer 1
370
     0
100
AcDbVertex
100
AcDb2dVertex
 10
165.91552734375
 20
220.4521484375
 30
0.0
  0
VERTEX
  5
8B
330
6C
100
AcDbEntity
  8
Layer 1
370
     0
100
AcDbVertex
100
AcDb2dVertex
 10
165.732421875
 20
220.337890625
 30
0.0
  0
VERTEX
  5
8C
330
6C
100
AcDbEntity
  8
Layer 1
370
     0
100
AcDbVertex
100
AcDb2dVertex
 10
165.51953125
 20
220.2373046875
 30
0.0
  0
VERTEX
  5
8D
330
6C
100
AcDbEntity
  8
Layer 1
370
     0
100
AcDbVertex
100
AcDb2dVertex
 10
165.3759765625
 20
220.197265625
 30
0.0
  0
VERTEX
  5
8E
330
6C
100
AcDbEntity
  8
Layer 1
370
     0
100
AcDbVertex
100
AcDb2dVertex
 10
165.30029296875
 20
220.1630859375
 30
0.0
  0
VERTEX
  5
8F
330
6C
100
AcDbEntity
  8
Layer 1
370
     0
100
AcDbVertex
100
AcDb2dVertex
 10
165.11328125
 20
220.4033203125
 30
0.0
  0
VERTEX
  5
90
330
6C
100
AcDbEntity
  8
Layer 1
370
     0
100
AcDbVertex
100
AcDb2dVertex
 10
162.89990234375
 20
228.890625
 30
0.0
  0
VERTEX
  5
91
330
6C
100
AcDbEntity
  8
Layer 1
370
     0
100
AcDbVertex
100
AcDb2dVertex
 10
162.85009765625
 20
229.1708984375
 30
0.0
  0
VERTEX
  5
92
330
6C
100
AcDbEntity
  8
Layer 1
370
     0
100
AcDbVertex
100
AcDb2dVertex
 10
162.87255859375
 20
229.3427734375
 30
0.0
  0
VERTEX
  5
93
330
6C
100
AcDbEntity
  8
Layer 1
370
     0
100
AcDbVertex
100
AcDb2dVertex
 10
163.013671875
 20
229.4169921875
 30
0.0
  0
VERTEX
  5
94
330
6C
100
AcDbEntity
  8
Layer 1
370
     0
100
AcDbVertex
100
AcDb2dVertex
 10
163.27783203125
 20
229.470703125
 30
0.0
  0
VERTEX
  5
95
330
6C
100
AcDbEntity
  8
Layer 1
370
     0
100
AcDbVertex
100
AcDb2dVertex
 10
164.6240234375
 20
229.625
 30
0.0
  0
VERTEX
  5
96
330
6C
100
AcDbEntity
  8
Layer 1
370
     0
100
AcDbVertex
100
AcDb2dVertex
 10
165.98388671875
 20
229.7978515625
 30
0.0
  0
SEQEND
  5
97
330
6C
100
AcDbEntity
  8
Layer 1
370
     0
  0
HATCH
  5
98
330
1F
100
AcDbEntity
  8
Layer 1
 62
     7
420
 16777215
100
AcDbHatch
 10
0.0
 20
0.0
 30
0.0
210
0.0
220
0.0
230
1.0
  2
SOLID
 70
     1
 71
     0
 91
        1
 92
        1
 93
       41
 72
     1
 10
165.98388671875
 20
229.7978515625
 11
166.50634765625
 21
229.76171875
 72
     1
 10
166.50634765625
 20
229.76171875
 11
166.958984375
 21
229.6474609375
 72
     1
 10
166.958984375
 20
229.6474609375
 11
167.56494140625
 21
229.3896484375
 72
     1
 10
167.56494140625
 20
229.3896484375
 11
167.845703125
 21
229.2890625
 72
     1
 10
167.845703125
 20
229.2890625
 11
168.0146484375
 21
229.171875
 72
     1
 10
168.0146484375
 20
229.171875
 11
168.4130859375
 21
228.853515625
 72
     1
 10
168.4130859375
 20
228.853515625
 11
168.54931640625
 21
228.736328125
 72
     1
 10
168.54931640625
 20
228.736328125
 11
168.97998046875
 21
228.1572265625
 72
     1
 10
168.97998046875
 20
228.1572265625
 11
169.13818359375
 21
227.9111328125
 72
     1
 10
169.13818359375
 20
227.9111328125
 11
169.55029296875
 21
227.0986328125
 72
     1
 10
169.55029296875
 20
227.0986328125
 11
169.59912109375
 21
226.97265625
 72
     1
 10
169.59912109375
 20
226.97265625
 11
169.7548828125
 21
226.3779296875
 72
     1
 10
169.7548828125
 20
226.3779296875
 11
169.8408203125
 21
225.8955078125
 72
     1
 10
169.8408203125
 20
225.8955078125
 11
169.88134765625
 21
225.228515625
 72
     1
 10
169.88134765625
 20
225.228515625
 11
169.8583984375
 21
224.5283203125
 72
     1
 10
169.8583984375
 20
224.5283203125
 11
169.7548828125
 21
223.943359375
 72
     1
 10
169.7548828125
 20
223.943359375
 11
169.71533203125
 21
223.87109375
 72
     1
 10
169.71533203125
 20
223.87109375
 11
169.2255859375
 21
222.8837890625
 72
     1
 10
169.2255859375
 20
222.8837890625
 11
169.1435546875
 21
222.73046875
 72
     1
 10
169.1435546875
 20
222.73046875
 11
168.927734375
 21
222.416015625
 72
     1
 10
168.927734375
 20
222.416015625
 11
168.61865234375
 21
222.0283203125
 72
     1
 10
168.61865234375
 20
222.0283203125
 11
168.41748046875
 21
221.8310546875
 72
     1
 10
168.41748046875
 20
221.8310546875
 11
168.169921875
 21
221.630859375
 72
     1
 10
168.169921875
 20
221.630859375
 11
167.576171875
 21
221.216796875
 72
     1
 10
167.576171875
 20
221.216796875
 11
167.310546875
 21
221.060546875
 72
     1
 10
167.310546875
 20
221.060546875
 11
166.99609375
 21
220.9150390625
 72
     1
 10
166.99609375
 20
220.9150390625
 11
166.578125
 21
220.7666015625
 72
     1
 10
166.578125
 20
220.7666015625
 11
166.0595703125
 21
220.564453125
 72
     1
 10
166.0595703125
 20
220.564453125
 11
165.91552734375
 21
220.4521484375
 72
     1
 10
165.91552734375
 20
220.4521484375
 11
165.732421875
 21
220.337890625
 72
     1
 10
165.732421875
 20
220.337890625
 11
165.51953125
 21
220.2373046875
 72
     1
 10
165.51953125
 20
220.2373046875
 11
165.3759765625
 21
220.197265625
 72
     1
 10
165.3759765625
 20
220.197265625
 11
165.30029296875
 21
220.1630859375
 72
     1
 10
165.30029296875
 20
220.1630859375
 11
165.11328125
 21
220.4033203125
 72
     1
 10
165.11328125
 20
220.4033203125
 11
162.89990234375
 21
228.890625
 72
     1
 10
162.89990234375
 20
228.890625
 11
162.85009765625
 21
229.1708984375
 72
     1
 10
162.85009765625
 20
229.1708984375
 11
162.87255859375
 21
229.3427734375
 72
     1
 10
162.87255859375
 20
229.3427734375
 11
163.013671875
 21
229.4169921875
 72
     1
 10
163.013671875
 20
229.4169921875
 11
163.27783203125
 21
229.470703125
 72
     1
 10
163.27783203125
 20
229.470703125
 11
164.6240234375
 21
229.625
 72
     1
 10
164.6240234375
 20
229.625
 11
165.98388671875
 21
229.7978515625
 97
        0
 75
     0
 76
     1
 98
        0
  0
POLYLINE
  5
99
330
1F
100
AcDbEntity
  8
Layer 1
370
     0
100
AcDb2dPolyline
 66
     1
 10
0.0
 20
0.0
 30
0.0
  0
VERTEX
  5
9A
330
99
100
AcDbEntity
  8
Layer 1
370
     0
100
AcDbVertex
100
AcDb2dVertex
 10
138.41259765625
 20
228.794921875
 30
0.0
  0
VERTEX
  5
9B
330
99
100
AcDbEntity
  8
Layer 1
370
     0
100
AcDbVertex
100
AcDb2dVertex
 10
138.52001953125
 20
228.70703125
 30
0.0
  0
VERTEX
  5
9C
330
99
100
AcDbEntity
  8
Layer 1
370
     0
100
AcDbVertex
100
AcDb2dVertex
 10
139.1650390625
 20
228.1611328125
 30
0.0
  0
VERTEX
  5
9D
330
99
100
AcDbEntity
  8
Layer 1
370
     0
100
AcDbVertex
100
AcDb2dVertex
 10
140.001953125
 20
227.3310546875
 30
0.0
  0
VERTEX
  5
9E
330
99
100
AcDbEntity
  8
Layer 1
370
     0
100
AcDbVertex
100
AcDb2dVertex
 10
140.041015625
 20
227.259765625
 30
0.0
  0
VERTEX
  5
9F
330
99
100
AcDbEntity
  8
Layer 1
370
     0
100
AcDbVertex
100
AcDb2dVertex
 10
140.83544921875
 20
226.3701171875
 30
0.0
  0
VERTEX
  5
A0
330
99
100
AcDbEntity
  8
Layer 1
370
     0
100
AcDbVertex
100
AcDb2dVertex
 10
141.171875
 20
225.9521484375
 30
0.0
  0
VERTEX
  5
A1
330
99
100
AcDbEntity
  8
Layer 1
370
     0
100
AcDbVertex
100
AcDb2dVertex
 10
141.27294921875
 20
225.4248046875
 30
0.0
  0
VERTEX
  5
A2
330
99
100
AcDbEntity
  8
Layer 1
370
     0
100
AcDbVertex
100
AcDb2dVertex
 10
141.244140625
 20
225.1943359375
 30
0.0
  0
VERTEX
  5
A3
330
99
100
AcDbEntity
  8
Layer 1
370
     0
100
AcDbVertex
100
AcDb2dVertex
 10
140.63623046875
 20
222.52734375
 30
0.0
  0
VERTEX
  5
A4
330
99
100
AcDbEntity
  8
Layer 1
370
     0
100
AcDbVertex
100
AcDb2dVertex
 10
140.5283203125
 20
222.15625
 30
0.0
  0
VERTEX
  5
A5
330
99
100
AcDbEntity
  8
Layer 1
370
     0
100
AcDbVertex
100
AcDb2dVertex
 10
140.369140625
 20
221.83203125
 30
0.0
  0
VERTEX
  5
A6
330
99
100
AcDbEntity
  8
Layer 1
370
     0
100
AcDbVertex
100
AcDb2dVertex
 10
140.10791015625
 20
221.5078125
 30
0.0
  0
VERTEX
  5
A7
330
99
100
AcDbEntity
  8
Layer 1
370
     0
100
AcDbVertex
100
AcDb2dVertex
 10
133.54345703125
 20
215.154296875
 30
0.0
  0
VERTEX
  5
A8
330
99
100
AcDbEntity
  8
Layer 1
370
     0
100
AcDbVertex
100
AcDb2dVertex
 10
132.8193359375
 20
214.3681640625
 30
0.0
  0
VERTEX
  5
A9
330
99
100
AcDbEntity
  8
Layer 1
370
     0
100
AcDbVertex
100
AcDb2dVertex
 10
132.59033203125
 20
214.2021484375
 30
0.0
  0
VERTEX
  5
AA
330
99
100
AcDbEntity
  8
Layer 1
370
     0
100
AcDbVertex
100
AcDb2dVertex
 10
129.2744140625
 20
213.302734375
 30
0.0
  0
VERTEX
  5
AB
330
99
100
AcDbEntity
  8
Layer 1
370
     0
100
AcDbVertex
100
AcDb2dVertex
 10
128.77880859375
 20
213.2490234375
 30
0.0
  0
VERTEX
  5
AC
330
99
100
AcDbEntity
  8
Layer 1
370
     0
100
AcDbVertex
100
AcDb2dVertex
 10
128.33349609375
 20
213.4267578125
 30
0.0
  0
VERTEX
  5
AD
330
99
100
AcDbEntity
  8
Layer 1
370
     0
100
AcDbVertex
100
AcDb2dVertex
 10
127.94140625
 20
213.759765625
 30
0.0
  0
VERTEX
  5
AE
330
99
100
AcDbEntity
  8
Layer 1
370
     0
100
AcDbVertex
100
AcDb2dVertex
 10
127.1904296875
 20
214.625
 30
0.0
  0
VERTEX
  5
AF
330
99
100
AcDbEntity
  8
Layer 1
370
     0
100
AcDbVertex
100
AcDb2dVertex
 10
126.3671875
 20
215.419921875
 30
0.0
  0
VERTEX
  5
B0
330
99
100
AcDbEntity
  8
Layer 1
370
     0
100
AcDbVertex
100
AcDb2dVertex
 10
126.009765625
 20
215.8212890625
 30
0.0
  0
VERTEX
  5
B1
330
99
100
AcDbEntity
  8
Layer 1
370
     0
100
AcDbVertex
100
AcDb2dVertex
 10
125.81396484375
 20
216.2138671875
 30
0.0
  0
VERTEX
  5
B2
330
99
100
AcDbEntity
  8
Layer 1
370
     0
100
AcDbVertex
100
AcDb2dVertex
 10
125.7998046875
 20
216.431640625
 30
0.0
  0
VERTEX
  5
B3
330
99
100
AcDbEntity
  8
Layer 1
370
     0
100
AcDbVertex
100
AcDb2dVertex
 10
125.822265625
 20
216.7197265625
 30
0.0
  0
VERTEX
  5
B4
330
99
100
AcDbEntity
  8
Layer 1
370
     0
100
AcDbVertex
100
AcDb2dVertex
 10
125.919921875
 20
217.3779296875
 30
0.0
  0
VERTEX
  5
B5
330
99
100
AcDbEntity
  8
Layer 1
370
     0
100
AcDbVertex
100
AcDb2dVertex
 10
126.1318359375
 20
218.3310546875
 30
0.0
  0
VERTEX
  5
B6
330
99
100
AcDbEntity
  8
Layer 1
370
     0
100
AcDbVertex
100
AcDb2dVertex
 10
126.33984375
 20
219.9375
 30
0.0
  0
VERTEX
  5
B7
330
99
100
AcDbEntity
  8
Layer 1
370
     0
100
AcDbVertex
100
AcDb2dVertex
 10
126.44921875
 20
220.3427734375
 30
0.0
  0
VERTEX
  5
B8
330
99
100
AcDbEntity
  8
Layer 1
370
     0
100
AcDbVertex
100
AcDb2dVertex
 10
126.73681640625
 20
220.814453125
 30
0.0
  0
VERTEX
  5
B9
330
99
100
AcDbEntity
  8
Layer 1
370
     0
100
AcDbVertex
100
AcDb2dVertex
 10
133.75537109375
 20
227.5078125
 30
0.0
  0
VERTEX
  5
BA
330
99
100
AcDbEntity
  8
Layer 1
370
     0
100
AcDbVertex
100
AcDb2dVertex
 10
133.966796875
 20
227.6484375
 30
0.0
  0
VERTEX
  5
BB
330
99
100
AcDbEntity
  8
Layer 1
370
     0
100
AcDbVertex
100
AcDb2dVertex
 10
134.216796875
 20
227.7265625
 30
0.0
  0
VERTEX
  5
BC
330
99
100
AcDbEntity
  8
Layer 1
370
     0
100
AcDbVertex
100
AcDb2dVertex
 10
135.2802734375
 20
227.94140625
 30
0.0
  0
VERTEX
  5
BD
330
99
100
AcDbEntity
  8
Layer 1
370
     0
100
AcDbVertex
100
AcDb2dVertex
 10
138.2021484375
 20
228.70703125
 30
0.0
  0
VERTEX
  5
BE
330
99
100
AcDbEntity
  8
Layer 1
370
     0
100
AcDbVertex
100
AcDb2dVertex
 10
138.41259765625
 20
228.794921875
 30
0.0
  0
SEQEND
  5
BF
330
99
100
AcDbEntity
  8
Layer 1
370
     0
  0
HATCH
  5
C0
330
1F
100
AcDbEntity
  8
Layer 1
 62
     7
420
 16777215
100
AcDbHatch
 10
0.0
 20
0.0
 30
0.0
210
0.0
220
0.0
230
1.0
  2
SOLID
 70
     1
 71
     0
 91
        1
 92
        1
 93
       36
 72
     1
 10
138.41259765625
 20
228.794921875
 11
138.52001953125
 21
228.70703125
 72
     1
 10
138.52001953125
 20
228.70703125
 11
139.1650390625
 21
228.1611328125
 72
     1
 10
139.1650390625
 20
228.1611328125
 11
140.001953125
 21
227.3310546875
 72
     1
 10
140.001953125
 20
227.3310546875
 11
140.041015625
 21
227.259765625
 72
     1
 10
140.041015625
 20
227.259765625
 11
140.83544921875
 21
226.3701171875
 72
     1
 10
140.83544921875
 20
226.3701171875
 11
141.171875
 21
225.9521484375
 72
     1
 10
141.171875
 20
225.9521484375
 11
141.27294921875
 21
225.4248046875
 72
     1
 10
141.27294921875
 20
225.4248046875
 11
141.244140625
 21
225.1943359375
 72
     1
 10
141.244140625
 20
225.1943359375
 11
140.63623046875
 21
222.52734375
 72
     1
 10
140.63623046875
 20
222.52734375
 11
140.5283203125
 21
222.15625
 72
     1
 10
140.5283203125
 20
222.15625
 11
140.369140625
 21
221.83203125
 72
     1
 10
140.369140625
 20
221.83203125
 11
140.10791015625
 21
221.5078125
 72
     1
 10
140.10791015625
 20
221.5078125
 11
133.54345703125
 21
215.154296875
 72
     1
 10
133.54345703125
 20
215.154296875
 11
132.8193359375
 21
214.3681640625
 72
     1
 10
132.8193359375
 20
214.3681640625
 11
132.59033203125
 21
214.2021484375
 72
     1
 10
132.59033203125
 20
214.2021484375
 11
129.2744140625
 21
213.302734375
 72
     1
 10
129.2744140625
 20
213.302734375
 11
128.77880859375
 21
213.2490234375
 72
     1
 10
128.77880859375
 20
213.2490234375
 11
128.33349609375
 21
213.4267578125
 72
     1
 10
128.33349609375
 20
213.4267578125
 11
127.94140625
 21
213.759765625
 72
     1
 10
127.94140625
 20
213.759765625
 11
127.1904296875
 21
214.625
 72
     1
 10
127.1904296875
 20
214.625
 11
126.3671875
 21
215.419921875
 72
     1
 10
126.3671875
 20
215.419921875
 11
126.009765625
 21
215.8212890625
 72
     1
 10
126.009765625
 20
215.8212890625
 11
125.81396484375
 21
216.2138671875
 72
     1
 10
125.81396484375
 20
216.2138671875
 11
125.7998046875
 21
216.431640625
 72
     1
 10
125.7998046875
 20
216.431640625
 11
125.822265625
 21
216.7197265625
 72
     1
 10
125.822265625
 20
216.7197265625
 11
125.919921875
 21
217.3779296875
 72
     1
 10
125.919921875
 20
217.3779296875
 11
126.1318359375
 21
218.3310546875
 72
     1
 10
126.1318359375
 20
218.3310546875
 11
126.33984375
 21
219.9375
 72
     1
 10
126.33984375
 20
219.9375
 11
126.44921875
 21
220.3427734375
 72
     1
 10
126.44921875
 20
220.3427734375
 11
126.73681640625
 21
220.814453125
 72
     1
 10
126.73681640625
 20
220.814453125
 11
133.75537109375
 21
227.5078125
 72
     1
 10
133.75537109375
 20
227.5078125
 11
133.966796875
 21
227.6484375
 72
     1
 10
133.966796875
 20
227.6484375
 11
134.216796875
 21
227.7265625
 72
     1
 10
134.216796875
 20
227.7265625
 11
135.2802734375
 21
227.94140625
 72
     1
 10
135.2802734375
 20
227.94140625
 11
138.2021484375
 21
228.70703125
 72
     1
 10
138.2021484375
 20
228.70703125
 11
138.41259765625
 21
228.794921875
 97
        0
 75
     0
 76
     1
 98
        0
  0
POLYLINE
  5
C1
330
1F
100
AcDbEntity
  8
Layer 1
370
     0
100
AcDb2dPolyline
 66
     1
 10
0.0
 20
0.0
 30
0.0
  0
VERTEX
  5
C2
330
C1
100
AcDbEntity
  8
Layer 1
370
     0
100
AcDbVertex
100
AcDb2dVertex
 10
161.2197265625
 20
228.791015625
 30
0.0
  0
VERTEX
  5
C3
330
C1
100
AcDbEntity
  8
Layer 1
370
     0
100
AcDbVertex
100
AcDb2dVertex
 10
161.3564453125
 20
228.728515625
 30
0.0
  0
VERTEX
  5
C4
330
C1
100
AcDbEntity
  8
Layer 1
370
     0
100
AcDbVertex
100
AcDb2dVertex
 10
161.39013671875
 20
228.70703125
 30
0.0
  0
VERTEX
  5
C5
330
C1
100
AcDbEntity
  8
Layer 1
370
     0
100
AcDbVertex
100
AcDb2dVertex
 10
161.42822265625
 20
228.564453125
 30
0.0
  0
VERTEX
  5
C6
330
C1
100
AcDbEntity
  8
Layer 1
370
     0
100
AcDbVertex
100
AcDb2dVertex
 10
161.46875
 20
228.2197265625
 30
0.0
  0
VERTEX
  5
C7
330
C1
100
AcDbEntity
  8
Layer 1
370
     0
100
AcDbVertex
100
AcDb2dVertex
 10
161.49609375
 20
228.072265625
 30
0.0
  0
VERTEX
  5
C8
330
C1
100
AcDbEntity
  8
Layer 1
370
     0
100
AcDbVertex
100
AcDb2dVertex
 10
163.92138671875
 20
219.8125
 30
0.0
  0
VERTEX
  5
C9
330
C1
100
AcDbEntity
  8
Layer 1
370
     0
100
AcDbVertex
100
AcDb2dVertex
 10
163.94482421875
 20
219.6923828125
 30
0.0
  0
VERTEX
  5
CA
330
C1
100
AcDbEntity
  8
Layer 1
370
     0
100
AcDbVertex
100
AcDb2dVertex
 10
163.93115234375
 20
219.6015625
 30
0.0
  0
VERTEX
  5
CB
330
C1
100
AcDbEntity
  8
Layer 1
370
     0
100
AcDbVertex
100
AcDb2dVertex
 10
163.85107421875
 20
219.5341796875
 30
0.0
  0
VERTEX
  5
CC
330
C1
100
AcDbEntity
  8
Layer 1
370
     0
100
AcDbVertex
100
AcDb2dVertex
 10
163.7080078125
 20
219.474609375
 30
0.0
  0
VERTEX
  5
CD
330
C1
100
AcDbEntity
  8
Layer 1
370
     0
100
AcDbVertex
100
AcDb2dVertex
 10
162.66064453125
 20
219.177734375
 30
0.0
  0
VERTEX
  5
CE
330
C1
100
AcDbEntity
  8
Layer 1
370
     0
100
AcDbVertex
100
AcDb2dVertex
 10
162.03076171875
 20
219.0791015625
 30
0.0
  0
VERTEX
  5
CF
330
C1
100
AcDbEntity
  8
Layer 1
370
     0
100
AcDbVertex
100
AcDb2dVertex
 10
161.296875
 20
219.060546875
 30
0.0
  0
VERTEX
  5
D0
330
C1
100
AcDbEntity
  8
Layer 1
370
     0
100
AcDbVertex
100
AcDb2dVertex
 10
160.55712890625
 20
219.126953125
 30
0.0
  0
VERTEX
  5
D1
330
C1
100
AcDbEntity
  8
Layer 1
370
     0
100
AcDbVertex
100
AcDb2dVertex
 10
159.8896484375
 20
219.3056640625
 30
0.0
  0
VERTEX
  5
D2
330
C1
100
AcDbEntity
  8
Layer 1
370
     0
100
AcDbVertex
100
AcDb2dVertex
 10
159.64990234375
 20
219.4423828125
 30
0.0
  0
VERTEX
  5
D3
330
C1
100
AcDbEntity
  8
Layer 1
370
     0
100
AcDbVertex
100
AcDb2dVertex
 10
159.44775390625
 20
219.5595703125
 30
0.0
  0
VERTEX
  5
D4
330
C1
100
AcDbEntity
  8
Layer 1
370
     0
100
AcDbVertex
100
AcDb2dVertex
 10
158.5791015625
 20
220.0732421875
 30
0.0
  0
VERTEX
  5
D5
330
C1
100
AcDbEntity
  8
Layer 1
370
     0
100
AcDbVertex
100
AcDb2dVertex
 10
158.10791015625
 20
220.66015625
 30
0.0
  0
VERTEX
  5
D6
330
C1
100
AcDbEntity
  8
Layer 1
370
     0
100
AcDbVertex
100
AcDb2dVertex
 10
157.576171875
 20
221.16796875
 30
0.0
  0
VERTEX
  5
D7
330
C1
100
AcDbEntity
  8
Layer 1
370
     0
100
AcDbVertex
100
AcDb2dVertex
 10
157.46728515625
 20
221.341796875
 30
0.0
  0
VERTEX
  5
D8
330
C1
100
AcDbEntity
  8
Layer 1
370
     0
100
AcDbVertex
100
AcDb2dVertex
 10
157.1572265625
 20
221.982421875
 30
0.0
  0
VERTEX
  5
D9
330
C1
100
AcDbEntity
  8
Layer 1
370
     0
100
AcDbVertex
100
AcDb2dVertex
 10
156.9326171875
 20
222.7294921875
 30
0.0
  0
VERTEX
  5
DA
330
C1
100
AcDbEntity
  8
Layer 1
370
     0
100
AcDbVertex
100
AcDb2dVertex
 10
156.81884765625
 20
223.607421875
 30
0.0
  0
VERTEX
  5
DB
330
C1
100
AcDbEntity
  8
Layer 1
370
     0
100
AcDbVertex
100
AcDb2dVertex
 10
156.83740234375
 20
224.47265625
 30
0.0
  0
VERTEX
  5
DC
330
C1
100
AcDbEntity
  8
Layer 1
370
     0
100
AcDbVertex
100
AcDb2dVertex
 10
156.96337890625
 20
225.0771484375
 30
0.0
  0
VERTEX
  5
DD
330
C1
100
AcDbEntity
  8
Layer 1
370
     0
100
AcDbVertex
100
AcDb2dVertex
 10
157.1845703125
 20
225.6630859375
 30
0.0
  0
VERTEX
  5
DE
330
C1
100
AcDbEntity
  8
Layer 1
370
     0
100
AcDbVertex
100
AcDb2dVertex
 10
157.47021484375
 20
226.2099609375
 30
0.0
  0
VERTEX
  5
DF
330
C1
100
AcDbEntity
  8
Layer 1
370
     0
100
AcDbVertex
100
AcDb2dVertex
 10
158.1328125
 20
227.2265625
 30
0.0
  0
VERTEX
  5
E0
330
C1
100
AcDbEntity
  8
Layer 1
370
     0
100
AcDbVertex
100
AcDb2dVertex
 10
158.28515625
 20
227.37109375
 30
0.0
  0
VERTEX
  5
E1
330
C1
100
AcDbEntity
  8
Layer 1
370
     0
100
AcDbVertex
100
AcDb2dVertex
 10
158.60693359375
 20
227.6064453125
 30
0.0
  0
VERTEX
  5
E2
330
C1
100
AcDbEntity
  8
Layer 1
370
     0
100
AcDbVertex
100
AcDb2dVertex
 10
159.0322265625
 20
227.9267578125
 30
0.0
  0
VERTEX
  5
E3
330
C1
100
AcDbEntity
  8
Layer 1
370
     0
100
AcDbVertex
100
AcDb2dVertex
 10
159.43994140625
 20
228.142578125
 30
0.0
  0
VERTEX
  5
E4
330
C1
100
AcDbEntity
  8
Layer 1
370
     0
100
AcDbVertex
100
AcDb2dVertex
 10
159.88671875
 20
228.3193359375
 30
0.0
  0
VERTEX
  5
E5
330
C1
100
AcDbEntity
  8
Layer 1
370
     0
100
AcDbVertex
100
AcDb2dVertex
 10
160.16455078125
 20
228.423828125
 30
0.0
  0
VERTEX
  5
E6
330
C1
100
AcDbEntity
  8
Layer 1
370
     0
100
AcDbVertex
100
AcDb2dVertex
 10
160.958984375
 20
228.66796875
 30
0.0
  0
VERTEX
  5
E7
330
C1
100
AcDbEntity
  8
Layer 1
370
     0
100
AcDbVertex
100
AcDb2dVertex
 10
161.2197265625
 20
228.791015625
 30
0.0
  0
SEQEND
  5
E8
330
C1
100
AcDbEntity
  8
Layer 1
370
     0
  0
HATCH
  5
E9
330
1F
100
AcDbEntity
  8
Layer 1
 62
     7
420
 16777215
100
AcDbHatch
 10
0.0
 20
0.0
 30
0.0
210
0.0
220
0.0
230
1.0
  2
SOLID
 70
     1
 71
     0
 91
        1
 92
        1
 93
       37
 72
     1
 10
161.2197265625
 20
228.791015625
 11
161.3564453125
 21
228.728515625
 72
     1
 10
161.3564453125
 20
228.728515625
 11
161.39013671875
 21
228.70703125
 72
     1
 10
161.39013671875
 20
228.70703125
 11
161.42822265625
 21
228.564453125
 72
     1
 10
161.42822265625
 20
228.564453125
 11
161.46875
 21
228.2197265625
 72
     1
 10
161.46875
 20
228.2197265625
 11
161.49609375
 21
228.072265625
 72
     1
 10
161.49609375
 20
228.072265625
 11
163.92138671875
 21
219.8125
 72
     1
 10
163.92138671875
 20
219.8125
 11
163.94482421875
 21
219.6923828125
 72
     1
 10
163.94482421875
 20
219.6923828125
 11
163.93115234375
 21
219.6015625
 72
     1
 10
163.93115234375
 20
219.6015625
 11
163.85107421875
 21
219.5341796875
 72
     1
 10
163.85107421875
 20
219.5341796875
 11
163.7080078125
 21
219.474609375
 72
     1
 10
163.7080078125
 20
219.474609375
 11
162.66064453125
 21
219.177734375
 72
     1
 10
162.66064453125
 20
219.177734375
 11
162.03076171875
 21
219.0791015625
 72
     1
 10
162.03076171875
 20
219.0791015625
 11
161.296875
 21
219.060546875
 72
     1
 10
161.296875
 20
219.060546875
 11
160.55712890625
 21
219.126953125
 72
     1
 10
160.55712890625
 20
219.126953125
 11
159.8896484375
 21
219.3056640625
 72
     1
 10
159.8896484375
 20
219.3056640625
 11
159.64990234375
 21
219.4423828125
 72
     1
 10
159.64990234375
 20
219.4423828125
 11
159.44775390625
 21
219.5595703125
 72
     1
 10
159.44775390625
 20
219.5595703125
 11
158.5791015625
 21
220.0732421875
 72
     1
 10
158.5791015625
 20
220.0732421875
 11
158.10791015625
 21
220.66015625
 72
     1
 10
158.10791015625
 20
220.66015625
 11
157.576171875
 21
221.16796875
 72
     1
 10
157.576171875
 20
221.16796875
 11
157.46728515625
 21
221.341796875
 72
     1
 10
157.46728515625
 20
221.341796875
 11
157.1572265625
 21
221.982421875
 72
     1
 10
157.1572265625
 20
221.982421875
 11
156.9326171875
 21
222.7294921875
 72
     1
 10
156.9326171875
 20
222.7294921875
 11
156.81884765625
 21
223.607421875
 72
     1
 10
156.81884765625
 20
223.607421875
 11
156.83740234375
 21
224.47265625
 72
     1
 10
156.83740234375
 20
224.47265625
 11
156.96337890625
 21
225.0771484375
 72
     1
 10
156.96337890625
 20
225.0771484375
 11
157.1845703125
 21
225.6630859375
 72
     1
 10
157.1845703125
 20
225.6630859375
 11
157.47021484375
 21
226.2099609375
 72
     1
 10
157.47021484375
 20
226.2099609375
 11
158.1328125
 21
227.2265625
 72
     1
 10
158.1328125
 20
227.2265625
 11
158.28515625
 21
227.37109375
 72
     1
 10
158.28515625
 20
227.37109375
 11
158.60693359375
 21
227.6064453125
 72
     1
 10
158.60693359375
 20
227.6064453125
 11
159.0322265625
 21
227.9267578125
 72
     1
 10
159.0322265625
 20
227.9267578125
 11
159.43994140625
 21
228.142578125
 72
     1
 10
159.43994140625
 20
228.142578125
 11
159.88671875
 21
228.3193359375
 72
     1
 10
159.88671875
 20
228.3193359375
 11
160.16455078125
 21
228.423828125
 72
     1
 10
160.16455078125
 20
228.423828125
 11
160.958984375
 21
228.66796875
 72
     1
 10
160.958984375
 20
228.66796875
 11
161.2197265625
 21
228.791015625
 97
        0
 75
     0
 76
     1
 98
        0
  0
POLYLINE
  5
EA
330
1F
100
AcDbEntity
  8
Layer 1
370
     0
100
AcDb2dPolyline
 66
     1
 10
0.0
 20
0.0
 30
0.0
  0
VERTEX
  5
EB
330
EA
100
AcDbEntity
  8
Layer 1
370
     0
100
AcDbVertex
100
AcDb2dVertex
 10
661.533203125
 20
220.849609375
 30
0.0
  0
VERTEX
  5
EC
330
EA
100
AcDbEntity
  8
Layer 1
370
     0
100
AcDbVertex
100
AcDb2dVertex
 10
662.0185546875
 20
220.90234375
 30
0.0
  0
VERTEX
  5
ED
330
EA
100
AcDbEntity
  8
Layer 1
370
     0
100
AcDbVertex
100
AcDb2dVertex
 10
662.896484375
 20
220.6416015625
 30
0.0
  0
VERTEX
  5
EE
330
EA
100
AcDbEntity
  8
Layer 1
370
     0
100
AcDbVertex
100
AcDb2dVertex
 10
663.6689453125
 20
220.1875
 30
0.0
  0
VERTEX
  5
EF
330
EA
100
AcDbEntity
  8
Layer 1
370
     0
100
AcDbVertex
100
AcDb2dVertex
 10
663.97265625
 20
219.9013671875
 30
0.0
  0
VERTEX
  5
F0
330
EA
100
AcDbEntity
  8
Layer 1
370
     0
100
AcDbVertex
100
AcDb2dVertex
 10
664.4306640625
 20
219.072265625
 30
0.0
  0
VERTEX
  5
F1
330
EA
100
AcDbEntity
  8
Layer 1
370
     0
100
AcDbVertex
100
AcDb2dVertex
 10
664.5224609375
 20
218.6318359375
 30
0.0
  0
VERTEX
  5
F2
330
EA
100
AcDbEntity
  8
Layer 1
370
     0
100
AcDbVertex
100
AcDb2dVertex
 10
664.4736328125
 20
217.4375
 30
0.0
  0
VERTEX
  5
F3
330
EA
100
AcDbEntity
  8
Layer 1
370
     0
100
AcDbVertex
100
AcDb2dVertex
 10
664.3251953125
 20
216.955078125
 30
0.0
  0
VERTEX
  5
F4
330
EA
100
AcDbEntity
  8
Layer 1
370
     0
100
AcDbVertex
100
AcDb2dVertex
 10
664.0458984375
 20
216.630859375
 30
0.0
  0
VERTEX
  5
F5
330
EA
100
AcDbEntity
  8
Layer 1
370
     0
100
AcDbVertex
100
AcDb2dVertex
 10
664.0068359375
 20
216.53125
 30
0.0
  0
VERTEX
  5
F6
330
EA
100
AcDbEntity
  8
Layer 1
370
     0
100
AcDbVertex
100
AcDb2dVertex
 10
664.0654296875
 20
216.3681640625
 30
0.0
  0
VERTEX
  5
F7
330
EA
100
AcDbEntity
  8
Layer 1
370
     0
100
AcDbVertex
100
AcDb2dVertex
 10
664.3046875
 20
215.9619140625
 30
0.0
  0
VERTEX
  5
F8
330
EA
100
AcDbEntity
  8
Layer 1
370
     0
100
AcDbVertex
100
AcDb2dVertex
 10
664.3251953125
 20
215.7900390625
 30
0.0
  0
VERTEX
  5
F9
330
EA
100
AcDbEntity
  8
Layer 1
370
     0
100
AcDbVertex
100
AcDb2dVertex
 10
664.24609375
 20
215.7041015625
 30
0.0
  0
VERTEX
  5
FA
330
EA
100
AcDbEntity
  8
Layer 1
370
     0
100
AcDbVertex
100
AcDb2dVertex
 10
663.6611328125
 20
215.32421875
 30
0.0
  0
VERTEX
  5
FB
330
EA
100
AcDbEntity
  8
Layer 1
370
     0
100
AcDbVertex
100
AcDb2dVertex
 10
663.0947265625
 20
214.9794921875
 30
0.0
  0
VERTEX
  5
FC
330
EA
100
AcDbEntity
  8
Layer 1
370
     0
100
AcDbVertex
100
AcDb2dVertex
 10
663.0546875
 20
214.943359375
 30
0.0
  0
VERTEX
  5
FD
330
EA
100
AcDbEntity
  8
Layer 1
370
     0
100
AcDbVertex
100
AcDb2dVertex
 10
662.8994140625
 20
215.0390625
 30
0.0
  0
VERTEX
  5
FE
330
EA
100
AcDbEntity
  8
Layer 1
370
     0
100
AcDbVertex
100
AcDb2dVertex
 10
662.734375
 20
215.443359375
 30
0.0
  0
VERTEX
  5
FF
330
EA
100
AcDbEntity
  8
Layer 1
370
     0
100
AcDbVertex
100
AcDb2dVertex
 10
662.630859375
 20
215.578125
 30
0.0
  0
VERTEX
  5
100
330
EA
100
AcDbEntity
  8
Layer 1
370
     0
100
AcDbVertex
100
AcDb2dVertex
 10
662.283203125
 20
215.65234375
 30
0.0
  0
VERTEX
  5
101
330
EA
100
AcDbEntity
  8
Layer 1
370
     0
100
AcDbVertex
100
AcDb2dVertex
 10
661.04296875
 20
215.68359375
 30
0.0
  0
VERTEX
  5
102
330
EA
100
AcDbEntity
  8
Layer 1
370
     0
100
AcDbVertex
100
AcDb2dVertex
 10
660.4248046875
 20
216.02734375
 30
0.0
  0
VERTEX
  5
103
330
EA
100
AcDbEntity
  8
Layer 1
370
     0
100
AcDbVertex
100
AcDb2dVertex
 10
659.8779296875
 20
216.53125
 30
0.0
  0
VERTEX
  5
104
330
EA
100
AcDbEntity
  8
Layer 1
370
     0
100
AcDbVertex
100
AcDb2dVertex
 10
659.3486328125
 20
217.3779296875
 30
0.0
  0
VERTEX
  5
105
330
EA
100
AcDbEntity
  8
Layer 1
370
     0
100
AcDbVertex
100
AcDb2dVertex
 10
659.25390625
 20
218.103515625
 30
0.0
  0
VERTEX
  5
106
330
EA
100
AcDbEntity
  8
Layer 1
370
     0
100
AcDbVertex
100
AcDb2dVertex
 10
659.3486328125
 20
218.8603515625
 30
0.0
  0
VERTEX
  5
107
330
EA
100
AcDbEntity
  8
Layer 1
370
     0
100
AcDbVertex
100
AcDb2dVertex
 10
659.373046875
 20
218.91015625
 30
0.0
  0
VERTEX
  5
108
330
EA
100
AcDbEntity
  8
Layer 1
370
     0
100
AcDbVertex
100
AcDb2dVertex
 10
659.5888671875
 20
219.5419921875
 30
0.0
  0
VERTEX
  5
109
330
EA
100
AcDbEntity
  8
Layer 1
370
     0
100
AcDbVertex
100
AcDb2dVertex
 10
659.666015625
 20
219.7080078125
 30
0.0
  0
VERTEX
  5
10A
330
EA
100
AcDbEntity
  8
Layer 1
370
     0
100
AcDbVertex
100
AcDb2dVertex
 10
660.2080078125
 20
220.2255859375
 30
0.0
  0
VERTEX
  5
10B
330
EA
100
AcDbEntity
  8
Layer 1
370
     0
100
AcDbVertex
100
AcDb2dVertex
 10
660.9365234375
 20
220.66015625
 30
0.0
  0
VERTEX
  5
10C
330
EA
100
AcDbEntity
  8
Layer 1
370
     0
100
AcDbVertex
100
AcDb2dVertex
 10
661.533203125
 20
220.849609375
 30
0.0
  0
SEQEND
  5
10D
330
EA
100
AcDbEntity
  8
Layer 1
370
     0
  0
HATCH
  5
10E
330
1F
100
AcDbEntity
  8
Layer 1
 62
     7
420
 16777215
100
AcDbHatch
 10
0.0
 20
0.0
 30
0.0
210
0.0
220
0.0
230
1.0
  2
SOLID
 70
     1
 71
     0
 91
        1
 92
        1
 93
       33
 72
     1
 10
661.533203125
 20
220.849609375
 11
662.0185546875
 21
220.90234375
 72
     1
 10
662.0185546875
 20
220.90234375
 11
662.896484375
 21
220.6416015625
 72
     1
 10
662.896484375
 20
220.6416015625
 11
663.6689453125
 21
220.1875
 72
     1
 10
663.6689453125
 20
220.1875
 11
663.97265625
 21
219.9013671875
 72
     1
 10
663.97265625
 20
219.9013671875
 11
664.4306640625
 21
219.072265625
 72
     1
 10
664.4306640625
 20
219.072265625
 11
664.5224609375
 21
218.6318359375
 72
     1
 10
664.5224609375
 20
218.6318359375
 11
664.4736328125
 21
217.4375
 72
     1
 10
664.4736328125
 20
217.4375
 11
664.3251953125
 21
216.955078125
 72
     1
 10
664.3251953125
 20
216.955078125
 11
664.0458984375
 21
216.630859375
 72
     1
 10
664.0458984375
 20
216.630859375
 11
664.0068359375
 21
216.53125
 72
     1
 10
664.0068359375
 20
216.53125
 11
664.0654296875
 21
216.3681640625
 72
     1
 10
664.0654296875
 20
216.3681640625
 11
664.3046875
 21
215.9619140625
 72
     1
 10
664.3046875
 20
215.9619140625
 11
664.3251953125
 21
215.7900390625
 72
     1
 10
664.3251953125
 20
215.7900390625
 11
664.24609375
 21
215.7041015625
 72
     1
 10
664.24609375
 20
215.7041015625
 11
663.6611328125
 21
215.32421875
 72
     1
 10
663.6611328125
 20
215.32421875
 11
663.0947265625
 21
214.9794921875
 72
     1
 10
663.0947265625
 20
214.9794921875
 11
663.0546875
 21
214.943359375
 72
     1
 10
663.0546875
 20
214.943359375
 11
662.8994140625
 21
215.0390625
 72
     1
 10
662.8994140625
 20
215.0390625
 11
662.734375
 21
215.443359375
 72
     1
 10
662.734375
 20
215.443359375
 11
662.630859375
 21
215.578125
 72
     1
 10
662.630859375
 20
215.578125
 11
662.283203125
 21
215.65234375
 72
     1
 10
662.283203125
 20
215.65234375
 11
661.04296875
 21
215.68359375
 72
     1
 10
661.04296875
 20
215.68359375
 11
660.4248046875
 21
216.02734375
 72
     1
 10
660.4248046875
 20
216.02734375
 11
659.8779296875
 21
216.53125
 72
     1
 10
659.8779296875
 20
216.53125
 11
659.3486328125
 21
217.3779296875
 72
     1
 10
659.3486328125
 20
217.3779296875
 11
659.25390625
 21
218.103515625
 72
     1
 10
659.25390625
 20
218.103515625
 11
659.3486328125
 21
218.8603515625
 72
     1
 10
659.3486328125
 20
218.8603515625
 11
659.373046875
 21
218.91015625
 72
     1
 10
659.373046875
 20
218.91015625
 11
659.5888671875
 21
219.5419921875
 72
     1
 10
659.5888671875
 20
219.5419921875
 11
659.666015625
 21
219.7080078125
 72
     1
 10
659.666015625
 20
219.7080078125
 11
660.2080078125
 21
220.2255859375
 72
     1
 10
660.2080078125
 20
220.2255859375
 11
660.9365234375
 21
220.66015625
 72
     1
 10
660.9365234375
 20
220.66015625
 11
661.533203125
 21
220.849609375
 97
        0
 75
     0
 76
     1
 98
        0
  0
SPLINE
  5
10F
330
1F
100
AcDbEntity
  8
Layer 1
370
     0
100
AcDbSpline
210
0.0
220
0.0
230
1.0
 70
    11
 71
     3
 72
    53
 73
    49
 74
     0
 42
0.0000000001
 43
0.0000000001
 40
0.0
 40
0.0
 40
0.0
 40
0.0
 40
1.0
 40
1.0
 40
1.0
 40
2.0
 40
2.0
 40
2.0
 40
3.0
 40
3.0
 40
3.0
 40
4.0
 40
4.0
 40
4.0
 40
5.0
 40
5.0
 40
5.0
 40
6.0
 40
6.0
 40
6.0
 40
7.0
 40
7.0
 40
7.0
 40
8.0
 40
8.0
 40
8.0
 40
9.0
 40
9.0
 40
9.0
 40
10.0
 40
10.0
 40
10.0
 40
11.0
 40
11.0
 40
11.0
 40
12.0
 40
12.0
 40
12.0
 40
13.0
 40
13.0
 40
13.0
 40
14.0
 40
14.0
 40
14.0
 40
15.0
 40
15.0
 40
15.0
 40
16.0
 40
16.0
 40
16.0
 40
16.0
 10
92.67333984375
 20
184.978515625
 30
0.0
 10
92.67333984375
 20
184.978515625
 30
0.0
 10
92.9453125
 20
185.013671875
 30
0.0
 10
92.9453125
 20
185.013671875
 30
0.0
 10
92.9453125
 20
185.013671875
 30
0.0
 10
93.365234375
 20
184.9267578125
 30
0.0
 10
93.365234375
 20
184.9267578125
 30
0.0
 10
93.365234375
 20
184.9267578125
 30
0.0
 10
113.126953125
 20
178.927734375
 30
0.0
 10
113.126953125
 20
178.927734375
 30
0.0
 10
113.126953125
 20
178.927734375
 30
0.0
 10
115.09375
 20
177.953125
 30
0.0
 10
115.09375
 20
177.953125
 30
0.0
 10
115.09375
 20
177.953125
 30
0.0
 10
114.7333984375
 20
176.462890625
 30
0.0
 10
114.7333984375
 20
176.462890625
 30
0.0
 10
114.7333984375
 20
176.462890625
 30
0.0
 10
111.89697265625
 20
167.447265625
 30
0.0
 10
111.89697265625
 20
167.447265625
 30
0.0
 10
111.89697265625
 20
167.447265625
 30
0.0
 10
111.71484375
 20
167.0029296875
 30
0.0
 10
111.71484375
 20
167.0029296875
 30
0.0
 10
111.71484375
 20
167.0029296875
 30
0.0
 10
111.52001953125
 20
166.767578125
 30
0.0
 10
111.52001953125
 20
166.767578125
 30
0.0
 10
111.52001953125
 20
166.767578125
 30
0.0
 10
111.27490234375
 20
166.7705078125
 30
0.0
 10
111.27490234375
 20
166.7705078125
 30
0.0
 10
111.27490234375
 20
166.7705078125
 30
0.0
 10
110.89453125
 20
166.8603515625
 30
0.0
 10
110.89453125
 20
166.8603515625
 30
0.0
 10
110.89453125
 20
166.8603515625
 30
0.0
 10
89.27099609375
 20
173.1748046875
 30
0.0
 10
89.27099609375
 20
173.1748046875
 30
0.0
 10
89.27099609375
 20
173.1748046875
 30
0.0
 10
89.17919921875
 20
173.2255859375
 30
0.0
 10
89.17919921875
 20
173.2255859375
 30
0.0
 10
89.17919921875
 20
173.2255859375
 30
0.0
 10
89.19775390625
 20
173.416015625
 30
0.0
 10
89.19775390625
 20
173.416015625
 30
0.0
 10
89.19775390625
 20
173.416015625
 30
0.0
 10
92.67333984375
 20
184.978515625
 30
0.0
 10
92.67333984375
 20
184.978515625
 30
0.0
 10
92.67333984375
 20
184.978515625
 30
0.0
 10
92.67333984375
 20
184.978515625
 30
0.0
 10
92.67333984375
 20
184.978515625
 30
0.0
 10
92.67333984375
 20
184.978515625
 30
0.0
 10
92.67333984375
 20
184.978515625
 30
0.0
 10
92.67333984375
 20
184.978515625
 30
0.0
  0
HATCH
  5
110
330
1F
100
AcDbEntity
  8
Layer 1
 62
     7
420
 16777215
100
AcDbHatch
 10
0.0
 20
0.0
 30
0.0
210
0.0
220
0.0
230
1.0
  2
SOLID
 70
     1
 71
     0
 91
        1
 92
        1
 93
        1
 72
     4
 94
        3
 73
     0
 74
     1
 95
       53
 96
       49
 40
0.0
 40
0.0
 40
0.0
 40
0.0
 40
1.0
 40
1.0
 40
1.0
 40
2.0
 40
2.0
 40
2.0
 40
3.0
 40
3.0
 40
3.0
 40
4.0
 40
4.0
 40
4.0
 40
5.0
 40
5.0
 40
5.0
 40
6.0
 40
6.0
 40
6.0
 40
7.0
 40
7.0
 40
7.0
 40
8.0
 40
8.0
 40
8.0
 40
9.0
 40
9.0
 40
9.0
 40
10.0
 40
10.0
 40
10.0
 40
11.0
 40
11.0
 40
11.0
 40
12.0
 40
12.0
 40
12.0
 40
13.0
 40
13.0
 40
13.0
 40
14.0
 40
14.0
 40
14.0
 40
15.0
 40
15.0
 40
15.0
 40
16.0
 40
16.0
 40
16.0
 40
16.0
 10
92.67333984375
 20
184.978515625
 10
92.67333984375
 20
184.978515625
 10
92.9453125
 20
185.013671875
 10
92.9453125
 20
185.013671875
 10
92.9453125
 20
185.013671875
 10
93.365234375
 20
184.9267578125
 10
93.365234375
 20
184.9267578125
 10
93.365234375
 20
184.9267578125
 10
113.126953125
 20
178.927734375
 10
113.126953125
 20
178.927734375
 10
113.126953125
 20
178.927734375
 10
115.09375
 20
177.953125
 10
115.09375
 20
177.953125
 10
115.09375
 20
177.953125
 10
114.7333984375
 20
176.462890625
 10
114.7333984375
 20
176.462890625
 10
114.7333984375
 20
176.462890625
 10
111.89697265625
 20
167.447265625
 10
111.89697265625
 20
167.447265625
 10
111.89697265625
 20
167.447265625
 10
111.71484375
 20
167.0029296875
 10
111.71484375
 20
167.0029296875
 10
111.71484375
 20
167.0029296875
 10
111.52001953125
 20
166.767578125
 10
111.52001953125
 20
166.767578125
 10
111.52001953125
 20
166.767578125
 10
111.27490234375
 20
166.7705078125
 10
111.27490234375
 20
166.7705078125
 10
111.27490234375
 20
166.7705078125
 10
110.89453125
 20
166.8603515625
 10
110.89453125
 20
166.8603515625
 10
110.89453125
 20
166.8603515625
 10
89.27099609375
 20
173.1748046875
 10
89.27099609375
 20
173.1748046875
 10
89.27099609375
 20
173.1748046875
 10
89.17919921875
 20
173.2255859375
 10
89.17919921875
 20
173.2255859375
 10
89.17919921875
 20
173.2255859375
 10
89.19775390625
 20
173.416015625
 10
89.19775390625
 20
173.416015625
 10
89.19775390625
 20
173.416015625
 10
92.67333984375
 20
184.978515625
 10
92.67333984375
 20
184.978515625
 10
92.67333984375
 20
184.978515625
 10
92.67333984375
 20
184.978515625
 10
92.67333984375
 20
184.978515625
 10
92.67333984375
 20
184.978515625
 10
92.67333984375
 20
184.978515625
 10
92.67333984375
 20
184.978515625
 97
        0
 75
     0
 76
     1
 98
        0
  0
POLYLINE
  5
111
330
1F
100
AcDbEntity
  8
Layer 1
370
     0
100
AcDb2dPolyline
 66
     1
 10
0.0
 20
0.0
 30
0.0
  0
VERTEX
  5
112
330
111
100
AcDbEntity
  8
Layer 1
370
     0
100
AcDbVertex
100
AcDb2dVertex
 10
108.76708984375
 20
172.802734375
 30
0.0
  0
VERTEX
  5
113
330
111
100
AcDbEntity
  8
Layer 1
370
     0
100
AcDbVertex
100
AcDb2dVertex
 10
108.76708984375
 20
172.802734375
 30
0.0
  0
SEQEND
  5
114
330
111
100
AcDbEntity
  8
Layer 1
370
     0
  0
POLYLINE
  5
115
330
1F
100
AcDbEntity
  8
Layer 1
370
     0
100
AcDb2dPolyline
 66
     1
 10
0.0
 20
0.0
 30
0.0
  0
VERTEX
  5
116
330
115
100
AcDbEntity
  8
Layer 1
370
     0
100
AcDbVertex
100
AcDb2dVertex
 10
-186.8984375
 20
172.677734375
 30
0.0
  0
VERTEX
  5
117
330
115
100
AcDbEntity
  8
Layer 1
370
     0
100
AcDbVertex
100
AcDb2dVertex
 10
-182.3662109375
 20
172.744140625
 30
0.0
  0
VERTEX
  5
118
330
115
100
AcDbEntity
  8
Layer 1
370
     0
100
AcDbVertex
100
AcDb2dVertex
 10
-181.8759765625
 20
172.5908203125
 30
0.0
  0
VERTEX
  5
119
330
115
100
AcDbEntity
  8
Layer 1
370
     0
100
AcDbVertex
100
AcDb2dVertex
 10
-181.69921875
 20
172.4296875
 30
0.0
  0
VERTEX
  5
11A
330
115
100
AcDbEntity
  8
Layer 1
370
     0
100
AcDbVertex
100
AcDb2dVertex
 10
-181.134765625
 20
171.7431640625
 30
0.0
  0
VERTEX
  5
11B
330
115
100
AcDbEntity
  8
Layer 1
370
     0
100
AcDbVertex
100
AcDb2dVertex
 10
-180.55859375
 20
171.1484375
 30
0.0
  0
VERTEX
  5
11C
330
115
100
AcDbEntity
  8
Layer 1
370
     0
100
AcDbVertex
100
AcDb2dVertex
 10
-180.326171875
 20
170.86328125
 30
0.0
  0
VERTEX
  5
11D
330
115
100
AcDbEntity
  8
Layer 1
370
     0
100
AcDbVertex
100
AcDb2dVertex
 10
-180.18212890625
 20
170.5791015625
 30
0.0
  0
VERTEX
  5
11E
330
115
100
AcDbEntity
  8
Layer 1
370
     0
100
AcDbVertex
100
AcDb2dVertex
 10
-180.119140625
 20
170.2197265625
 30
0.0
  0
VERTEX
  5
11F
330
115
100
AcDbEntity
  8
Layer 1
370
     0
100
AcDbVertex
100
AcDb2dVertex
 10
-178.82275390625
 20
143.05859375
 30
0.0
  0
VERTEX
  5
120
330
115
100
AcDbEntity
  8
Layer 1
370
     0
100
AcDbVertex
100
AcDb2dVertex
 10
-178.91455078125
 20
142.232421875
 30
0.0
  0
VERTEX
  5
121
330
115
100
AcDbEntity
  8
Layer 1
370
     0
100
AcDbVertex
100
AcDb2dVertex
 10
-178.8974609375
 20
142.0625
 30
0.0
  0
VERTEX
  5
122
330
115
100
AcDbEntity
  8
Layer 1
370
     0
100
AcDbVertex
100
AcDb2dVertex
 10
-178.9111328125
 20
141.9912109375
 30
0.0
  0
VERTEX
  5
123
330
115
100
AcDbEntity
  8
Layer 1
370
     0
100
AcDbVertex
100
AcDb2dVertex
 10
-179.8701171875
 20
140.931640625
 30
0.0
  0
VERTEX
  5
124
330
115
100
AcDbEntity
  8
Layer 1
370
     0
100
AcDbVertex
100
AcDb2dVertex
 10
-180.34814453125
 20
140.443359375
 30
0.0
  0
VERTEX
  5
125
330
115
100
AcDbEntity
  8
Layer 1
370
     0
100
AcDbVertex
100
AcDb2dVertex
 10
-180.8486328125
 20
139.9873046875
 30
0.0
  0
VERTEX
  5
126
330
115
100
AcDbEntity
  8
Layer 1
370
     0
100
AcDbVertex
100
AcDb2dVertex
 10
-181.134765625
 20
139.767578125
 30
0.0
  0
VERTEX
  5
127
330
115
100
AcDbEntity
  8
Layer 1
370
     0
100
AcDbVertex
100
AcDb2dVertex
 10
-181.2763671875
 20
139.751953125
 30
0.0
  0
VERTEX
  5
128
330
115
100
AcDbEntity
  8
Layer 1
370
     0
100
AcDbVertex
100
AcDb2dVertex
 10
-181.73291015625
 20
139.7685546875
 30
0.0
  0
VERTEX
  5
129
330
115
100
AcDbEntity
  8
Layer 1
370
     0
100
AcDbVertex
100
AcDb2dVertex
 10
-205.4873046875
 20
138.599609375
 30
0.0
  0
VERTEX
  5
12A
330
115
100
AcDbEntity
  8
Layer 1
370
     0
100
AcDbVertex
100
AcDb2dVertex
 10
-206.642578125
 20
138.50390625
 30
0.0
  0
VERTEX
  5
12B
330
115
100
AcDbEntity
  8
Layer 1
370
     0
100
AcDbVertex
100
AcDb2dVertex
 10
-206.7578125
 20
138.4970703125
 30
0.0
  0
VERTEX
  5
12C
330
115
100
AcDbEntity
  8
Layer 1
370
     0
100
AcDbVertex
100
AcDb2dVertex
 10
-207.0380859375
 20
138.5859375
 30
0.0
  0
VERTEX
  5
12D
330
115
100
AcDbEntity
  8
Layer 1
370
     0
100
AcDbVertex
100
AcDb2dVertex
 10
-207.33837890625
 20
138.744140625
 30
0.0
  0
VERTEX
  5
12E
330
115
100
AcDbEntity
  8
Layer 1
370
     0
100
AcDbVertex
100
AcDb2dVertex
 10
-207.95068359375
 20
139.173828125
 30
0.0
  0
VERTEX
  5
12F
330
115
100
AcDbEntity
  8
Layer 1
370
     0
100
AcDbVertex
100
AcDb2dVertex
 10
-209.0869140625
 20
139.9833984375
 30
0.0
  0
VERTEX
  5
130
330
115
100
AcDbEntity
  8
Layer 1
370
     0
100
AcDbVertex
100
AcDb2dVertex
 10
-209.35107421875
 20
140.18359375
 30
0.0
  0
VERTEX
  5
131
330
115
100
AcDbEntity
  8
Layer 1
370
     0
100
AcDbVertex
100
AcDb2dVertex
 10
-209.5107421875
 20
140.40234375
 30
0.0
  0
VERTEX
  5
132
330
115
100
AcDbEntity
  8
Layer 1
370
     0
100
AcDbVertex
100
AcDb2dVertex
 10
-209.55419921875
 20
140.70703125
 30
0.0
  0
VERTEX
  5
133
330
115
100
AcDbEntity
  8
Layer 1
370
     0
100
AcDbVertex
100
AcDb2dVertex
 10
-209.61669921875
 20
142.6259765625
 30
0.0
  0
VERTEX
  5
134
330
115
100
AcDbEntity
  8
Layer 1
370
     0
100
AcDbVertex
100
AcDb2dVertex
 10
-209.72265625
 20
145.4853515625
 30
0.0
  0
VERTEX
  5
135
330
115
100
AcDbEntity
  8
Layer 1
370
     0
100
AcDbVertex
100
AcDb2dVertex
 10
-209.71484375
 20
145.8037109375
 30
0.0
  0
VERTEX
  5
136
330
115
100
AcDbEntity
  8
Layer 1
370
     0
100
AcDbVertex
100
AcDb2dVertex
 10
-210.09033203125
 20
151.1728515625
 30
0.0
  0
VERTEX
  5
137
330
115
100
AcDbEntity
  8
Layer 1
370
     0
100
AcDbVertex
100
AcDb2dVertex
 10
-210.08837890625
 20
151.5439453125
 30
0.0
  0
VERTEX
  5
138
330
115
100
AcDbEntity
  8
Layer 1
370
     0
100
AcDbVertex
100
AcDb2dVertex
 10
-210.04052734375
 20
151.837890625
 30
0.0
  0
VERTEX
  5
139
330
115
100
AcDbEntity
  8
Layer 1
370
     0
100
AcDbVertex
100
AcDb2dVertex
 10
-209.7890625
 20
152.2138671875
 30
0.0
  0
VERTEX
  5
13A
330
115
100
AcDbEntity
  8
Layer 1
370
     0
100
AcDbVertex
100
AcDb2dVertex
 10
-209.29638671875
 20
152.537109375
 30
0.0
  0
VERTEX
  5
13B
330
115
100
AcDbEntity
  8
Layer 1
370
     0
100
AcDbVertex
100
AcDb2dVertex
 10
-207.80419921875
 20
153.58984375
 30
0.0
  0
VERTEX
  5
13C
330
115
100
AcDbEntity
  8
Layer 1
370
     0
100
AcDbVertex
100
AcDb2dVertex
 10
-207.548828125
 20
153.83203125
 30
0.0
  0
VERTEX
  5
13D
330
115
100
AcDbEntity
  8
Layer 1
370
     0
100
AcDbVertex
100
AcDb2dVertex
 10
-207.427734375
 20
154.134765625
 30
0.0
  0
VERTEX
  5
13E
330
115
100
AcDbEntity
  8
Layer 1
370
     0
100
AcDbVertex
100
AcDb2dVertex
 10
-207.60498046875
 20
154.484375
 30
0.0
  0
VERTEX
  5
13F
330
115
100
AcDbEntity
  8
Layer 1
370
     0
100
AcDbVertex
100
AcDb2dVertex
 10
-209.2470703125
 20
156.0751953125
 30
0.0
  0
VERTEX
  5
140
330
115
100
AcDbEntity
  8
Layer 1
370
     0
100
AcDbVertex
100
AcDb2dVertex
 10
-209.29931640625
 20
156.1787109375
 30
0.0
  0
VERTEX
  5
141
330
115
100
AcDbEntity
  8
Layer 1
370
     0
100
AcDbVertex
100
AcDb2dVertex
 10
-209.28857421875
 20
156.43359375
 30
0.0
  0
VERTEX
  5
142
330
115
100
AcDbEntity
  8
Layer 1
370
     0
100
AcDbVertex
100
AcDb2dVertex
 10
-207.07568359375
 20
166.44921875
 30
0.0
  0
VERTEX
  5
143
330
115
100
AcDbEntity
  8
Layer 1
370
     0
100
AcDbVertex
100
AcDb2dVertex
 10
-206.9287109375
 20
166.974609375
 30
0.0
  0
VERTEX
  5
144
330
115
100
AcDbEntity
  8
Layer 1
370
     0
100
AcDbVertex
100
AcDb2dVertex
 10
-206.70751953125
 20
167.392578125
 30
0.0
  0
VERTEX
  5
145
330
115
100
AcDbEntity
  8
Layer 1
370
     0
100
AcDbVertex
100
AcDb2dVertex
 10
-205.06396484375
 20
168.990234375
 30
0.0
  0
VERTEX
  5
146
330
115
100
AcDbEntity
  8
Layer 1
370
     0
100
AcDbVertex
100
AcDb2dVertex
 10
-204.73486328125
 20
169.1796875
 30
0.0
  0
VERTEX
  5
147
330
115
100
AcDbEntity
  8
Layer 1
370
     0
100
AcDbVertex
100
AcDb2dVertex
 10
-204.32177734375
 20
169.302734375
 30
0.0
  0
VERTEX
  5
148
330
115
100
AcDbEntity
  8
Layer 1
370
     0
100
AcDbVertex
100
AcDb2dVertex
 10
-203.1103515625
 20
169.56640625
 30
0.0
  0
VERTEX
  5
149
330
115
100
AcDbEntity
  8
Layer 1
370
     0
100
AcDbVertex
100
AcDb2dVertex
 10
-195.00537109375
 20
171.53125
 30
0.0
  0
VERTEX
  5
14A
330
115
100
AcDbEntity
  8
Layer 1
370
     0
100
AcDbVertex
100
AcDb2dVertex
 10
-193.8916015625
 20
171.8701171875
 30
0.0
  0
VERTEX
  5
14B
330
115
100
AcDbEntity
  8
Layer 1
370
     0
100
AcDbVertex
100
AcDb2dVertex
 10
-193.52294921875
 20
171.955078125
 30
0.0
  0
VERTEX
  5
14C
330
115
100
AcDbEntity
  8
Layer 1
370
     0
100
AcDbVertex
100
AcDb2dVertex
 10
-193.10791015625
 20
172.0009765625
 30
0.0
  0
VERTEX
  5
14D
330
115
100
AcDbEntity
  8
Layer 1
370
     0
100
AcDbVertex
100
AcDb2dVertex
 10
-186.8984375
 20
172.677734375
 30
0.0
  0
SEQEND
  5
14E
330
115
100
AcDbEntity
  8
Layer 1
370
     0
  0
HATCH
  5
14F
330
1F
100
AcDbEntity
  8
Layer 1
 62
     7
420
 16777215
100
AcDbHatch
 10
0.0
 20
0.0
 30
0.0
210
0.0
220
0.0
230
1.0
  2
SOLID
 70
     1
 71
     0
 91
        1
 92
        1
 93
       55
 72
     1
 10
-186.8984375
 20
172.677734375
 11
-182.3662109375
 21
172.744140625
 72
     1
 10
-182.3662109375
 20
172.744140625
 11
-181.8759765625
 21
172.5908203125
 72
     1
 10
-181.8759765625
 20
172.5908203125
 11
-181.69921875
 21
172.4296875
 72
     1
 10
-181.69921875
 20
172.4296875
 11
-181.134765625
 21
171.7431640625
 72
     1
 10
-181.134765625
 20
171.7431640625
 11
-180.55859375
 21
171.1484375
 72
     1
 10
-180.55859375
 20
171.1484375
 11
-180.326171875
 21
170.86328125
 72
     1
 10
-180.326171875
 20
170.86328125
 11
-180.18212890625
 21
170.5791015625
 72
     1
 10
-180.18212890625
 20
170.5791015625
 11
-180.119140625
 21
170.2197265625
 72
     1
 10
-180.119140625
 20
170.2197265625
 11
-178.82275390625
 21
143.05859375
 72
     1
 10
-178.82275390625
 20
143.05859375
 11
-178.91455078125
 21
142.232421875
 72
     1
 10
-178.91455078125
 20
142.232421875
 11
-178.8974609375
 21
142.0625
 72
     1
 10
-178.8974609375
 20
142.0625
 11
-178.9111328125
 21
141.9912109375
 72
     1
 10
-178.9111328125
 20
141.9912109375
 11
-179.8701171875
 21
140.931640625
 72
     1
 10
-179.8701171875
 20
140.931640625
 11
-180.34814453125
 21
140.443359375
 72
     1
 10
-180.34814453125
 20
140.443359375
 11
-180.8486328125
 21
139.9873046875
 72
     1
 10
-180.8486328125
 20
139.9873046875
 11
-181.134765625
 21
139.767578125
 72
     1
 10
-181.134765625
 20
139.767578125
 11
-181.2763671875
 21
139.751953125
 72
     1
 10
-181.2763671875
 20
139.751953125
 11
-181.73291015625
 21
139.7685546875
 72
     1
 10
-181.73291015625
 20
139.7685546875
 11
-205.4873046875
 21
138.599609375
 72
     1
 10
-205.4873046875
 20
138.599609375
 11
-206.642578125
 21
138.50390625
 72
     1
 10
-206.642578125
 20
138.50390625
 11
-206.7578125
 21
138.4970703125
 72
     1
 10
-206.7578125
 20
138.4970703125
 11
-207.0380859375
 21
138.5859375
 72
     1
 10
-207.0380859375
 20
138.5859375
 11
-207.33837890625
 21
138.744140625
 72
     1
 10
-207.33837890625
 20
138.744140625
 11
-207.95068359375
 21
139.173828125
 72
     1
 10
-207.95068359375
 20
139.173828125
 11
-209.0869140625
 21
139.9833984375
 72
     1
 10
-209.0869140625
 20
139.9833984375
 11
-209.35107421875
 21
140.18359375
 72
     1
 10
-209.35107421875
 20
140.18359375
 11
-209.5107421875
 21
140.40234375
 72
     1
 10
-209.5107421875
 20
140.40234375
 11
-209.55419921875
 21
140.70703125
 72
     1
 10
-209.55419921875
 20
140.70703125
 11
-209.61669921875
 21
142.6259765625
 72
     1
 10
-209.61669921875
 20
142.6259765625
 11
-209.72265625
 21
145.4853515625
 72
     1
 10
-209.72265625
 20
145.4853515625
 11
-209.71484375
 21
145.8037109375
 72
     1
 10
-209.71484375
 20
145.8037109375
 11
-210.09033203125
 21
151.1728515625
 72
     1
 10
-210.09033203125
 20
151.1728515625
 11
-210.08837890625
 21
151.5439453125
 72
     1
 10
-210.08837890625
 20
151.5439453125
 11
-210.04052734375
 21
151.837890625
 72
     1
 10
-210.04052734375
 20
151.837890625
 11
-209.7890625
 21
152.2138671875
 72
     1
 10
-209.7890625
 20
152.2138671875
 11
-209.29638671875
 21
152.537109375
 72
     1
 10
-209.29638671875
 20
152.537109375
 11
-207.80419921875
 21
153.58984375
 72
     1
 10
-207.80419921875
 20
153.58984375
 11
-207.548828125
 21
153.83203125
 72
     1
 10
-207.548828125
 20
153.83203125
 11
-207.427734375
 21
154.134765625
 72
     1
 10
-207.427734375
 20
154.134765625
 11
-207.60498046875
 21
154.484375
 72
     1
 10
-207.60498046875
 20
154.484375
 11
-209.2470703125
 21
156.0751953125
 72
     1
 10
-209.2470703125
 20
156.0751953125
 11
-209.29931640625
 21
156.1787109375
 72
     1
 10
-209.29931640625
 20
156.1787109375
 11
-209.28857421875
 21
156.43359375
 72
     1
 10
-209.28857421875
 20
156.43359375
 11
-207.07568359375
 21
166.44921875
 72
     1
 10
-207.07568359375
 20
166.44921875
 11
-206.9287109375
 21
166.974609375
 72
     1
 10
-206.9287109375
 20
166.974609375
 11
-206.70751953125
 21
167.392578125
 72
     1
 10
-206.70751953125
 20
167.392578125
 11
-205.06396484375
 21
168.990234375
 72
     1
 10
-205.06396484375
 20
168.990234375
 11
-204.73486328125
 21
169.1796875
 72
     1
 10
-204.73486328125
 20
169.1796875
 11
-204.32177734375
 21
169.302734375
 72
     1
 10
-204.32177734375
 20
169.302734375
 11
-203.1103515625
 21
169.56640625
 72
     1
 10
-203.1103515625
 20
169.56640625
 11
-195.00537109375
 21
171.53125
 72
     1
 10
-195.00537109375
 20
171.53125
 11
-193.8916015625
 21
171.8701171875
 72
     1
 10
-193.8916015625
 20
171.8701171875
 11
-193.52294921875
 21
171.955078125
 72
     1
 10
-193.52294921875
 20
171.955078125
 11
-193.10791015625
 21
172.0009765625
 72
     1
 10
-193.10791015625
 20
172.0009765625
 11
-186.8984375
 21
172.677734375
 97
        0
 75
     0
 76
     1
 98
        0
  0
SPLINE
  5
150
330
1F
100
AcDbEntity
  8
Layer 1
370
     0
100
AcDbSpline
210
0.0
220
0.0
230
1.0
 70
    11
 71
     3
 72
   110
 73
   106
 74
     0
 42
0.0000000001
 43
0.0000000001
 40
0.0
 40
0.0
 40
0.0
 40
0.0
 40
1.0
 40
1.0
 40
1.0
 40
2.0
 40
2.0
 40
2.0
 40
3.0
 40
3.0
 40
3.0
 40
4.0
 40
4.0
 40
4.0
 40
5.0
 40
5.0
 40
5.0
 40
6.0
 40
6.0
 40
6.0
 40
7.0
 40
7.0
 40
7.0
 40
8.0
 40
8.0
 40
8.0
 40
9.0
 40
9.0
 40
9.0
 40
10.0
 40
10.0
 40
10.0
 40
11.0
 40
11.0
 40
11.0
 40
12.0
 40
12.0
 40
12.0
 40
13.0
 40
13.0
 40
13.0
 40
14.0
 40
14.0
 40
14.0
 40
15.0
 40
15.0
 40
15.0
 40
16.0
 40
16.0
 40
16.0
 40
17.0
 40
17.0
 40
17.0
 40
18.0
 40
18.0
 40
18.0
 40
19.0
 40
19.0
 40
19.0
 40
20.0
 40
20.0
 40
20.0
 40
21.0
 40
21.0
 40
21.0
 40
22.0
 40
22.0
 40
22.0
 40
23.0
 40
23.0
 40
23.0
 40
24.0
 40
24.0
 40
24.0
 40
25.0
 40
25.0
 40
25.0
 40
26.0
 40
26.0
 40
26.0
 40
27.0
 40
27.0
 40
27.0
 40
28.0
 40
28.0
 40
28.0
 40
29.0
 40
29.0
 40
29.0
 40
30.0
 40
30.0
 40
30.0
 40
31.0
 40
31.0
 40
31.0
 40
32.0
 40
32.0
 40
32.0
 40
33.0
 40
33.0
 40
33.0
 40
34.0
 40
34.0
 40
34.0
 40
35.0
 40
35.0
 40
35.0
 40
35.0
 10
-30.677734375
 20
130.662109375
 30
0.0
 10
-30.677734375
 20
130.662109375
 30
0.0
 10
-30.6435546875
 20
130.6826171875
 30
0.0
 10
-30.6435546875
 20
130.6826171875
 30
0.0
 10
-30.6435546875
 20
130.6826171875
 30
0.0
 10
-30.599609375
 20
130.71875
 30
0.0
 10
-30.599609375
 20
130.71875
 30
0.0
 10
-30.599609375
 20
130.71875
 30
0.0
 10
-30.5419921875
 20
130.75390625
 30
0.0
 10
-30.5419921875
 20
130.75390625
 30
0.0
 10
-30.5419921875
 20
130.75390625
 30
0.0
 10
-30.46630859375
 20
130.767578125
 30
0.0
 10
-30.46630859375
 20
130.767578125
 30
0.0
 10
-30.46630859375
 20
130.767578125
 30
0.0
 10
-30.02197265625
 20
130.6953125
 30
0.0
 10
-30.02197265625
 20
130.6953125
 30
0.0
 10
-30.02197265625
 20
130.6953125
 30
0.0
 10
-29.63671875
 20
130.533203125
 30
0.0
 10
-29.63671875
 20
130.533203125
 30
0.0
 10
-29.63671875
 20
130.533203125
 30
0.0
 10
-29.32177734375
 20
130.302734375
 30
0.0
 10
-29.32177734375
 20
130.302734375
 30
0.0
 10
-29.32177734375
 20
130.302734375
 30
0.0
 10
-29.08984375
 20
130.0263671875
 30
0.0
 10
-29.08984375
 20
130.0263671875
 30
0.0
 10
-29.08984375
 20
130.0263671875
 30
0.0
 10
-28.95068359375
 20
129.6884765625
 30
0.0
 10
-28.95068359375
 20
129.6884765625
 30
0.0
 10
-28.95068359375
 20
129.6884765625
 30
0.0
 10
-28.86767578125
 20
129.216796875
 30
0.0
 10
-28.86767578125
 20
129.216796875
 30
0.0
 10
-28.86767578125
 20
129.216796875
 30
0.0
 10
-28.89599609375
 20
128.7265625
 30
0.0
 10
-28.89599609375
 20
128.7265625
 30
0.0
 10
-28.89599609375
 20
128.7265625
 30
0.0
 10
-29.08984375
 20
128.33203125
 30
0.0
 10
-29.08984375
 20
128.33203125
 30
0.0
 10
-29.08984375
 20
128.33203125
 30
0.0
 10
-29.4609375
 20
127.943359375
 30
0.0
 10
-29.4609375
 20
127.943359375
 30
0.0
 10
-29.4609375
 20
127.943359375
 30
0.0
 10
-29.619140625
 20
127.802734375
 30
0.0
 10
-29.619140625
 20
127.802734375
 30
0.0
 10
-29.619140625
 20
127.802734375
 30
0.0
 10
-29.8046875
 20
127.703125
 30
0.0
 10
-29.8046875
 20
127.703125
 30
0.0
 10
-29.8046875
 20
127.703125
 30
0.0
 10
-30.13037109375
 20
127.6005859375
 30
0.0
 10
-30.13037109375
 20
127.6005859375
 30
0.0
 10
-30.13037109375
 20
127.6005859375
 30
0.0
 10
-30.544921875
 20
127.5458984375
 30
0.0
 10
-30.544921875
 20
127.5458984375
 30
0.0
 10
-30.544921875
 20
127.5458984375
 30
0.0
 10
-30.99560546875
 20
127.5908203125
 30
0.0
 10
-30.99560546875
 20
127.5908203125
 30
0.0
 10
-30.99560546875
 20
127.5908203125
 30
0.0
 10
-31.06787109375
 20
127.6337890625
 30
0.0
 10
-31.06787109375
 20
127.6337890625
 30
0.0
 10
-31.06787109375
 20
127.6337890625
 30
0.0
 10
-31.13916015625
 20
127.703125
 30
0.0
 10
-31.13916015625
 20
127.703125
 30
0.0
 10
-31.13916015625
 20
127.703125
 30
0.0
 10
-31.21826171875
 20
127.76953125
 30
0.0
 10
-31.21826171875
 20
127.76953125
 30
0.0
 10
-31.21826171875
 20
127.76953125
 30
0.0
 10
-31.3134765625
 20
127.802734375
 30
0.0
 10
-31.3134765625
 20
127.802734375
 30
0.0
 10
-31.3134765625
 20
127.802734375
 30
0.0
 10
-31.4453125
 20
127.86328125
 30
0.0
 10
-31.4453125
 20
127.86328125
 30
0.0
 10
-31.4453125
 20
127.86328125
 30
0.0
 10
-31.53759765625
 20
128.0
 30
0.0
 10
-31.53759765625
 20
128.0
 30
0.0
 10
-31.53759765625
 20
128.0
 30
0.0
 10
-31.62353515625
 20
128.169921875
 30
0.0
 10
-31.62353515625
 20
128.169921875
 30
0.0
 10
-31.62353515625
 20
128.169921875
 30
0.0
 10
-31.73681640625
 20
128.33203125
 30
0.0
 10
-31.73681640625
 20
128.33203125
 30
0.0
 10
-31.73681640625
 20
128.33203125
 30
0.0
 10
-31.93310546875
 20
128.828125
 30
0.0
 10
-31.93310546875
 20
128.828125
 30
0.0
 10
-31.93310546875
 20
128.828125
 30
0.0
 10
-31.89404296875
 20
129.4951171875
 30
0.0
 10
-31.89404296875
 20
129.4951171875
 30
0.0
 10
-31.89404296875
 20
129.4951171875
 30
0.0
 10
-31.67041015625
 20
130.1357421875
 30
0.0
 10
-31.67041015625
 20
130.1357421875
 30
0.0
 10
-31.67041015625
 20
130.1357421875
 30
0.0
 10
-31.3134765625
 20
130.5556640625
 30
0.0
 10
-31.3134765625
 20
130.5556640625
 30
0.0
 10
-31.3134765625
 20
130.5556640625
 30
0.0
 10
-31.17041015625
 20
130.611328125
 30
0.0
 10
-31.17041015625
 20
130.611328125
 30
0.0
 10
-31.17041015625
 20
130.611328125
 30
0.0
 10
-31.005859375
 20
130.634765625
 30
0.0
 10
-31.005859375
 20
130.634765625
 30
0.0
 10
-31.005859375
 20
130.634765625
 30
0.0
 10
-30.677734375
 20
130.662109375
 30
0.0
 10
-30.677734375
 20
130.662109375
 30
0.0
 10
-30.677734375
 20
130.662109375
 30
0.0
 10
-30.677734375
 20
130.662109375
 30
0.0
 10
-30.677734375
 20
130.662109375
 30
0.0
 10
-30.677734375
 20
130.662109375
 30
0.0
 10
-30.677734375
 20
130.662109375
 30
0.0
 10
-30.677734375
 20
130.662109375
 30
0.0
  0
HATCH
  5
151
330
1F
100
AcDbEntity
  8
Layer 1
 62
     7
420
 16777215
100
AcDbHatch
 10
0.0
 20
0.0
 30
0.0
210
0.0
220
0.0
230
1.0
  2
SOLID
 70
     1
 71
     0
 91
        1
 92
        1
 93
        1
 72
     4
 94
        3
 73
     0
 74
     1
 95
      110
 96
      106
 40
0.0
 40
0.0
 40
0.0
 40
0.0
 40
1.0
 40
1.0
 40
1.0
 40
2.0
 40
2.0
 40
2.0
 40
3.0
 40
3.0
 40
3.0
 40
4.0
 40
4.0
 40
4.0
 40
5.0
 40
5.0
 40
5.0
 40
6.0
 40
6.0
 40
6.0
 40
7.0
 40
7.0
 40
7.0
 40
8.0
 40
8.0
 40
8.0
 40
9.0
 40
9.0
 40
9.0
 40
10.0
 40
10.0
 40
10.0
 40
11.0
 40
11.0
 40
11.0
 40
12.0
 40
12.0
 40
12.0
 40
13.0
 40
13.0
 40
13.0
 40
14.0
 40
14.0
 40
14.0
 40
15.0
 40
15.0
 40
15.0
 40
16.0
 40
16.0
 40
16.0
 40
17.0
 40
17.0
 40
17.0
 40
18.0
 40
18.0
 40
18.0
 40
19.0
 40
19.0
 40
19.0
 40
20.0
 40
20.0
 40
20.0
 40
21.0
 40
21.0
 40
21.0
 40
22.0
 40
22.0
 40
22.0
 40
23.0
 40
23.0
 40
23.0
 40
24.0
 40
24.0
 40
24.0
 40
25.0
 40
25.0
 40
25.0
 40
26.0
 40
26.0
 40
26.0
 40
27.0
 40
27.0
 40
27.0
 40
28.0
 40
28.0
 40
28.0
 40
29.0
 40
29.0
 40
29.0
 40
30.0
 40
30.0
 40
30.0
 40
31.0
 40
31.0
 40
31.0
 40
32.0
 40
32.0
 40
32.0
 40
33.0
 40
33.0
 40
33.0
 40
34.0
 40
34.0
 40
34.0
 40
35.0
 40
35.0
 40
35.0
 40
35.0
 10
-30.677734375
 20
130.662109375
 10
-30.677734375
 20
130.662109375
 10
-30.6435546875
 20
130.6826171875
 10
-30.6435546875
 20
130.6826171875
 10
-30.6435546875
 20
130.6826171875
 10
-30.599609375
 20
130.71875
 10
-30.599609375
 20
130.71875
 10
-30.599609375
 20
130.71875
 10
-30.5419921875
 20
130.75390625
 10
-30.5419921875
 20
130.75390625
 10
-30.5419921875
 20
130.75390625
 10
-30.46630859375
 20
130.767578125
 10
-30.46630859375
 20
130.767578125
 10
-30.46630859375
 20
130.767578125
 10
-30.02197265625
 20
130.6953125
 10
-30.02197265625
 20
130.6953125
 10
-30.02197265625
 20
130.6953125
 10
-29.63671875
 20
130.533203125
 10
-29.63671875
 20
130.533203125
 10
-29.63671875
 20
130.533203125
 10
-29.32177734375
 20
130.302734375
 10
-29.32177734375
 20
130.302734375
 10
-29.32177734375
 20
130.302734375
 10
-29.08984375
 20
130.0263671875
 10
-29.08984375
 20
130.0263671875
 10
-29.08984375
 20
130.0263671875
 10
-28.95068359375
 20
129.6884765625
 10
-28.95068359375
 20
129.6884765625
 10
-28.95068359375
 20
129.6884765625
 10
-28.86767578125
 20
129.216796875
 10
-28.86767578125
 20
129.216796875
 10
-28.86767578125
 20
129.216796875
 10
-28.89599609375
 20
128.7265625
 10
-28.89599609375
 20
128.7265625
 10
-28.89599609375
 20
128.7265625
 10
-29.08984375
 20
128.33203125
 10
-29.08984375
 20
128.33203125
 10
-29.08984375
 20
128.33203125
 10
-29.4609375
 20
127.943359375
 10
-29.4609375
 20
127.943359375
 10
-29.4609375
 20
127.943359375
 10
-29.619140625
 20
127.802734375
 10
-29.619140625
 20
127.802734375
 10
-29.619140625
 20
127.802734375
 10
-29.8046875
 20
127.703125
 10
-29.8046875
 20
127.703125
 10
-29.8046875
 20
127.703125
 10
-30.13037109375
 20
127.6005859375
 10
-30.13037109375
 20
127.6005859375
 10
-30.13037109375
 20
127.6005859375
 10
-30.544921875
 20
127.5458984375
 10
-30.544921875
 20
127.5458984375
 10
-30.544921875
 20
127.5458984375
 10
-30.99560546875
 20
127.5908203125
 10
-30.99560546875
 20
127.5908203125
 10
-30.99560546875
 20
127.5908203125
 10
-31.06787109375
 20
127.6337890625
 10
-31.06787109375
 20
127.6337890625
 10
-31.06787109375
 20
127.6337890625
 10
-31.13916015625
 20
127.703125
 10
-31.13916015625
 20
127.703125
 10
-31.13916015625
 20
127.703125
 10
-31.21826171875
 20
127.76953125
 10
-31.21826171875
 20
127.76953125
 10
-31.21826171875
 20
127.76953125
 10
-31.3134765625
 20
127.802734375
 10
-31.3134765625
 20
127.802734375
 10
-31.3134765625
 20
127.802734375
 10
-31.4453125
 20
127.86328125
 10
-31.4453125
 20
127.86328125
 10
-31.4453125
 20
127.86328125
 10
-31.53759765625
 20
128.0
 10
-31.53759765625
 20
128.0
 10
-31.53759765625
 20
128.0
 10
-31.62353515625
 20
128.169921875
 10
-31.62353515625
 20
128.169921875
 10
-31.62353515625
 20
128.169921875
 10
-31.73681640625
 20
128.33203125
 10
-31.73681640625
 20
128.33203125
 10
-31.73681640625
 20
128.33203125
 10
-31.93310546875
 20
128.828125
 10
-31.93310546875
 20
128.828125
 10
-31.93310546875
 20
128.828125
 10
-31.89404296875
 20
129.4951171875
 10
-31.89404296875
 20
129.4951171875
 10
-31.89404296875
 20
129.4951171875
 10
-31.67041015625
 20
130.1357421875
 10
-31.67041015625
 20
130.1357421875
 10
-31.67041015625
 20
130.1357421875
 10
-31.3134765625
 20
130.5556640625
 10
-31.3134765625
 20
130.5556640625
 10
-31.3134765625
 20
130.5556640625
 10
-31.17041015625
 20
130.611328125
 10
-31.17041015625
 20
130.611328125
 10
-31.17041015625
 20
130.611328125
 10
-31.005859375
 20
130.634765625
 10
-31.005859375
 20
130.634765625
 10
-31.005859375
 20
130.634765625
 10
-30.677734375
 20
130.662109375
 10
-30.677734375
 20
130.662109375
 10
-30.677734375
 20
130.662109375
 10
-30.677734375
 20
130.662109375
 10
-30.677734375
 20
130.662109375
 10
-30.677734375
 20
130.662109375
 10
-30.677734375
 20
130.662109375
 10
-30.677734375
 20
130.662109375
 97
        0
 75
     0
 76
     1
 98
        0
  0
SPLINE
  5
152
330
1F
100
AcDbEntity
  8
Layer 1
370
     0
100
AcDbSpline
210
0.0
220
0.0
230
1.0
 70
    11
 71
     3
 72
   134
 73
   130
 74
     0
 42
0.0000000001
 43
0.0000000001
 40
0.0
 40
0.0
 40
0.0
 40
0.0
 40
1.0
 40
1.0
 40
1.0
 40
2.0
 40
2.0
 40
2.0
 40
3.0
 40
3.0
 40
3.0
 40
4.0
 40
4.0
 40
4.0
 40
5.0
 40
5.0
 40
5.0
 40
6.0
 40
6.0
 40
6.0
 40
7.0
 40
7.0
 40
7.0
 40
8.0
 40
8.0
 40
8.0
 40
9.0
 40
9.0
 40
9.0
 40
10.0
 40
10.0
 40
10.0
 40
11.0
 40
11.0
 40
11.0
 40
12.0
 40
12.0
 40
12.0
 40
13.0
 40
13.0
 40
13.0
 40
14.0
 40
14.0
 40
14.0
 40
15.0
 40
15.0
 40
15.0
 40
16.0
 40
16.0
 40
16.0
 40
17.0
 40
17.0
 40
17.0
 40
18.0
 40
18.0
 40
18.0
 40
19.0
 40
19.0
 40
19.0
 40
20.0
 40
20.0
 40
20.0
 40
21.0
 40
21.0
 40
21.0
 40
22.0
 40
22.0
 40
22.0
 40
23.0
 40
23.0
 40
23.0
 40
24.0
 40
24.0
 40
24.0
 40
25.0
 40
25.0
 40
25.0
 40
26.0
 40
26.0
 40
26.0
 40
27.0
 40
27.0
 40
27.0
 40
28.0
 40
28.0
 40
28.0
 40
29.0
 40
29.0
 40
29.0
 40
30.0
 40
30.0
 40
30.0
 40
31.0
 40
31.0
 40
31.0
 40
32.0
 40
32.0
 40
32.0
 40
33.0
 40
33.0
 40
33.0
 40
34.0
 40
34.0
 40
34.0
 40
35.0
 40
35.0
 40
35.0
 40
36.0
 40
36.0
 40
36.0
 40
37.0
 40
37.0
 40
37.0
 40
38.0
 40
38.0
 40
38.0
 40
39.0
 40
39.0
 40
39.0
 40
40.0
 40
40.0
 40
40.0
 40
41.0
 40
41.0
 40
41.0
 40
42.0
 40
42.0
 40
42.0
 40
43.0
 40
43.0
 40
43.0
 40
43.0
 10
-27.9248046875
 20
128.4384765625
 30
0.0
 10
-27.9248046875
 20
128.4384765625
 30
0.0
 10
-27.90771484375
 20
128.45703125
 30
0.0
 10
-27.90771484375
 20
128.45703125
 30
0.0
 10
-27.90771484375
 20
128.45703125
 30
0.0
 10
-27.89501953125
 20
128.490234375
 30
0.0
 10
-27.89501953125
 20
128.490234375
 30
0.0
 10
-27.89501953125
 20
128.490234375
 30
0.0
 10
-27.87109375
 20
128.5234375
 30
0.0
 10
-27.87109375
 20
128.5234375
 30
0.0
 10
-27.87109375
 20
128.5234375
 30
0.0
 10
-27.8193359375
 20
128.5439453125
 30
0.0
 10
-27.8193359375
 20
128.5439453125
 30
0.0
 10
-27.8193359375
 20
128.5439453125
 30
0.0
 10
-27.474609375
 20
128.57421875
 30
0.0
 10
-27.474609375
 20
128.57421875
 30
0.0
 10
-27.474609375
 20
128.57421875
 30
0.0
 10
-27.12255859375
 20
128.564453125
 30
0.0
 10
-27.12255859375
 20
128.564453125
 30
0.0
 10
-27.12255859375
 20
128.564453125
 30
0.0
 10
-26.80126953125
 20
128.5185546875
 30
0.0
 10
-26.80126953125
 20
128.5185546875
 30
0.0
 10
-26.80126953125
 20
128.5185546875
 30
0.0
 10
-26.548828125
 20
128.4384765625
 30
0.0
 10
-26.548828125
 20
128.4384765625
 30
0.0
 10
-26.548828125
 20
128.4384765625
 30
0.0
 10
-26.52685546875
 20
128.412109375
 30
0.0
 10
-26.52685546875
 20
128.412109375
 30
0.0
 10
-26.52685546875
 20
128.412109375
 30
0.0
 10
-26.52001953125
 20
128.3779296875
 30
0.0
 10
-26.52001953125
 20
128.3779296875
 30
0.0
 10
-26.52001953125
 20
128.3779296875
 30
0.0
 10
-26.5009765625
 20
128.34765625
 30
0.0
 10
-26.5009765625
 20
128.34765625
 30
0.0
 10
-26.5009765625
 20
128.34765625
 30
0.0
 10
-26.44287109375
 20
128.33203125
 30
0.0
 10
-26.44287109375
 20
128.33203125
 30
0.0
 10
-26.44287109375
 20
128.33203125
 30
0.0
 10
-26.03759765625
 20
128.0322265625
 30
0.0
 10
-26.03759765625
 20
128.0322265625
 30
0.0
 10
-26.03759765625
 20
128.0322265625
 30
0.0
 10
-25.9130859375
 20
127.9091796875
 30
0.0
 10
-25.9130859375
 20
127.9091796875
 30
0.0
 10
-25.9130859375
 20
127.9091796875
 30
0.0
 10
-25.9072265625
 20
127.8642578125
 30
0.0
 10
-25.9072265625
 20
127.8642578125
 30
0.0
 10
-25.9072265625
 20
127.8642578125
 30
0.0
 10
-25.92431640625
 20
127.736328125
 30
0.0
 10
-25.92431640625
 20
127.736328125
 30
0.0
 10
-25.92431640625
 20
127.736328125
 30
0.0
 10
-25.9130859375
 20
127.697265625
 30
0.0
 10
-25.9130859375
 20
127.697265625
 30
0.0
 10
-25.9130859375
 20
127.697265625
 30
0.0
 10
-25.732421875
 20
127.5205078125
 30
0.0
 10
-25.732421875
 20
127.5205078125
 30
0.0
 10
-25.732421875
 20
127.5205078125
 30
0.0
 10
-25.70166015625
 20
127.4853515625
 30
0.0
 10
-25.70166015625
 20
127.4853515625
 30
0.0
 10
-25.70166015625
 20
127.4853515625
 30
0.0
 10
-25.734375
 20
126.6123046875
 30
0.0
 10
-25.734375
 20
126.6123046875
 30
0.0
 10
-25.734375
 20
126.6123046875
 30
0.0
 10
-26.16552734375
 20
125.873046875
 30
0.0
 10
-26.16552734375
 20
125.873046875
 30
0.0
 10
-26.16552734375
 20
125.873046875
 30
0.0
 10
-26.8681640625
 20
125.4375
 30
0.0
 10
-26.8681640625
 20
125.4375
 30
0.0
 10
-26.8681640625
 20
125.4375
 30
0.0
 10
-27.71337890625
 20
125.4736328125
 30
0.0
 10
-27.71337890625
 20
125.4736328125
 30
0.0
 10
-27.71337890625
 20
125.4736328125
 30
0.0
 10
-27.78759765625
 20
125.5048828125
 30
0.0
 10
-27.78759765625
 20
125.5048828125
 30
0.0
 10
-27.78759765625
 20
125.5048828125
 30
0.0
 10
-27.9248046875
 20
125.5791015625
 30
0.0
 10
-27.9248046875
 20
125.5791015625
 30
0.0
 10
-27.9248046875
 20
125.5791015625
 30
0.0
 10
-28.3583984375
 20
125.736328125
 30
0.0
 10
-28.3583984375
 20
125.736328125
 30
0.0
 10
-28.3583984375
 20
125.736328125
 30
0.0
 10
-28.45458984375
 20
125.791015625
 30
0.0
 10
-28.45458984375
 20
125.791015625
 30
0.0
 10
-28.45458984375
 20
125.791015625
 30
0.0
 10
-28.490234375
 20
125.8564453125
 30
0.0
 10
-28.490234375
 20
125.8564453125
 30
0.0
 10
-28.490234375
 20
125.8564453125
 30
0.0
 10
-28.52685546875
 20
126.0390625
 30
0.0
 10
-28.52685546875
 20
126.0390625
 30
0.0
 10
-28.52685546875
 20
126.0390625
 30
0.0
 10
-28.560546875
 20
126.1083984375
 30
0.0
 10
-28.560546875
 20
126.1083984375
 30
0.0
 10
-28.560546875
 20
126.1083984375
 30
0.0
 10
-28.6025390625
 20
126.1328125
 30
0.0
 10
-28.6025390625
 20
126.1328125
 30
0.0
 10
-28.6025390625
 20
126.1328125
 30
0.0
 10
-28.73779296875
 20
126.1904296875
 30
0.0
 10
-28.73779296875
 20
126.1904296875
 30
0.0
 10
-28.73779296875
 20
126.1904296875
 30
0.0
 10
-28.77197265625
 20
126.21484375
 30
0.0
 10
-28.77197265625
 20
126.21484375
 30
0.0
 10
-28.77197265625
 20
126.21484375
 30
0.0
 10
-28.8330078125
 20
126.4072265625
 30
0.0
 10
-28.8330078125
 20
126.4072265625
 30
0.0
 10
-28.8330078125
 20
126.4072265625
 30
0.0
 10
-28.876953125
 20
126.671875
 30
0.0
 10
-28.876953125
 20
126.671875
 30
0.0
 10
-28.876953125
 20
126.671875
 30
0.0
 10
-28.89501953125
 20
126.9716796875
 30
0.0
 10
-28.89501953125
 20
126.9716796875
 30
0.0
 10
-28.89501953125
 20
126.9716796875
 30
0.0
 10
-28.8779296875
 20
127.2734375
 30
0.0
 10
-28.8779296875
 20
127.2734375
 30
0.0
 10
-28.8779296875
 20
127.2734375
 30
0.0
 10
-28.8017578125
 20
127.5556640625
 30
0.0
 10
-28.8017578125
 20
127.5556640625
 30
0.0
 10
-28.8017578125
 20
127.5556640625
 30
0.0
 10
-28.62548828125
 20
127.8896484375
 30
0.0
 10
-28.62548828125
 20
127.8896484375
 30
0.0
 10
-28.62548828125
 20
127.8896484375
 30
0.0
 10
-28.3369140625
 20
128.20703125
 30
0.0
 10
-28.3369140625
 20
128.20703125
 30
0.0
 10
-28.3369140625
 20
128.20703125
 30
0.0
 10
-27.9248046875
 20
128.4384765625
 30
0.0
 10
-27.9248046875
 20
128.4384765625
 30
0.0
 10
-27.9248046875
 20
128.4384765625
 30
0.0
 10
-27.9248046875
 20
128.4384765625
 30
0.0
 10
-27.9248046875
 20
128.4384765625
 30
0.0
 10
-27.9248046875
 20
128.4384765625
 30
0.0
 10
-27.9248046875
 20
128.4384765625
 30
0.0
 10
-27.9248046875
 20
128.4384765625
 30
0.0
  0
HATCH
  5
153
330
1F
100
AcDbEntity
  8
Layer 1
 62
     7
420
 16777215
100
AcDbHatch
 10
0.0
 20
0.0
 30
0.0
210
0.0
220
0.0
230
1.0
  2
SOLID
 70
     1
 71
     0
 91
        1
 92
        1
 93
        1
 72
     4
 94
        3
 73
     0
 74
     1
 95
      134
 96
      130
 40
0.0
 40
0.0
 40
0.0
 40
0.0
 40
1.0
 40
1.0
 40
1.0
 40
2.0
 40
2.0
 40
2.0
 40
3.0
 40
3.0
 40
3.0
 40
4.0
 40
4.0
 40
4.0
 40
5.0
 40
5.0
 40
5.0
 40
6.0
 40
6.0
 40
6.0
 40
7.0
 40
7.0
 40
7.0
 40
8.0
 40
8.0
 40
8.0
 40
9.0
 40
9.0
 40
9.0
 40
10.0
 40
10.0
 40
10.0
 40
11.0
 40
11.0
 40
11.0
 40
12.0
 40
12.0
 40
12.0
 40
13.0
 40
13.0
 40
13.0
 40
14.0
 40
14.0
 40
14.0
 40
15.0
 40
15.0
 40
15.0
 40
16.0
 40
16.0
 40
16.0
 40
17.0
 40
17.0
 40
17.0
 40
18.0
 40
18.0
 40
18.0
 40
19.0
 40
19.0
 40
19.0
 40
20.0
 40
20.0
 40
20.0
 40
21.0
 40
21.0
 40
21.0
 40
22.0
 40
22.0
 40
22.0
 40
23.0
 40
23.0
 40
23.0
 40
24.0
 40
24.0
 40
24.0
 40
25.0
 40
25.0
 40
25.0
 40
26.0
 40
26.0
 40
26.0
 40
27.0
 40
27.0
 40
27.0
 40
28.0
 40
28.0
 40
28.0
 40
29.0
 40
29.0
 40
29.0
 40
30.0
 40
30.0
 40
30.0
 40
31.0
 40
31.0
 40
31.0
 40
32.0
 40
32.0
 40
32.0
 40
33.0
 40
33.0
 40
33.0
 40
34.0
 40
34.0
 40
34.0
 40
35.0
 40
35.0
 40
35.0
 40
36.0
 40
36.0
 40
36.0
 40
37.0
 40
37.0
 40
37.0
 40
38.0
 40
38.0
 40
38.0
 40
39.0
 40
39.0
 40
39.0
 40
40.0
 40
40.0
 40
40.0
 40
41.0
 40
41.0
 40
41.0
 40
42.0
 40
42.0
 40
42.0
 40
43.0
 40
43.0
 40
43.0
 40
43.0
 10
-27.9248046875
 20
128.4384765625
 10
-27.9248046875
 20
128.4384765625
 10
-27.90771484375
 20
128.45703125
 10
-27.90771484375
 20
128.45703125
 10
-27.90771484375
 20
128.45703125
 10
-27.89501953125
 20
128.490234375
 10
-27.89501953125
 20
128.490234375
 10
-27.89501953125
 20
128.490234375
 10
-27.87109375
 20
128.5234375
 10
-27.87109375
 20
128.5234375
 10
-27.87109375
 20
128.5234375
 10
-27.8193359375
 20
128.5439453125
 10
-27.8193359375
 20
128.5439453125
 10
-27.8193359375
 20
128.5439453125
 10
-27.474609375
 20
128.57421875
 10
-27.474609375
 20
128.57421875
 10
-27.474609375
 20
128.57421875
 10
-27.12255859375
 20
128.564453125
 10
-27.12255859375
 20
128.564453125
 10
-27.12255859375
 20
128.564453125
 10
-26.80126953125
 20
128.5185546875
 10
-26.80126953125
 20
128.5185546875
 10
-26.80126953125
 20
128.5185546875
 10
-26.548828125
 20
128.4384765625
 10
-26.548828125
 20
128.4384765625
 10
-26.548828125
 20
128.4384765625
 10
-26.52685546875
 20
128.412109375
 10
-26.52685546875
 20
128.412109375
 10
-26.52685546875
 20
128.412109375
 10
-26.52001953125
 20
128.3779296875
 10
-26.52001953125
 20
128.3779296875
 10
-26.52001953125
 20
128.3779296875
 10
-26.5009765625
 20
128.34765625
 10
-26.5009765625
 20
128.34765625
 10
-26.5009765625
 20
128.34765625
 10
-26.44287109375
 20
128.33203125
 10
-26.44287109375
 20
128.33203125
 10
-26.44287109375
 20
128.33203125
 10
-26.03759765625
 20
128.0322265625
 10
-26.03759765625
 20
128.0322265625
 10
-26.03759765625
 20
128.0322265625
 10
-25.9130859375
 20
127.9091796875
 10
-25.9130859375
 20
127.9091796875
 10
-25.9130859375
 20
127.9091796875
 10
-25.9072265625
 20
127.8642578125
 10
-25.9072265625
 20
127.8642578125
 10
-25.9072265625
 20
127.8642578125
 10
-25.92431640625
 20
127.736328125
 10
-25.92431640625
 20
127.736328125
 10
-25.92431640625
 20
127.736328125
 10
-25.9130859375
 20
127.697265625
 10
-25.9130859375
 20
127.697265625
 10
-25.9130859375
 20
127.697265625
 10
-25.732421875
 20
127.5205078125
 10
-25.732421875
 20
127.5205078125
 10
-25.732421875
 20
127.5205078125
 10
-25.70166015625
 20
127.4853515625
 10
-25.70166015625
 20
127.4853515625
 10
-25.70166015625
 20
127.4853515625
 10
-25.734375
 20
126.6123046875
 10
-25.734375
 20
126.6123046875
 10
-25.734375
 20
126.6123046875
 10
-26.16552734375
 20
125.873046875
 10
-26.16552734375
 20
125.873046875
 10
-26.16552734375
 20
125.873046875
 10
-26.8681640625
 20
125.4375
 10
-26.8681640625
 20
125.4375
 10
-26.8681640625
 20
125.4375
 10
-27.71337890625
 20
125.4736328125
 10
-27.71337890625
 20
125.4736328125
 10
-27.71337890625
 20
125.4736328125
 10
-27.78759765625
 20
125.5048828125
 10
-27.78759765625
 20
125.5048828125
 10
-27.78759765625
 20
125.5048828125
 10
-27.9248046875
 20
125.5791015625
 10
-27.9248046875
 20
125.5791015625
 10
-27.9248046875
 20
125.5791015625
 10
-28.3583984375
 20
125.736328125
 10
-28.3583984375
 20
125.736328125
 10
-28.3583984375
 20
125.736328125
 10
-28.45458984375
 20
125.791015625
 10
-28.45458984375
 20
125.791015625
 10
-28.45458984375
 20
125.791015625
 10
-28.490234375
 20
125.8564453125
 10
-28.490234375
 20
125.8564453125
 10
-28.490234375
 20
125.8564453125
 10
-28.52685546875
 20
126.0390625
 10
-28.52685546875
 20
126.0390625
 10
-28.52685546875
 20
126.0390625
 10
-28.560546875
 20
126.1083984375
 10
-28.560546875
 20
126.1083984375
 10
-28.560546875
 20
126.1083984375
 10
-28.6025390625
 20
126.1328125
 10
-28.6025390625
 20
126.1328125
 10
-28.6025390625
 20
126.1328125
 10
-28.73779296875
 20
126.1904296875
 10
-28.73779296875
 20
126.1904296875
 10
-28.73779296875
 20
126.1904296875
 10
-28.77197265625
 20
126.21484375
 10
-28.77197265625
 20
126.21484375
 10
-28.77197265625
 20
126.21484375
 10
-28.8330078125
 20
126.4072265625
 10
-28.8330078125
 20
126.4072265625
 10
-28.8330078125
 20
126.4072265625
 10
-28.876953125
 20
126.671875
 10
-28.876953125
 20
126.671875
 10
-28.876953125
 20
126.671875
 10
-28.89501953125
 20
126.9716796875
 10
-28.89501953125
 20
126.9716796875
 10
-28.89501953125
 20
126.9716796875
 10
-28.8779296875
 20
127.2734375
 10
-28.8779296875
 20
127.2734375
 10
-28.8779296875
 20
127.2734375
 10
-28.8017578125
 20
127.5556640625
 10
-28.8017578125
 20
127.5556640625
 10
-28.8017578125
 20
127.5556640625
 10
-28.62548828125
 20
127.8896484375
 10
-28.62548828125
 20
127.8896484375
 10
-28.62548828125
 20
127.8896484375
 10
-28.3369140625
 20
128.20703125
 10
-28.3369140625
 20
128.20703125
 10
-28.3369140625
 20
128.20703125
 10
-27.9248046875
 20
128.4384765625
 10
-27.9248046875
 20
128.4384765625
 10
-27.9248046875
 20
128.4384765625
 10
-27.9248046875
 20
128.4384765625
 10
-27.9248046875
 20
128.4384765625
 10
-27.9248046875
 20
128.4384765625
 10
-27.9248046875
 20
128.4384765625
 10
-27.9248046875
 20
128.4384765625
 97
        0
 75
     0
 76
     1
 98
        0
  0
SPLINE
  5
154
330
1F
100
AcDbEntity
  8
Layer 1
370
     0
100
AcDbSpline
210
0.0
220
0.0
230
1.0
 70
    11
 71
     3
 72
   113
 73
   109
 74
     0
 42
0.0000000001
 43
0.0000000001
 40
0.0
 40
0.0
 40
0.0
 40
0.0
 40
1.0
 40
1.0
 40
1.0
 40
2.0
 40
2.0
 40
2.0
 40
3.0
 40
3.0
 40
3.0
 40
4.0
 40
4.0
 40
4.0
 40
5.0
 40
5.0
 40
5.0
 40
6.0
 40
6.0
 40
6.0
 40
7.0
 40
7.0
 40
7.0
 40
8.0
 40
8.0
 40
8.0
 40
9.0
 40
9.0
 40
9.0
 40
10.0
 40
10.0
 40
10.0
 40
11.0
 40
11.0
 40
11.0
 40
12.0
 40
12.0
 40
12.0
 40
13.0
 40
13.0
 40
13.0
 40
14.0
 40
14.0
 40
14.0
 40
15.0
 40
15.0
 40
15.0
 40
16.0
 40
16.0
 40
16.0
 40
17.0
 40
17.0
 40
17.0
 40
18.0
 40
18.0
 40
18.0
 40
19.0
 40
19.0
 40
19.0
 40
20.0
 40
20.0
 40
20.0
 40
21.0
 40
21.0
 40
21.0
 40
22.0
 40
22.0
 40
22.0
 40
23.0
 40
23.0
 40
23.0
 40
24.0
 40
24.0
 40
24.0
 40
25.0
 40
25.0
 40
25.0
 40
26.0
 40
26.0
 40
26.0
 40
27.0
 40
27.0
 40
27.0
 40
28.0
 40
28.0
 40
28.0
 40
29.0
 40
29.0
 40
29.0
 40
30.0
 40
30.0
 40
30.0
 40
31.0
 40
31.0
 40
31.0
 40
32.0
 40
32.0
 40
32.0
 40
33.0
 40
33.0
 40
33.0
 40
34.0
 40
34.0
 40
34.0
 40
35.0
 40
35.0
 40
35.0
 40
36.0
 40
36.0
 40
36.0
 40
36.0
 10
108.44970703125
 20
125.3671875
 30
0.0
 10
108.44970703125
 20
125.3671875
 30
0.0
 10
108.4833984375
 20
125.3876953125
 30
0.0
 10
108.4833984375
 20
125.3876953125
 30
0.0
 10
108.4833984375
 20
125.3876953125
 30
0.0
 10
108.52783203125
 20
125.4248046875
 30
0.0
 10
108.52783203125
 20
125.4248046875
 30
0.0
 10
108.52783203125
 20
125.4248046875
 30
0.0
 10
108.5859375
 20
125.4599609375
 30
0.0
 10
108.5859375
 20
125.4599609375
 30
0.0
 10
108.5859375
 20
125.4599609375
 30
0.0
 10
108.66162109375
 20
125.4736328125
 30
0.0
 10
108.66162109375
 20
125.4736328125
 30
0.0
 10
108.66162109375
 20
125.4736328125
 30
0.0
 10
109.10546875
 20
125.4013671875
 30
0.0
 10
109.10546875
 20
125.4013671875
 30
0.0
 10
109.10546875
 20
125.4013671875
 30
0.0
 10
109.490234375
 20
125.240234375
 30
0.0
 10
109.490234375
 20
125.240234375
 30
0.0
 10
109.490234375
 20
125.240234375
 30
0.0
 10
109.8046875
 20
125.0107421875
 30
0.0
 10
109.8046875
 20
125.0107421875
 30
0.0
 10
109.8046875
 20
125.0107421875
 30
0.0
 10
110.0380859375
 20
124.732421875
 30
0.0
 10
110.0380859375
 20
124.732421875
 30
0.0
 10
110.0380859375
 20
124.732421875
 30
0.0
 10
110.1748046875
 20
124.3984375
 30
0.0
 10
110.1748046875
 20
124.3984375
 30
0.0
 10
110.1748046875
 20
124.3984375
 30
0.0
 10
110.2587890625
 20
123.927734375
 30
0.0
 10
110.2587890625
 20
123.927734375
 30
0.0
 10
110.2587890625
 20
123.927734375
 30
0.0
 10
110.232421875
 20
123.435546875
 30
0.0
 10
110.232421875
 20
123.435546875
 30
0.0
 10
110.232421875
 20
123.435546875
 30
0.0
 10
110.0380859375
 20
123.0380859375
 30
0.0
 10
110.0380859375
 20
123.0380859375
 30
0.0
 10
110.0380859375
 20
123.0380859375
 30
0.0
 10
109.66650390625
 20
122.650390625
 30
0.0
 10
109.66650390625
 20
122.650390625
 30
0.0
 10
109.66650390625
 20
122.650390625
 30
0.0
 10
109.50830078125
 20
122.5087890625
 30
0.0
 10
109.50830078125
 20
122.5087890625
 30
0.0
 10
109.50830078125
 20
122.5087890625
 30
0.0
 10
109.328125
 20
122.4111328125
 30
0.0
 10
109.328125
 20
122.4111328125
 30
0.0
 10
109.328125
 20
122.4111328125
 30
0.0
 10
109.005859375
 20
122.306640625
 30
0.0
 10
109.005859375
 20
122.306640625
 30
0.0
 10
109.005859375
 20
122.306640625
 30
0.0
 10
108.5908203125
 20
122.25
 30
0.0
 10
108.5908203125
 20
122.25
 30
0.0
 10
108.5908203125
 20
122.25
 30
0.0
 10
108.1318359375
 20
122.296875
 30
0.0
 10
108.1318359375
 20
122.296875
 30
0.0
 10
108.1318359375
 20
122.296875
 30
0.0
 10
108.06005859375
 20
122.33984375
 30
0.0
 10
108.06005859375
 20
122.33984375
 30
0.0
 10
108.06005859375
 20
122.33984375
 30
0.0
 10
107.98876953125
 20
122.4091796875
 30
0.0
 10
107.98876953125
 20
122.4091796875
 30
0.0
 10
107.98876953125
 20
122.4091796875
 30
0.0
 10
107.90966796875
 20
122.4755859375
 30
0.0
 10
107.90966796875
 20
122.4755859375
 30
0.0
 10
107.90966796875
 20
122.4755859375
 30
0.0
 10
107.814453125
 20
122.5087890625
 30
0.0
 10
107.814453125
 20
122.5087890625
 30
0.0
 10
107.814453125
 20
122.5087890625
 30
0.0
 10
107.71728515625
 20
122.564453125
 30
0.0
 10
107.71728515625
 20
122.564453125
 30
0.0
 10
107.71728515625
 20
122.564453125
 30
0.0
 10
107.587890625
 20
122.6953125
 30
0.0
 10
107.587890625
 20
122.6953125
 30
0.0
 10
107.587890625
 20
122.6953125
 30
0.0
 10
107.28515625
 20
123.0380859375
 30
0.0
 10
107.28515625
 20
123.0380859375
 30
0.0
 10
107.28515625
 20
123.0380859375
 30
0.0
 10
107.119140625
 20
123.4033203125
 30
0.0
 10
107.119140625
 20
123.4033203125
 30
0.0
 10
107.119140625
 20
123.4033203125
 30
0.0
 10
107.09619140625
 20
123.90625
 30
0.0
 10
107.09619140625
 20
123.90625
 30
0.0
 10
107.09619140625
 20
123.90625
 30
0.0
 10
107.1943359375
 20
124.4248046875
 30
0.0
 10
107.1943359375
 20
124.4248046875
 30
0.0
 10
107.1943359375
 20
124.4248046875
 30
0.0
 10
107.390625
 20
124.837890625
 30
0.0
 10
107.390625
 20
124.837890625
 30
0.0
 10
107.390625
 20
124.837890625
 30
0.0
 10
107.51953125
 20
124.978515625
 30
0.0
 10
107.51953125
 20
124.978515625
 30
0.0
 10
107.51953125
 20
124.978515625
 30
0.0
 10
107.70849609375
 20
125.15625
 30
0.0
 10
107.70849609375
 20
125.15625
 30
0.0
 10
107.70849609375
 20
125.15625
 30
0.0
 10
107.8515625
 20
125.25
 30
0.0
 10
107.8515625
 20
125.25
 30
0.0
 10
107.8515625
 20
125.25
 30
0.0
 10
108.00146484375
 20
125.298828125
 30
0.0
 10
108.00146484375
 20
125.298828125
 30
0.0
 10
108.00146484375
 20
125.298828125
 30
0.0
 10
108.44970703125
 20
125.3671875
 30
0.0
 10
108.44970703125
 20
125.3671875
 30
0.0
 10
108.44970703125
 20
125.3671875
 30
0.0
 10
108.44970703125
 20
125.3671875
 30
0.0
 10
108.44970703125
 20
125.3671875
 30
0.0
 10
108.44970703125
 20
125.3671875
 30
0.0
 10
108.44970703125
 20
125.3671875
 30
0.0
 10
108.44970703125
 20
125.3671875
 30
0.0
  0
HATCH
  5
155
330
1F
100
AcDbEntity
  8
Layer 1
 62
     7
420
 16777215
100
AcDbHatch
 10
0.0
 20
0.0
 30
0.0
210
0.0
220
0.0
230
1.0
  2
SOLID
 70
     1
 71
     0
 91
        1
 92
        1
 93
        1
 72
     4
 94
        3
 73
     0
 74
     1
 95
      113
 96
      109
 40
0.0
 40
0.0
 40
0.0
 40
0.0
 40
1.0
 40
1.0
 40
1.0
 40
2.0
 40
2.0
 40
2.0
 40
3.0
 40
3.0
 40
3.0
 40
4.0
 40
4.0
 40
4.0
 40
5.0
 40
5.0
 40
5.0
 40
6.0
 40
6.0
 40
6.0
 40
7.0
 40
7.0
 40
7.0
 40
8.0
 40
8.0
 40
8.0
 40
9.0
 40
9.0
 40
9.0
 40
10.0
 40
10.0
 40
10.0
 40
11.0
 40
11.0
 40
11.0
 40
12.0
 40
12.0
 40
12.0
 40
13.0
 40
13.0
 40
13.0
 40
14.0
 40
14.0
 40
14.0
 40
15.0
 40
15.0
 40
15.0
 40
16.0
 40
16.0
 40
16.0
 40
17.0
 40
17.0
 40
17.0
 40
18.0
 40
18.0
 40
18.0
 40
19.0
 40
19.0
 40
19.0
 40
20.0
 40
20.0
 40
20.0
 40
21.0
 40
21.0
 40
21.0
 40
22.0
 40
22.0
 40
22.0
 40
23.0
 40
23.0
 40
23.0
 40
24.0
 40
24.0
 40
24.0
 40
25.0
 40
25.0
 40
25.0
 40
26.0
 40
26.0
 40
26.0
 40
27.0
 40
27.0
 40
27.0
 40
28.0
 40
28.0
 40
28.0
 40
29.0
 40
29.0
 40
29.0
 40
30.0
 40
30.0
 40
30.0
 40
31.0
 40
31.0
 40
31.0
 40
32.0
 40
32.0
 40
32.0
 40
33.0
 40
33.0
 40
33.0
 40
34.0
 40
34.0
 40
34.0
 40
35.0
 40
35.0
 40
35.0
 40
36.0
 40
36.0
 40
36.0
 40
36.0
 10
108.44970703125
 20
125.3671875
 10
108.44970703125
 20
125.3671875
 10
108.4833984375
 20
125.3876953125
 10
108.4833984375
 20
125.3876953125
 10
108.4833984375
 20
125.3876953125
 10
108.52783203125
 20
125.4248046875
 10
108.52783203125
 20
125.4248046875
 10
108.52783203125
 20
125.4248046875
 10
108.5859375
 20
125.4599609375
 10
108.5859375
 20
125.4599609375
 10
108.5859375
 20
125.4599609375
 10
108.66162109375
 20
125.4736328125
 10
108.66162109375
 20
125.4736328125
 10
108.66162109375
 20
125.4736328125
 10
109.10546875
 20
125.4013671875
 10
109.10546875
 20
125.4013671875
 10
109.10546875
 20
125.4013671875
 10
109.490234375
 20
125.240234375
 10
109.490234375
 20
125.240234375
 10
109.490234375
 20
125.240234375
 10
109.8046875
 20
125.0107421875
 10
109.8046875
 20
125.0107421875
 10
109.8046875
 20
125.0107421875
 10
110.0380859375
 20
124.732421875
 10
110.0380859375
 20
124.732421875
 10
110.0380859375
 20
124.732421875
 10
110.1748046875
 20
124.3984375
 10
110.1748046875
 20
124.3984375
 10
110.1748046875
 20
124.3984375
 10
110.2587890625
 20
123.927734375
 10
110.2587890625
 20
123.927734375
 10
110.2587890625
 20
123.927734375
 10
110.232421875
 20
123.435546875
 10
110.232421875
 20
123.435546875
 10
110.232421875
 20
123.435546875
 10
110.0380859375
 20
123.0380859375
 10
110.0380859375
 20
123.0380859375
 10
110.0380859375
 20
123.0380859375
 10
109.66650390625
 20
122.650390625
 10
109.66650390625
 20
122.650390625
 10
109.66650390625
 20
122.650390625
 10
109.50830078125
 20
122.5087890625
 10
109.50830078125
 20
122.5087890625
 10
109.50830078125
 20
122.5087890625
 10
109.328125
 20
122.4111328125
 10
109.328125
 20
122.4111328125
 10
109.328125
 20
122.4111328125
 10
109.005859375
 20
122.306640625
 10
109.005859375
 20
122.306640625
 10
109.005859375
 20
122.306640625
 10
108.5908203125
 20
122.25
 10
108.5908203125
 20
122.25
 10
108.5908203125
 20
122.25
 10
108.1318359375
 20
122.296875
 10
108.1318359375
 20
122.296875
 10
108.1318359375
 20
122.296875
 10
108.06005859375
 20
122.33984375
 10
108.06005859375
 20
122.33984375
 10
108.06005859375
 20
122.33984375
 10
107.98876953125
 20
122.4091796875
 10
107.98876953125
 20
122.4091796875
 10
107.98876953125
 20
122.4091796875
 10
107.90966796875
 20
122.4755859375
 10
107.90966796875
 20
122.4755859375
 10
107.90966796875
 20
122.4755859375
 10
107.814453125
 20
122.5087890625
 10
107.814453125
 20
122.5087890625
 10
107.814453125
 20
122.5087890625
 10
107.71728515625
 20
122.564453125
 10
107.71728515625
 20
122.564453125
 10
107.71728515625
 20
122.564453125
 10
107.587890625
 20
122.6953125
 10
107.587890625
 20
122.6953125
 10
107.587890625
 20
122.6953125
 10
107.28515625
 20
123.0380859375
 10
107.28515625
 20
123.0380859375
 10
107.28515625
 20
123.0380859375
 10
107.119140625
 20
123.4033203125
 10
107.119140625
 20
123.4033203125
 10
107.119140625
 20
123.4033203125
 10
107.09619140625
 20
123.90625
 10
107.09619140625
 20
123.90625
 10
107.09619140625
 20
123.90625
 10
107.1943359375
 20
124.4248046875
 10
107.1943359375
 20
124.4248046875
 10
107.1943359375
 20
124.4248046875
 10
107.390625
 20
124.837890625
 10
107.390625
 20
124.837890625
 10
107.390625
 20
124.837890625
 10
107.51953125
 20
124.978515625
 10
107.51953125
 20
124.978515625
 10
107.51953125
 20
124.978515625
 10
107.70849609375
 20
125.15625
 10
107.70849609375
 20
125.15625
 10
107.70849609375
 20
125.15625
 10
107.8515625
 20
125.25
 10
107.8515625
 20
125.25
 10
107.8515625
 20
125.25
 10
108.00146484375
 20
125.298828125
 10
108.00146484375
 20
125.298828125
 10
108.00146484375
 20
125.298828125
 10
108.44970703125
 20
125.3671875
 10
108.44970703125
 20
125.3671875
 10
108.44970703125
 20
125.3671875
 10
108.44970703125
 20
125.3671875
 10
108.44970703125
 20
125.3671875
 10
108.44970703125
 20
125.3671875
 10
108.44970703125
 20
125.3671875
 10
108.44970703125
 20
125.3671875
 97
        0
 75
     0
 76
     1
 98
        0
  0
SPLINE
  5
156
330
1F
100
AcDbEntity
  8
Layer 1
370
     0
100
AcDbSpline
210
0.0
220
0.0
230
1.0
 70
    11
 71
     3
 72
   134
 73
   130
 74
     0
 42
0.0000000001
 43
0.0000000001
 40
0.0
 40
0.0
 40
0.0
 40
0.0
 40
1.0
 40
1.0
 40
1.0
 40
2.0
 40
2.0
 40
2.0
 40
3.0
 40
3.0
 40
3.0
 40
4.0
 40
4.0
 40
4.0
 40
5.0
 40
5.0
 40
5.0
 40
6.0
 40
6.0
 40
6.0
 40
7.0
 40
7.0
 40
7.0
 40
8.0
 40
8.0
 40
8.0
 40
9.0
 40
9.0
 40
9.0
 40
10.0
 40
10.0
 40
10.0
 40
11.0
 40
11.0
 40
11.0
 40
12.0
 40
12.0
 40
12.0
 40
13.0
 40
13.0
 40
13.0
 40
14.0
 40
14.0
 40
14.0
 40
15.0
 40
15.0
 40
15.0
 40
16.0
 40
16.0
 40
16.0
 40
17.0
 40
17.0
 40
17.0
 40
18.0
 40
18.0
 40
18.0
 40
19.0
 40
19.0
 40
19.0
 40
20.0
 40
20.0
 40
20.0
 40
21.0
 40
21.0
 40
21.0
 40
22.0
 40
22.0
 40
22.0
 40
23.0
 40
23.0
 40
23.0
 40
24.0
 40
24.0
 40
24.0
 40
25.0
 40
25.0
 40
25.0
 40
26.0
 40
26.0
 40
26.0
 40
27.0
 40
27.0
 40
27.0
 40
28.0
 40
28.0
 40
28.0
 40
29.0
 40
29.0
 40
29.0
 40
30.0
 40
30.0
 40
30.0
 40
31.0
 40
31.0
 40
31.0
 40
32.0
 40
32.0
 40
32.0
 40
33.0
 40
33.0
 40
33.0
 40
34.0
 40
34.0
 40
34.0
 40
35.0
 40
35.0
 40
35.0
 40
36.0
 40
36.0
 40
36.0
 40
37.0
 40
37.0
 40
37.0
 40
38.0
 40
38.0
 40
38.0
 40
39.0
 40
39.0
 40
39.0
 40
40.0
 40
40.0
 40
40.0
 40
41.0
 40
41.0
 40
41.0
 40
42.0
 40
42.0
 40
42.0
 40
43.0
 40
43.0
 40
43.0
 40
43.0
 10
112.47314453125
 20
124.4150390625
 30
0.0
 10
112.47314453125
 20
124.4150390625
 30
0.0
 10
112.490234375
 20
124.43359375
 30
0.0
 10
112.490234375
 20
124.43359375
 30
0.0
 10
112.490234375
 20
124.43359375
 30
0.0
 10
112.50341796875
 20
124.466796875
 30
0.0
 10
112.50341796875
 20
124.466796875
 30
0.0
 10
112.50341796875
 20
124.466796875
 30
0.0
 10
112.52734375
 20
124.5
 30
0.0
 10
112.52734375
 20
124.5
 30
0.0
 10
112.52734375
 20
124.5
 30
0.0
 10
112.5791015625
 20
124.5205078125
 30
0.0
 10
112.5791015625
 20
124.5205078125
 30
0.0
 10
112.5791015625
 20
124.5205078125
 30
0.0
 10
112.9228515625
 20
124.55078125
 30
0.0
 10
112.9228515625
 20
124.55078125
 30
0.0
 10
112.9228515625
 20
124.55078125
 30
0.0
 10
113.275390625
 20
124.5419921875
 30
0.0
 10
113.275390625
 20
124.5419921875
 30
0.0
 10
113.275390625
 20
124.5419921875
 30
0.0
 10
113.59716796875
 20
124.49609375
 30
0.0
 10
113.59716796875
 20
124.49609375
 30
0.0
 10
113.59716796875
 20
124.49609375
 30
0.0
 10
113.849609375
 20
124.4150390625
 30
0.0
 10
113.849609375
 20
124.4150390625
 30
0.0
 10
113.849609375
 20
124.4150390625
 30
0.0
 10
113.87109375
 20
124.388671875
 30
0.0
 10
113.87109375
 20
124.388671875
 30
0.0
 10
113.87109375
 20
124.388671875
 30
0.0
 10
113.87841796875
 20
124.35546875
 30
0.0
 10
113.87841796875
 20
124.35546875
 30
0.0
 10
113.87841796875
 20
124.35546875
 30
0.0
 10
113.8974609375
 20
124.32421875
 30
0.0
 10
113.8974609375
 20
124.32421875
 30
0.0
 10
113.8974609375
 20
124.32421875
 30
0.0
 10
113.95556640625
 20
124.30859375
 30
0.0
 10
113.95556640625
 20
124.30859375
 30
0.0
 10
113.95556640625
 20
124.30859375
 30
0.0
 10
114.3603515625
 20
124.0087890625
 30
0.0
 10
114.3603515625
 20
124.0087890625
 30
0.0
 10
114.3603515625
 20
124.0087890625
 30
0.0
 10
114.48486328125
 20
123.884765625
 30
0.0
 10
114.48486328125
 20
123.884765625
 30
0.0
 10
114.48486328125
 20
123.884765625
 30
0.0
 10
114.4912109375
 20
123.83984375
 30
0.0
 10
114.4912109375
 20
123.83984375
 30
0.0
 10
114.4912109375
 20
123.83984375
 30
0.0
 10
114.47412109375
 20
123.712890625
 30
0.0
 10
114.47412109375
 20
123.712890625
 30
0.0
 10
114.47412109375
 20
123.712890625
 30
0.0
 10
114.48486328125
 20
123.673828125
 30
0.0
 10
114.48486328125
 20
123.673828125
 30
0.0
 10
114.48486328125
 20
123.673828125
 30
0.0
 10
114.666015625
 20
123.4970703125
 30
0.0
 10
114.666015625
 20
123.4970703125
 30
0.0
 10
114.666015625
 20
123.4970703125
 30
0.0
 10
114.69677734375
 20
123.4619140625
 30
0.0
 10
114.69677734375
 20
123.4619140625
 30
0.0
 10
114.69677734375
 20
123.4619140625
 30
0.0
 10
114.6640625
 20
122.58984375
 30
0.0
 10
114.6640625
 20
122.58984375
 30
0.0
 10
114.6640625
 20
122.58984375
 30
0.0
 10
114.2333984375
 20
121.8505859375
 30
0.0
 10
114.2333984375
 20
121.8505859375
 30
0.0
 10
114.2333984375
 20
121.8505859375
 30
0.0
 10
113.53173828125
 20
121.4140625
 30
0.0
 10
113.53173828125
 20
121.4140625
 30
0.0
 10
113.53173828125
 20
121.4140625
 30
0.0
 10
112.68505859375
 20
121.4501953125
 30
0.0
 10
112.68505859375
 20
121.4501953125
 30
0.0
 10
112.68505859375
 20
121.4501953125
 30
0.0
 10
112.61083984375
 20
121.4814453125
 30
0.0
 10
112.61083984375
 20
121.4814453125
 30
0.0
 10
112.61083984375
 20
121.4814453125
 30
0.0
 10
112.47314453125
 20
121.5556640625
 30
0.0
 10
112.47314453125
 20
121.5556640625
 30
0.0
 10
112.47314453125
 20
121.5556640625
 30
0.0
 10
112.03955078125
 20
121.712890625
 30
0.0
 10
112.03955078125
 20
121.712890625
 30
0.0
 10
112.03955078125
 20
121.712890625
 30
0.0
 10
111.94384765625
 20
121.767578125
 30
0.0
 10
111.94384765625
 20
121.767578125
 30
0.0
 10
111.94384765625
 20
121.767578125
 30
0.0
 10
111.90771484375
 20
121.8330078125
 30
0.0
 10
111.90771484375
 20
121.8330078125
 30
0.0
 10
111.90771484375
 20
121.8330078125
 30
0.0
 10
111.87158203125
 20
122.015625
 30
0.0
 10
111.87158203125
 20
122.015625
 30
0.0
 10
111.87158203125
 20
122.015625
 30
0.0
 10
111.837890625
 20
122.0849609375
 30
0.0
 10
111.837890625
 20
122.0849609375
 30
0.0
 10
111.837890625
 20
122.0849609375
 30
0.0
 10
111.7958984375
 20
122.109375
 30
0.0
 10
111.7958984375
 20
122.109375
 30
0.0
 10
111.7958984375
 20
122.109375
 30
0.0
 10
111.66064453125
 20
122.1669921875
 30
0.0
 10
111.66064453125
 20
122.1669921875
 30
0.0
 10
111.66064453125
 20
122.1669921875
 30
0.0
 10
111.6259765625
 20
122.19140625
 30
0.0
 10
111.6259765625
 20
122.19140625
 30
0.0
 10
111.6259765625
 20
122.19140625
 30
0.0
 10
111.5654296875
 20
122.3837890625
 30
0.0
 10
111.5654296875
 20
122.3837890625
 30
0.0
 10
111.5654296875
 20
122.3837890625
 30
0.0
 10
111.521484375
 20
122.6484375
 30
0.0
 10
111.521484375
 20
122.6484375
 30
0.0
 10
111.521484375
 20
122.6484375
 30
0.0
 10
111.50341796875
 20
122.9482421875
 30
0.0
 10
111.50341796875
 20
122.9482421875
 30
0.0
 10
111.50341796875
 20
122.9482421875
 30
0.0
 10
111.52001953125
 20
123.25
 30
0.0
 10
111.52001953125
 20
123.25
 30
0.0
 10
111.52001953125
 20
123.25
 30
0.0
 10
111.59619140625
 20
123.5322265625
 30
0.0
 10
111.59619140625
 20
123.5322265625
 30
0.0
 10
111.59619140625
 20
123.5322265625
 30
0.0
 10
111.7724609375
 20
123.8662109375
 30
0.0
 10
111.7724609375
 20
123.8662109375
 30
0.0
 10
111.7724609375
 20
123.8662109375
 30
0.0
 10
112.060546875
 20
124.18359375
 30
0.0
 10
112.060546875
 20
124.18359375
 30
0.0
 10
112.060546875
 20
124.18359375
 30
0.0
 10
112.47314453125
 20
124.4150390625
 30
0.0
 10
112.47314453125
 20
124.4150390625
 30
0.0
 10
112.47314453125
 20
124.4150390625
 30
0.0
 10
112.47314453125
 20
124.4150390625
 30
0.0
 10
112.47314453125
 20
124.4150390625
 30
0.0
 10
112.47314453125
 20
124.4150390625
 30
0.0
 10
112.47314453125
 20
124.4150390625
 30
0.0
 10
112.47314453125
 20
124.4150390625
 30
0.0
  0
HATCH
  5
157
330
1F
100
AcDbEntity
  8
Layer 1
 62
     7
420
 16777215
100
AcDbHatch
 10
0.0
 20
0.0
 30
0.0
210
0.0
220
0.0
230
1.0
  2
SOLID
 70
     1
 71
     0
 91
        1
 92
        1
 93
        1
 72
     4
 94
        3
 73
     0
 74
     1
 95
      134
 96
      130
 40
0.0
 40
0.0
 40
0.0
 40
0.0
 40
1.0
 40
1.0
 40
1.0
 40
2.0
 40
2.0
 40
2.0
 40
3.0
 40
3.0
 40
3.0
 40
4.0
 40
4.0
 40
4.0
 40
5.0
 40
5.0
 40
5.0
 40
6.0
 40
6.0
 40
6.0
 40
7.0
 40
7.0
 40
7.0
 40
8.0
 40
8.0
 40
8.0
 40
9.0
 40
9.0
 40
9.0
 40
10.0
 40
10.0
 40
10.0
 40
11.0
 40
11.0
 40
11.0
 40
12.0
 40
12.0
 40
12.0
 40
13.0
 40
13.0
 40
13.0
 40
14.0
 40
14.0
 40
14.0
 40
15.0
 40
15.0
 40
15.0
 40
16.0
 40
16.0
 40
16.0
 40
17.0
 40
17.0
 40
17.0
 40
18.0
 40
18.0
 40
18.0
 40
19.0
 40
19.0
 40
19.0
 40
20.0
 40
20.0
 40
20.0
 40
21.0
 40
21.0
 40
21.0
 40
22.0
 40
22.0
 40
22.0
 40
23.0
 40
23.0
 40
23.0
 40
24.0
 40
24.0
 40
24.0
 40
25.0
 40
25.0
 40
25.0
 40
26.0
 40
26.0
 40
26.0
 40
27.0
 40
27.0
 40
27.0
 40
28.0
 40
28.0
 40
28.0
 40
29.0
 40
29.0
 40
29.0
 40
30.0
 40
30.0
 40
30.0
 40
31.0
 40
31.0
 40
31.0
 40
32.0
 40
32.0
 40
32.0
 40
33.0
 40
33.0
 40
33.0
 40
34.0
 40
34.0
 40
34.0
 40
35.0
 40
35.0
 40
35.0
 40
36.0
 40
36.0
 40
36.0
 40
37.0
 40
37.0
 40
37.0
 40
38.0
 40
38.0
 40
38.0
 40
39.0
 40
39.0
 40
39.0
 40
40.0
 40
40.0
 40
40.0
 40
41.0
 40
41.0
 40
41.0
 40
42.0
 40
42.0
 40
42.0
 40
43.0
 40
43.0
 40
43.0
 40
43.0
 10
112.47314453125
 20
124.4150390625
 10
112.47314453125
 20
124.4150390625
 10
112.490234375
 20
124.43359375
 10
112.490234375
 20
124.43359375
 10
112.490234375
 20
124.43359375
 10
112.50341796875
 20
124.466796875
 10
112.50341796875
 20
124.466796875
 10
112.50341796875
 20
124.466796875
 10
112.52734375
 20
124.5
 10
112.52734375
 20
124.5
 10
112.52734375
 20
124.5
 10
112.5791015625
 20
124.5205078125
 10
112.5791015625
 20
124.5205078125
 10
112.5791015625
 20
124.5205078125
 10
112.9228515625
 20
124.55078125
 10
112.9228515625
 20
124.55078125
 10
112.9228515625
 20
124.55078125
 10
113.275390625
 20
124.5419921875
 10
113.275390625
 20
124.5419921875
 10
113.275390625
 20
124.5419921875
 10
113.59716796875
 20
124.49609375
 10
113.59716796875
 20
124.49609375
 10
113.59716796875
 20
124.49609375
 10
113.849609375
 20
124.4150390625
 10
113.849609375
 20
124.4150390625
 10
113.849609375
 20
124.4150390625
 10
113.87109375
 20
124.388671875
 10
113.87109375
 20
124.388671875
 10
113.87109375
 20
124.388671875
 10
113.87841796875
 20
124.35546875
 10
113.87841796875
 20
124.35546875
 10
113.87841796875
 20
124.35546875
 10
113.8974609375
 20
124.32421875
 10
113.8974609375
 20
124.32421875
 10
113.8974609375
 20
124.32421875
 10
113.95556640625
 20
124.30859375
 10
113.95556640625
 20
124.30859375
 10
113.95556640625
 20
124.30859375
 10
114.3603515625
 20
124.0087890625
 10
114.3603515625
 20
124.0087890625
 10
114.3603515625
 20
124.0087890625
 10
114.48486328125
 20
123.884765625
 10
114.48486328125
 20
123.884765625
 10
114.48486328125
 20
123.884765625
 10
114.4912109375
 20
123.83984375
 10
114.4912109375
 20
123.83984375
 10
114.4912109375
 20
123.83984375
 10
114.47412109375
 20
123.712890625
 10
114.47412109375
 20
123.712890625
 10
114.47412109375
 20
123.712890625
 10
114.48486328125
 20
123.673828125
 10
114.48486328125
 20
123.673828125
 10
114.48486328125
 20
123.673828125
 10
114.666015625
 20
123.4970703125
 10
114.666015625
 20
123.4970703125
 10
114.666015625
 20
123.4970703125
 10
114.69677734375
 20
123.4619140625
 10
114.69677734375
 20
123.4619140625
 10
114.69677734375
 20
123.4619140625
 10
114.6640625
 20
122.58984375
 10
114.6640625
 20
122.58984375
 10
114.6640625
 20
122.58984375
 10
114.2333984375
 20
121.8505859375
 10
114.2333984375
 20
121.8505859375
 10
114.2333984375
 20
121.8505859375
 10
113.53173828125
 20
121.4140625
 10
113.53173828125
 20
121.4140625
 10
113.53173828125
 20
121.4140625
 10
112.68505859375
 20
121.4501953125
 10
112.68505859375
 20
121.4501953125
 10
112.68505859375
 20
121.4501953125
 10
112.61083984375
 20
121.4814453125
 10
112.61083984375
 20
121.4814453125
 10
112.61083984375
 20
121.4814453125
 10
112.47314453125
 20
121.5556640625
 10
112.47314453125
 20
121.5556640625
 10
112.47314453125
 20
121.5556640625
 10
112.03955078125
 20
121.712890625
 10
112.03955078125
 20
121.712890625
 10
112.03955078125
 20
121.712890625
 10
111.94384765625
 20
121.767578125
 10
111.94384765625
 20
121.767578125
 10
111.94384765625
 20
121.767578125
 10
111.90771484375
 20
121.8330078125
 10
111.90771484375
 20
121.8330078125
 10
111.90771484375
 20
121.8330078125
 10
111.87158203125
 20
122.015625
 10
111.87158203125
 20
122.015625
 10
111.87158203125
 20
122.015625
 10
111.837890625
 20
122.0849609375
 10
111.837890625
 20
122.0849609375
 10
111.837890625
 20
122.0849609375
 10
111.7958984375
 20
122.109375
 10
111.7958984375
 20
122.109375
 10
111.7958984375
 20
122.109375
 10
111.66064453125
 20
122.1669921875
 10
111.66064453125
 20
122.1669921875
 10
111.66064453125
 20
122.1669921875
 10
111.6259765625
 20
122.19140625
 10
111.6259765625
 20
122.19140625
 10
111.6259765625
 20
122.19140625
 10
111.5654296875
 20
122.3837890625
 10
111.5654296875
 20
122.3837890625
 10
111.5654296875
 20
122.3837890625
 10
111.521484375
 20
122.6484375
 10
111.521484375
 20
122.6484375
 10
111.521484375
 20
122.6484375
 10
111.50341796875
 20
122.9482421875
 10
111.50341796875
 20
122.9482421875
 10
111.50341796875
 20
122.9482421875
 10
111.52001953125
 20
123.25
 10
111.52001953125
 20
123.25
 10
111.52001953125
 20
123.25
 10
111.59619140625
 20
123.5322265625
 10
111.59619140625
 20
123.5322265625
 10
111.59619140625
 20
123.5322265625
 10
111.7724609375
 20
123.8662109375
 10
111.7724609375
 20
123.8662109375
 10
111.7724609375
 20
123.8662109375
 10
112.060546875
 20
124.18359375
 10
112.060546875
 20
124.18359375
 10
112.060546875
 20
124.18359375
 10
112.47314453125
 20
124.4150390625
 10
112.47314453125
 20
124.4150390625
 10
112.47314453125
 20
124.4150390625
 10
112.47314453125
 20
124.4150390625
 10
112.47314453125
 20
124.4150390625
 10
112.47314453125
 20
124.4150390625
 10
112.47314453125
 20
124.4150390625
 10
112.47314453125
 20
124.4150390625
 97
        0
 75
     0
 76
     1
 98
        0
  0
POLYLINE
  5
158
330
1F
100
AcDbEntity
  8
Layer 1
370
     0
100
AcDb2dPolyline
 66
     1
 10
0.0
 20
0.0
 30
0.0
  0
VERTEX
  5
159
330
158
100
AcDbEntity
  8
Layer 1
370
     0
100
AcDbVertex
100
AcDb2dVertex
 10
130.9306640625
 20
41.7744140625
 30
0.0
  0
VERTEX
  5
15A
330
158
100
AcDbEntity
  8
Layer 1
370
     0
100
AcDbVertex
100
AcDb2dVertex
 10
131.36767578125
 20
41.7734375
 30
0.0
  0
VERTEX
  5
15B
330
158
100
AcDbEntity
  8
Layer 1
370
     0
100
AcDbVertex
100
AcDb2dVertex
 10
131.6376953125
 20
41.7216796875
 30
0.0
  0
VERTEX
  5
15C
330
158
100
AcDbEntity
  8
Layer 1
370
     0
100
AcDbVertex
100
AcDb2dVertex
 10
131.689453125
 20
41.640625
 30
0.0
  0
VERTEX
  5
15D
330
158
100
AcDbEntity
  8
Layer 1
370
     0
100
AcDbVertex
100
AcDb2dVertex
 10
131.708984375
 20
41.509765625
 30
0.0
  0
VERTEX
  5
15E
330
158
100
AcDbEntity
  8
Layer 1
370
     0
100
AcDbVertex
100
AcDb2dVertex
 10
131.7197265625
 20
41.3525390625
 30
0.0
  0
VERTEX
  5
15F
330
158
100
AcDbEntity
  8
Layer 1
370
     0
100
AcDbVertex
100
AcDb2dVertex
 10
131.74365234375
 20
41.1923828125
 30
0.0
  0
VERTEX
  5
160
330
158
100
AcDbEntity
  8
Layer 1
370
     0
100
AcDbVertex
100
AcDb2dVertex
 10
132.05908203125
 20
40.2880859375
 30
0.0
  0
VERTEX
  5
161
330
158
100
AcDbEntity
  8
Layer 1
370
     0
100
AcDbVertex
100
AcDb2dVertex
 10
132.216796875
 20
39.7314453125
 30
0.0
  0
VERTEX
  5
162
330
158
100
AcDbEntity
  8
Layer 1
370
     0
100
AcDbVertex
100
AcDb2dVertex
 10
132.27294921875
 20
39.1806640625
 30
0.0
  0
VERTEX
  5
163
330
158
100
AcDbEntity
  8
Layer 1
370
     0
100
AcDbVertex
100
AcDb2dVertex
 10
132.19091796875
 20
38.7646484375
 30
0.0
  0
VERTEX
  5
164
330
158
100
AcDbEntity
  8
Layer 1
370
     0
100
AcDbVertex
100
AcDb2dVertex
 10
132.00537109375
 20
38.248046875
 30
0.0
  0
VERTEX
  5
165
330
158
100
AcDbEntity
  8
Layer 1
370
     0
100
AcDbVertex
100
AcDb2dVertex
 10
130.89111328125
 20
35.6640625
 30
0.0
  0
VERTEX
  5
166
330
158
100
AcDbEntity
  8
Layer 1
370
     0
100
AcDbVertex
100
AcDb2dVertex
 10
130.7265625
 20
35.369140625
 30
0.0
  0
VERTEX
  5
167
330
158
100
AcDbEntity
  8
Layer 1
370
     0
100
AcDbVertex
100
AcDb2dVertex
 10
130.435546875
 20
35.28515625
 30
0.0
  0
VERTEX
  5
168
330
158
100
AcDbEntity
  8
Layer 1
370
     0
100
AcDbVertex
100
AcDb2dVertex
 10
129.0966796875
 20
35.580078125
 30
0.0
  0
VERTEX
  5
169
330
158
100
AcDbEntity
  8
Layer 1
370
     0
100
AcDbVertex
100
AcDb2dVertex
 10
125.0771484375
 20
36.4375
 30
0.0
  0
VERTEX
  5
16A
330
158
100
AcDbEntity
  8
Layer 1
370
     0
100
AcDbVertex
100
AcDb2dVertex
 10
124.4375
 20
36.533203125
 30
0.0
  0
VERTEX
  5
16B
330
158
100
AcDbEntity
  8
Layer 1
370
     0
100
AcDbVertex
100
AcDb2dVertex
 10
122.7041015625
 20
36.62109375
 30
0.0
  0
VERTEX
  5
16C
330
158
100
AcDbEntity
  8
Layer 1
370
     0
100
AcDbVertex
100
AcDb2dVertex
 10
114.54052734375
 20
36.5087890625
 30
0.0
  0
VERTEX
  5
16D
330
158
100
AcDbEntity
  8
Layer 1
370
     0
100
AcDbVertex
100
AcDb2dVertex
 10
114.46875
 20
36.7734375
 30
0.0
  0
VERTEX
  5
16E
330
158
100
AcDbEntity
  8
Layer 1
370
     0
100
AcDbVertex
100
AcDb2dVertex
 10
114.48486328125
 20
36.8515625
 30
0.0
  0
VERTEX
  5
16F
330
158
100
AcDbEntity
  8
Layer 1
370
     0
100
AcDbVertex
100
AcDb2dVertex
 10
114.908203125
 20
40.556640625
 30
0.0
  0
VERTEX
  5
170
330
158
100
AcDbEntity
  8
Layer 1
370
     0
100
AcDbVertex
100
AcDb2dVertex
 10
114.9677734375
 20
40.892578125
 30
0.0
  0
VERTEX
  5
171
330
158
100
AcDbEntity
  8
Layer 1
370
     0
100
AcDbVertex
100
AcDb2dVertex
 10
115.11376953125
 20
41.0341796875
 30
0.0
  0
VERTEX
  5
172
330
158
100
AcDbEntity
  8
Layer 1
370
     0
100
AcDbVertex
100
AcDb2dVertex
 10
115.44775390625
 20
41.068359375
 30
0.0
  0
VERTEX
  5
173
330
158
100
AcDbEntity
  8
Layer 1
370
     0
100
AcDbVertex
100
AcDb2dVertex
 10
130.9306640625
 20
41.7744140625
 30
0.0
  0
SEQEND
  5
174
330
158
100
AcDbEntity
  8
Layer 1
370
     0
  0
HATCH
  5
175
330
1F
100
AcDbEntity
  8
Layer 1
 62
     7
420
 16777215
100
AcDbHatch
 10
0.0
 20
0.0
 30
0.0
210
0.0
220
0.0
230
1.0
  2
SOLID
 70
     1
 71
     0
 91
        1
 92
        1
 93
       26
 72
     1
 10
130.9306640625
 20
41.7744140625
 11
131.36767578125
 21
41.7734375
 72
     1
 10
131.36767578125
 20
41.7734375
 11
131.6376953125
 21
41.7216796875
 72
     1
 10
131.6376953125
 20
41.7216796875
 11
131.689453125
 21
41.640625
 72
     1
 10
131.689453125
 20
41.640625
 11
131.708984375
 21
41.509765625
 72
     1
 10
131.708984375
 20
41.509765625
 11
131.7197265625
 21
41.3525390625
 72
     1
 10
131.7197265625
 20
41.3525390625
 11
131.74365234375
 21
41.1923828125
 72
     1
 10
131.74365234375
 20
41.1923828125
 11
132.05908203125
 21
40.2880859375
 72
     1
 10
132.05908203125
 20
40.2880859375
 11
132.216796875
 21
39.7314453125
 72
     1
 10
132.216796875
 20
39.7314453125
 11
132.27294921875
 21
39.1806640625
 72
     1
 10
132.27294921875
 20
39.1806640625
 11
132.19091796875
 21
38.7646484375
 72
     1
 10
132.19091796875
 20
38.7646484375
 11
132.00537109375
 21
38.248046875
 72
     1
 10
132.00537109375
 20
38.248046875
 11
130.89111328125
 21
35.6640625
 72
     1
 10
130.89111328125
 20
35.6640625
 11
130.7265625
 21
35.369140625
 72
     1
 10
130.7265625
 20
35.369140625
 11
130.435546875
 21
35.28515625
 72
     1
 10
130.435546875
 20
35.28515625
 11
129.0966796875
 21
35.580078125
 72
     1
 10
129.0966796875
 20
35.580078125
 11
125.0771484375
 21
36.4375
 72
     1
 10
125.0771484375
 20
36.4375
 11
124.4375
 21
36.533203125
 72
     1
 10
124.4375
 20
36.533203125
 11
122.7041015625
 21
36.62109375
 72
     1
 10
122.7041015625
 20
36.62109375
 11
114.54052734375
 21
36.5087890625
 72
     1
 10
114.54052734375
 20
36.5087890625
 11
114.46875
 21
36.7734375
 72
     1
 10
114.46875
 20
36.7734375
 11
114.48486328125
 21
36.8515625
 72
     1
 10
114.48486328125
 20
36.8515625
 11
114.908203125
 21
40.556640625
 72
     1
 10
114.908203125
 20
40.556640625
 11
114.9677734375
 21
40.892578125
 72
     1
 10
114.9677734375
 20
40.892578125
 11
115.11376953125
 21
41.0341796875
 72
     1
 10
115.11376953125
 20
41.0341796875
 11
115.44775390625
 21
41.068359375
 72
     1
 10
115.44775390625
 20
41.068359375
 11
130.9306640625
 21
41.7744140625
 97
        0
 75
     0
 76
     1
 98
        0
  0
SPLINE
  5
176
330
1F
100
AcDbEntity
  8
Layer 1
370
     0
100
AcDbSpline
210
0.0
220
0.0
230
1.0
 70
    11
 71
     3
 72
   302
 73
   298
 74
     0
 42
0.0000000001
 43
0.0000000001
 40
0.0
 40
0.0
 40
0.0
 40
0.0
 40
1.0
 40
1.0
 40
1.0
 40
2.0
 40
2.0
 40
2.0
 40
3.0
 40
3.0
 40
3.0
 40
4.0
 40
4.0
 40
4.0
 40
5.0
 40
5.0
 40
5.0
 40
6.0
 40
6.0
 40
6.0
 40
7.0
 40
7.0
 40
7.0
 40
8.0
 40
8.0
 40
8.0
 40
9.0
 40
9.0
 40
9.0
 40
10.0
 40
10.0
 40
10.0
 40
11.0
 40
11.0
 40
11.0
 40
12.0
 40
12.0
 40
12.0
 40
13.0
 40
13.0
 40
13.0
 40
14.0
 40
14.0
 40
14.0
 40
15.0
 40
15.0
 40
15.0
 40
16.0
 40
16.0
 40
16.0
 40
17.0
 40
17.0
 40
17.0
 40
18.0
 40
18.0
 40
18.0
 40
19.0
 40
19.0
 40
19.0
 40
20.0
 40
20.0
 40
20.0
 40
21.0
 40
21.0
 40
21.0
 40
22.0
 40
22.0
 40
22.0
 40
23.0
 40
23.0
 40
23.0
 40
24.0
 40
24.0
 40
24.0
 40
25.0
 40
25.0
 40
25.0
 40
26.0
 40
26.0
 40
26.0
 40
27.0
 40
27.0
 40
27.0
 40
28.0
 40
28.0
 40
28.0
 40
29.0
 40
29.0
 40
29.0
 40
30.0
 40
30.0
 40
30.0
 40
31.0
 40
31.0
 40
31.0
 40
32.0
 40
32.0
 40
32.0
 40
33.0
 40
33.0
 40
33.0
 40
34.0
 40
34.0
 40
34.0
 40
35.0
 40
35.0
 40
35.0
 40
36.0
 40
36.0
 40
36.0
 40
37.0
 40
37.0
 40
37.0
 40
38.0
 40
38.0
 40
38.0
 40
39.0
 40
39.0
 40
39.0
 40
40.0
 40
40.0
 40
40.0
 40
41.0
 40
41.0
 40
41.0
 40
42.0
 40
42.0
 40
42.0
 40
43.0
 40
43.0
 40
43.0
 40
44.0
 40
44.0
 40
44.0
 40
45.0
 40
45.0
 40
45.0
 40
46.0
 40
46.0
 40
46.0
 40
47.0
 40
47.0
 40
47.0
 40
48.0
 40
48.0
 40
48.0
 40
49.0
 40
49.0
 40
49.0
 40
50.0
 40
50.0
 40
50.0
 40
51.0
 40
51.0
 40
51.0
 40
52.0
 40
52.0
 40
52.0
 40
53.0
 40
53.0
 40
53.0
 40
54.0
 40
54.0
 40
54.0
 40
55.0
 40
55.0
 40
55.0
 40
56.0
 40
56.0
 40
56.0
 40
57.0
 40
57.0
 40
57.0
 40
58.0
 40
58.0
 40
58.0
 40
59.0
 40
59.0
 40
59.0
 40
60.0
 40
60.0
 40
60.0
 40
61.0
 40
61.0
 40
61.0
 40
62.0
 40
62.0
 40
62.0
 40
63.0
 40
63.0
 40
63.0
 40
64.0
 40
64.0
 40
64.0
 40
65.0
 40
65.0
 40
65.0
 40
66.0
 40
66.0
 40
66.0
 40
67.0
 40
67.0
 40
67.0
 40
68.0
 40
68.0
 40
68.0
 40
69.0
 40
69.0
 40
69.0
 40
70.0
 40
70.0
 40
70.0
 40
71.0
 40
71.0
 40
71.0
 40
72.0
 40
72.0
 40
72.0
 40
73.0
 40
73.0
 40
73.0
 40
74.0
 40
74.0
 40
74.0
 40
75.0
 40
75.0
 40
75.0
 40
76.0
 40
76.0
 40
76.0
 40
77.0
 40
77.0
 40
77.0
 40
78.0
 40
78.0
 40
78.0
 40
79.0
 40
79.0
 40
79.0
 40
80.0
 40
80.0
 40
80.0
 40
81.0
 40
81.0
 40
81.0
 40
82.0
 40
82.0
 40
82.0
 40
83.0
 40
83.0
 40
83.0
 40
84.0
 40
84.0
 40
84.0
 40
85.0
 40
85.0
 40
85.0
 40
86.0
 40
86.0
 40
86.0
 40
87.0
 40
87.0
 40
87.0
 40
88.0
 40
88.0
 40
88.0
 40
89.0
 40
89.0
 40
89.0
 40
90.0
 40
90.0
 40
90.0
 40
91.0
 40
91.0
 40
91.0
 40
92.0
 40
92.0
 40
92.0
 40
93.0
 40
93.0
 40
93.0
 40
94.0
 40
94.0
 40
94.0
 40
95.0
 40
95.0
 40
95.0
 40
96.0
 40
96.0
 40
96.0
 40
97.0
 40
97.0
 40
97.0
 40
98.0
 40
98.0
 40
98.0
 40
99.0
 40
99.0
 40
99.0
 40
99.0
 10
430.5390625
 20
-1.689453125
 30
0.0
 10
430.5390625
 20
-1.689453125
 30
0.0
 10
430.544921875
 20
-1.673828125
 30
0.0
 10
430.544921875
 20
-1.673828125
 30
0.0
 10
430.544921875
 20
-1.673828125
 30
0.0
 10
430.564453125
 20
-1.638671875
 30
0.0
 10
430.564453125
 20
-1.638671875
 30
0.0
 10
430.564453125
 20
-1.638671875
 30
0.0
 10
430.59765625
 20
-1.6025390625
 30
0.0
 10
430.59765625
 20
-1.6025390625
 30
0.0
 10
430.59765625
 20
-1.6025390625
 30
0.0
 10
430.6455078125
 20
-1.583984375
 30
0.0
 10
430.6455078125
 20
-1.583984375
 30
0.0
 10
430.6455078125
 20
-1.583984375
 30
0.0
 10
431.4033203125
 20
-1.56640625
 30
0.0
 10
431.4033203125
 20
-1.56640625
 30
0.0
 10
431.4033203125
 20
-1.56640625
 30
0.0
 10
432.1748046875
 20
-1.6259765625
 30
0.0
 10
432.1748046875
 20
-1.6259765625
 30
0.0
 10
432.1748046875
 20
-1.6259765625
 30
0.0
 10
432.896484375
 20
-1.7705078125
 30
0.0
 10
432.896484375
 20
-1.7705078125
 30
0.0
 10
432.896484375
 20
-1.7705078125
 30
0.0
 10
433.50390625
 20
-2.0068359375
 30
0.0
 10
433.50390625
 20
-2.0068359375
 30
0.0
 10
433.50390625
 20
-2.0068359375
 30
0.0
 10
433.66796875
 20
-2.1162109375
 30
0.0
 10
433.66796875
 20
-2.1162109375
 30
0.0
 10
433.66796875
 20
-2.1162109375
 30
0.0
 10
433.767578125
 20
-2.16796875
 30
0.0
 10
433.767578125
 20
-2.16796875
 30
0.0
 10
433.767578125
 20
-2.16796875
 30
0.0
 10
433.927734375
 20
-2.21875
 30
0.0
 10
433.927734375
 20
-2.21875
 30
0.0
 10
433.927734375
 20
-2.21875
 30
0.0
 10
434.2548828125
 20
-2.34765625
 30
0.0
 10
434.2548828125
 20
-2.34765625
 30
0.0
 10
434.2548828125
 20
-2.34765625
 30
0.0
 10
435.044921875
 20
-2.77734375
 30
0.0
 10
435.044921875
 20
-2.77734375
 30
0.0
 10
435.044921875
 20
-2.77734375
 30
0.0
 10
436.0927734375
 20
-3.27734375
 30
0.0
 10
436.0927734375
 20
-3.27734375
 30
0.0
 10
436.0927734375
 20
-3.27734375
 30
0.0
 10
437.400390625
 20
-4.0146484375
 30
0.0
 10
437.400390625
 20
-4.0146484375
 30
0.0
 10
437.400390625
 20
-4.0146484375
 30
0.0
 10
438.798828125
 20
-4.9716796875
 30
0.0
 10
438.798828125
 20
-4.9716796875
 30
0.0
 10
438.798828125
 20
-4.9716796875
 30
0.0
 10
438.8232421875
 20
-5.00390625
 30
0.0
 10
438.8232421875
 20
-5.00390625
 30
0.0
 10
438.8232421875
 20
-5.00390625
 30
0.0
 10
438.8271484375
 20
-5.037109375
 30
0.0
 10
438.8271484375
 20
-5.037109375
 30
0.0
 10
438.8271484375
 20
-5.037109375
 30
0.0
 10
438.84375
 20
-5.0634765625
 30
0.0
 10
438.84375
 20
-5.0634765625
 30
0.0
 10
438.84375
 20
-5.0634765625
 30
0.0
 10
438.904296875
 20
-5.078125
 30
0.0
 10
438.904296875
 20
-5.078125
 30
0.0
 10
438.904296875
 20
-5.078125
 30
0.0
 10
439.109375
 20
-5.22265625
 30
0.0
 10
439.109375
 20
-5.22265625
 30
0.0
 10
439.109375
 20
-5.22265625
 30
0.0
 10
439.84765625
 20
-5.9033203125
 30
0.0
 10
439.84765625
 20
-5.9033203125
 30
0.0
 10
439.84765625
 20
-5.9033203125
 30
0.0
 10
440.068359375
 20
-6.13671875
 30
0.0
 10
440.068359375
 20
-6.13671875
 30
0.0
 10
440.068359375
 20
-6.13671875
 30
0.0
 10
440.228515625
 20
-6.373046875
 30
0.0
 10
440.228515625
 20
-6.373046875
 30
0.0
 10
440.228515625
 20
-6.373046875
 30
0.0
 10
440.3115234375
 20
-6.5166015625
 30
0.0
 10
440.3115234375
 20
-6.5166015625
 30
0.0
 10
440.3115234375
 20
-6.5166015625
 30
0.0
 10
440.38671875
 20
-6.666015625
 30
0.0
 10
440.38671875
 20
-6.666015625
 30
0.0
 10
440.38671875
 20
-6.666015625
 30
0.0
 10
440.5380859375
 20
-7.3203125
 30
0.0
 10
440.5380859375
 20
-7.3203125
 30
0.0
 10
440.5380859375
 20
-7.3203125
 30
0.0
 10
440.634765625
 20
-8.35546875
 30
0.0
 10
440.634765625
 20
-8.35546875
 30
0.0
 10
440.634765625
 20
-8.35546875
 30
0.0
 10
440.6337890625
 20
-9.4453125
 30
0.0
 10
440.6337890625
 20
-9.4453125
 30
0.0
 10
440.6337890625
 20
-9.4453125
 30
0.0
 10
440.4921875
 20
-10.265625
 30
0.0
 10
440.4921875
 20
-10.265625
 30
0.0
 10
440.4921875
 20
-10.265625
 30
0.0
 10
439.7509765625
 20
-12.171875
 30
0.0
 10
439.7509765625
 20
-12.171875
 30
0.0
 10
439.7509765625
 20
-12.171875
 30
0.0
 10
439.1162109375
 20
-13.5478515625
 30
0.0
 10
439.1162109375
 20
-13.5478515625
 30
0.0
 10
439.1162109375
 20
-13.5478515625
 30
0.0
 10
439.01171875
 20
-13.7158203125
 30
0.0
 10
439.01171875
 20
-13.7158203125
 30
0.0
 10
439.01171875
 20
-13.7158203125
 30
0.0
 10
438.7861328125
 20
-14.0322265625
 30
0.0
 10
438.7861328125
 20
-14.0322265625
 30
0.0
 10
438.7861328125
 20
-14.0322265625
 30
0.0
 10
438.6923828125
 20
-14.18359375
 30
0.0
 10
438.6923828125
 20
-14.18359375
 30
0.0
 10
438.6923828125
 20
-14.18359375
 30
0.0
 10
438.22265625
 20
-15.2822265625
 30
0.0
 10
438.22265625
 20
-15.2822265625
 30
0.0
 10
438.22265625
 20
-15.2822265625
 30
0.0
 10
438.056640625
 20
-15.5595703125
 30
0.0
 10
438.056640625
 20
-15.5595703125
 30
0.0
 10
438.056640625
 20
-15.5595703125
 30
0.0
 10
437.830078125
 20
-15.7880859375
 30
0.0
 10
437.830078125
 20
-15.7880859375
 30
0.0
 10
437.830078125
 20
-15.7880859375
 30
0.0
 10
436.1787109375
 20
-16.951171875
 30
0.0
 10
436.1787109375
 20
-16.951171875
 30
0.0
 10
436.1787109375
 20
-16.951171875
 30
0.0
 10
435.7001953125
 20
-17.2333984375
 30
0.0
 10
435.7001953125
 20
-17.2333984375
 30
0.0
 10
435.7001953125
 20
-17.2333984375
 30
0.0
 10
435.12890625
 20
-17.33984375
 30
0.0
 10
435.12890625
 20
-17.33984375
 30
0.0
 10
435.12890625
 20
-17.33984375
 30
0.0
 10
434.2451171875
 20
-17.25390625
 30
0.0
 10
434.2451171875
 20
-17.25390625
 30
0.0
 10
434.2451171875
 20
-17.25390625
 30
0.0
 10
433.296875
 20
-17.0703125
 30
0.0
 10
433.296875
 20
-17.0703125
 30
0.0
 10
433.296875
 20
-17.0703125
 30
0.0
 10
433.1865234375
 20
-17.0419921875
 30
0.0
 10
433.1865234375
 20
-17.0419921875
 30
0.0
 10
433.1865234375
 20
-17.0419921875
 30
0.0
 10
433.1328125
 20
-17.0029296875
 30
0.0
 10
433.1328125
 20
-17.0029296875
 30
0.0
 10
433.1328125
 20
-17.0029296875
 30
0.0
 10
433.0205078125
 20
-16.8701171875
 30
0.0
 10
433.0205078125
 20
-16.8701171875
 30
0.0
 10
433.0205078125
 20
-16.8701171875
 30
0.0
 10
432.974609375
 20
-16.830078125
 30
0.0
 10
432.974609375
 20
-16.830078125
 30
0.0
 10
432.974609375
 20
-16.830078125
 30
0.0
 10
432.92578125
 20
-16.822265625
 30
0.0
 10
432.92578125
 20
-16.822265625
 30
0.0
 10
432.92578125
 20
-16.822265625
 30
0.0
 10
432.8134765625
 20
-16.8330078125
 30
0.0
 10
432.8134765625
 20
-16.8330078125
 30
0.0
 10
432.8134765625
 20
-16.8330078125
 30
0.0
 10
432.7626953125
 20
-16.830078125
 30
0.0
 10
432.7626953125
 20
-16.830078125
 30
0.0
 10
432.7626953125
 20
-16.830078125
 30
0.0
 10
432.70703125
 20
-16.8056640625
 30
0.0
 10
432.70703125
 20
-16.8056640625
 30
0.0
 10
432.70703125
 20
-16.8056640625
 30
0.0
 10
432.6904296875
 20
-16.77734375
 30
0.0
 10
432.6904296875
 20
-16.77734375
 30
0.0
 10
432.6904296875
 20
-16.77734375
 30
0.0
 10
432.6826171875
 20
-16.7490234375
 30
0.0
 10
432.6826171875
 20
-16.7490234375
 30
0.0
 10
432.6826171875
 20
-16.7490234375
 30
0.0
 10
432.6572265625
 20
-16.724609375
 30
0.0
 10
432.6572265625
 20
-16.724609375
 30
0.0
 10
432.6572265625
 20
-16.724609375
 30
0.0
 10
432.251953125
 20
-16.5693359375
 30
0.0
 10
432.251953125
 20
-16.5693359375
 30
0.0
 10
432.251953125
 20
-16.5693359375
 30
0.0
 10
432.1279296875
 20
-16.5126953125
 30
0.0
 10
432.1279296875
 20
-16.5126953125
 30
0.0
 10
432.1279296875
 20
-16.5126953125
 30
0.0
 10
432.0185546875
 20
-16.439453125
 30
0.0
 10
432.0185546875
 20
-16.439453125
 30
0.0
 10
432.0185546875
 20
-16.439453125
 30
0.0
 10
431.80859375
 20
-16.265625
 30
0.0
 10
431.80859375
 20
-16.265625
 30
0.0
 10
431.80859375
 20
-16.265625
 30
0.0
 10
431.7041015625
 20
-16.1953125
 30
0.0
 10
431.7041015625
 20
-16.1953125
 30
0.0
 10
431.7041015625
 20
-16.1953125
 30
0.0
 10
431.5673828125
 20
-16.1318359375
 30
0.0
 10
431.5673828125
 20
-16.1318359375
 30
0.0
 10
431.5673828125
 20
-16.1318359375
 30
0.0
 10
431.302734375
 20
-16.041015625
 30
0.0
 10
431.302734375
 20
-16.041015625
 30
0.0
 10
431.302734375
 20
-16.041015625
 30
0.0
 10
431.1748046875
 20
-15.9833984375
 30
0.0
 10
431.1748046875
 20
-15.9833984375
 30
0.0
 10
431.1748046875
 20
-15.9833984375
 30
0.0
 10
430.24609375
 20
-15.466796875
 30
0.0
 10
430.24609375
 20
-15.466796875
 30
0.0
 10
430.24609375
 20
-15.466796875
 30
0.0
 10
429.560546875
 20
-14.9990234375
 30
0.0
 10
429.560546875
 20
-14.9990234375
 30
0.0
 10
429.560546875
 20
-14.9990234375
 30
0.0
 10
428.994140625
 20
-14.44140625
 30
0.0
 10
428.994140625
 20
-14.44140625
 30
0.0
 10
428.994140625
 20
-14.44140625
 30
0.0
 10
428.421875
 20
-13.654296875
 30
0.0
 10
428.421875
 20
-13.654296875
 30
0.0
 10
428.421875
 20
-13.654296875
 30
0.0
 10
427.36328125
 20
-11.8544921875
 30
0.0
 10
427.36328125
 20
-11.8544921875
 30
0.0
 10
427.36328125
 20
-11.8544921875
 30
0.0
 10
427.259765625
 20
-11.7138671875
 30
0.0
 10
427.259765625
 20
-11.7138671875
 30
0.0
 10
427.259765625
 20
-11.7138671875
 30
0.0
 10
427.03125
 20
-11.453125
 30
0.0
 10
427.03125
 20
-11.453125
 30
0.0
 10
427.03125
 20
-11.453125
 30
0.0
 10
426.939453125
 20
-11.32421875
 30
0.0
 10
426.939453125
 20
-11.32421875
 30
0.0
 10
426.939453125
 20
-11.32421875
 30
0.0
 10
426.8994140625
 20
-11.220703125
 30
0.0
 10
426.8994140625
 20
-11.220703125
 30
0.0
 10
426.8994140625
 20
-11.220703125
 30
0.0
 10
426.87109375
 20
-11.009765625
 30
0.0
 10
426.87109375
 20
-11.009765625
 30
0.0
 10
426.87109375
 20
-11.009765625
 30
0.0
 10
426.833984375
 20
-10.9013671875
 30
0.0
 10
426.833984375
 20
-10.9013671875
 30
0.0
 10
426.833984375
 20
-10.9013671875
 30
0.0
 10
426.791015625
 20
-10.84765625
 30
0.0
 10
426.791015625
 20
-10.84765625
 30
0.0
 10
426.791015625
 20
-10.84765625
 30
0.0
 10
426.6630859375
 20
-10.73828125
 30
0.0
 10
426.6630859375
 20
-10.73828125
 30
0.0
 10
426.6630859375
 20
-10.73828125
 30
0.0
 10
426.6220703125
 20
-10.689453125
 30
0.0
 10
426.6220703125
 20
-10.689453125
 30
0.0
 10
426.6220703125
 20
-10.689453125
 30
0.0
 10
426.505859375
 20
-10.4580078125
 30
0.0
 10
426.505859375
 20
-10.4580078125
 30
0.0
 10
426.505859375
 20
-10.4580078125
 30
0.0
 10
426.4580078125
 20
-10.3310546875
 30
0.0
 10
426.4580078125
 20
-10.3310546875
 30
0.0
 10
426.4580078125
 20
-10.3310546875
 30
0.0
 10
426.388671875
 20
-10.08984375
 30
0.0
 10
426.388671875
 20
-10.08984375
 30
0.0
 10
426.388671875
 20
-10.08984375
 30
0.0
 10
426.33203125
 20
-9.9365234375
 30
0.0
 10
426.33203125
 20
-9.9365234375
 30
0.0
 10
426.33203125
 20
-9.9365234375
 30
0.0
 10
426.283203125
 20
-9.7724609375
 30
0.0
 10
426.283203125
 20
-9.7724609375
 30
0.0
 10
426.283203125
 20
-9.7724609375
 30
0.0
 10
426.2255859375
 20
-9.6181640625
 30
0.0
 10
426.2255859375
 20
-9.6181640625
 30
0.0
 10
426.2255859375
 20
-9.6181640625
 30
0.0
 10
426.1982421875
 20
-9.5244140625
 30
0.0
 10
426.1982421875
 20
-9.5244140625
 30
0.0
 10
426.1982421875
 20
-9.5244140625
 30
0.0
 10
426.0439453125
 20
-8.62890625
 30
0.0
 10
426.0439453125
 20
-8.62890625
 30
0.0
 10
426.0439453125
 20
-8.62890625
 30
0.0
 10
425.892578125
 20
-7.236328125
 30
0.0
 10
425.892578125
 20
-7.236328125
 30
0.0
 10
425.892578125
 20
-7.236328125
 30
0.0
 10
425.841796875
 20
-5.796875
 30
0.0
 10
425.841796875
 20
-5.796875
 30
0.0
 10
425.841796875
 20
-5.796875
 30
0.0
 10
425.986328125
 20
-4.759765625
 30
0.0
 10
425.986328125
 20
-4.759765625
 30
0.0
 10
425.986328125
 20
-4.759765625
 30
0.0
 10
426.1220703125
 20
-4.458984375
 30
0.0
 10
426.1220703125
 20
-4.458984375
 30
0.0
 10
426.1220703125
 20
-4.458984375
 30
0.0
 10
426.3046875
 20
-4.125
 30
0.0
 10
426.3046875
 20
-4.125
 30
0.0
 10
426.3046875
 20
-4.125
 30
0.0
 10
426.443359375
 20
-3.951171875
 30
0.0
 10
426.443359375
 20
-3.951171875
 30
0.0
 10
426.443359375
 20
-3.951171875
 30
0.0
 10
426.939453125
 20
-3.4892578125
 30
0.0
 10
426.939453125
 20
-3.4892578125
 30
0.0
 10
426.939453125
 20
-3.4892578125
 30
0.0
 10
427.55078125
 20
-2.78125
 30
0.0
 10
427.55078125
 20
-2.78125
 30
0.0
 10
427.55078125
 20
-2.78125
 30
0.0
 10
427.8701171875
 20
-2.4599609375
 30
0.0
 10
427.8701171875
 20
-2.4599609375
 30
0.0
 10
427.8701171875
 20
-2.4599609375
 30
0.0
 10
428.2099609375
 20
-2.21875
 30
0.0
 10
428.2099609375
 20
-2.21875
 30
0.0
 10
428.2099609375
 20
-2.21875
 30
0.0
 10
428.474609375
 20
-2.109375
 30
0.0
 10
428.474609375
 20
-2.109375
 30
0.0
 10
428.474609375
 20
-2.109375
 30
0.0
 10
429.9599609375
 20
-1.775390625
 30
0.0
 10
429.9599609375
 20
-1.775390625
 30
0.0
 10
429.9599609375
 20
-1.775390625
 30
0.0
 10
430.5390625
 20
-1.689453125
 30
0.0
 10
430.5390625
 20
-1.689453125
 30
0.0
 10
430.5390625
 20
-1.689453125
 30
0.0
 10
430.5390625
 20
-1.689453125
 30
0.0
 10
430.5390625
 20
-1.689453125
 30
0.0
 10
430.5390625
 20
-1.689453125
 30
0.0
 10
430.5390625
 20
-1.689453125
 30
0.0
 10
430.5390625
 20
-1.689453125
 30
0.0
  0
HATCH
  5
177
330
1F
100
AcDbEntity
  8
Layer 1
 62
     7
420
 16777215
100
AcDbHatch
 10
0.0
 20
0.0
 30
0.0
210
0.0
220
0.0
230
1.0
  2
SOLID
 70
     1
 71
     0
 91
        1
 92
        1
 93
        1
 72
     4
 94
        3
 73
     0
 74
     1
 95
      302
 96
      298
 40
0.0
 40
0.0
 40
0.0
 40
0.0
 40
1.0
 40
1.0
 40
1.0
 40
2.0
 40
2.0
 40
2.0
 40
3.0
 40
3.0
 40
3.0
 40
4.0
 40
4.0
 40
4.0
 40
5.0
 40
5.0
 40
5.0
 40
6.0
 40
6.0
 40
6.0
 40
7.0
 40
7.0
 40
7.0
 40
8.0
 40
8.0
 40
8.0
 40
9.0
 40
9.0
 40
9.0
 40
10.0
 40
10.0
 40
10.0
 40
11.0
 40
11.0
 40
11.0
 40
12.0
 40
12.0
 40
12.0
 40
13.0
 40
13.0
 40
13.0
 40
14.0
 40
14.0
 40
14.0
 40
15.0
 40
15.0
 40
15.0
 40
16.0
 40
16.0
 40
16.0
 40
17.0
 40
17.0
 40
17.0
 40
18.0
 40
18.0
 40
18.0
 40
19.0
 40
19.0
 40
19.0
 40
20.0
 40
20.0
 40
20.0
 40
21.0
 40
21.0
 40
21.0
 40
22.0
 40
22.0
 40
22.0
 40
23.0
 40
23.0
 40
23.0
 40
24.0
 40
24.0
 40
24.0
 40
25.0
 40
25.0
 40
25.0
 40
26.0
 40
26.0
 40
26.0
 40
27.0
 40
27.0
 40
27.0
 40
28.0
 40
28.0
 40
28.0
 40
29.0
 40
29.0
 40
29.0
 40
30.0
 40
30.0
 40
30.0
 40
31.0
 40
31.0
 40
31.0
 40
32.0
 40
32.0
 40
32.0
 40
33.0
 40
33.0
 40
33.0
 40
34.0
 40
34.0
 40
34.0
 40
35.0
 40
35.0
 40
35.0
 40
36.0
 40
36.0
 40
36.0
 40
37.0
 40
37.0
 40
37.0
 40
38.0
 40
38.0
 40
38.0
 40
39.0
 40
39.0
 40
39.0
 40
40.0
 40
40.0
 40
40.0
 40
41.0
 40
41.0
 40
41.0
 40
42.0
 40
42.0
 40
42.0
 40
43.0
 40
43.0
 40
43.0
 40
44.0
 40
44.0
 40
44.0
 40
45.0
 40
45.0
 40
45.0
 40
46.0
 40
46.0
 40
46.0
 40
47.0
 40
47.0
 40
47.0
 40
48.0
 40
48.0
 40
48.0
 40
49.0
 40
49.0
 40
49.0
 40
50.0
 40
50.0
 40
50.0
 40
51.0
 40
51.0
 40
51.0
 40
52.0
 40
52.0
 40
52.0
 40
53.0
 40
53.0
 40
53.0
 40
54.0
 40
54.0
 40
54.0
 40
55.0
 40
55.0
 40
55.0
 40
56.0
 40
56.0
 40
56.0
 40
57.0
 40
57.0
 40
57.0
 40
58.0
 40
58.0
 40
58.0
 40
59.0
 40
59.0
 40
59.0
 40
60.0
 40
60.0
 40
60.0
 40
61.0
 40
61.0
 40
61.0
 40
62.0
 40
62.0
 40
62.0
 40
63.0
 40
63.0
 40
63.0
 40
64.0
 40
64.0
 40
64.0
 40
65.0
 40
65.0
 40
65.0
 40
66.0
 40
66.0
 40
66.0
 40
67.0
 40
67.0
 40
67.0
 40
68.0
 40
68.0
 40
68.0
 40
69.0
 40
69.0
 40
69.0
 40
70.0
 40
70.0
 40
70.0
 40
71.0
 40
71.0
 40
71.0
 40
72.0
 40
72.0
 40
72.0
 40
73.0
 40
73.0
 40
73.0
 40
74.0
 40
74.0
 40
74.0
 40
75.0
 40
75.0
 40
75.0
 40
76.0
 40
76.0
 40
76.0
 40
77.0
 40
77.0
 40
77.0
 40
78.0
 40
78.0
 40
78.0
 40
79.0
 40
79.0
 40
79.0
 40
80.0
 40
80.0
 40
80.0
 40
81.0
 40
81.0
 40
81.0
 40
82.0
 40
82.0
 40
82.0
 40
83.0
 40
83.0
 40
83.0
 40
84.0
 40
84.0
 40
84.0
 40
85.0
 40
85.0
 40
85.0
 40
86.0
 40
86.0
 40
86.0
 40
87.0
 40
87.0
 40
87.0
 40
88.0
 40
88.0
 40
88.0
 40
89.0
 40
89.0
 40
89.0
 40
90.0
 40
90.0
 40
90.0
 40
91.0
 40
91.0
 40
91.0
 40
92.0
 40
92.0
 40
92.0
 40
93.0
 40
93.0
 40
93.0
 40
94.0
 40
94.0
 40
94.0
 40
95.0
 40
95.0
 40
95.0
 40
96.0
 40
96.0
 40
96.0
 40
97.0
 40
97.0
 40
97.0
 40
98.0
 40
98.0
 40
98.0
 40
99.0
 40
99.0
 40
99.0
 40
99.0
 10
430.5390625
 20
-1.689453125
 10
430.5390625
 20
-1.689453125
 10
430.544921875
 20
-1.673828125
 10
430.544921875
 20
-1.673828125
 10
430.544921875
 20
-1.673828125
 10
430.564453125
 20
-1.638671875
 10
430.564453125
 20
-1.638671875
 10
430.564453125
 20
-1.638671875
 10
430.59765625
 20
-1.6025390625
 10
430.59765625
 20
-1.6025390625
 10
430.59765625
 20
-1.6025390625
 10
430.6455078125
 20
-1.583984375
 10
430.6455078125
 20
-1.583984375
 10
430.6455078125
 20
-1.583984375
 10
431.4033203125
 20
-1.56640625
 10
431.4033203125
 20
-1.56640625
 10
431.4033203125
 20
-1.56640625
 10
432.1748046875
 20
-1.6259765625
 10
432.1748046875
 20
-1.6259765625
 10
432.1748046875
 20
-1.6259765625
 10
432.896484375
 20
-1.7705078125
 10
432.896484375
 20
-1.7705078125
 10
432.896484375
 20
-1.7705078125
 10
433.50390625
 20
-2.0068359375
 10
433.50390625
 20
-2.0068359375
 10
433.50390625
 20
-2.0068359375
 10
433.66796875
 20
-2.1162109375
 10
433.66796875
 20
-2.1162109375
 10
433.66796875
 20
-2.1162109375
 10
433.767578125
 20
-2.16796875
 10
433.767578125
 20
-2.16796875
 10
433.767578125
 20
-2.16796875
 10
433.927734375
 20
-2.21875
 10
433.927734375
 20
-2.21875
 10
433.927734375
 20
-2.21875
 10
434.2548828125
 20
-2.34765625
 10
434.2548828125
 20
-2.34765625
 10
434.2548828125
 20
-2.34765625
 10
435.044921875
 20
-2.77734375
 10
435.044921875
 20
-2.77734375
 10
435.044921875
 20
-2.77734375
 10
436.0927734375
 20
-3.27734375
 10
436.0927734375
 20
-3.27734375
 10
436.0927734375
 20
-3.27734375
 10
437.400390625
 20
-4.0146484375
 10
437.400390625
 20
-4.0146484375
 10
437.400390625
 20
-4.0146484375
 10
438.798828125
 20
-4.9716796875
 10
438.798828125
 20
-4.9716796875
 10
438.798828125
 20
-4.9716796875
 10
438.8232421875
 20
-5.00390625
 10
438.8232421875
 20
-5.00390625
 10
438.8232421875
 20
-5.00390625
 10
438.8271484375
 20
-5.037109375
 10
438.8271484375
 20
-5.037109375
 10
438.8271484375
 20
-5.037109375
 10
438.84375
 20
-5.0634765625
 10
438.84375
 20
-5.0634765625
 10
438.84375
 20
-5.0634765625
 10
438.904296875
 20
-5.078125
 10
438.904296875
 20
-5.078125
 10
438.904296875
 20
-5.078125
 10
439.109375
 20
-5.22265625
 10
439.109375
 20
-5.22265625
 10
439.109375
 20
-5.22265625
 10
439.84765625
 20
-5.9033203125
 10
439.84765625
 20
-5.9033203125
 10
439.84765625
 20
-5.9033203125
 10
440.068359375
 20
-6.13671875
 10
440.068359375
 20
-6.13671875
 10
440.068359375
 20
-6.13671875
 10
440.228515625
 20
-6.373046875
 10
440.228515625
 20
-6.373046875
 10
440.228515625
 20
-6.373046875
 10
440.3115234375
 20
-6.5166015625
 10
440.3115234375
 20
-6.5166015625
 10
440.3115234375
 20
-6.5166015625
 10
440.38671875
 20
-6.666015625
 10
440.38671875
 20
-6.666015625
 10
440.38671875
 20
-6.666015625
 10
440.5380859375
 20
-7.3203125
 10
440.5380859375
 20
-7.3203125
 10
440.5380859375
 20
-7.3203125
 10
440.634765625
 20
-8.35546875
 10
440.634765625
 20
-8.35546875
 10
440.634765625
 20
-8.35546875
 10
440.6337890625
 20
-9.4453125
 10
440.6337890625
 20
-9.4453125
 10
440.6337890625
 20
-9.4453125
 10
440.4921875
 20
-10.265625
 10
440.4921875
 20
-10.265625
 10
440.4921875
 20
-10.265625
 10
439.7509765625
 20
-12.171875
 10
439.7509765625
 20
-12.171875
 10
439.7509765625
 20
-12.171875
 10
439.1162109375
 20
-13.5478515625
 10
439.1162109375
 20
-13.5478515625
 10
439.1162109375
 20
-13.5478515625
 10
439.01171875
 20
-13.7158203125
 10
439.01171875
 20
-13.7158203125
 10
439.01171875
 20
-13.7158203125
 10
438.7861328125
 20
-14.0322265625
 10
438.7861328125
 20
-14.0322265625
 10
438.7861328125
 20
-14.0322265625
 10
438.6923828125
 20
-14.18359375
 10
438.6923828125
 20
-14.18359375
 10
438.6923828125
 20
-14.18359375
 10
438.22265625
 20
-15.2822265625
 10
438.22265625
 20
-15.2822265625
 10
438.22265625
 20
-15.2822265625
 10
438.056640625
 20
-15.5595703125
 10
438.056640625
 20
-15.5595703125
 10
438.056640625
 20
-15.5595703125
 10
437.830078125
 20
-15.7880859375
 10
437.830078125
 20
-15.7880859375
 10
437.830078125
 20
-15.7880859375
 10
436.1787109375
 20
-16.951171875
 10
436.1787109375
 20
-16.951171875
 10
436.1787109375
 20
-16.951171875
 10
435.7001953125
 20
-17.2333984375
 10
435.7001953125
 20
-17.2333984375
 10
435.7001953125
 20
-17.2333984375
 10
435.12890625
 20
-17.33984375
 10
435.12890625
 20
-17.33984375
 10
435.12890625
 20
-17.33984375
 10
434.2451171875
 20
-17.25390625
 10
434.2451171875
 20
-17.25390625
 10
434.2451171875
 20
-17.25390625
 10
433.296875
 20
-17.0703125
 10
433.296875
 20
-17.0703125
 10
433.296875
 20
-17.0703125
 10
433.1865234375
 20
-17.0419921875
 10
433.1865234375
 20
-17.0419921875
 10
433.1865234375
 20
-17.0419921875
 10
433.1328125
 20
-17.0029296875
 10
433.1328125
 20
-17.0029296875
 10
433.1328125
 20
-17.0029296875
 10
433.0205078125
 20
-16.8701171875
 10
433.0205078125
 20
-16.8701171875
 10
433.0205078125
 20
-16.8701171875
 10
432.974609375
 20
-16.830078125
 10
432.974609375
 20
-16.830078125
 10
432.974609375
 20
-16.830078125
 10
432.92578125
 20
-16.822265625
 10
432.92578125
 20
-16.822265625
 10
432.92578125
 20
-16.822265625
 10
432.8134765625
 20
-16.8330078125
 10
432.8134765625
 20
-16.8330078125
 10
432.8134765625
 20
-16.8330078125
 10
432.7626953125
 20
-16.830078125
 10
432.7626953125
 20
-16.830078125
 10
432.7626953125
 20
-16.830078125
 10
432.70703125
 20
-16.8056640625
 10
432.70703125
 20
-16.8056640625
 10
432.70703125
 20
-16.8056640625
 10
432.6904296875
 20
-16.77734375
 10
432.6904296875
 20
-16.77734375
 10
432.6904296875
 20
-16.77734375
 10
432.6826171875
 20
-16.7490234375
 10
432.6826171875
 20
-16.7490234375
 10
432.6826171875
 20
-16.7490234375
 10
432.6572265625
 20
-16.724609375
 10
432.6572265625
 20
-16.724609375
 10
432.6572265625
 20
-16.724609375
 10
432.251953125
 20
-16.5693359375
 10
432.251953125
 20
-16.5693359375
 10
432.251953125
 20
-16.5693359375
 10
432.1279296875
 20
-16.5126953125
 10
432.1279296875
 20
-16.5126953125
 10
432.1279296875
 20
-16.5126953125
 10
432.0185546875
 20
-16.439453125
 10
432.0185546875
 20
-16.439453125
 10
432.0185546875
 20
-16.439453125
 10
431.80859375
 20
-16.265625
 10
431.80859375
 20
-16.265625
 10
431.80859375
 20
-16.265625
 10
431.7041015625
 20
-16.1953125
 10
431.7041015625
 20
-16.1953125
 10
431.7041015625
 20
-16.1953125
 10
431.5673828125
 20
-16.1318359375
 10
431.5673828125
 20
-16.1318359375
 10
431.5673828125
 20
-16.1318359375
 10
431.302734375
 20
-16.041015625
 10
431.302734375
 20
-16.041015625
 10
431.302734375
 20
-16.041015625
 10
431.1748046875
 20
-15.9833984375
 10
431.1748046875
 20
-15.9833984375
 10
431.1748046875
 20
-15.9833984375
 10
430.24609375
 20
-15.466796875
 10
430.24609375
 20
-15.466796875
 10
430.24609375
 20
-15.466796875
 10
429.560546875
 20
-14.9990234375
 10
429.560546875
 20
-14.9990234375
 10
429.560546875
 20
-14.9990234375
 10
428.994140625
 20
-14.44140625
 10
428.994140625
 20
-14.44140625
 10
428.994140625
 20
-14.44140625
 10
428.421875
 20
-13.654296875
 10
428.421875
 20
-13.654296875
 10
428.421875
 20
-13.654296875
 10
427.36328125
 20
-11.8544921875
 10
427.36328125
 20
-11.8544921875
 10
427.36328125
 20
-11.8544921875
 10
427.259765625
 20
-11.7138671875
 10
427.259765625
 20
-11.7138671875
 10
427.259765625
 20
-11.7138671875
 10
427.03125
 20
-11.453125
 10
427.03125
 20
-11.453125
 10
427.03125
 20
-11.453125
 10
426.939453125
 20
-11.32421875
 10
426.939453125
 20
-11.32421875
 10
426.939453125
 20
-11.32421875
 10
426.8994140625
 20
-11.220703125
 10
426.8994140625
 20
-11.220703125
 10
426.8994140625
 20
-11.220703125
 10
426.87109375
 20
-11.009765625
 10
426.87109375
 20
-11.009765625
 10
426.87109375
 20
-11.009765625
 10
426.833984375
 20
-10.9013671875
 10
426.833984375
 20
-10.9013671875
 10
426.833984375
 20
-10.9013671875
 10
426.791015625
 20
-10.84765625
 10
426.791015625
 20
-10.84765625
 10
426.791015625
 20
-10.84765625
 10
426.6630859375
 20
-10.73828125
 10
426.6630859375
 20
-10.73828125
 10
426.6630859375
 20
-10.73828125
 10
426.6220703125
 20
-10.689453125
 10
426.6220703125
 20
-10.689453125
 10
426.6220703125
 20
-10.689453125
 10
426.505859375
 20
-10.4580078125
 10
426.505859375
 20
-10.4580078125
 10
426.505859375
 20
-10.4580078125
 10
426.4580078125
 20
-10.3310546875
 10
426.4580078125
 20
-10.3310546875
 10
426.4580078125
 20
-10.3310546875
 10
426.388671875
 20
-10.08984375
 10
426.388671875
 20
-10.08984375
 10
426.388671875
 20
-10.08984375
 10
426.33203125
 20
-9.9365234375
 10
426.33203125
 20
-9.9365234375
 10
426.33203125
 20
-9.9365234375
 10
426.283203125
 20
-9.7724609375
 10
426.283203125
 20
-9.7724609375
 10
426.283203125
 20
-9.7724609375
 10
426.2255859375
 20
-9.6181640625
 10
426.2255859375
 20
-9.6181640625
 10
426.2255859375
 20
-9.6181640625
 10
426.1982421875
 20
-9.5244140625
 10
426.1982421875
 20
-9.5244140625
 10
426.1982421875
 20
-9.5244140625
 10
426.0439453125
 20
-8.62890625
 10
426.0439453125
 20
-8.62890625
 10
426.0439453125
 20
-8.62890625
 10
425.892578125
 20
-7.236328125
 10
425.892578125
 20
-7.236328125
 10
425.892578125
 20
-7.236328125
 10
425.841796875
 20
-5.796875
 10
425.841796875
 20
-5.796875
 10
425.841796875
 20
-5.796875
 10
425.986328125
 20
-4.759765625
 10
425.986328125
 20
-4.759765625
 10
425.986328125
 20
-4.759765625
 10
426.1220703125
 20
-4.458984375
 10
426.1220703125
 20
-4.458984375
 10
426.1220703125
 20
-4.458984375
 10
426.3046875
 20
-4.125
 10
426.3046875
 20
-4.125
 10
426.3046875
 20
-4.125
 10
426.443359375
 20
-3.951171875
 10
426.443359375
 20
-3.951171875
 10
426.443359375
 20
-3.951171875
 10
426.939453125
 20
-3.4892578125
 10
426.939453125
 20
-3.4892578125
 10
426.939453125
 20
-3.4892578125
 10
427.55078125
 20
-2.78125
 10
427.55078125
 20
-2.78125
 10
427.55078125
 20
-2.78125
 10
427.8701171875
 20
-2.4599609375
 10
427.8701171875
 20
-2.4599609375
 10
427.8701171875
 20
-2.4599609375
 10
428.2099609375
 20
-2.21875
 10
428.2099609375
 20
-2.21875
 10
428.2099609375
 20
-2.21875
 10
428.474609375
 20
-2.109375
 10
428.474609375
 20
-2.109375
 10
428.474609375
 20
-2.109375
 10
429.9599609375
 20
-1.775390625
 10
429.9599609375
 20
-1.775390625
 10
429.9599609375
 20
-1.775390625
 10
430.5390625
 20
-1.689453125
 10
430.5390625
 20
-1.689453125
 10
430.5390625
 20
-1.689453125
 10
430.5390625
 20
-1.689453125
 10
430.5390625
 20
-1.689453125
 10
430.5390625
 20
-1.689453125
 10
430.5390625
 20
-1.689453125
 10
430.5390625
 20
-1.689453125
 97
        0
 75
     0
 76
     1
 98
        0
  0
SPLINE
  5
178
330
1F
100
AcDbEntity
  8
Layer 1
370
     0
100
AcDbSpline
210
0.0
220
0.0
230
1.0
 70
    11
 71
     3
 72
   134
 73
   130
 74
     0
 42
0.0000000001
 43
0.0000000001
 40
0.0
 40
0.0
 40
0.0
 40
0.0
 40
1.0
 40
1.0
 40
1.0
 40
2.0
 40
2.0
 40
2.0
 40
3.0
 40
3.0
 40
3.0
 40
4.0
 40
4.0
 40
4.0
 40
5.0
 40
5.0
 40
5.0
 40
6.0
 40
6.0
 40
6.0
 40
7.0
 40
7.0
 40
7.0
 40
8.0
 40
8.0
 40
8.0
 40
9.0
 40
9.0
 40
9.0
 40
10.0
 40
10.0
 40
10.0
 40
11.0
 40
11.0
 40
11.0
 40
12.0
 40
12.0
 40
12.0
 40
13.0
 40
13.0
 40
13.0
 40
14.0
 40
14.0
 40
14.0
 40
15.0
 40
15.0
 40
15.0
 40
16.0
 40
16.0
 40
16.0
 40
17.0
 40
17.0
 40
17.0
 40
18.0
 40
18.0
 40
18.0
 40
19.0
 40
19.0
 40
19.0
 40
20.0
 40
20.0
 40
20.0
 40
21.0
 40
21.0
 40
21.0
 40
22.0
 40
22.0
 40
22.0
 40
23.0
 40
23.0
 40
23.0
 40
24.0
 40
24.0
 40
24.0
 40
25.0
 40
25.0
 40
25.0
 40
26.0
 40
26.0
 40
26.0
 40
27.0
 40
27.0
 40
27.0
 40
28.0
 40
28.0
 40
28.0
 40
29.0
 40
29.0
 40
29.0
 40
30.0
 40
30.0
 40
30.0
 40
31.0
 40
31.0
 40
31.0
 40
32.0
 40
32.0
 40
32.0
 40
33.0
 40
33.0
 40
33.0
 40
34.0
 40
34.0
 40
34.0
 40
35.0
 40
35.0
 40
35.0
 40
36.0
 40
36.0
 40
36.0
 40
37.0
 40
37.0
 40
37.0
 40
38.0
 40
38.0
 40
38.0
 40
39.0
 40
39.0
 40
39.0
 40
40.0
 40
40.0
 40
40.0
 40
41.0
 40
41.0
 40
41.0
 40
42.0
 40
42.0
 40
42.0
 40
43.0
 40
43.0
 40
43.0
 40
43.0
 10
95.42626953125
 20
-1.9013671875
 30
0.0
 10
95.42626953125
 20
-1.9013671875
 30
0.0
 10
95.443359375
 20
-1.8818359375
 30
0.0
 10
95.443359375
 20
-1.8818359375
 30
0.0
 10
95.443359375
 20
-1.8818359375
 30
0.0
 10
95.45654296875
 20
-1.849609375
 30
0.0
 10
95.45654296875
 20
-1.849609375
 30
0.0
 10
95.45654296875
 20
-1.849609375
 30
0.0
 10
95.48046875
 20
-1.81640625
 30
0.0
 10
95.48046875
 20
-1.81640625
 30
0.0
 10
95.48046875
 20
-1.81640625
 30
0.0
 10
95.5322265625
 20
-1.794921875
 30
0.0
 10
95.5322265625
 20
-1.794921875
 30
0.0
 10
95.5322265625
 20
-1.794921875
 30
0.0
 10
95.87646484375
 20
-1.765625
 30
0.0
 10
95.87646484375
 20
-1.765625
 30
0.0
 10
95.87646484375
 20
-1.765625
 30
0.0
 10
96.22900390625
 20
-1.7744140625
 30
0.0
 10
96.22900390625
 20
-1.7744140625
 30
0.0
 10
96.22900390625
 20
-1.7744140625
 30
0.0
 10
96.55029296875
 20
-1.8203125
 30
0.0
 10
96.55029296875
 20
-1.8203125
 30
0.0
 10
96.55029296875
 20
-1.8203125
 30
0.0
 10
96.802734375
 20
-1.9013671875
 30
0.0
 10
96.802734375
 20
-1.9013671875
 30
0.0
 10
96.802734375
 20
-1.9013671875
 30
0.0
 10
96.82421875
 20
-1.927734375
 30
0.0
 10
96.82421875
 20
-1.927734375
 30
0.0
 10
96.82421875
 20
-1.927734375
 30
0.0
 10
96.83154296875
 20
-1.9609375
 30
0.0
 10
96.83154296875
 20
-1.9609375
 30
0.0
 10
96.83154296875
 20
-1.9609375
 30
0.0
 10
96.8505859375
 20
-1.9912109375
 30
0.0
 10
96.8505859375
 20
-1.9912109375
 30
0.0
 10
96.8505859375
 20
-1.9912109375
 30
0.0
 10
96.90869140625
 20
-2.0068359375
 30
0.0
 10
96.90869140625
 20
-2.0068359375
 30
0.0
 10
96.90869140625
 20
-2.0068359375
 30
0.0
 10
97.3134765625
 20
-2.306640625
 30
0.0
 10
97.3134765625
 20
-2.306640625
 30
0.0
 10
97.3134765625
 20
-2.306640625
 30
0.0
 10
97.43798828125
 20
-2.4306640625
 30
0.0
 10
97.43798828125
 20
-2.4306640625
 30
0.0
 10
97.43798828125
 20
-2.4306640625
 30
0.0
 10
97.4443359375
 20
-2.4755859375
 30
0.0
 10
97.4443359375
 20
-2.4755859375
 30
0.0
 10
97.4443359375
 20
-2.4755859375
 30
0.0
 10
97.42724609375
 20
-2.603515625
 30
0.0
 10
97.42724609375
 20
-2.603515625
 30
0.0
 10
97.42724609375
 20
-2.603515625
 30
0.0
 10
97.43798828125
 20
-2.642578125
 30
0.0
 10
97.43798828125
 20
-2.642578125
 30
0.0
 10
97.43798828125
 20
-2.642578125
 30
0.0
 10
97.619140625
 20
-2.8193359375
 30
0.0
 10
97.619140625
 20
-2.8193359375
 30
0.0
 10
97.619140625
 20
-2.8193359375
 30
0.0
 10
97.64990234375
 20
-2.8544921875
 30
0.0
 10
97.64990234375
 20
-2.8544921875
 30
0.0
 10
97.64990234375
 20
-2.8544921875
 30
0.0
 10
97.6171875
 20
-3.7265625
 30
0.0
 10
97.6171875
 20
-3.7265625
 30
0.0
 10
97.6171875
 20
-3.7265625
 30
0.0
 10
97.18603515625
 20
-4.4658203125
 30
0.0
 10
97.18603515625
 20
-4.4658203125
 30
0.0
 10
97.18603515625
 20
-4.4658203125
 30
0.0
 10
96.48388671875
 20
-4.90234375
 30
0.0
 10
96.48388671875
 20
-4.90234375
 30
0.0
 10
96.48388671875
 20
-4.90234375
 30
0.0
 10
95.63818359375
 20
-4.8662109375
 30
0.0
 10
95.63818359375
 20
-4.8662109375
 30
0.0
 10
95.63818359375
 20
-4.8662109375
 30
0.0
 10
95.56396484375
 20
-4.8349609375
 30
0.0
 10
95.56396484375
 20
-4.8349609375
 30
0.0
 10
95.56396484375
 20
-4.8349609375
 30
0.0
 10
95.42626953125
 20
-4.759765625
 30
0.0
 10
95.42626953125
 20
-4.759765625
 30
0.0
 10
95.42626953125
 20
-4.759765625
 30
0.0
 10
94.99267578125
 20
-4.603515625
 30
0.0
 10
94.99267578125
 20
-4.603515625
 30
0.0
 10
94.99267578125
 20
-4.603515625
 30
0.0
 10
94.89697265625
 20
-4.548828125
 30
0.0
 10
94.89697265625
 20
-4.548828125
 30
0.0
 10
94.89697265625
 20
-4.548828125
 30
0.0
 10
94.86083984375
 20
-4.482421875
 30
0.0
 10
94.86083984375
 20
-4.482421875
 30
0.0
 10
94.86083984375
 20
-4.482421875
 30
0.0
 10
94.82470703125
 20
-4.2998046875
 30
0.0
 10
94.82470703125
 20
-4.2998046875
 30
0.0
 10
94.82470703125
 20
-4.2998046875
 30
0.0
 10
94.791015625
 20
-4.23046875
 30
0.0
 10
94.791015625
 20
-4.23046875
 30
0.0
 10
94.791015625
 20
-4.23046875
 30
0.0
 10
94.7490234375
 20
-4.2060546875
 30
0.0
 10
94.7490234375
 20
-4.2060546875
 30
0.0
 10
94.7490234375
 20
-4.2060546875
 30
0.0
 10
94.61376953125
 20
-4.1484375
 30
0.0
 10
94.61376953125
 20
-4.1484375
 30
0.0
 10
94.61376953125
 20
-4.1484375
 30
0.0
 10
94.5791015625
 20
-4.125
 30
0.0
 10
94.5791015625
 20
-4.125
 30
0.0
 10
94.5791015625
 20
-4.125
 30
0.0
 10
94.5185546875
 20
-3.931640625
 30
0.0
 10
94.5185546875
 20
-3.931640625
 30
0.0
 10
94.5185546875
 20
-3.931640625
 30
0.0
 10
94.474609375
 20
-3.66796875
 30
0.0
 10
94.474609375
 20
-3.66796875
 30
0.0
 10
94.474609375
 20
-3.66796875
 30
0.0
 10
94.45654296875
 20
-3.3671875
 30
0.0
 10
94.45654296875
 20
-3.3671875
 30
0.0
 10
94.45654296875
 20
-3.3671875
 30
0.0
 10
94.4736328125
 20
-3.06640625
 30
0.0
 10
94.4736328125
 20
-3.06640625
 30
0.0
 10
94.4736328125
 20
-3.06640625
 30
0.0
 10
94.5498046875
 20
-2.783203125
 30
0.0
 10
94.5498046875
 20
-2.783203125
 30
0.0
 10
94.5498046875
 20
-2.783203125
 30
0.0
 10
94.7255859375
 20
-2.4501953125
 30
0.0
 10
94.7255859375
 20
-2.4501953125
 30
0.0
 10
94.7255859375
 20
-2.4501953125
 30
0.0
 10
95.01416015625
 20
-2.1328125
 30
0.0
 10
95.01416015625
 20
-2.1328125
 30
0.0
 10
95.01416015625
 20
-2.1328125
 30
0.0
 10
95.42626953125
 20
-1.9013671875
 30
0.0
 10
95.42626953125
 20
-1.9013671875
 30
0.0
 10
95.42626953125
 20
-1.9013671875
 30
0.0
 10
95.42626953125
 20
-1.9013671875
 30
0.0
 10
95.42626953125
 20
-1.9013671875
 30
0.0
 10
95.42626953125
 20
-1.9013671875
 30
0.0
 10
95.42626953125
 20
-1.9013671875
 30
0.0
 10
95.42626953125
 20
-1.9013671875
 30
0.0
  0
HATCH
  5
179
330
1F
100
AcDbEntity
  8
Layer 1
 62
     7
420
 16777215
100
AcDbHatch
 10
0.0
 20
0.0
 30
0.0
210
0.0
220
0.0
230
1.0
  2
SOLID
 70
     1
 71
     0
 91
        1
 92
        1
 93
        1
 72
     4
 94
        3
 73
     0
 74
     1
 95
      134
 96
      130
 40
0.0
 40
0.0
 40
0.0
 40
0.0
 40
1.0
 40
1.0
 40
1.0
 40
2.0
 40
2.0
 40
2.0
 40
3.0
 40
3.0
 40
3.0
 40
4.0
 40
4.0
 40
4.0
 40
5.0
 40
5.0
 40
5.0
 40
6.0
 40
6.0
 40
6.0
 40
7.0
 40
7.0
 40
7.0
 40
8.0
 40
8.0
 40
8.0
 40
9.0
 40
9.0
 40
9.0
 40
10.0
 40
10.0
 40
10.0
 40
11.0
 40
11.0
 40
11.0
 40
12.0
 40
12.0
 40
12.0
 40
13.0
 40
13.0
 40
13.0
 40
14.0
 40
14.0
 40
14.0
 40
15.0
 40
15.0
 40
15.0
 40
16.0
 40
16.0
 40
16.0
 40
17.0
 40
17.0
 40
17.0
 40
18.0
 40
18.0
 40
18.0
 40
19.0
 40
19.0
 40
19.0
 40
20.0
 40
20.0
 40
20.0
 40
21.0
 40
21.0
 40
21.0
 40
22.0
 40
22.0
 40
22.0
 40
23.0
 40
23.0
 40
23.0
 40
24.0
 40
24.0
 40
24.0
 40
25.0
 40
25.0
 40
25.0
 40
26.0
 40
26.0
 40
26.0
 40
27.0
 40
27.0
 40
27.0
 40
28.0
 40
28.0
 40
28.0
 40
29.0
 40
29.0
 40
29.0
 40
30.0
 40
30.0
 40
30.0
 40
31.0
 40
31.0
 40
31.0
 40
32.0
 40
32.0
 40
32.0
 40
33.0
 40
33.0
 40
33.0
 40
34.0
 40
34.0
 40
34.0
 40
35.0
 40
35.0
 40
35.0
 40
36.0
 40
36.0
 40
36.0
 40
37.0
 40
37.0
 40
37.0
 40
38.0
 40
38.0
 40
38.0
 40
39.0
 40
39.0
 40
39.0
 40
40.0
 40
40.0
 40
40.0
 40
41.0
 40
41.0
 40
41.0
 40
42.0
 40
42.0
 40
42.0
 40
43.0
 40
43.0
 40
43.0
 40
43.0
 10
95.42626953125
 20
-1.9013671875
 10
95.42626953125
 20
-1.9013671875
 10
95.443359375
 20
-1.8818359375
 10
95.443359375
 20
-1.8818359375
 10
95.443359375
 20
-1.8818359375
 10
95.45654296875
 20
-1.849609375
 10
95.45654296875
 20
-1.849609375
 10
95.45654296875
 20
-1.849609375
 10
95.48046875
 20
-1.81640625
 10
95.48046875
 20
-1.81640625
 10
95.48046875
 20
-1.81640625
 10
95.5322265625
 20
-1.794921875
 10
95.5322265625
 20
-1.794921875
 10
95.5322265625
 20
-1.794921875
 10
95.87646484375
 20
-1.765625
 10
95.87646484375
 20
-1.765625
 10
95.87646484375
 20
-1.765625
 10
96.22900390625
 20
-1.7744140625
 10
96.22900390625
 20
-1.7744140625
 10
96.22900390625
 20
-1.7744140625
 10
96.55029296875
 20
-1.8203125
 10
96.55029296875
 20
-1.8203125
 10
96.55029296875
 20
-1.8203125
 10
96.802734375
 20
-1.9013671875
 10
96.802734375
 20
-1.9013671875
 10
96.802734375
 20
-1.9013671875
 10
96.82421875
 20
-1.927734375
 10
96.82421875
 20
-1.927734375
 10
96.82421875
 20
-1.927734375
 10
96.83154296875
 20
-1.9609375
 10
96.83154296875
 20
-1.9609375
 10
96.83154296875
 20
-1.9609375
 10
96.8505859375
 20
-1.9912109375
 10
96.8505859375
 20
-1.9912109375
 10
96.8505859375
 20
-1.9912109375
 10
96.90869140625
 20
-2.0068359375
 10
96.90869140625
 20
-2.0068359375
 10
96.90869140625
 20
-2.0068359375
 10
97.3134765625
 20
-2.306640625
 10
97.3134765625
 20
-2.306640625
 10
97.3134765625
 20
-2.306640625
 10
97.43798828125
 20
-2.4306640625
 10
97.43798828125
 20
-2.4306640625
 10
97.43798828125
 20
-2.4306640625
 10
97.4443359375
 20
-2.4755859375
 10
97.4443359375
 20
-2.4755859375
 10
97.4443359375
 20
-2.4755859375
 10
97.42724609375
 20
-2.603515625
 10
97.42724609375
 20
-2.603515625
 10
97.42724609375
 20
-2.603515625
 10
97.43798828125
 20
-2.642578125
 10
97.43798828125
 20
-2.642578125
 10
97.43798828125
 20
-2.642578125
 10
97.619140625
 20
-2.8193359375
 10
97.619140625
 20
-2.8193359375
 10
97.619140625
 20
-2.8193359375
 10
97.64990234375
 20
-2.8544921875
 10
97.64990234375
 20
-2.8544921875
 10
97.64990234375
 20
-2.8544921875
 10
97.6171875
 20
-3.7265625
 10
97.6171875
 20
-3.7265625
 10
97.6171875
 20
-3.7265625
 10
97.18603515625
 20
-4.4658203125
 10
97.18603515625
 20
-4.4658203125
 10
97.18603515625
 20
-4.4658203125
 10
96.48388671875
 20
-4.90234375
 10
96.48388671875
 20
-4.90234375
 10
96.48388671875
 20
-4.90234375
 10
95.63818359375
 20
-4.8662109375
 10
95.63818359375
 20
-4.8662109375
 10
95.63818359375
 20
-4.8662109375
 10
95.56396484375
 20
-4.8349609375
 10
95.56396484375
 20
-4.8349609375
 10
95.56396484375
 20
-4.8349609375
 10
95.42626953125
 20
-4.759765625
 10
95.42626953125
 20
-4.759765625
 10
95.42626953125
 20
-4.759765625
 10
94.99267578125
 20
-4.603515625
 10
94.99267578125
 20
-4.603515625
 10
94.99267578125
 20
-4.603515625
 10
94.89697265625
 20
-4.548828125
 10
94.89697265625
 20
-4.548828125
 10
94.89697265625
 20
-4.548828125
 10
94.86083984375
 20
-4.482421875
 10
94.86083984375
 20
-4.482421875
 10
94.86083984375
 20
-4.482421875
 10
94.82470703125
 20
-4.2998046875
 10
94.82470703125
 20
-4.2998046875
 10
94.82470703125
 20
-4.2998046875
 10
94.791015625
 20
-4.23046875
 10
94.791015625
 20
-4.23046875
 10
94.791015625
 20
-4.23046875
 10
94.7490234375
 20
-4.2060546875
 10
94.7490234375
 20
-4.2060546875
 10
94.7490234375
 20
-4.2060546875
 10
94.61376953125
 20
-4.1484375
 10
94.61376953125
 20
-4.1484375
 10
94.61376953125
 20
-4.1484375
 10
94.5791015625
 20
-4.125
 10
94.5791015625
 20
-4.125
 10
94.5791015625
 20
-4.125
 10
94.5185546875
 20
-3.931640625
 10
94.5185546875
 20
-3.931640625
 10
94.5185546875
 20
-3.931640625
 10
94.474609375
 20
-3.66796875
 10
94.474609375
 20
-3.66796875
 10
94.474609375
 20
-3.66796875
 10
94.45654296875
 20
-3.3671875
 10
94.45654296875
 20
-3.3671875
 10
94.45654296875
 20
-3.3671875
 10
94.4736328125
 20
-3.06640625
 10
94.4736328125
 20
-3.06640625
 10
94.4736328125
 20
-3.06640625
 10
94.5498046875
 20
-2.783203125
 10
94.5498046875
 20
-2.783203125
 10
94.5498046875
 20
-2.783203125
 10
94.7255859375
 20
-2.4501953125
 10
94.7255859375
 20
-2.4501953125
 10
94.7255859375
 20
-2.4501953125
 10
95.01416015625
 20
-2.1328125
 10
95.01416015625
 20
-2.1328125
 10
95.01416015625
 20
-2.1328125
 10
95.42626953125
 20
-1.9013671875
 10
95.42626953125
 20
-1.9013671875
 10
95.42626953125
 20
-1.9013671875
 10
95.42626953125
 20
-1.9013671875
 10
95.42626953125
 20
-1.9013671875
 10
95.42626953125
 20
-1.9013671875
 10
95.42626953125
 20
-1.9013671875
 10
95.42626953125
 20
-1.9013671875
 97
        0
 75
     0
 76
     1
 98
        0
  0
POLYLINE
  5
17A
330
1F
100
AcDbEntity
  8
Layer 1
370
     0
100
AcDb2dPolyline
 66
     1
 10
0.0
 20
0.0
 30
0.0
  0
VERTEX
  5
17B
330
17A
100
AcDbEntity
  8
Layer 1
370
     0
100
AcDbVertex
100
AcDb2dVertex
 10
-147.5703125
 20
-54.1005859375
 30
0.0
  0
VERTEX
  5
17C
330
17A
100
AcDbEntity
  8
Layer 1
370
     0
100
AcDbVertex
100
AcDb2dVertex
 10
-147.4970703125
 20
-54.0390625
 30
0.0
  0
VERTEX
  5
17D
330
17A
100
AcDbEntity
  8
Layer 1
370
     0
100
AcDbVertex
100
AcDb2dVertex
 10
-147.43212890625
 20
-54.0009765625
 30
0.0
  0
VERTEX
  5
17E
330
17A
100
AcDbEntity
  8
Layer 1
370
     0
100
AcDbVertex
100
AcDb2dVertex
 10
-147.35888671875
 20
-53.9951171875
 30
0.0
  0
VERTEX
  5
17F
330
17A
100
AcDbEntity
  8
Layer 1
370
     0
100
AcDbVertex
100
AcDb2dVertex
 10
-147.1962890625
 20
-54.021484375
 30
0.0
  0
VERTEX
  5
180
330
17A
100
AcDbEntity
  8
Layer 1
370
     0
100
AcDbVertex
100
AcDb2dVertex
 10
-147.0615234375
 20
-54.0322265625
 30
0.0
  0
VERTEX
  5
181
330
17A
100
AcDbEntity
  8
Layer 1
370
     0
100
AcDbVertex
100
AcDb2dVertex
 10
-146.94287109375
 20
-54.05078125
 30
0.0
  0
VERTEX
  5
182
330
17A
100
AcDbEntity
  8
Layer 1
370
     0
100
AcDbVertex
100
AcDb2dVertex
 10
-146.82958984375
 20
-54.1005859375
 30
0.0
  0
VERTEX
  5
183
330
17A
100
AcDbEntity
  8
Layer 1
370
     0
100
AcDbVertex
100
AcDb2dVertex
 10
-146.76953125
 20
-54.166015625
 30
0.0
  0
VERTEX
  5
184
330
17A
100
AcDbEntity
  8
Layer 1
370
     0
100
AcDbVertex
100
AcDb2dVertex
 10
-146.6748046875
 20
-54.3505859375
 30
0.0
  0
VERTEX
  5
185
330
17A
100
AcDbEntity
  8
Layer 1
370
     0
100
AcDbVertex
100
AcDb2dVertex
 10
-146.61767578125
 20
-54.41796875
 30
0.0
  0
VERTEX
  5
186
330
17A
100
AcDbEntity
  8
Layer 1
370
     0
100
AcDbVertex
100
AcDb2dVertex
 10
-146.5078125
 20
-54.4794921875
 30
0.0
  0
VERTEX
  5
187
330
17A
100
AcDbEntity
  8
Layer 1
370
     0
100
AcDbVertex
100
AcDb2dVertex
 10
-146.29052734375
 20
-54.564453125
 30
0.0
  0
VERTEX
  5
188
330
17A
100
AcDbEntity
  8
Layer 1
370
     0
100
AcDbVertex
100
AcDb2dVertex
 10
-146.1943359375
 20
-54.6298828125
 30
0.0
  0
VERTEX
  5
189
330
17A
100
AcDbEntity
  8
Layer 1
370
     0
100
AcDbVertex
100
AcDb2dVertex
 10
-146.02490234375
 20
-55.04296875
 30
0.0
  0
VERTEX
  5
18A
330
17A
100
AcDbEntity
  8
Layer 1
370
     0
100
AcDbVertex
100
AcDb2dVertex
 10
-146.00146484375
 20
-55.6884765625
 30
0.0
  0
VERTEX
  5
18B
330
17A
100
AcDbEntity
  8
Layer 1
370
     0
100
AcDbVertex
100
AcDb2dVertex
 10
-146.31884765625
 20
-63.619140625
 30
0.0
  0
VERTEX
  5
18C
330
17A
100
AcDbEntity
  8
Layer 1
370
     0
100
AcDbVertex
100
AcDb2dVertex
 10
-146.37890625
 20
-63.95703125
 30
0.0
  0
VERTEX
  5
18D
330
17A
100
AcDbEntity
  8
Layer 1
370
     0
100
AcDbVertex
100
AcDb2dVertex
 10
-146.51171875
 20
-64.265625
 30
0.0
  0
VERTEX
  5
18E
330
17A
100
AcDbEntity
  8
Layer 1
370
     0
100
AcDbVertex
100
AcDb2dVertex
 10
-146.5771484375
 20
-64.3447265625
 30
0.0
  0
VERTEX
  5
18F
330
17A
100
AcDbEntity
  8
Layer 1
370
     0
100
AcDbVertex
100
AcDb2dVertex
 10
-146.7509765625
 20
-64.4951171875
 30
0.0
  0
VERTEX
  5
190
330
17A
100
AcDbEntity
  8
Layer 1
370
     0
100
AcDbVertex
100
AcDb2dVertex
 10
-146.82958984375
 20
-64.5830078125
 30
0.0
  0
VERTEX
  5
191
330
17A
100
AcDbEntity
  8
Layer 1
370
     0
100
AcDbVertex
100
AcDb2dVertex
 10
-147.091796875
 20
-65.025390625
 30
0.0
  0
VERTEX
  5
192
330
17A
100
AcDbEntity
  8
Layer 1
370
     0
100
AcDbVertex
100
AcDb2dVertex
 10
-147.21533203125
 20
-65.20703125
 30
0.0
  0
VERTEX
  5
193
330
17A
100
AcDbEntity
  8
Layer 1
370
     0
100
AcDbVertex
100
AcDb2dVertex
 10
-147.35888671875
 20
-65.32421875
 30
0.0
  0
VERTEX
  5
194
330
17A
100
AcDbEntity
  8
Layer 1
370
     0
100
AcDbVertex
100
AcDb2dVertex
 10
-147.939453125
 20
-65.4560546875
 30
0.0
  0
VERTEX
  5
195
330
17A
100
AcDbEntity
  8
Layer 1
370
     0
100
AcDbVertex
100
AcDb2dVertex
 10
-153.08984375
 20
-65.474609375
 30
0.0
  0
VERTEX
  5
196
330
17A
100
AcDbEntity
  8
Layer 1
370
     0
100
AcDbVertex
100
AcDb2dVertex
 10
-153.39404296875
 20
-65.4296875
 30
0.0
  0
VERTEX
  5
197
330
17A
100
AcDbEntity
  8
Layer 1
370
     0
100
AcDbVertex
100
AcDb2dVertex
 10
-153.5029296875
 20
-65.3388671875
 30
0.0
  0
VERTEX
  5
198
330
17A
100
AcDbEntity
  8
Layer 1
370
     0
100
AcDbVertex
100
AcDb2dVertex
 10
-153.8505859375
 20
-64.9521484375
 30
0.0
  0
VERTEX
  5
199
330
17A
100
AcDbEntity
  8
Layer 1
370
     0
100
AcDbVertex
100
AcDb2dVertex
 10
-154.029296875
 20
-64.794921875
 30
0.0
  0
VERTEX
  5
19A
330
17A
100
AcDbEntity
  8
Layer 1
370
     0
100
AcDbVertex
100
AcDb2dVertex
 10
-154.10791015625
 20
-64.7666015625
 30
0.0
  0
VERTEX
  5
19B
330
17A
100
AcDbEntity
  8
Layer 1
370
     0
100
AcDbVertex
100
AcDb2dVertex
 10
-154.20361328125
 20
-64.7529296875
 30
0.0
  0
VERTEX
  5
19C
330
17A
100
AcDbEntity
  8
Layer 1
370
     0
100
AcDbVertex
100
AcDb2dVertex
 10
-154.29150390625
 20
-64.732421875
 30
0.0
  0
VERTEX
  5
19D
330
17A
100
AcDbEntity
  8
Layer 1
370
     0
100
AcDbVertex
100
AcDb2dVertex
 10
-154.34716796875
 20
-64.6884765625
 30
0.0
  0
VERTEX
  5
19E
330
17A
100
AcDbEntity
  8
Layer 1
370
     0
100
AcDbVertex
100
AcDb2dVertex
 10
-154.40576171875
 20
-64.4697265625
 30
0.0
  0
VERTEX
  5
19F
330
17A
100
AcDbEntity
  8
Layer 1
370
     0
100
AcDbVertex
100
AcDb2dVertex
 10
-154.982421875
 20
-57.0654296875
 30
0.0
  0
VERTEX
  5
1A0
330
17A
100
AcDbEntity
  8
Layer 1
370
     0
100
AcDbVertex
100
AcDb2dVertex
 10
-155.080078125
 20
-56.4521484375
 30
0.0
  0
VERTEX
  5
1A1
330
17A
100
AcDbEntity
  8
Layer 1
370
     0
100
AcDbVertex
100
AcDb2dVertex
 10
-155.1162109375
 20
-56.03515625
 30
0.0
  0
VERTEX
  5
1A2
330
17A
100
AcDbEntity
  8
Layer 1
370
     0
100
AcDbVertex
100
AcDb2dVertex
 10
-155.087890625
 20
-55.6884765625
 30
0.0
  0
VERTEX
  5
1A3
330
17A
100
AcDbEntity
  8
Layer 1
370
     0
100
AcDbVertex
100
AcDb2dVertex
 10
-155.037109375
 20
-55.615234375
 30
0.0
  0
VERTEX
  5
1A4
330
17A
100
AcDbEntity
  8
Layer 1
370
     0
100
AcDbVertex
100
AcDb2dVertex
 10
-154.8056640625
 20
-55.41796875
 30
0.0
  0
VERTEX
  5
1A5
330
17A
100
AcDbEntity
  8
Layer 1
370
     0
100
AcDbVertex
100
AcDb2dVertex
 10
-154.66455078125
 20
-55.265625
 30
0.0
  0
VERTEX
  5
1A6
330
17A
100
AcDbEntity
  8
Layer 1
370
     0
100
AcDbVertex
100
AcDb2dVertex
 10
-154.5732421875
 20
-55.1181640625
 30
0.0
  0
VERTEX
  5
1A7
330
17A
100
AcDbEntity
  8
Layer 1
370
     0
100
AcDbVertex
100
AcDb2dVertex
 10
-154.42138671875
 20
-54.8173828125
 30
0.0
  0
VERTEX
  5
1A8
330
17A
100
AcDbEntity
  8
Layer 1
370
     0
100
AcDbVertex
100
AcDb2dVertex
 10
-154.34716796875
 20
-54.736328125
 30
0.0
  0
VERTEX
  5
1A9
330
17A
100
AcDbEntity
  8
Layer 1
370
     0
100
AcDbVertex
100
AcDb2dVertex
 10
-154.0791015625
 20
-54.65625
 30
0.0
  0
VERTEX
  5
1AA
330
17A
100
AcDbEntity
  8
Layer 1
370
     0
100
AcDbVertex
100
AcDb2dVertex
 10
-148.3798828125
 20
-54.1201171875
 30
0.0
  0
VERTEX
  5
1AB
330
17A
100
AcDbEntity
  8
Layer 1
370
     0
100
AcDbVertex
100
AcDb2dVertex
 10
-147.5703125
 20
-54.1005859375
 30
0.0
  0
VERTEX
  5
1AC
330
17A
100
AcDbEntity
  8
Layer 1
370
     0
100
AcDbVertex
100
AcDb2dVertex
 10
-147.5703125
 20
-54.1005859375
 30
0.0
  0
SEQEND
  5
1AD
330
17A
100
AcDbEntity
  8
Layer 1
370
     0
  0
HATCH
  5
1AE
330
1F
100
AcDbEntity
  8
Layer 1
 62
     7
420
 16777215
100
AcDbHatch
 10
0.0
 20
0.0
 30
0.0
210
0.0
220
0.0
230
1.0
  2
SOLID
 70
     1
 71
     0
 91
        1
 92
        1
 93
       48
 72
     1
 10
-147.5703125
 20
-54.1005859375
 11
-147.4970703125
 21
-54.0390625
 72
     1
 10
-147.4970703125
 20
-54.0390625
 11
-147.43212890625
 21
-54.0009765625
 72
     1
 10
-147.43212890625
 20
-54.0009765625
 11
-147.35888671875
 21
-53.9951171875
 72
     1
 10
-147.35888671875
 20
-53.9951171875
 11
-147.1962890625
 21
-54.021484375
 72
     1
 10
-147.1962890625
 20
-54.021484375
 11
-147.0615234375
 21
-54.0322265625
 72
     1
 10
-147.0615234375
 20
-54.0322265625
 11
-146.94287109375
 21
-54.05078125
 72
     1
 10
-146.94287109375
 20
-54.05078125
 11
-146.82958984375
 21
-54.1005859375
 72
     1
 10
-146.82958984375
 20
-54.1005859375
 11
-146.76953125
 21
-54.166015625
 72
     1
 10
-146.76953125
 20
-54.166015625
 11
-146.6748046875
 21
-54.3505859375
 72
     1
 10
-146.6748046875
 20
-54.3505859375
 11
-146.61767578125
 21
-54.41796875
 72
     1
 10
-146.61767578125
 20
-54.41796875
 11
-146.5078125
 21
-54.4794921875
 72
     1
 10
-146.5078125
 20
-54.4794921875
 11
-146.29052734375
 21
-54.564453125
 72
     1
 10
-146.29052734375
 20
-54.564453125
 11
-146.1943359375
 21
-54.6298828125
 72
     1
 10
-146.1943359375
 20
-54.6298828125
 11
-146.02490234375
 21
-55.04296875
 72
     1
 10
-146.02490234375
 20
-55.04296875
 11
-146.00146484375
 21
-55.6884765625
 72
     1
 10
-146.00146484375
 20
-55.6884765625
 11
-146.31884765625
 21
-63.619140625
 72
     1
 10
-146.31884765625
 20
-63.619140625
 11
-146.37890625
 21
-63.95703125
 72
     1
 10
-146.37890625
 20
-63.95703125
 11
-146.51171875
 21
-64.265625
 72
     1
 10
-146.51171875
 20
-64.265625
 11
-146.5771484375
 21
-64.3447265625
 72
     1
 10
-146.5771484375
 20
-64.3447265625
 11
-146.7509765625
 21
-64.4951171875
 72
     1
 10
-146.7509765625
 20
-64.4951171875
 11
-146.82958984375
 21
-64.5830078125
 72
     1
 10
-146.82958984375
 20
-64.5830078125
 11
-147.091796875
 21
-65.025390625
 72
     1
 10
-147.091796875
 20
-65.025390625
 11
-147.21533203125
 21
-65.20703125
 72
     1
 10
-147.21533203125
 20
-65.20703125
 11
-147.35888671875
 21
-65.32421875
 72
     1
 10
-147.35888671875
 20
-65.32421875
 11
-147.939453125
 21
-65.4560546875
 72
     1
 10
-147.939453125
 20
-65.4560546875
 11
-153.08984375
 21
-65.474609375
 72
     1
 10
-153.08984375
 20
-65.474609375
 11
-153.39404296875
 21
-65.4296875
 72
     1
 10
-153.39404296875
 20
-65.4296875
 11
-153.5029296875
 21
-65.3388671875
 72
     1
 10
-153.5029296875
 20
-65.3388671875
 11
-153.8505859375
 21
-64.9521484375
 72
     1
 10
-153.8505859375
 20
-64.9521484375
 11
-154.029296875
 21
-64.794921875
 72
     1
 10
-154.029296875
 20
-64.794921875
 11
-154.10791015625
 21
-64.7666015625
 72
     1
 10
-154.10791015625
 20
-64.7666015625
 11
-154.20361328125
 21
-64.7529296875
 72
     1
 10
-154.20361328125
 20
-64.7529296875
 11
-154.29150390625
 21
-64.732421875
 72
     1
 10
-154.29150390625
 20
-64.732421875
 11
-154.34716796875
 21
-64.6884765625
 72
     1
 10
-154.34716796875
 20
-64.6884765625
 11
-154.40576171875
 21
-64.4697265625
 72
     1
 10
-154.40576171875
 20
-64.4697265625
 11
-154.982421875
 21
-57.0654296875
 72
     1
 10
-154.982421875
 20
-57.0654296875
 11
-155.080078125
 21
-56.4521484375
 72
     1
 10
-155.080078125
 20
-56.4521484375
 11
-155.1162109375
 21
-56.03515625
 72
     1
 10
-155.1162109375
 20
-56.03515625
 11
-155.087890625
 21
-55.6884765625
 72
     1
 10
-155.087890625
 20
-55.6884765625
 11
-155.037109375
 21
-55.615234375
 72
     1
 10
-155.037109375
 20
-55.615234375
 11
-154.8056640625
 21
-55.41796875
 72
     1
 10
-154.8056640625
 20
-55.41796875
 11
-154.66455078125
 21
-55.265625
 72
     1
 10
-154.66455078125
 20
-55.265625
 11
-154.5732421875
 21
-55.1181640625
 72
     1
 10
-154.5732421875
 20
-55.1181640625
 11
-154.42138671875
 21
-54.8173828125
 72
     1
 10
-154.42138671875
 20
-54.8173828125
 11
-154.34716796875
 21
-54.736328125
 72
     1
 10
-154.34716796875
 20
-54.736328125
 11
-154.0791015625
 21
-54.65625
 72
     1
 10
-154.0791015625
 20
-54.65625
 11
-148.3798828125
 21
-54.1201171875
 72
     1
 10
-148.3798828125
 20
-54.1201171875
 11
-147.5703125
 21
-54.1005859375
 97
        0
 75
     0
 76
     1
 98
        0
  0
SPLINE
  5
1AF
330
1F
100
AcDbEntity
  8
Layer 1
370
     0
100
AcDbSpline
210
0.0
220
0.0
230
1.0
 70
    11
 71
     3
 72
   290
 73
   286
 74
     0
 42
0.0000000001
 43
0.0000000001
 40
0.0
 40
0.0
 40
0.0
 40
0.0
 40
1.0
 40
1.0
 40
1.0
 40
2.0
 40
2.0
 40
2.0
 40
3.0
 40
3.0
 40
3.0
 40
4.0
 40
4.0
 40
4.0
 40
5.0
 40
5.0
 40
5.0
 40
6.0
 40
6.0
 40
6.0
 40
7.0
 40
7.0
 40
7.0
 40
8.0
 40
8.0
 40
8.0
 40
9.0
 40
9.0
 40
9.0
 40
10.0
 40
10.0
 40
10.0
 40
11.0
 40
11.0
 40
11.0
 40
12.0
 40
12.0
 40
12.0
 40
13.0
 40
13.0
 40
13.0
 40
14.0
 40
14.0
 40
14.0
 40
15.0
 40
15.0
 40
15.0
 40
16.0
 40
16.0
 40
16.0
 40
17.0
 40
17.0
 40
17.0
 40
18.0
 40
18.0
 40
18.0
 40
19.0
 40
19.0
 40
19.0
 40
20.0
 40
20.0
 40
20.0
 40
21.0
 40
21.0
 40
21.0
 40
22.0
 40
22.0
 40
22.0
 40
23.0
 40
23.0
 40
23.0
 40
24.0
 40
24.0
 40
24.0
 40
25.0
 40
25.0
 40
25.0
 40
26.0
 40
26.0
 40
26.0
 40
27.0
 40
27.0
 40
27.0
 40
28.0
 40
28.0
 40
28.0
 40
29.0
 40
29.0
 40
29.0
 40
30.0
 40
30.0
 40
30.0
 40
31.0
 40
31.0
 40
31.0
 40
32.0
 40
32.0
 40
32.0
 40
33.0
 40
33.0
 40
33.0
 40
34.0
 40
34.0
 40
34.0
 40
35.0
 40
35.0
 40
35.0
 40
36.0
 40
36.0
 40
36.0
 40
37.0
 40
37.0
 40
37.0
 40
38.0
 40
38.0
 40
38.0
 40
39.0
 40
39.0
 40
39.0
 40
40.0
 40
40.0
 40
40.0
 40
41.0
 40
41.0
 40
41.0
 40
42.0
 40
42.0
 40
42.0
 40
43.0
 40
43.0
 40
43.0
 40
44.0
 40
44.0
 40
44.0
 40
45.0
 40
45.0
 40
45.0
 40
46.0
 40
46.0
 40
46.0
 40
47.0
 40
47.0
 40
47.0
 40
48.0
 40
48.0
 40
48.0
 40
49.0
 40
49.0
 40
49.0
 40
50.0
 40
50.0
 40
50.0
 40
51.0
 40
51.0
 40
51.0
 40
52.0
 40
52.0
 40
52.0
 40
53.0
 40
53.0
 40
53.0
 40
54.0
 40
54.0
 40
54.0
 40
55.0
 40
55.0
 40
55.0
 40
56.0
 40
56.0
 40
56.0
 40
57.0
 40
57.0
 40
57.0
 40
58.0
 40
58.0
 40
58.0
 40
59.0
 40
59.0
 40
59.0
 40
60.0
 40
60.0
 40
60.0
 40
61.0
 40
61.0
 40
61.0
 40
62.0
 40
62.0
 40
62.0
 40
63.0
 40
63.0
 40
63.0
 40
64.0
 40
64.0
 40
64.0
 40
65.0
 40
65.0
 40
65.0
 40
66.0
 40
66.0
 40
66.0
 40
67.0
 40
67.0
 40
67.0
 40
68.0
 40
68.0
 40
68.0
 40
69.0
 40
69.0
 40
69.0
 40
70.0
 40
70.0
 40
70.0
 40
71.0
 40
71.0
 40
71.0
 40
72.0
 40
72.0
 40
72.0
 40
73.0
 40
73.0
 40
73.0
 40
74.0
 40
74.0
 40
74.0
 40
75.0
 40
75.0
 40
75.0
 40
76.0
 40
76.0
 40
76.0
 40
77.0
 40
77.0
 40
77.0
 40
78.0
 40
78.0
 40
78.0
 40
79.0
 40
79.0
 40
79.0
 40
80.0
 40
80.0
 40
80.0
 40
81.0
 40
81.0
 40
81.0
 40
82.0
 40
82.0
 40
82.0
 40
83.0
 40
83.0
 40
83.0
 40
84.0
 40
84.0
 40
84.0
 40
85.0
 40
85.0
 40
85.0
 40
86.0
 40
86.0
 40
86.0
 40
87.0
 40
87.0
 40
87.0
 40
88.0
 40
88.0
 40
88.0
 40
89.0
 40
89.0
 40
89.0
 40
90.0
 40
90.0
 40
90.0
 40
91.0
 40
91.0
 40
91.0
 40
92.0
 40
92.0
 40
92.0
 40
93.0
 40
93.0
 40
93.0
 40
94.0
 40
94.0
 40
94.0
 40
95.0
 40
95.0
 40
95.0
 40
95.0
 10
817.8525390625
 20
-70.1943359375
 30
0.0
 10
817.8525390625
 20
-70.1943359375
 30
0.0
 10
817.8681640625
 20
-70.16796875
 30
0.0
 10
817.8681640625
 20
-70.16796875
 30
0.0
 10
817.8681640625
 20
-70.16796875
 30
0.0
 10
817.927734375
 20
-70.1181640625
 30
0.0
 10
817.927734375
 20
-70.1181640625
 30
0.0
 10
817.927734375
 20
-70.1181640625
 30
0.0
 10
818.00390625
 20
-70.0791015625
 30
0.0
 10
818.00390625
 20
-70.0791015625
 30
0.0
 10
818.00390625
 20
-70.0791015625
 30
0.0
 10
818.064453125
 20
-70.0888671875
 30
0.0
 10
818.064453125
 20
-70.0888671875
 30
0.0
 10
818.064453125
 20
-70.0888671875
 30
0.0
 10
818.0693359375
 20
-70.1083984375
 30
0.0
 10
818.0693359375
 20
-70.1083984375
 30
0.0
 10
818.0693359375
 20
-70.1083984375
 30
0.0
 10
818.0634765625
 20
-70.171875
 30
0.0
 10
818.0634765625
 20
-70.171875
 30
0.0
 10
818.0634765625
 20
-70.171875
 30
0.0
 10
818.064453125
 20
-70.1943359375
 30
0.0
 10
818.064453125
 20
-70.1943359375
 30
0.0
 10
818.064453125
 20
-70.1943359375
 30
0.0
 10
818.1748046875
 20
-70.490234375
 30
0.0
 10
818.1748046875
 20
-70.490234375
 30
0.0
 10
818.1748046875
 20
-70.490234375
 30
0.0
 10
818.4384765625
 20
-71.05859375
 30
0.0
 10
818.4384765625
 20
-71.05859375
 30
0.0
 10
818.4384765625
 20
-71.05859375
 30
0.0
 10
818.666015625
 20
-71.486328125
 30
0.0
 10
818.666015625
 20
-71.486328125
 30
0.0
 10
818.666015625
 20
-71.486328125
 30
0.0
 10
818.8271484375
 20
-71.7451171875
 30
0.0
 10
818.8271484375
 20
-71.7451171875
 30
0.0
 10
818.8271484375
 20
-71.7451171875
 30
0.0
 10
819.4404296875
 20
-72.947265625
 30
0.0
 10
819.4404296875
 20
-72.947265625
 30
0.0
 10
819.4404296875
 20
-72.947265625
 30
0.0
 10
819.466796875
 20
-73.0185546875
 30
0.0
 10
819.466796875
 20
-73.0185546875
 30
0.0
 10
819.466796875
 20
-73.0185546875
 30
0.0
 10
819.51171875
 20
-73.181640625
 30
0.0
 10
819.51171875
 20
-73.181640625
 30
0.0
 10
819.51171875
 20
-73.181640625
 30
0.0
 10
819.546875
 20
-73.265625
 30
0.0
 10
819.546875
 20
-73.265625
 30
0.0
 10
819.546875
 20
-73.265625
 30
0.0
 10
819.6552734375
 20
-73.4287109375
 30
0.0
 10
819.6552734375
 20
-73.4287109375
 30
0.0
 10
819.6552734375
 20
-73.4287109375
 30
0.0
 10
819.70703125
 20
-73.52734375
 30
0.0
 10
819.70703125
 20
-73.52734375
 30
0.0
 10
819.70703125
 20
-73.52734375
 30
0.0
 10
819.826171875
 20
-73.873046875
 30
0.0
 10
819.826171875
 20
-73.873046875
 30
0.0
 10
819.826171875
 20
-73.873046875
 30
0.0
 10
820.0693359375
 20
-74.384765625
 30
0.0
 10
820.0693359375
 20
-74.384765625
 30
0.0
 10
820.0693359375
 20
-74.384765625
 30
0.0
 10
821.9794921875
 20
-79.14453125
 30
0.0
 10
821.9794921875
 20
-79.14453125
 30
0.0
 10
821.9794921875
 20
-79.14453125
 30
0.0
 10
821.9814453125
 20
-79.30078125
 30
0.0
 10
821.9814453125
 20
-79.30078125
 30
0.0
 10
821.9814453125
 20
-79.30078125
 30
0.0
 10
820.640625
 20
-79.6396484375
 30
0.0
 10
820.640625
 20
-79.6396484375
 30
0.0
 10
820.640625
 20
-79.6396484375
 30
0.0
 10
816.79296875
 20
-80.888671875
 30
0.0
 10
816.79296875
 20
-80.888671875
 30
0.0
 10
816.79296875
 20
-80.888671875
 30
0.0
 10
815.8408203125
 20
-81.1005859375
 30
0.0
 10
815.8408203125
 20
-81.1005859375
 30
0.0
 10
815.8408203125
 20
-81.1005859375
 30
0.0
 10
815.765625
 20
-81.1279296875
 30
0.0
 10
815.765625
 20
-81.1279296875
 30
0.0
 10
815.765625
 20
-81.1279296875
 30
0.0
 10
815.7099609375
 20
-81.1591796875
 30
0.0
 10
815.7099609375
 20
-81.1591796875
 30
0.0
 10
815.7099609375
 20
-81.1591796875
 30
0.0
 10
815.666015625
 20
-81.1875
 30
0.0
 10
815.666015625
 20
-81.1875
 30
0.0
 10
815.666015625
 20
-81.1875
 30
0.0
 10
815.62890625
 20
-81.2060546875
 30
0.0
 10
815.62890625
 20
-81.2060546875
 30
0.0
 10
815.62890625
 20
-81.2060546875
 30
0.0
 10
815.498046875
 20
-81.236328125
 30
0.0
 10
815.498046875
 20
-81.236328125
 30
0.0
 10
815.498046875
 20
-81.236328125
 30
0.0
 10
815.23046875
 20
-81.27734375
 30
0.0
 10
815.23046875
 20
-81.27734375
 30
0.0
 10
815.23046875
 20
-81.27734375
 30
0.0
 10
815.099609375
 20
-81.3125
 30
0.0
 10
815.099609375
 20
-81.3125
 30
0.0
 10
815.099609375
 20
-81.3125
 30
0.0
 10
815.029296875
 20
-81.3525390625
 30
0.0
 10
815.029296875
 20
-81.3525390625
 30
0.0
 10
815.029296875
 20
-81.3525390625
 30
0.0
 10
814.8447265625
 20
-81.4853515625
 30
0.0
 10
814.8447265625
 20
-81.4853515625
 30
0.0
 10
814.8447265625
 20
-81.4853515625
 30
0.0
 10
814.78125
 20
-81.5234375
 30
0.0
 10
814.78125
 20
-81.5234375
 30
0.0
 10
814.78125
 20
-81.5234375
 30
0.0
 10
813.05078125
 20
-82.013671875
 30
0.0
 10
813.05078125
 20
-82.013671875
 30
0.0
 10
813.05078125
 20
-82.013671875
 30
0.0
 10
812.8759765625
 20
-82.052734375
 30
0.0
 10
812.8759765625
 20
-82.052734375
 30
0.0
 10
812.8759765625
 20
-82.052734375
 30
0.0
 10
812.896484375
 20
-81.9892578125
 30
0.0
 10
812.896484375
 20
-81.9892578125
 30
0.0
 10
812.896484375
 20
-81.9892578125
 30
0.0
 10
812.8271484375
 20
-81.7880859375
 30
0.0
 10
812.8271484375
 20
-81.7880859375
 30
0.0
 10
812.8271484375
 20
-81.7880859375
 30
0.0
 10
812.4521484375
 20
-80.888671875
 30
0.0
 10
812.4521484375
 20
-80.888671875
 30
0.0
 10
812.4521484375
 20
-80.888671875
 30
0.0
 10
812.369140625
 20
-80.7392578125
 30
0.0
 10
812.369140625
 20
-80.7392578125
 30
0.0
 10
812.369140625
 20
-80.7392578125
 30
0.0
 10
812.2841796875
 20
-80.609375
 30
0.0
 10
812.2841796875
 20
-80.609375
 30
0.0
 10
812.2841796875
 20
-80.609375
 30
0.0
 10
812.2041015625
 20
-80.458984375
 30
0.0
 10
812.2041015625
 20
-80.458984375
 30
0.0
 10
812.2041015625
 20
-80.458984375
 30
0.0
 10
812.078125
 20
-80.107421875
 30
0.0
 10
812.078125
 20
-80.107421875
 30
0.0
 10
812.078125
 20
-80.107421875
 30
0.0
 10
811.900390625
 20
-79.796875
 30
0.0
 10
811.900390625
 20
-79.796875
 30
0.0
 10
811.900390625
 20
-79.796875
 30
0.0
 10
810.8642578125
 20
-77.2890625
 30
0.0
 10
810.8642578125
 20
-77.2890625
 30
0.0
 10
810.8642578125
 20
-77.2890625
 30
0.0
 10
810.8232421875
 20
-77.2392578125
 30
0.0
 10
810.8232421875
 20
-77.2392578125
 30
0.0
 10
810.8232421875
 20
-77.2392578125
 30
0.0
 10
810.6875
 20
-77.119140625
 30
0.0
 10
810.6875
 20
-77.119140625
 30
0.0
 10
810.6875
 20
-77.119140625
 30
0.0
 10
810.65234375
 20
-77.0771484375
 30
0.0
 10
810.65234375
 20
-77.0771484375
 30
0.0
 10
810.65234375
 20
-77.0771484375
 30
0.0
 10
810.646484375
 20
-77.0009765625
 30
0.0
 10
810.646484375
 20
-77.0009765625
 30
0.0
 10
810.646484375
 20
-77.0009765625
 30
0.0
 10
810.6650390625
 20
-76.8330078125
 30
0.0
 10
810.6650390625
 20
-76.8330078125
 30
0.0
 10
810.6650390625
 20
-76.8330078125
 30
0.0
 10
810.65234375
 20
-76.7587890625
 30
0.0
 10
810.65234375
 20
-76.7587890625
 30
0.0
 10
810.65234375
 20
-76.7587890625
 30
0.0
 10
810.5634765625
 20
-76.6005859375
 30
0.0
 10
810.5634765625
 20
-76.6005859375
 30
0.0
 10
810.5634765625
 20
-76.6005859375
 30
0.0
 10
810.3310546875
 20
-76.236328125
 30
0.0
 10
810.3310546875
 20
-76.236328125
 30
0.0
 10
810.3310546875
 20
-76.236328125
 30
0.0
 10
809.4873046875
 20
-74.2177734375
 30
0.0
 10
809.4873046875
 20
-74.2177734375
 30
0.0
 10
809.4873046875
 20
-74.2177734375
 30
0.0
 10
809.2783203125
 20
-73.8466796875
 30
0.0
 10
809.2783203125
 20
-73.8466796875
 30
0.0
 10
809.2783203125
 20
-73.8466796875
 30
0.0
 10
809.2978515625
 20
-73.759765625
 30
0.0
 10
809.2978515625
 20
-73.759765625
 30
0.0
 10
809.2978515625
 20
-73.759765625
 30
0.0
 10
809.6142578125
 20
-73.64453125
 30
0.0
 10
809.6142578125
 20
-73.64453125
 30
0.0
 10
809.6142578125
 20
-73.64453125
 30
0.0
 10
809.84765625
 20
-73.53125
 30
0.0
 10
809.84765625
 20
-73.53125
 30
0.0
 10
809.84765625
 20
-73.53125
 30
0.0
 10
810.1689453125
 20
-73.4189453125
 30
0.0
 10
810.1689453125
 20
-73.4189453125
 30
0.0
 10
810.1689453125
 20
-73.4189453125
 30
0.0
 10
810.4736328125
 20
-73.2421875
 30
0.0
 10
810.4736328125
 20
-73.2421875
 30
0.0
 10
810.4736328125
 20
-73.2421875
 30
0.0
 10
810.65234375
 20
-73.1591796875
 30
0.0
 10
810.65234375
 20
-73.1591796875
 30
0.0
 10
810.65234375
 20
-73.1591796875
 30
0.0
 10
810.697265625
 20
-73.1572265625
 30
0.0
 10
810.697265625
 20
-73.1572265625
 30
0.0
 10
810.697265625
 20
-73.1572265625
 30
0.0
 10
810.826171875
 20
-73.1689453125
 30
0.0
 10
810.826171875
 20
-73.1689453125
 30
0.0
 10
810.826171875
 20
-73.1689453125
 30
0.0
 10
810.8642578125
 20
-73.1591796875
 30
0.0
 10
810.8642578125
 20
-73.1591796875
 30
0.0
 10
810.8642578125
 20
-73.1591796875
 30
0.0
 10
810.9296875
 20
-73.0927734375
 30
0.0
 10
810.9296875
 20
-73.0927734375
 30
0.0
 10
810.9296875
 20
-73.0927734375
 30
0.0
 10
811.0048828125
 20
-73.03515625
 30
0.0
 10
811.0048828125
 20
-73.03515625
 30
0.0
 10
811.0048828125
 20
-73.03515625
 30
0.0
 10
811.08984375
 20
-72.986328125
 30
0.0
 10
811.08984375
 20
-72.986328125
 30
0.0
 10
811.08984375
 20
-72.986328125
 30
0.0
 10
815.099609375
 20
-71.359375
 30
0.0
 10
815.099609375
 20
-71.359375
 30
0.0
 10
815.099609375
 20
-71.359375
 30
0.0
 10
815.1640625
 20
-71.337890625
 30
0.0
 10
815.1640625
 20
-71.337890625
 30
0.0
 10
815.1640625
 20
-71.337890625
 30
0.0
 10
815.3466796875
 20
-71.2880859375
 30
0.0
 10
815.3466796875
 20
-71.2880859375
 30
0.0
 10
815.3466796875
 20
-71.2880859375
 30
0.0
 10
815.4169921875
 20
-71.2529296875
 30
0.0
 10
815.4169921875
 20
-71.2529296875
 30
0.0
 10
815.4169921875
 20
-71.2529296875
 30
0.0
 10
815.5947265625
 20
-71.0966796875
 30
0.0
 10
815.5947265625
 20
-71.0966796875
 30
0.0
 10
815.5947265625
 20
-71.0966796875
 30
0.0
 10
815.7021484375
 20
-71.013671875
 30
0.0
 10
815.7021484375
 20
-71.013671875
 30
0.0
 10
815.7021484375
 20
-71.013671875
 30
0.0
 10
815.8408203125
 20
-70.935546875
 30
0.0
 10
815.8408203125
 20
-70.935546875
 30
0.0
 10
815.8408203125
 20
-70.935546875
 30
0.0
 10
815.8857421875
 20
-70.9326171875
 30
0.0
 10
815.8857421875
 20
-70.9326171875
 30
0.0
 10
815.8857421875
 20
-70.9326171875
 30
0.0
 10
816.013671875
 20
-70.9462890625
 30
0.0
 10
816.013671875
 20
-70.9462890625
 30
0.0
 10
816.013671875
 20
-70.9462890625
 30
0.0
 10
816.052734375
 20
-70.935546875
 30
0.0
 10
816.052734375
 20
-70.935546875
 30
0.0
 10
816.052734375
 20
-70.935546875
 30
0.0
 10
816.11328125
 20
-70.8837890625
 30
0.0
 10
816.11328125
 20
-70.8837890625
 30
0.0
 10
816.11328125
 20
-70.8837890625
 30
0.0
 10
816.3046875
 20
-70.759765625
 30
0.0
 10
816.3046875
 20
-70.759765625
 30
0.0
 10
816.3046875
 20
-70.759765625
 30
0.0
 10
816.3701171875
 20
-70.7236328125
 30
0.0
 10
816.3701171875
 20
-70.7236328125
 30
0.0
 10
816.3701171875
 20
-70.7236328125
 30
0.0
 10
816.4150390625
 20
-70.720703125
 30
0.0
 10
816.4150390625
 20
-70.720703125
 30
0.0
 10
816.4150390625
 20
-70.720703125
 30
0.0
 10
816.54296875
 20
-70.734375
 30
0.0
 10
816.54296875
 20
-70.734375
 30
0.0
 10
816.54296875
 20
-70.734375
 30
0.0
 10
816.58203125
 20
-70.7236328125
 30
0.0
 10
816.58203125
 20
-70.7236328125
 30
0.0
 10
816.58203125
 20
-70.7236328125
 30
0.0
 10
816.642578125
 20
-70.671875
 30
0.0
 10
816.642578125
 20
-70.671875
 30
0.0
 10
816.642578125
 20
-70.671875
 30
0.0
 10
816.833984375
 20
-70.5478515625
 30
0.0
 10
816.833984375
 20
-70.5478515625
 30
0.0
 10
816.833984375
 20
-70.5478515625
 30
0.0
 10
816.8994140625
 20
-70.51171875
 30
0.0
 10
816.8994140625
 20
-70.51171875
 30
0.0
 10
816.8994140625
 20
-70.51171875
 30
0.0
 10
816.9443359375
 20
-70.5087890625
 30
0.0
 10
816.9443359375
 20
-70.5087890625
 30
0.0
 10
816.9443359375
 20
-70.5087890625
 30
0.0
 10
817.072265625
 20
-70.5224609375
 30
0.0
 10
817.072265625
 20
-70.5224609375
 30
0.0
 10
817.072265625
 20
-70.5224609375
 30
0.0
 10
817.111328125
 20
-70.51171875
 30
0.0
 10
817.111328125
 20
-70.51171875
 30
0.0
 10
817.111328125
 20
-70.51171875
 30
0.0
 10
817.212890625
 20
-70.42578125
 30
0.0
 10
817.212890625
 20
-70.42578125
 30
0.0
 10
817.212890625
 20
-70.42578125
 30
0.0
 10
817.3994140625
 20
-70.3076171875
 30
0.0
 10
817.3994140625
 20
-70.3076171875
 30
0.0
 10
817.3994140625
 20
-70.3076171875
 30
0.0
 10
817.626953125
 20
-70.212890625
 30
0.0
 10
817.626953125
 20
-70.212890625
 30
0.0
 10
817.626953125
 20
-70.212890625
 30
0.0
 10
817.8525390625
 20
-70.1943359375
 30
0.0
 10
817.8525390625
 20
-70.1943359375
 30
0.0
 10
817.8525390625
 20
-70.1943359375
 30
0.0
 10
817.8525390625
 20
-70.1943359375
 30
0.0
 10
817.8525390625
 20
-70.1943359375
 30
0.0
 10
817.8525390625
 20
-70.1943359375
 30
0.0
 10
817.8525390625
 20
-70.1943359375
 30
0.0
 10
817.8525390625
 20
-70.1943359375
 30
0.0
  0
HATCH
  5
1B0
330
1F
100
AcDbEntity
  8
Layer 1
 62
     7
420
 16777215
100
AcDbHatch
 10
0.0
 20
0.0
 30
0.0
210
0.0
220
0.0
230
1.0
  2
SOLID
 70
     1
 71
     0
 91
        1
 92
        1
 93
        1
 72
     4
 94
        3
 73
     0
 74
     1
 95
      290
 96
      286
 40
0.0
 40
0.0
 40
0.0
 40
0.0
 40
1.0
 40
1.0
 40
1.0
 40
2.0
 40
2.0
 40
2.0
 40
3.0
 40
3.0
 40
3.0
 40
4.0
 40
4.0
 40
4.0
 40
5.0
 40
5.0
 40
5.0
 40
6.0
 40
6.0
 40
6.0
 40
7.0
 40
7.0
 40
7.0
 40
8.0
 40
8.0
 40
8.0
 40
9.0
 40
9.0
 40
9.0
 40
10.0
 40
10.0
 40
10.0
 40
11.0
 40
11.0
 40
11.0
 40
12.0
 40
12.0
 40
12.0
 40
13.0
 40
13.0
 40
13.0
 40
14.0
 40
14.0
 40
14.0
 40
15.0
 40
15.0
 40
15.0
 40
16.0
 40
16.0
 40
16.0
 40
17.0
 40
17.0
 40
17.0
 40
18.0
 40
18.0
 40
18.0
 40
19.0
 40
19.0
 40
19.0
 40
20.0
 40
20.0
 40
20.0
 40
21.0
 40
21.0
 40
21.0
 40
22.0
 40
22.0
 40
22.0
 40
23.0
 40
23.0
 40
23.0
 40
24.0
 40
24.0
 40
24.0
 40
25.0
 40
25.0
 40
25.0
 40
26.0
 40
26.0
 40
26.0
 40
27.0
 40
27.0
 40
27.0
 40
28.0
 40
28.0
 40
28.0
 40
29.0
 40
29.0
 40
29.0
 40
30.0
 40
30.0
 40
30.0
 40
31.0
 40
31.0
 40
31.0
 40
32.0
 40
32.0
 40
32.0
 40
33.0
 40
33.0
 40
33.0
 40
34.0
 40
34.0
 40
34.0
 40
35.0
 40
35.0
 40
35.0
 40
36.0
 40
36.0
 40
36.0
 40
37.0
 40
37.0
 40
37.0
 40
38.0
 40
38.0
 40
38.0
 40
39.0
 40
39.0
 40
39.0
 40
40.0
 40
40.0
 40
40.0
 40
41.0
 40
41.0
 40
41.0
 40
42.0
 40
42.0
 40
42.0
 40
43.0
 40
43.0
 40
43.0
 40
44.0
 40
44.0
 40
44.0
 40
45.0
 40
45.0
 40
45.0
 40
46.0
 40
46.0
 40
46.0
 40
47.0
 40
47.0
 40
47.0
 40
48.0
 40
48.0
 40
48.0
 40
49.0
 40
49.0
 40
49.0
 40
50.0
 40
50.0
 40
50.0
 40
51.0
 40
51.0
 40
51.0
 40
52.0
 40
52.0
 40
52.0
 40
53.0
 40
53.0
 40
53.0
 40
54.0
 40
54.0
 40
54.0
 40
55.0
 40
55.0
 40
55.0
 40
56.0
 40
56.0
 40
56.0
 40
57.0
 40
57.0
 40
57.0
 40
58.0
 40
58.0
 40
58.0
 40
59.0
 40
59.0
 40
59.0
 40
60.0
 40
60.0
 40
60.0
 40
61.0
 40
61.0
 40
61.0
 40
62.0
 40
62.0
 40
62.0
 40
63.0
 40
63.0
 40
63.0
 40
64.0
 40
64.0
 40
64.0
 40
65.0
 40
65.0
 40
65.0
 40
66.0
 40
66.0
 40
66.0
 40
67.0
 40
67.0
 40
67.0
 40
68.0
 40
68.0
 40
68.0
 40
69.0
 40
69.0
 40
69.0
 40
70.0
 40
70.0
 40
70.0
 40
71.0
 40
71.0
 40
71.0
 40
72.0
 40
72.0
 40
72.0
 40
73.0
 40
73.0
 40
73.0
 40
74.0
 40
74.0
 40
74.0
 40
75.0
 40
75.0
 40
75.0
 40
76.0
 40
76.0
 40
76.0
 40
77.0
 40
77.0
 40
77.0
 40
78.0
 40
78.0
 40
78.0
 40
79.0
 40
79.0
 40
79.0
 40
80.0
 40
80.0
 40
80.0
 40
81.0
 40
81.0
 40
81.0
 40
82.0
 40
82.0
 40
82.0
 40
83.0
 40
83.0
 40
83.0
 40
84.0
 40
84.0
 40
84.0
 40
85.0
 40
85.0
 40
85.0
 40
86.0
 40
86.0
 40
86.0
 40
87.0
 40
87.0
 40
87.0
 40
88.0
 40
88.0
 40
88.0
 40
89.0
 40
89.0
 40
89.0
 40
90.0
 40
90.0
 40
90.0
 40
91.0
 40
91.0
 40
91.0
 40
92.0
 40
92.0
 40
92.0
 40
93.0
 40
93.0
 40
93.0
 40
94.0
 40
94.0
 40
94.0
 40
95.0
 40
95.0
 40
95.0
 40
95.0
 10
817.8525390625
 20
-70.1943359375
 10
817.8525390625
 20
-70.1943359375
 10
817.8681640625
 20
-70.16796875
 10
817.8681640625
 20
-70.16796875
 10
817.8681640625
 20
-70.16796875
 10
817.927734375
 20
-70.1181640625
 10
817.927734375
 20
-70.1181640625
 10
817.927734375
 20
-70.1181640625
 10
818.00390625
 20
-70.0791015625
 10
818.00390625
 20
-70.0791015625
 10
818.00390625
 20
-70.0791015625
 10
818.064453125
 20
-70.0888671875
 10
818.064453125
 20
-70.0888671875
 10
818.064453125
 20
-70.0888671875
 10
818.0693359375
 20
-70.1083984375
 10
818.0693359375
 20
-70.1083984375
 10
818.0693359375
 20
-70.1083984375
 10
818.0634765625
 20
-70.171875
 10
818.0634765625
 20
-70.171875
 10
818.0634765625
 20
-70.171875
 10
818.064453125
 20
-70.1943359375
 10
818.064453125
 20
-70.1943359375
 10
818.064453125
 20
-70.1943359375
 10
818.1748046875
 20
-70.490234375
 10
818.1748046875
 20
-70.490234375
 10
818.1748046875
 20
-70.490234375
 10
818.4384765625
 20
-71.05859375
 10
818.4384765625
 20
-71.05859375
 10
818.4384765625
 20
-71.05859375
 10
818.666015625
 20
-71.486328125
 10
818.666015625
 20
-71.486328125
 10
818.666015625
 20
-71.486328125
 10
818.8271484375
 20
-71.7451171875
 10
818.8271484375
 20
-71.7451171875
 10
818.8271484375
 20
-71.7451171875
 10
819.4404296875
 20
-72.947265625
 10
819.4404296875
 20
-72.947265625
 10
819.4404296875
 20
-72.947265625
 10
819.466796875
 20
-73.0185546875
 10
819.466796875
 20
-73.0185546875
 10
819.466796875
 20
-73.0185546875
 10
819.51171875
 20
-73.181640625
 10
819.51171875
 20
-73.181640625
 10
819.51171875
 20
-73.181640625
 10
819.546875
 20
-73.265625
 10
819.546875
 20
-73.265625
 10
819.546875
 20
-73.265625
 10
819.6552734375
 20
-73.4287109375
 10
819.6552734375
 20
-73.4287109375
 10
819.6552734375
 20
-73.4287109375
 10
819.70703125
 20
-73.52734375
 10
819.70703125
 20
-73.52734375
 10
819.70703125
 20
-73.52734375
 10
819.826171875
 20
-73.873046875
 10
819.826171875
 20
-73.873046875
 10
819.826171875
 20
-73.873046875
 10
820.0693359375
 20
-74.384765625
 10
820.0693359375
 20
-74.384765625
 10
820.0693359375
 20
-74.384765625
 10
821.9794921875
 20
-79.14453125
 10
821.9794921875
 20
-79.14453125
 10
821.9794921875
 20
-79.14453125
 10
821.9814453125
 20
-79.30078125
 10
821.9814453125
 20
-79.30078125
 10
821.9814453125
 20
-79.30078125
 10
820.640625
 20
-79.6396484375
 10
820.640625
 20
-79.6396484375
 10
820.640625
 20
-79.6396484375
 10
816.79296875
 20
-80.888671875
 10
816.79296875
 20
-80.888671875
 10
816.79296875
 20
-80.888671875
 10
815.8408203125
 20
-81.1005859375
 10
815.8408203125
 20
-81.1005859375
 10
815.8408203125
 20
-81.1005859375
 10
815.765625
 20
-81.1279296875
 10
815.765625
 20
-81.1279296875
 10
815.765625
 20
-81.1279296875
 10
815.7099609375
 20
-81.1591796875
 10
815.7099609375
 20
-81.1591796875
 10
815.7099609375
 20
-81.1591796875
 10
815.666015625
 20
-81.1875
 10
815.666015625
 20
-81.1875
 10
815.666015625
 20
-81.1875
 10
815.62890625
 20
-81.2060546875
 10
815.62890625
 20
-81.2060546875
 10
815.62890625
 20
-81.2060546875
 10
815.498046875
 20
-81.236328125
 10
815.498046875
 20
-81.236328125
 10
815.498046875
 20
-81.236328125
 10
815.23046875
 20
-81.27734375
 10
815.23046875
 20
-81.27734375
 10
815.23046875
 20
-81.27734375
 10
815.099609375
 20
-81.3125
 10
815.099609375
 20
-81.3125
 10
815.099609375
 20
-81.3125
 10
815.029296875
 20
-81.3525390625
 10
815.029296875
 20
-81.3525390625
 10
815.029296875
 20
-81.3525390625
 10
814.8447265625
 20
-81.4853515625
 10
814.8447265625
 20
-81.4853515625
 10
814.8447265625
 20
-81.4853515625
 10
814.78125
 20
-81.5234375
 10
814.78125
 20
-81.5234375
 10
814.78125
 20
-81.5234375
 10
813.05078125
 20
-82.013671875
 10
813.05078125
 20
-82.013671875
 10
813.05078125
 20
-82.013671875
 10
812.8759765625
 20
-82.052734375
 10
812.8759765625
 20
-82.052734375
 10
812.8759765625
 20
-82.052734375
 10
812.896484375
 20
-81.9892578125
 10
812.896484375
 20
-81.9892578125
 10
812.896484375
 20
-81.9892578125
 10
812.8271484375
 20
-81.7880859375
 10
812.8271484375
 20
-81.7880859375
 10
812.8271484375
 20
-81.7880859375
 10
812.4521484375
 20
-80.888671875
 10
812.4521484375
 20
-80.888671875
 10
812.4521484375
 20
-80.888671875
 10
812.369140625
 20
-80.7392578125
 10
812.369140625
 20
-80.7392578125
 10
812.369140625
 20
-80.7392578125
 10
812.2841796875
 20
-80.609375
 10
812.2841796875
 20
-80.609375
 10
812.2841796875
 20
-80.609375
 10
812.2041015625
 20
-80.458984375
 10
812.2041015625
 20
-80.458984375
 10
812.2041015625
 20
-80.458984375
 10
812.078125
 20
-80.107421875
 10
812.078125
 20
-80.107421875
 10
812.078125
 20
-80.107421875
 10
811.900390625
 20
-79.796875
 10
811.900390625
 20
-79.796875
 10
811.900390625
 20
-79.796875
 10
810.8642578125
 20
-77.2890625
 10
810.8642578125
 20
-77.2890625
 10
810.8642578125
 20
-77.2890625
 10
810.8232421875
 20
-77.2392578125
 10
810.8232421875
 20
-77.2392578125
 10
810.8232421875
 20
-77.2392578125
 10
810.6875
 20
-77.119140625
 10
810.6875
 20
-77.119140625
 10
810.6875
 20
-77.119140625
 10
810.65234375
 20
-77.0771484375
 10
810.65234375
 20
-77.0771484375
 10
810.65234375
 20
-77.0771484375
 10
810.646484375
 20
-77.0009765625
 10
810.646484375
 20
-77.0009765625
 10
810.646484375
 20
-77.0009765625
 10
810.6650390625
 20
-76.8330078125
 10
810.6650390625
 20
-76.8330078125
 10
810.6650390625
 20
-76.8330078125
 10
810.65234375
 20
-76.7587890625
 10
810.65234375
 20
-76.7587890625
 10
810.65234375
 20
-76.7587890625
 10
810.5634765625
 20
-76.6005859375
 10
810.5634765625
 20
-76.6005859375
 10
810.5634765625
 20
-76.6005859375
 10
810.3310546875
 20
-76.236328125
 10
810.3310546875
 20
-76.236328125
 10
810.3310546875
 20
-76.236328125
 10
809.4873046875
 20
-74.2177734375
 10
809.4873046875
 20
-74.2177734375
 10
809.4873046875
 20
-74.2177734375
 10
809.2783203125
 20
-73.8466796875
 10
809.2783203125
 20
-73.8466796875
 10
809.2783203125
 20
-73.8466796875
 10
809.2978515625
 20
-73.759765625
 10
809.2978515625
 20
-73.759765625
 10
809.2978515625
 20
-73.759765625
 10
809.6142578125
 20
-73.64453125
 10
809.6142578125
 20
-73.64453125
 10
809.6142578125
 20
-73.64453125
 10
809.84765625
 20
-73.53125
 10
809.84765625
 20
-73.53125
 10
809.84765625
 20
-73.53125
 10
810.1689453125
 20
-73.4189453125
 10
810.1689453125
 20
-73.4189453125
 10
810.1689453125
 20
-73.4189453125
 10
810.4736328125
 20
-73.2421875
 10
810.4736328125
 20
-73.2421875
 10
810.4736328125
 20
-73.2421875
 10
810.65234375
 20
-73.1591796875
 10
810.65234375
 20
-73.1591796875
 10
810.65234375
 20
-73.1591796875
 10
810.697265625
 20
-73.1572265625
 10
810.697265625
 20
-73.1572265625
 10
810.697265625
 20
-73.1572265625
 10
810.826171875
 20
-73.1689453125
 10
810.826171875
 20
-73.1689453125
 10
810.826171875
 20
-73.1689453125
 10
810.8642578125
 20
-73.1591796875
 10
810.8642578125
 20
-73.1591796875
 10
810.8642578125
 20
-73.1591796875
 10
810.9296875
 20
-73.0927734375
 10
810.9296875
 20
-73.0927734375
 10
810.9296875
 20
-73.0927734375
 10
811.0048828125
 20
-73.03515625
 10
811.0048828125
 20
-73.03515625
 10
811.0048828125
 20
-73.03515625
 10
811.08984375
 20
-72.986328125
 10
811.08984375
 20
-72.986328125
 10
811.08984375
 20
-72.986328125
 10
815.099609375
 20
-71.359375
 10
815.099609375
 20
-71.359375
 10
815.099609375
 20
-71.359375
 10
815.1640625
 20
-71.337890625
 10
815.1640625
 20
-71.337890625
 10
815.1640625
 20
-71.337890625
 10
815.3466796875
 20
-71.2880859375
 10
815.3466796875
 20
-71.2880859375
 10
815.3466796875
 20
-71.2880859375
 10
815.4169921875
 20
-71.2529296875
 10
815.4169921875
 20
-71.2529296875
 10
815.4169921875
 20
-71.2529296875
 10
815.5947265625
 20
-71.0966796875
 10
815.5947265625
 20
-71.0966796875
 10
815.5947265625
 20
-71.0966796875
 10
815.7021484375
 20
-71.013671875
 10
815.7021484375
 20
-71.013671875
 10
815.7021484375
 20
-71.013671875
 10
815.8408203125
 20
-70.935546875
 10
815.8408203125
 20
-70.935546875
 10
815.8408203125
 20
-70.935546875
 10
815.8857421875
 20
-70.9326171875
 10
815.8857421875
 20
-70.9326171875
 10
815.8857421875
 20
-70.9326171875
 10
816.013671875
 20
-70.9462890625
 10
816.013671875
 20
-70.9462890625
 10
816.013671875
 20
-70.9462890625
 10
816.052734375
 20
-70.935546875
 10
816.052734375
 20
-70.935546875
 10
816.052734375
 20
-70.935546875
 10
816.11328125
 20
-70.8837890625
 10
816.11328125
 20
-70.8837890625
 10
816.11328125
 20
-70.8837890625
 10
816.3046875
 20
-70.759765625
 10
816.3046875
 20
-70.759765625
 10
816.3046875
 20
-70.759765625
 10
816.3701171875
 20
-70.7236328125
 10
816.3701171875
 20
-70.7236328125
 10
816.3701171875
 20
-70.7236328125
 10
816.4150390625
 20
-70.720703125
 10
816.4150390625
 20
-70.720703125
 10
816.4150390625
 20
-70.720703125
 10
816.54296875
 20
-70.734375
 10
816.54296875
 20
-70.734375
 10
816.54296875
 20
-70.734375
 10
816.58203125
 20
-70.7236328125
 10
816.58203125
 20
-70.7236328125
 10
816.58203125
 20
-70.7236328125
 10
816.642578125
 20
-70.671875
 10
816.642578125
 20
-70.671875
 10
816.642578125
 20
-70.671875
 10
816.833984375
 20
-70.5478515625
 10
816.833984375
 20
-70.5478515625
 10
816.833984375
 20
-70.5478515625
 10
816.8994140625
 20
-70.51171875
 10
816.8994140625
 20
-70.51171875
 10
816.8994140625
 20
-70.51171875
 10
816.9443359375
 20
-70.5087890625
 10
816.9443359375
 20
-70.5087890625
 10
816.9443359375
 20
-70.5087890625
 10
817.072265625
 20
-70.5224609375
 10
817.072265625
 20
-70.5224609375
 10
817.072265625
 20
-70.5224609375
 10
817.111328125
 20
-70.51171875
 10
817.111328125
 20
-70.51171875
 10
817.111328125
 20
-70.51171875
 10
817.212890625
 20
-70.42578125
 10
817.212890625
 20
-70.42578125
 10
817.212890625
 20
-70.42578125
 10
817.3994140625
 20
-70.3076171875
 10
817.3994140625
 20
-70.3076171875
 10
817.3994140625
 20
-70.3076171875
 10
817.626953125
 20
-70.212890625
 10
817.626953125
 20
-70.212890625
 10
817.626953125
 20
-70.212890625
 10
817.8525390625
 20
-70.1943359375
 10
817.8525390625
 20
-70.1943359375
 10
817.8525390625
 20
-70.1943359375
 10
817.8525390625
 20
-70.1943359375
 10
817.8525390625
 20
-70.1943359375
 10
817.8525390625
 20
-70.1943359375
 10
817.8525390625
 20
-70.1943359375
 10
817.8525390625
 20
-70.1943359375
 97
        0
 75
     0
 76
     1
 98
        0
  0
POLYLINE
  5
1B1
330
1F
100
AcDbEntity
  8
Layer 1
370
     0
100
AcDb2dPolyline
 66
     1
 10
0.0
 20
0.0
 30
0.0
  0
VERTEX
  5
1B2
330
1B1
100
AcDbEntity
  8
Layer 1
370
     0
100
AcDbVertex
100
AcDb2dVertex
 10
511.8564453125
 20
-155.3232421875
 30
0.0
  0
VERTEX
  5
1B3
330
1B1
100
AcDbEntity
  8
Layer 1
370
     0
100
AcDbVertex
100
AcDb2dVertex
 10
512.59765625
 20
-155.4287109375
 30
0.0
  0
VERTEX
  5
1B4
330
1B1
100
AcDbEntity
  8
Layer 1
370
     0
100
AcDbVertex
100
AcDb2dVertex
 10
514.71484375
 20
-156.59375
 30
0.0
  0
VERTEX
  5
1B5
330
1B1
100
AcDbEntity
  8
Layer 1
370
     0
100
AcDbVertex
100
AcDb2dVertex
 10
515.4443359375
 20
-157.09765625
 30
0.0
  0
VERTEX
  5
1B6
330
1B1
100
AcDbEntity
  8
Layer 1
370
     0
100
AcDbVertex
100
AcDb2dVertex
 10
515.71484375
 20
-157.4287109375
 30
0.0
  0
VERTEX
  5
1B7
330
1B1
100
AcDbEntity
  8
Layer 1
370
     0
100
AcDbVertex
100
AcDb2dVertex
 10
515.9853515625
 20
-157.9697265625
 30
0.0
  0
VERTEX
  5
1B8
330
1B1
100
AcDbEntity
  8
Layer 1
370
     0
100
AcDbVertex
100
AcDb2dVertex
 10
519.69140625
 20
-166.123046875
 30
0.0
  0
VERTEX
  5
1B9
330
1B1
100
AcDbEntity
  8
Layer 1
370
     0
100
AcDbVertex
100
AcDb2dVertex
 10
521.068359375
 20
-167.181640625
 30
0.0
  0
VERTEX
  5
1BA
330
1B1
100
AcDbEntity
  8
Layer 1
370
     0
100
AcDbVertex
100
AcDb2dVertex
 10
523.71484375
 20
-168.240234375
 30
0.0
  0
VERTEX
  5
1BB
330
1B1
100
AcDbEntity
  8
Layer 1
370
     0
100
AcDbVertex
100
AcDb2dVertex
 10
524.8798828125
 20
-168.9814453125
 30
0.0
  0
VERTEX
  5
1BC
330
1B1
100
AcDbEntity
  8
Layer 1
370
     0
100
AcDbVertex
100
AcDb2dVertex
 10
525.83203125
 20
-169.828125
 30
0.0
  0
VERTEX
  5
1BD
330
1B1
100
AcDbEntity
  8
Layer 1
370
     0
100
AcDbVertex
100
AcDb2dVertex
 10
526.6796875
 20
-171.9462890625
 30
0.0
  0
VERTEX
  5
1BE
330
1B1
100
AcDbEntity
  8
Layer 1
370
     0
100
AcDbVertex
100
AcDb2dVertex
 10
526.30859375
 20
-176.1708984375
 30
0.0
  0
VERTEX
  5
1BF
330
1B1
100
AcDbEntity
  8
Layer 1
370
     0
100
AcDbVertex
100
AcDb2dVertex
 10
525.9384765625
 20
-176.81640625
 30
0.0
  0
VERTEX
  5
1C0
330
1B1
100
AcDbEntity
  8
Layer 1
370
     0
100
AcDbVertex
100
AcDb2dVertex
 10
510.673828125
 20
-182.392578125
 30
0.0
  0
VERTEX
  5
1C1
330
1B1
100
AcDbEntity
  8
Layer 1
370
     0
100
AcDbVertex
100
AcDb2dVertex
 10
510.267578125
 20
-182.216796875
 30
0.0
  0
VERTEX
  5
1C2
330
1B1
100
AcDbEntity
  8
Layer 1
370
     0
100
AcDbVertex
100
AcDb2dVertex
 10
509.77734375
 20
-181.9091796875
 30
0.0
  0
VERTEX
  5
1C3
330
1B1
100
AcDbEntity
  8
Layer 1
370
     0
100
AcDbVertex
100
AcDb2dVertex
 10
509.291015625
 20
-181.5498046875
 30
0.0
  0
VERTEX
  5
1C4
330
1B1
100
AcDbEntity
  8
Layer 1
370
     0
100
AcDbVertex
100
AcDb2dVertex
 10
507.62109375
 20
-180.4169921875
 30
0.0
  0
VERTEX
  5
1C5
330
1B1
100
AcDbEntity
  8
Layer 1
370
     0
100
AcDbVertex
100
AcDb2dVertex
 10
507.4326171875
 20
-179.61328125
 30
0.0
  0
VERTEX
  5
1C6
330
1B1
100
AcDbEntity
  8
Layer 1
370
     0
100
AcDbVertex
100
AcDb2dVertex
 10
501.9033203125
 20
-160.6171875
 30
0.0
  0
VERTEX
  5
1C7
330
1B1
100
AcDbEntity
  8
Layer 1
370
     0
100
AcDbVertex
100
AcDb2dVertex
 10
502.3095703125
 20
-158.685546875
 30
0.0
  0
VERTEX
  5
1C8
330
1B1
100
AcDbEntity
  8
Layer 1
370
     0
100
AcDbVertex
100
AcDb2dVertex
 10
503.068359375
 20
-157.4404296875
 30
0.0
  0
VERTEX
  5
1C9
330
1B1
100
AcDbEntity
  8
Layer 1
370
     0
100
AcDbVertex
100
AcDb2dVertex
 10
503.8232421875
 20
-156.97265625
 30
0.0
  0
VERTEX
  5
1CA
330
1B1
100
AcDbEntity
  8
Layer 1
370
     0
100
AcDbVertex
100
AcDb2dVertex
 10
503.9150390625
 20
-156.9111328125
 30
0.0
  0
VERTEX
  5
1CB
330
1B1
100
AcDbEntity
  8
Layer 1
370
     0
100
AcDbVertex
100
AcDb2dVertex
 10
511.8564453125
 20
-155.3232421875
 30
0.0
  0
VERTEX
  5
1CC
330
1B1
100
AcDbEntity
  8
Layer 1
370
     0
100
AcDbVertex
100
AcDb2dVertex
 10
511.8564453125
 20
-155.3232421875
 30
0.0
  0
SEQEND
  5
1CD
330
1B1
100
AcDbEntity
  8
Layer 1
370
     0
  0
HATCH
  5
1CE
330
1F
100
AcDbEntity
  8
Layer 1
 62
     7
420
 16777215
100
AcDbHatch
 10
0.0
 20
0.0
 30
0.0
210
0.0
220
0.0
230
1.0
  2
SOLID
 70
     1
 71
     0
 91
        1
 92
        1
 93
       25
 72
     1
 10
511.8564453125
 20
-155.3232421875
 11
512.59765625
 21
-155.4287109375
 72
     1
 10
512.59765625
 20
-155.4287109375
 11
514.71484375
 21
-156.59375
 72
     1
 10
514.71484375
 20
-156.59375
 11
515.4443359375
 21
-157.09765625
 72
     1
 10
515.4443359375
 20
-157.09765625
 11
515.71484375
 21
-157.4287109375
 72
     1
 10
515.71484375
 20
-157.4287109375
 11
515.9853515625
 21
-157.9697265625
 72
     1
 10
515.9853515625
 20
-157.9697265625
 11
519.69140625
 21
-166.123046875
 72
     1
 10
519.69140625
 20
-166.123046875
 11
521.068359375
 21
-167.181640625
 72
     1
 10
521.068359375
 20
-167.181640625
 11
523.71484375
 21
-168.240234375
 72
     1
 10
523.71484375
 20
-168.240234375
 11
524.8798828125
 21
-168.9814453125
 72
     1
 10
524.8798828125
 20
-168.9814453125
 11
525.83203125
 21
-169.828125
 72
     1
 10
525.83203125
 20
-169.828125
 11
526.6796875
 21
-171.9462890625
 72
     1
 10
526.6796875
 20
-171.9462890625
 11
526.30859375
 21
-176.1708984375
 72
     1
 10
526.30859375
 20
-176.1708984375
 11
525.9384765625
 21
-176.81640625
 72
     1
 10
525.9384765625
 20
-176.81640625
 11
510.673828125
 21
-182.392578125
 72
     1
 10
510.673828125
 20
-182.392578125
 11
510.267578125
 21
-182.216796875
 72
     1
 10
510.267578125
 20
-182.216796875
 11
509.77734375
 21
-181.9091796875
 72
     1
 10
509.77734375
 20
-181.9091796875
 11
509.291015625
 21
-181.5498046875
 72
     1
 10
509.291015625
 20
-181.5498046875
 11
507.62109375
 21
-180.4169921875
 72
     1
 10
507.62109375
 20
-180.4169921875
 11
507.4326171875
 21
-179.61328125
 72
     1
 10
507.4326171875
 20
-179.61328125
 11
501.9033203125
 21
-160.6171875
 72
     1
 10
501.9033203125
 20
-160.6171875
 11
502.3095703125
 21
-158.685546875
 72
     1
 10
502.3095703125
 20
-158.685546875
 11
503.068359375
 21
-157.4404296875
 72
     1
 10
503.068359375
 20
-157.4404296875
 11
503.8232421875
 21
-156.97265625
 72
     1
 10
503.8232421875
 20
-156.97265625
 11
503.9150390625
 21
-156.9111328125
 72
     1
 10
503.9150390625
 20
-156.9111328125
 11
511.8564453125
 21
-155.3232421875
 97
        0
 75
     0
 76
     1
 98
        0
  0
POLYLINE
  5
1CF
330
1F
100
AcDbEntity
  8
Layer 1
370
     0
100
AcDb2dPolyline
 66
     1
 10
0.0
 20
0.0
 30
0.0
  0
VERTEX
  5
1D0
330
1CF
100
AcDbEntity
  8
Layer 1
370
     0
100
AcDbVertex
100
AcDb2dVertex
 10
524.9853515625
 20
-179.78125
 30
0.0
  0
VERTEX
  5
1D1
330
1CF
100
AcDbEntity
  8
Layer 1
370
     0
100
AcDbVertex
100
AcDb2dVertex
 10
532.3310546875
 20
-180.28515625
 30
0.0
  0
VERTEX
  5
1D2
330
1CF
100
AcDbEntity
  8
Layer 1
370
     0
100
AcDbVertex
100
AcDb2dVertex
 10
534.2275390625
 20
-181.6845703125
 30
0.0
  0
VERTEX
  5
1D3
330
1CF
100
AcDbEntity
  8
Layer 1
370
     0
100
AcDbVertex
100
AcDb2dVertex
 10
534.34375
 20
-181.986328125
 30
0.0
  0
VERTEX
  5
1D4
330
1CF
100
AcDbEntity
  8
Layer 1
370
     0
100
AcDbVertex
100
AcDb2dVertex
 10
534.5146484375
 20
-182.216796875
 30
0.0
  0
VERTEX
  5
1D5
330
1CF
100
AcDbEntity
  8
Layer 1
370
     0
100
AcDbVertex
100
AcDb2dVertex
 10
536.5263671875
 20
-187.404296875
 30
0.0
  0
VERTEX
  5
1D6
330
1CF
100
AcDbEntity
  8
Layer 1
370
     0
100
AcDbVertex
100
AcDb2dVertex
 10
537.0068359375
 20
-188.703125
 30
0.0
  0
VERTEX
  5
1D7
330
1CF
100
AcDbEntity
  8
Layer 1
370
     0
100
AcDbVertex
100
AcDb2dVertex
 10
537.267578125
 20
-189.310546875
 30
0.0
  0
VERTEX
  5
1D8
330
1CF
100
AcDbEntity
  8
Layer 1
370
     0
100
AcDbVertex
100
AcDb2dVertex
 10
537.318359375
 20
-189.7890625
 30
0.0
  0
VERTEX
  5
1D9
330
1CF
100
AcDbEntity
  8
Layer 1
370
     0
100
AcDbVertex
100
AcDb2dVertex
 10
536.2705078125
 20
-198.736328125
 30
0.0
  0
VERTEX
  5
1DA
330
1CF
100
AcDbEntity
  8
Layer 1
370
     0
100
AcDbVertex
100
AcDb2dVertex
 10
536.1025390625
 20
-199.263671875
 30
0.0
  0
VERTEX
  5
1DB
330
1CF
100
AcDbEntity
  8
Layer 1
370
     0
100
AcDbVertex
100
AcDb2dVertex
 10
535.013671875
 20
-200.1875
 30
0.0
  0
VERTEX
  5
1DC
330
1CF
100
AcDbEntity
  8
Layer 1
370
     0
100
AcDbVertex
100
AcDb2dVertex
 10
519.3740234375
 20
-208.1572265625
 30
0.0
  0
VERTEX
  5
1DD
330
1CF
100
AcDbEntity
  8
Layer 1
370
     0
100
AcDbVertex
100
AcDb2dVertex
 10
519.1865234375
 20
-208.1435546875
 30
0.0
  0
VERTEX
  5
1DE
330
1CF
100
AcDbEntity
  8
Layer 1
370
     0
100
AcDbVertex
100
AcDb2dVertex
 10
517.267578125
 20
-207.537109375
 30
0.0
  0
VERTEX
  5
1DF
330
1CF
100
AcDbEntity
  8
Layer 1
370
     0
100
AcDbVertex
100
AcDb2dVertex
 10
517.0439453125
 20
-207.310546875
 30
0.0
  0
VERTEX
  5
1E0
330
1CF
100
AcDbEntity
  8
Layer 1
370
     0
100
AcDbVertex
100
AcDb2dVertex
 10
517.03515625
 20
-207.26171875
 30
0.0
  0
VERTEX
  5
1E1
330
1CF
100
AcDbEntity
  8
Layer 1
370
     0
100
AcDbVertex
100
AcDb2dVertex
 10
517.0439453125
 20
-207.0986328125
 30
0.0
  0
VERTEX
  5
1E2
330
1CF
100
AcDbEntity
  8
Layer 1
370
     0
100
AcDbVertex
100
AcDb2dVertex
 10
511.9619140625
 20
-192.169921875
 30
0.0
  0
VERTEX
  5
1E3
330
1CF
100
AcDbEntity
  8
Layer 1
370
     0
100
AcDbVertex
100
AcDb2dVertex
 10
511.75
 20
-191.6396484375
 30
0.0
  0
VERTEX
  5
1E4
330
1CF
100
AcDbEntity
  8
Layer 1
370
     0
100
AcDbVertex
100
AcDb2dVertex
 10
510.162109375
 20
-187.0869140625
 30
0.0
  0
VERTEX
  5
1E5
330
1CF
100
AcDbEntity
  8
Layer 1
370
     0
100
AcDbVertex
100
AcDb2dVertex
 10
510.20703125
 20
-186.806640625
 30
0.0
  0
VERTEX
  5
1E6
330
1CF
100
AcDbEntity
  8
Layer 1
370
     0
100
AcDbVertex
100
AcDb2dVertex
 10
511.8466796875
 20
-183.708984375
 30
0.0
  0
VERTEX
  5
1E7
330
1CF
100
AcDbEntity
  8
Layer 1
370
     0
100
AcDbVertex
100
AcDb2dVertex
 10
512.1279296875
 20
-183.556640625
 30
0.0
  0
VERTEX
  5
1E8
330
1CF
100
AcDbEntity
  8
Layer 1
370
     0
100
AcDbVertex
100
AcDb2dVertex
 10
524.9853515625
 20
-179.78125
 30
0.0
  0
VERTEX
  5
1E9
330
1CF
100
AcDbEntity
  8
Layer 1
370
     0
100
AcDbVertex
100
AcDb2dVertex
 10
524.9853515625
 20
-179.78125
 30
0.0
  0
SEQEND
  5
1EA
330
1CF
100
AcDbEntity
  8
Layer 1
370
     0
  0
HATCH
  5
1EB
330
1F
100
AcDbEntity
  8
Layer 1
 62
     7
420
 16777215
100
AcDbHatch
 10
0.0
 20
0.0
 30
0.0
210
0.0
220
0.0
230
1.0
  2
SOLID
 70
     1
 71
     0
 91
        1
 92
        1
 93
       24
 72
     1
 10
524.9853515625
 20
-179.78125
 11
532.3310546875
 21
-180.28515625
 72
     1
 10
532.3310546875
 20
-180.28515625
 11
534.2275390625
 21
-181.6845703125
 72
     1
 10
534.2275390625
 20
-181.6845703125
 11
534.34375
 21
-181.986328125
 72
     1
 10
534.34375
 20
-181.986328125
 11
534.5146484375
 21
-182.216796875
 72
     1
 10
534.5146484375
 20
-182.216796875
 11
536.5263671875
 21
-187.404296875
 72
     1
 10
536.5263671875
 20
-187.404296875
 11
537.0068359375
 21
-188.703125
 72
     1
 10
537.0068359375
 20
-188.703125
 11
537.267578125
 21
-189.310546875
 72
     1
 10
537.267578125
 20
-189.310546875
 11
537.318359375
 21
-189.7890625
 72
     1
 10
537.318359375
 20
-189.7890625
 11
536.2705078125
 21
-198.736328125
 72
     1
 10
536.2705078125
 20
-198.736328125
 11
536.1025390625
 21
-199.263671875
 72
     1
 10
536.1025390625
 20
-199.263671875
 11
535.013671875
 21
-200.1875
 72
     1
 10
535.013671875
 20
-200.1875
 11
519.3740234375
 21
-208.1572265625
 72
     1
 10
519.3740234375
 20
-208.1572265625
 11
519.1865234375
 21
-208.1435546875
 72
     1
 10
519.1865234375
 20
-208.1435546875
 11
517.267578125
 21
-207.537109375
 72
     1
 10
517.267578125
 20
-207.537109375
 11
517.0439453125
 21
-207.310546875
 72
     1
 10
517.0439453125
 20
-207.310546875
 11
517.03515625
 21
-207.26171875
 72
     1
 10
517.03515625
 20
-207.26171875
 11
517.0439453125
 21
-207.0986328125
 72
     1
 10
517.0439453125
 20
-207.0986328125
 11
511.9619140625
 21
-192.169921875
 72
     1
 10
511.9619140625
 20
-192.169921875
 11
511.75
 21
-191.6396484375
 72
     1
 10
511.75
 20
-191.6396484375
 11
510.162109375
 21
-187.0869140625
 72
     1
 10
510.162109375
 20
-187.0869140625
 11
510.20703125
 21
-186.806640625
 72
     1
 10
510.20703125
 20
-186.806640625
 11
511.8466796875
 21
-183.708984375
 72
     1
 10
511.8466796875
 20
-183.708984375
 11
512.1279296875
 21
-183.556640625
 72
     1
 10
512.1279296875
 20
-183.556640625
 11
524.9853515625
 21
-179.78125
 97
        0
 75
     0
 76
     1
 98
        0
  0
SPLINE
  5
1EC
330
1F
100
AcDbEntity
  8
Layer 1
370
     0
100
AcDbSpline
210
0.0
220
0.0
230
1.0
 70
    11
 71
     3
 72
    80
 73
    76
 74
     0
 42
0.0000000001
 43
0.0000000001
 40
0.0
 40
0.0
 40
0.0
 40
0.0
 40
1.0
 40
1.0
 40
1.0
 40
2.0
 40
2.0
 40
2.0
 40
3.0
 40
3.0
 40
3.0
 40
4.0
 40
4.0
 40
4.0
 40
5.0
 40
5.0
 40
5.0
 40
6.0
 40
6.0
 40
6.0
 40
7.0
 40
7.0
 40
7.0
 40
8.0
 40
8.0
 40
8.0
 40
9.0
 40
9.0
 40
9.0
 40
10.0
 40
10.0
 40
10.0
 40
11.0
 40
11.0
 40
11.0
 40
12.0
 40
12.0
 40
12.0
 40
13.0
 40
13.0
 40
13.0
 40
14.0
 40
14.0
 40
14.0
 40
15.0
 40
15.0
 40
15.0
 40
16.0
 40
16.0
 40
16.0
 40
17.0
 40
17.0
 40
17.0
 40
18.0
 40
18.0
 40
18.0
 40
19.0
 40
19.0
 40
19.0
 40
20.0
 40
20.0
 40
20.0
 40
21.0
 40
21.0
 40
21.0
 40
22.0
 40
22.0
 40
22.0
 40
23.0
 40
23.0
 40
23.0
 40
24.0
 40
24.0
 40
24.0
 40
25.0
 40
25.0
 40
25.0
 40
25.0
 10
396.5517578125
 20
-206.251953125
 30
0.0
 10
396.5517578125
 20
-206.251953125
 30
0.0
 10
396.5712890625
 20
-206.232421875
 30
0.0
 10
396.5712890625
 20
-206.232421875
 30
0.0
 10
396.5712890625
 20
-206.232421875
 30
0.0
 10
396.5849609375
 20
-206.201171875
 30
0.0
 10
396.5849609375
 20
-206.201171875
 30
0.0
 10
396.5849609375
 20
-206.201171875
 30
0.0
 10
396.609375
 20
-206.1689453125
 30
0.0
 10
396.609375
 20
-206.1689453125
 30
0.0
 10
396.609375
 20
-206.1689453125
 30
0.0
 10
396.658203125
 20
-206.1455078125
 30
0.0
 10
396.658203125
 20
-206.1455078125
 30
0.0
 10
396.658203125
 20
-206.1455078125
 30
0.0
 10
396.9150390625
 20
-206.1142578125
 30
0.0
 10
396.9150390625
 20
-206.1142578125
 30
0.0
 10
396.9150390625
 20
-206.1142578125
 30
0.0
 10
397.2451171875
 20
-206.1201171875
 30
0.0
 10
397.2451171875
 20
-206.1201171875
 30
0.0
 10
397.2451171875
 20
-206.1201171875
 30
0.0
 10
397.5732421875
 20
-206.1650390625
 30
0.0
 10
397.5732421875
 20
-206.1650390625
 30
0.0
 10
397.5732421875
 20
-206.1650390625
 30
0.0
 10
397.822265625
 20
-206.251953125
 30
0.0
 10
397.822265625
 20
-206.251953125
 30
0.0
 10
397.822265625
 20
-206.251953125
 30
0.0
 10
398.1025390625
 20
-206.5673828125
 30
0.0
 10
398.1025390625
 20
-206.5673828125
 30
0.0
 10
398.1025390625
 20
-206.5673828125
 30
0.0
 10
398.2666015625
 20
-207.0498046875
 30
0.0
 10
398.2666015625
 20
-207.0498046875
 30
0.0
 10
398.2666015625
 20
-207.0498046875
 30
0.0
 10
398.2880859375
 20
-207.5830078125
 30
0.0
 10
398.2880859375
 20
-207.5830078125
 30
0.0
 10
398.2880859375
 20
-207.5830078125
 30
0.0
 10
398.1396484375
 20
-208.0517578125
 30
0.0
 10
398.1396484375
 20
-208.0517578125
 30
0.0
 10
398.1396484375
 20
-208.0517578125
 30
0.0
 10
397.87109375
 20
-208.2724609375
 30
0.0
 10
397.87109375
 20
-208.2724609375
 30
0.0
 10
397.87109375
 20
-208.2724609375
 30
0.0
 10
397.4013671875
 20
-208.4541015625
 30
0.0
 10
397.4013671875
 20
-208.4541015625
 30
0.0
 10
397.4013671875
 20
-208.4541015625
 30
0.0
 10
396.8515625
 20
-208.513671875
 30
0.0
 10
396.8515625
 20
-208.513671875
 30
0.0
 10
396.8515625
 20
-208.513671875
 30
0.0
 10
396.33984375
 20
-208.369140625
 30
0.0
 10
396.33984375
 20
-208.369140625
 30
0.0
 10
396.33984375
 20
-208.369140625
 30
0.0
 10
396.0556640625
 20
-208.041015625
 30
0.0
 10
396.0556640625
 20
-208.041015625
 30
0.0
 10
396.0556640625
 20
-208.041015625
 30
0.0
 10
395.8994140625
 20
-207.5546875
 30
0.0
 10
395.8994140625
 20
-207.5546875
 30
0.0
 10
395.8994140625
 20
-207.5546875
 30
0.0
 10
395.8828125
 20
-207.0244140625
 30
0.0
 10
395.8828125
 20
-207.0244140625
 30
0.0
 10
395.8828125
 20
-207.0244140625
 30
0.0
 10
396.0224609375
 20
-206.5693359375
 30
0.0
 10
396.0224609375
 20
-206.5693359375
 30
0.0
 10
396.0224609375
 20
-206.5693359375
 30
0.0
 10
396.1298828125
 20
-206.4453125
 30
0.0
 10
396.1298828125
 20
-206.4453125
 30
0.0
 10
396.1298828125
 20
-206.4453125
 30
0.0
 10
396.2646484375
 20
-206.3623046875
 30
0.0
 10
396.2646484375
 20
-206.3623046875
 30
0.0
 10
396.2646484375
 20
-206.3623046875
 30
0.0
 10
396.5517578125
 20
-206.251953125
 30
0.0
 10
396.5517578125
 20
-206.251953125
 30
0.0
 10
396.5517578125
 20
-206.251953125
 30
0.0
 10
396.5517578125
 20
-206.251953125
 30
0.0
 10
396.5517578125
 20
-206.251953125
 30
0.0
 10
396.5517578125
 20
-206.251953125
 30
0.0
 10
396.5517578125
 20
-206.251953125
 30
0.0
 10
396.5517578125
 20
-206.251953125
 30
0.0
  0
HATCH
  5
1ED
330
1F
100
AcDbEntity
  8
Layer 1
 62
     7
420
 16777215
100
AcDbHatch
 10
0.0
 20
0.0
 30
0.0
210
0.0
220
0.0
230
1.0
  2
SOLID
 70
     1
 71
     0
 91
        1
 92
        1
 93
        1
 72
     4
 94
        3
 73
     0
 74
     1
 95
       80
 96
       76
 40
0.0
 40
0.0
 40
0.0
 40
0.0
 40
1.0
 40
1.0
 40
1.0
 40
2.0
 40
2.0
 40
2.0
 40
3.0
 40
3.0
 40
3.0
 40
4.0
 40
4.0
 40
4.0
 40
5.0
 40
5.0
 40
5.0
 40
6.0
 40
6.0
 40
6.0
 40
7.0
 40
7.0
 40
7.0
 40
8.0
 40
8.0
 40
8.0
 40
9.0
 40
9.0
 40
9.0
 40
10.0
 40
10.0
 40
10.0
 40
11.0
 40
11.0
 40
11.0
 40
12.0
 40
12.0
 40
12.0
 40
13.0
 40
13.0
 40
13.0
 40
14.0
 40
14.0
 40
14.0
 40
15.0
 40
15.0
 40
15.0
 40
16.0
 40
16.0
 40
16.0
 40
17.0
 40
17.0
 40
17.0
 40
18.0
 40
18.0
 40
18.0
 40
19.0
 40
19.0
 40
19.0
 40
20.0
 40
20.0
 40
20.0
 40
21.0
 40
21.0
 40
21.0
 40
22.0
 40
22.0
 40
22.0
 40
23.0
 40
23.0
 40
23.0
 40
24.0
 40
24.0
 40
24.0
 40
25.0
 40
25.0
 40
25.0
 40
25.0
 10
396.5517578125
 20
-206.251953125
 10
396.5517578125
 20
-206.251953125
 10
396.5712890625
 20
-206.232421875
 10
396.5712890625
 20
-206.232421875
 10
396.5712890625
 20
-206.232421875
 10
396.5849609375
 20
-206.201171875
 10
396.5849609375
 20
-206.201171875
 10
396.5849609375
 20
-206.201171875
 10
396.609375
 20
-206.1689453125
 10
396.609375
 20
-206.1689453125
 10
396.609375
 20
-206.1689453125
 10
396.658203125
 20
-206.1455078125
 10
396.658203125
 20
-206.1455078125
 10
396.658203125
 20
-206.1455078125
 10
396.9150390625
 20
-206.1142578125
 10
396.9150390625
 20
-206.1142578125
 10
396.9150390625
 20
-206.1142578125
 10
397.2451171875
 20
-206.1201171875
 10
397.2451171875
 20
-206.1201171875
 10
397.2451171875
 20
-206.1201171875
 10
397.5732421875
 20
-206.1650390625
 10
397.5732421875
 20
-206.1650390625
 10
397.5732421875
 20
-206.1650390625
 10
397.822265625
 20
-206.251953125
 10
397.822265625
 20
-206.251953125
 10
397.822265625
 20
-206.251953125
 10
398.1025390625
 20
-206.5673828125
 10
398.1025390625
 20
-206.5673828125
 10
398.1025390625
 20
-206.5673828125
 10
398.2666015625
 20
-207.0498046875
 10
398.2666015625
 20
-207.0498046875
 10
398.2666015625
 20
-207.0498046875
 10
398.2880859375
 20
-207.5830078125
 10
398.2880859375
 20
-207.5830078125
 10
398.2880859375
 20
-207.5830078125
 10
398.1396484375
 20
-208.0517578125
 10
398.1396484375
 20
-208.0517578125
 10
398.1396484375
 20
-208.0517578125
 10
397.87109375
 20
-208.2724609375
 10
397.87109375
 20
-208.2724609375
 10
397.87109375
 20
-208.2724609375
 10
397.4013671875
 20
-208.4541015625
 10
397.4013671875
 20
-208.4541015625
 10
397.4013671875
 20
-208.4541015625
 10
396.8515625
 20
-208.513671875
 10
396.8515625
 20
-208.513671875
 10
396.8515625
 20
-208.513671875
 10
396.33984375
 20
-208.369140625
 10
396.33984375
 20
-208.369140625
 10
396.33984375
 20
-208.369140625
 10
396.0556640625
 20
-208.041015625
 10
396.0556640625
 20
-208.041015625
 10
396.0556640625
 20
-208.041015625
 10
395.8994140625
 20
-207.5546875
 10
395.8994140625
 20
-207.5546875
 10
395.8994140625
 20
-207.5546875
 10
395.8828125
 20
-207.0244140625
 10
395.8828125
 20
-207.0244140625
 10
395.8828125
 20
-207.0244140625
 10
396.0224609375
 20
-206.5693359375
 10
396.0224609375
 20
-206.5693359375
 10
396.0224609375
 20
-206.5693359375
 10
396.1298828125
 20
-206.4453125
 10
396.1298828125
 20
-206.4453125
 10
396.1298828125
 20
-206.4453125
 10
396.2646484375
 20
-206.3623046875
 10
396.2646484375
 20
-206.3623046875
 10
396.2646484375
 20
-206.3623046875
 10
396.5517578125
 20
-206.251953125
 10
396.5517578125
 20
-206.251953125
 10
396.5517578125
 20
-206.251953125
 10
396.5517578125
 20
-206.251953125
 10
396.5517578125
 20
-206.251953125
 10
396.5517578125
 20
-206.251953125
 10
396.5517578125
 20
-206.251953125
 10
396.5517578125
 20
-206.251953125
 97
        0
 75
     0
 76
     1
 98
        0
  0
SPLINE
  5
1EE
330
1F
100
AcDbEntity
  8
Layer 1
370
     0
100
AcDbSpline
210
0.0
220
0.0
230
1.0
 70
    11
 71
     3
 72
   194
 73
   190
 74
     0
 42
0.0000000001
 43
0.0000000001
 40
0.0
 40
0.0
 40
0.0
 40
0.0
 40
1.0
 40
1.0
 40
1.0
 40
2.0
 40
2.0
 40
2.0
 40
3.0
 40
3.0
 40
3.0
 40
4.0
 40
4.0
 40
4.0
 40
5.0
 40
5.0
 40
5.0
 40
6.0
 40
6.0
 40
6.0
 40
7.0
 40
7.0
 40
7.0
 40
8.0
 40
8.0
 40
8.0
 40
9.0
 40
9.0
 40
9.0
 40
10.0
 40
10.0
 40
10.0
 40
11.0
 40
11.0
 40
11.0
 40
12.0
 40
12.0
 40
12.0
 40
13.0
 40
13.0
 40
13.0
 40
14.0
 40
14.0
 40
14.0
 40
15.0
 40
15.0
 40
15.0
 40
16.0
 40
16.0
 40
16.0
 40
17.0
 40
17.0
 40
17.0
 40
18.0
 40
18.0
 40
18.0
 40
19.0
 40
19.0
 40
19.0
 40
20.0
 40
20.0
 40
20.0
 40
21.0
 40
21.0
 40
21.0
 40
22.0
 40
22.0
 40
22.0
 40
23.0
 40
23.0
 40
23.0
 40
24.0
 40
24.0
 40
24.0
 40
25.0
 40
25.0
 40
25.0
 40
26.0
 40
26.0
 40
26.0
 40
27.0
 40
27.0
 40
27.0
 40
28.0
 40
28.0
 40
28.0
 40
29.0
 40
29.0
 40
29.0
 40
30.0
 40
30.0
 40
30.0
 40
31.0
 40
31.0
 40
31.0
 40
32.0
 40
32.0
 40
32.0
 40
33.0
 40
33.0
 40
33.0
 40
34.0
 40
34.0
 40
34.0
 40
35.0
 40
35.0
 40
35.0
 40
36.0
 40
36.0
 40
36.0
 40
37.0
 40
37.0
 40
37.0
 40
38.0
 40
38.0
 40
38.0
 40
39.0
 40
39.0
 40
39.0
 40
40.0
 40
40.0
 40
40.0
 40
41.0
 40
41.0
 40
41.0
 40
42.0
 40
42.0
 40
42.0
 40
43.0
 40
43.0
 40
43.0
 40
44.0
 40
44.0
 40
44.0
 40
45.0
 40
45.0
 40
45.0
 40
46.0
 40
46.0
 40
46.0
 40
47.0
 40
47.0
 40
47.0
 40
48.0
 40
48.0
 40
48.0
 40
49.0
 40
49.0
 40
49.0
 40
50.0
 40
50.0
 40
50.0
 40
51.0
 40
51.0
 40
51.0
 40
52.0
 40
52.0
 40
52.0
 40
53.0
 40
53.0
 40
53.0
 40
54.0
 40
54.0
 40
54.0
 40
55.0
 40
55.0
 40
55.0
 40
56.0
 40
56.0
 40
56.0
 40
57.0
 40
57.0
 40
57.0
 40
58.0
 40
58.0
 40
58.0
 40
59.0
 40
59.0
 40
59.0
 40
60.0
 40
60.0
 40
60.0
 40
61.0
 40
61.0
 40
61.0
 40
62.0
 40
62.0
 40
62.0
 40
63.0
 40
63.0
 40
63.0
 40
63.0
 10
448.328125
 20
-269.2509765625
 30
0.0
 10
448.328125
 20
-269.2509765625
 30
0.0
 10
448.349609375
 20
-269.1953125
 30
0.0
 10
448.349609375
 20
-269.1953125
 30
0.0
 10
448.349609375
 20
-269.1953125
 30
0.0
 10
448.3798828125
 20
-269.158203125
 30
0.0
 10
448.3798828125
 20
-269.158203125
 30
0.0
 10
448.3798828125
 20
-269.158203125
 30
0.0
 10
448.43359375
 20
-269.14453125
 30
0.0
 10
448.43359375
 20
-269.14453125
 30
0.0
 10
448.43359375
 20
-269.14453125
 30
0.0
 10
448.548828125
 20
-269.16015625
 30
0.0
 10
448.548828125
 20
-269.16015625
 30
0.0
 10
448.548828125
 20
-269.16015625
 30
0.0
 10
449.2822265625
 20
-269.3203125
 30
0.0
 10
449.2822265625
 20
-269.3203125
 30
0.0
 10
449.2822265625
 20
-269.3203125
 30
0.0
 10
449.38671875
 20
-269.3564453125
 30
0.0
 10
449.38671875
 20
-269.3564453125
 30
0.0
 10
449.38671875
 20
-269.3564453125
 30
0.0
 10
449.41796875
 20
-269.396484375
 30
0.0
 10
449.41796875
 20
-269.396484375
 30
0.0
 10
449.41796875
 20
-269.396484375
 30
0.0
 10
449.4658203125
 20
-269.53125
 30
0.0
 10
449.4658203125
 20
-269.53125
 30
0.0
 10
449.4658203125
 20
-269.53125
 30
0.0
 10
449.4921875
 20
-269.568359375
 30
0.0
 10
449.4921875
 20
-269.568359375
 30
0.0
 10
449.4921875
 20
-269.568359375
 30
0.0
 10
449.6015625
 20
-269.607421875
 30
0.0
 10
449.6015625
 20
-269.607421875
 30
0.0
 10
449.6015625
 20
-269.607421875
 30
0.0
 10
449.7041015625
 20
-269.6376953125
 30
0.0
 10
449.7041015625
 20
-269.6376953125
 30
0.0
 10
449.7041015625
 20
-269.6376953125
 30
0.0
 10
449.806640625
 20
-269.6875
 30
0.0
 10
449.806640625
 20
-269.6875
 30
0.0
 10
449.806640625
 20
-269.6875
 30
0.0
 10
449.916015625
 20
-269.7802734375
 30
0.0
 10
449.916015625
 20
-269.7802734375
 30
0.0
 10
449.916015625
 20
-269.7802734375
 30
0.0
 10
449.955078125
 20
-269.8515625
 30
0.0
 10
449.955078125
 20
-269.8515625
 30
0.0
 10
449.955078125
 20
-269.8515625
 30
0.0
 10
449.984375
 20
-270.0185546875
 30
0.0
 10
449.984375
 20
-270.0185546875
 30
0.0
 10
449.984375
 20
-270.0185546875
 30
0.0
 10
450.021484375
 20
-270.09765625
 30
0.0
 10
450.021484375
 20
-270.09765625
 30
0.0
 10
450.021484375
 20
-270.09765625
 30
0.0
 10
450.0634765625
 20
-270.125
 30
0.0
 10
450.0634765625
 20
-270.125
 30
0.0
 10
450.0634765625
 20
-270.125
 30
0.0
 10
450.1982421875
 20
-270.1787109375
 30
0.0
 10
450.1982421875
 20
-270.1787109375
 30
0.0
 10
450.1982421875
 20
-270.1787109375
 30
0.0
 10
450.2333984375
 20
-270.2041015625
 30
0.0
 10
450.2333984375
 20
-270.2041015625
 30
0.0
 10
450.2333984375
 20
-270.2041015625
 30
0.0
 10
450.2734375
 20
-270.314453125
 30
0.0
 10
450.2734375
 20
-270.314453125
 30
0.0
 10
450.2734375
 20
-270.314453125
 30
0.0
 10
450.33984375
 20
-270.626953125
 30
0.0
 10
450.33984375
 20
-270.626953125
 30
0.0
 10
450.33984375
 20
-270.626953125
 30
0.0
 10
450.43359375
 20
-270.9658203125
 30
0.0
 10
450.43359375
 20
-270.9658203125
 30
0.0
 10
450.43359375
 20
-270.9658203125
 30
0.0
 10
450.4453125
 20
-271.05078125
 30
0.0
 10
450.4453125
 20
-271.05078125
 30
0.0
 10
450.4453125
 20
-271.05078125
 30
0.0
 10
450.400390625
 20
-271.419921875
 30
0.0
 10
450.400390625
 20
-271.419921875
 30
0.0
 10
450.400390625
 20
-271.419921875
 30
0.0
 10
450.263671875
 20
-271.8330078125
 30
0.0
 10
450.263671875
 20
-271.8330078125
 30
0.0
 10
450.263671875
 20
-271.8330078125
 30
0.0
 10
450.0595703125
 20
-272.2255859375
 30
0.0
 10
450.0595703125
 20
-272.2255859375
 30
0.0
 10
450.0595703125
 20
-272.2255859375
 30
0.0
 10
449.8095703125
 20
-272.533203125
 30
0.0
 10
449.8095703125
 20
-272.533203125
 30
0.0
 10
449.8095703125
 20
-272.533203125
 30
0.0
 10
449.73828125
 20
-272.572265625
 30
0.0
 10
449.73828125
 20
-272.572265625
 30
0.0
 10
449.73828125
 20
-272.572265625
 30
0.0
 10
449.5712890625
 20
-272.6015625
 30
0.0
 10
449.5712890625
 20
-272.6015625
 30
0.0
 10
449.5712890625
 20
-272.6015625
 30
0.0
 10
449.4921875
 20
-272.638671875
 30
0.0
 10
449.4921875
 20
-272.638671875
 30
0.0
 10
449.4921875
 20
-272.638671875
 30
0.0
 10
449.46484375
 20
-272.6806640625
 30
0.0
 10
449.46484375
 20
-272.6806640625
 30
0.0
 10
449.46484375
 20
-272.6806640625
 30
0.0
 10
449.4111328125
 20
-272.8154296875
 30
0.0
 10
449.4111328125
 20
-272.8154296875
 30
0.0
 10
449.4111328125
 20
-272.8154296875
 30
0.0
 10
449.38671875
 20
-272.8505859375
 30
0.0
 10
449.38671875
 20
-272.8505859375
 30
0.0
 10
449.38671875
 20
-272.8505859375
 30
0.0
 10
449.2763671875
 20
-272.890625
 30
0.0
 10
449.2763671875
 20
-272.890625
 30
0.0
 10
449.2763671875
 20
-272.890625
 30
0.0
 10
448.7275390625
 20
-273.017578125
 30
0.0
 10
448.7275390625
 20
-273.017578125
 30
0.0
 10
448.7275390625
 20
-273.017578125
 30
0.0
 10
448.5390625
 20
-273.0439453125
 30
0.0
 10
448.5390625
 20
-273.0439453125
 30
0.0
 10
448.5390625
 20
-273.0439453125
 30
0.0
 10
448.3251953125
 20
-273.02734375
 30
0.0
 10
448.3251953125
 20
-273.02734375
 30
0.0
 10
448.3251953125
 20
-273.02734375
 30
0.0
 10
448.009765625
 20
-272.95703125
 30
0.0
 10
448.009765625
 20
-272.95703125
 30
0.0
 10
448.009765625
 20
-272.95703125
 30
0.0
 10
447.8447265625
 20
-272.9013671875
 30
0.0
 10
447.8447265625
 20
-272.9013671875
 30
0.0
 10
447.8447265625
 20
-272.9013671875
 30
0.0
 10
447.6875
 20
-272.826171875
 30
0.0
 10
447.6875
 20
-272.826171875
 30
0.0
 10
447.6875
 20
-272.826171875
 30
0.0
 10
447.375
 20
-272.638671875
 30
0.0
 10
447.375
 20
-272.638671875
 30
0.0
 10
447.375
 20
-272.638671875
 30
0.0
 10
447.265625
 20
-272.5625
 30
0.0
 10
447.265625
 20
-272.5625
 30
0.0
 10
447.265625
 20
-272.5625
 30
0.0
 10
447.166015625
 20
-272.4736328125
 30
0.0
 10
447.166015625
 20
-272.4736328125
 30
0.0
 10
447.166015625
 20
-272.4736328125
 30
0.0
 10
447.0654296875
 20
-272.361328125
 30
0.0
 10
447.0654296875
 20
-272.361328125
 30
0.0
 10
447.0654296875
 20
-272.361328125
 30
0.0
 10
446.951171875
 20
-272.2158203125
 30
0.0
 10
446.951171875
 20
-272.2158203125
 30
0.0
 10
446.951171875
 20
-272.2158203125
 30
0.0
 10
446.7763671875
 20
-271.9169921875
 30
0.0
 10
446.7763671875
 20
-271.9169921875
 30
0.0
 10
446.7763671875
 20
-271.9169921875
 30
0.0
 10
446.6416015625
 20
-271.5322265625
 30
0.0
 10
446.6416015625
 20
-271.5322265625
 30
0.0
 10
446.6416015625
 20
-271.5322265625
 30
0.0
 10
446.58203125
 20
-271.091796875
 30
0.0
 10
446.58203125
 20
-271.091796875
 30
0.0
 10
446.58203125
 20
-271.091796875
 30
0.0
 10
446.6337890625
 20
-270.626953125
 30
0.0
 10
446.6337890625
 20
-270.626953125
 30
0.0
 10
446.6337890625
 20
-270.626953125
 30
0.0
 10
446.703125
 20
-270.3095703125
 30
0.0
 10
446.703125
 20
-270.3095703125
 30
0.0
 10
446.703125
 20
-270.3095703125
 30
0.0
 10
446.7392578125
 20
-270.2041015625
 30
0.0
 10
446.7392578125
 20
-270.2041015625
 30
0.0
 10
446.7392578125
 20
-270.2041015625
 30
0.0
 10
446.779296875
 20
-270.171875
 30
0.0
 10
446.779296875
 20
-270.171875
 30
0.0
 10
446.779296875
 20
-270.171875
 30
0.0
 10
446.9140625
 20
-270.1240234375
 30
0.0
 10
446.9140625
 20
-270.1240234375
 30
0.0
 10
446.9140625
 20
-270.1240234375
 30
0.0
 10
446.951171875
 20
-270.09765625
 30
0.0
 10
446.951171875
 20
-270.09765625
 30
0.0
 10
446.951171875
 20
-270.09765625
 30
0.0
 10
446.95703125
 20
-270.048828125
 30
0.0
 10
446.95703125
 20
-270.048828125
 30
0.0
 10
446.95703125
 20
-270.048828125
 30
0.0
 10
446.9404296875
 20
-269.9306640625
 30
0.0
 10
446.9404296875
 20
-269.9306640625
 30
0.0
 10
446.9404296875
 20
-269.9306640625
 30
0.0
 10
446.951171875
 20
-269.8857421875
 30
0.0
 10
446.951171875
 20
-269.8857421875
 30
0.0
 10
446.951171875
 20
-269.8857421875
 30
0.0
 10
447.2041015625
 20
-269.642578125
 30
0.0
 10
447.2041015625
 20
-269.642578125
 30
0.0
 10
447.2041015625
 20
-269.642578125
 30
0.0
 10
447.53125
 20
-269.455078125
 30
0.0
 10
447.53125
 20
-269.455078125
 30
0.0
 10
447.53125
 20
-269.455078125
 30
0.0
 10
447.912109375
 20
-269.32421875
 30
0.0
 10
447.912109375
 20
-269.32421875
 30
0.0
 10
447.912109375
 20
-269.32421875
 30
0.0
 10
448.328125
 20
-269.2509765625
 30
0.0
 10
448.328125
 20
-269.2509765625
 30
0.0
 10
448.328125
 20
-269.2509765625
 30
0.0
 10
448.328125
 20
-269.2509765625
 30
0.0
 10
448.328125
 20
-269.2509765625
 30
0.0
 10
448.328125
 20
-269.2509765625
 30
0.0
 10
448.328125
 20
-269.2509765625
 30
0.0
 10
448.328125
 20
-269.2509765625
 30
0.0
  0
HATCH
  5
1EF
330
1F
100
AcDbEntity
  8
Layer 1
 62
     7
420
 16777215
100
AcDbHatch
 10
0.0
 20
0.0
 30
0.0
210
0.0
220
0.0
230
1.0
  2
SOLID
 70
     1
 71
     0
 91
        1
 92
        1
 93
        1
 72
     4
 94
        3
 73
     0
 74
     1
 95
      194
 96
      190
 40
0.0
 40
0.0
 40
0.0
 40
0.0
 40
1.0
 40
1.0
 40
1.0
 40
2.0
 40
2.0
 40
2.0
 40
3.0
 40
3.0
 40
3.0
 40
4.0
 40
4.0
 40
4.0
 40
5.0
 40
5.0
 40
5.0
 40
6.0
 40
6.0
 40
6.0
 40
7.0
 40
7.0
 40
7.0
 40
8.0
 40
8.0
 40
8.0
 40
9.0
 40
9.0
 40
9.0
 40
10.0
 40
10.0
 40
10.0
 40
11.0
 40
11.0
 40
11.0
 40
12.0
 40
12.0
 40
12.0
 40
13.0
 40
13.0
 40
13.0
 40
14.0
 40
14.0
 40
14.0
 40
15.0
 40
15.0
 40
15.0
 40
16.0
 40
16.0
 40
16.0
 40
17.0
 40
17.0
 40
17.0
 40
18.0
 40
18.0
 40
18.0
 40
19.0
 40
19.0
 40
19.0
 40
20.0
 40
20.0
 40
20.0
 40
21.0
 40
21.0
 40
21.0
 40
22.0
 40
22.0
 40
22.0
 40
23.0
 40
23.0
 40
23.0
 40
24.0
 40
24.0
 40
24.0
 40
25.0
 40
25.0
 40
25.0
 40
26.0
 40
26.0
 40
26.0
 40
27.0
 40
27.0
 40
27.0
 40
28.0
 40
28.0
 40
28.0
 40
29.0
 40
29.0
 40
29.0
 40
30.0
 40
30.0
 40
30.0
 40
31.0
 40
31.0
 40
31.0
 40
32.0
 40
32.0
 40
32.0
 40
33.0
 40
33.0
 40
33.0
 40
34.0
 40
34.0
 40
34.0
 40
35.0
 40
35.0
 40
35.0
 40
36.0
 40
36.0
 40
36.0
 40
37.0
 40
37.0
 40
37.0
 40
38.0
 40
38.0
 40
38.0
 40
39.0
 40
39.0
 40
39.0
 40
40.0
 40
40.0
 40
40.0
 40
41.0
 40
41.0
 40
41.0
 40
42.0
 40
42.0
 40
42.0
 40
43.0
 40
43.0
 40
43.0
 40
44.0
 40
44.0
 40
44.0
 40
45.0
 40
45.0
 40
45.0
 40
46.0
 40
46.0
 40
46.0
 40
47.0
 40
47.0
 40
47.0
 40
48.0
 40
48.0
 40
48.0
 40
49.0
 40
49.0
 40
49.0
 40
50.0
 40
50.0
 40
50.0
 40
51.0
 40
51.0
 40
51.0
 40
52.0
 40
52.0
 40
52.0
 40
53.0
 40
53.0
 40
53.0
 40
54.0
 40
54.0
 40
54.0
 40
55.0
 40
55.0
 40
55.0
 40
56.0
 40
56.0
 40
56.0
 40
57.0
 40
57.0
 40
57.0
 40
58.0
 40
58.0
 40
58.0
 40
59.0
 40
59.0
 40
59.0
 40
60.0
 40
60.0
 40
60.0
 40
61.0
 40
61.0
 40
61.0
 40
62.0
 40
62.0
 40
62.0
 40
63.0
 40
63.0
 40
63.0
 40
63.0
 10
448.328125
 20
-269.2509765625
 10
448.328125
 20
-269.2509765625
 10
448.349609375
 20
-269.1953125
 10
448.349609375
 20
-269.1953125
 10
448.349609375
 20
-269.1953125
 10
448.3798828125
 20
-269.158203125
 10
448.3798828125
 20
-269.158203125
 10
448.3798828125
 20
-269.158203125
 10
448.43359375
 20
-269.14453125
 10
448.43359375
 20
-269.14453125
 10
448.43359375
 20
-269.14453125
 10
448.548828125
 20
-269.16015625
 10
448.548828125
 20
-269.16015625
 10
448.548828125
 20
-269.16015625
 10
449.2822265625
 20
-269.3203125
 10
449.2822265625
 20
-269.3203125
 10
449.2822265625
 20
-269.3203125
 10
449.38671875
 20
-269.3564453125
 10
449.38671875
 20
-269.3564453125
 10
449.38671875
 20
-269.3564453125
 10
449.41796875
 20
-269.396484375
 10
449.41796875
 20
-269.396484375
 10
449.41796875
 20
-269.396484375
 10
449.4658203125
 20
-269.53125
 10
449.4658203125
 20
-269.53125
 10
449.4658203125
 20
-269.53125
 10
449.4921875
 20
-269.568359375
 10
449.4921875
 20
-269.568359375
 10
449.4921875
 20
-269.568359375
 10
449.6015625
 20
-269.607421875
 10
449.6015625
 20
-269.607421875
 10
449.6015625
 20
-269.607421875
 10
449.7041015625
 20
-269.6376953125
 10
449.7041015625
 20
-269.6376953125
 10
449.7041015625
 20
-269.6376953125
 10
449.806640625
 20
-269.6875
 10
449.806640625
 20
-269.6875
 10
449.806640625
 20
-269.6875
 10
449.916015625
 20
-269.7802734375
 10
449.916015625
 20
-269.7802734375
 10
449.916015625
 20
-269.7802734375
 10
449.955078125
 20
-269.8515625
 10
449.955078125
 20
-269.8515625
 10
449.955078125
 20
-269.8515625
 10
449.984375
 20
-270.0185546875
 10
449.984375
 20
-270.0185546875
 10
449.984375
 20
-270.0185546875
 10
450.021484375
 20
-270.09765625
 10
450.021484375
 20
-270.09765625
 10
450.021484375
 20
-270.09765625
 10
450.0634765625
 20
-270.125
 10
450.0634765625
 20
-270.125
 10
450.0634765625
 20
-270.125
 10
450.1982421875
 20
-270.1787109375
 10
450.1982421875
 20
-270.1787109375
 10
450.1982421875
 20
-270.1787109375
 10
450.2333984375
 20
-270.2041015625
 10
450.2333984375
 20
-270.2041015625
 10
450.2333984375
 20
-270.2041015625
 10
450.2734375
 20
-270.314453125
 10
450.2734375
 20
-270.314453125
 10
450.2734375
 20
-270.314453125
 10
450.33984375
 20
-270.626953125
 10
450.33984375
 20
-270.626953125
 10
450.33984375
 20
-270.626953125
 10
450.43359375
 20
-270.9658203125
 10
450.43359375
 20
-270.9658203125
 10
450.43359375
 20
-270.9658203125
 10
450.4453125
 20
-271.05078125
 10
450.4453125
 20
-271.05078125
 10
450.4453125
 20
-271.05078125
 10
450.400390625
 20
-271.419921875
 10
450.400390625
 20
-271.419921875
 10
450.400390625
 20
-271.419921875
 10
450.263671875
 20
-271.8330078125
 10
450.263671875
 20
-271.8330078125
 10
450.263671875
 20
-271.8330078125
 10
450.0595703125
 20
-272.2255859375
 10
450.0595703125
 20
-272.2255859375
 10
450.0595703125
 20
-272.2255859375
 10
449.8095703125
 20
-272.533203125
 10
449.8095703125
 20
-272.533203125
 10
449.8095703125
 20
-272.533203125
 10
449.73828125
 20
-272.572265625
 10
449.73828125
 20
-272.572265625
 10
449.73828125
 20
-272.572265625
 10
449.5712890625
 20
-272.6015625
 10
449.5712890625
 20
-272.6015625
 10
449.5712890625
 20
-272.6015625
 10
449.4921875
 20
-272.638671875
 10
449.4921875
 20
-272.638671875
 10
449.4921875
 20
-272.638671875
 10
449.46484375
 20
-272.6806640625
 10
449.46484375
 20
-272.6806640625
 10
449.46484375
 20
-272.6806640625
 10
449.4111328125
 20
-272.8154296875
 10
449.4111328125
 20
-272.8154296875
 10
449.4111328125
 20
-272.8154296875
 10
449.38671875
 20
-272.8505859375
 10
449.38671875
 20
-272.8505859375
 10
449.38671875
 20
-272.8505859375
 10
449.2763671875
 20
-272.890625
 10
449.2763671875
 20
-272.890625
 10
449.2763671875
 20
-272.890625
 10
448.7275390625
 20
-273.017578125
 10
448.7275390625
 20
-273.017578125
 10
448.7275390625
 20
-273.017578125
 10
448.5390625
 20
-273.0439453125
 10
448.5390625
 20
-273.0439453125
 10
448.5390625
 20
-273.0439453125
 10
448.3251953125
 20
-273.02734375
 10
448.3251953125
 20
-273.02734375
 10
448.3251953125
 20
-273.02734375
 10
448.009765625
 20
-272.95703125
 10
448.009765625
 20
-272.95703125
 10
448.009765625
 20
-272.95703125
 10
447.8447265625
 20
-272.9013671875
 10
447.8447265625
 20
-272.9013671875
 10
447.8447265625
 20
-272.9013671875
 10
447.6875
 20
-272.826171875
 10
447.6875
 20
-272.826171875
 10
447.6875
 20
-272.826171875
 10
447.375
 20
-272.638671875
 10
447.375
 20
-272.638671875
 10
447.375
 20
-272.638671875
 10
447.265625
 20
-272.5625
 10
447.265625
 20
-272.5625
 10
447.265625
 20
-272.5625
 10
447.166015625
 20
-272.4736328125
 10
447.166015625
 20
-272.4736328125
 10
447.166015625
 20
-272.4736328125
 10
447.0654296875
 20
-272.361328125
 10
447.0654296875
 20
-272.361328125
 10
447.0654296875
 20
-272.361328125
 10
446.951171875
 20
-272.2158203125
 10
446.951171875
 20
-272.2158203125
 10
446.951171875
 20
-272.2158203125
 10
446.7763671875
 20
-271.9169921875
 10
446.7763671875
 20
-271.9169921875
 10
446.7763671875
 20
-271.9169921875
 10
446.6416015625
 20
-271.5322265625
 10
446.6416015625
 20
-271.5322265625
 10
446.6416015625
 20
-271.5322265625
 10
446.58203125
 20
-271.091796875
 10
446.58203125
 20
-271.091796875
 10
446.58203125
 20
-271.091796875
 10
446.6337890625
 20
-270.626953125
 10
446.6337890625
 20
-270.626953125
 10
446.6337890625
 20
-270.626953125
 10
446.703125
 20
-270.3095703125
 10
446.703125
 20
-270.3095703125
 10
446.703125
 20
-270.3095703125
 10
446.7392578125
 20
-270.2041015625
 10
446.7392578125
 20
-270.2041015625
 10
446.7392578125
 20
-270.2041015625
 10
446.779296875
 20
-270.171875
 10
446.779296875
 20
-270.171875
 10
446.779296875
 20
-270.171875
 10
446.9140625
 20
-270.1240234375
 10
446.9140625
 20
-270.1240234375
 10
446.9140625
 20
-270.1240234375
 10
446.951171875
 20
-270.09765625
 10
446.951171875
 20
-270.09765625
 10
446.951171875
 20
-270.09765625
 10
446.95703125
 20
-270.048828125
 10
446.95703125
 20
-270.048828125
 10
446.95703125
 20
-270.048828125
 10
446.9404296875
 20
-269.9306640625
 10
446.9404296875
 20
-269.9306640625
 10
446.9404296875
 20
-269.9306640625
 10
446.951171875
 20
-269.8857421875
 10
446.951171875
 20
-269.8857421875
 10
446.951171875
 20
-269.8857421875
 10
447.2041015625
 20
-269.642578125
 10
447.2041015625
 20
-269.642578125
 10
447.2041015625
 20
-269.642578125
 10
447.53125
 20
-269.455078125
 10
447.53125
 20
-269.455078125
 10
447.53125
 20
-269.455078125
 10
447.912109375
 20
-269.32421875
 10
447.912109375
 20
-269.32421875
 10
447.912109375
 20
-269.32421875
 10
448.328125
 20
-269.2509765625
 10
448.328125
 20
-269.2509765625
 10
448.328125
 20
-269.2509765625
 10
448.328125
 20
-269.2509765625
 10
448.328125
 20
-269.2509765625
 10
448.328125
 20
-269.2509765625
 10
448.328125
 20
-269.2509765625
 10
448.328125
 20
-269.2509765625
 97
        0
 75
     0
 76
     1
 98
        0
  0
SPLINE
  5
1F0
330
1F
100
AcDbEntity
  8
Layer 1
370
     0
100
AcDbSpline
210
0.0
220
0.0
230
1.0
 70
    11
 71
     3
 72
   194
 73
   190
 74
     0
 42
0.0000000001
 43
0.0000000001
 40
0.0
 40
0.0
 40
0.0
 40
0.0
 40
1.0
 40
1.0
 40
1.0
 40
2.0
 40
2.0
 40
2.0
 40
3.0
 40
3.0
 40
3.0
 40
4.0
 40
4.0
 40
4.0
 40
5.0
 40
5.0
 40
5.0
 40
6.0
 40
6.0
 40
6.0
 40
7.0
 40
7.0
 40
7.0
 40
8.0
 40
8.0
 40
8.0
 40
9.0
 40
9.0
 40
9.0
 40
10.0
 40
10.0
 40
10.0
 40
11.0
 40
11.0
 40
11.0
 40
12.0
 40
12.0
 40
12.0
 40
13.0
 40
13.0
 40
13.0
 40
14.0
 40
14.0
 40
14.0
 40
15.0
 40
15.0
 40
15.0
 40
16.0
 40
16.0
 40
16.0
 40
17.0
 40
17.0
 40
17.0
 40
18.0
 40
18.0
 40
18.0
 40
19.0
 40
19.0
 40
19.0
 40
20.0
 40
20.0
 40
20.0
 40
21.0
 40
21.0
 40
21.0
 40
22.0
 40
22.0
 40
22.0
 40
23.0
 40
23.0
 40
23.0
 40
24.0
 40
24.0
 40
24.0
 40
25.0
 40
25.0
 40
25.0
 40
26.0
 40
26.0
 40
26.0
 40
27.0
 40
27.0
 40
27.0
 40
28.0
 40
28.0
 40
28.0
 40
29.0
 40
29.0
 40
29.0
 40
30.0
 40
30.0
 40
30.0
 40
31.0
 40
31.0
 40
31.0
 40
32.0
 40
32.0
 40
32.0
 40
33.0
 40
33.0
 40
33.0
 40
34.0
 40
34.0
 40
34.0
 40
35.0
 40
35.0
 40
35.0
 40
36.0
 40
36.0
 40
36.0
 40
37.0
 40
37.0
 40
37.0
 40
38.0
 40
38.0
 40
38.0
 40
39.0
 40
39.0
 40
39.0
 40
40.0
 40
40.0
 40
40.0
 40
41.0
 40
41.0
 40
41.0
 40
42.0
 40
42.0
 40
42.0
 40
43.0
 40
43.0
 40
43.0
 40
44.0
 40
44.0
 40
44.0
 40
45.0
 40
45.0
 40
45.0
 40
46.0
 40
46.0
 40
46.0
 40
47.0
 40
47.0
 40
47.0
 40
48.0
 40
48.0
 40
48.0
 40
49.0
 40
49.0
 40
49.0
 40
50.0
 40
50.0
 40
50.0
 40
51.0
 40
51.0
 40
51.0
 40
52.0
 40
52.0
 40
52.0
 40
53.0
 40
53.0
 40
53.0
 40
54.0
 40
54.0
 40
54.0
 40
55.0
 40
55.0
 40
55.0
 40
56.0
 40
56.0
 40
56.0
 40
57.0
 40
57.0
 40
57.0
 40
58.0
 40
58.0
 40
58.0
 40
59.0
 40
59.0
 40
59.0
 40
60.0
 40
60.0
 40
60.0
 40
61.0
 40
61.0
 40
61.0
 40
62.0
 40
62.0
 40
62.0
 40
63.0
 40
63.0
 40
63.0
 40
63.0
 10
445.2568359375
 20
-273.591796875
 30
0.0
 10
445.2568359375
 20
-273.591796875
 30
0.0
 10
445.265625
 20
-273.57421875
 30
0.0
 10
445.265625
 20
-273.57421875
 30
0.0
 10
445.265625
 20
-273.57421875
 30
0.0
 10
445.2802734375
 20
-273.5361328125
 30
0.0
 10
445.2802734375
 20
-273.5361328125
 30
0.0
 10
445.2802734375
 20
-273.5361328125
 30
0.0
 10
445.3095703125
 20
-273.5
 30
0.0
 10
445.3095703125
 20
-273.5
 30
0.0
 10
445.3095703125
 20
-273.5
 30
0.0
 10
445.36328125
 20
-273.486328125
 30
0.0
 10
445.36328125
 20
-273.486328125
 30
0.0
 10
445.36328125
 20
-273.486328125
 30
0.0
 10
445.478515625
 20
-273.501953125
 30
0.0
 10
445.478515625
 20
-273.501953125
 30
0.0
 10
445.478515625
 20
-273.501953125
 30
0.0
 10
446.2119140625
 20
-273.6611328125
 30
0.0
 10
446.2119140625
 20
-273.6611328125
 30
0.0
 10
446.2119140625
 20
-273.6611328125
 30
0.0
 10
446.31640625
 20
-273.697265625
 30
0.0
 10
446.31640625
 20
-273.697265625
 30
0.0
 10
446.31640625
 20
-273.697265625
 30
0.0
 10
446.34765625
 20
-273.73828125
 30
0.0
 10
446.34765625
 20
-273.73828125
 30
0.0
 10
446.34765625
 20
-273.73828125
 30
0.0
 10
446.3955078125
 20
-273.8720703125
 30
0.0
 10
446.3955078125
 20
-273.8720703125
 30
0.0
 10
446.3955078125
 20
-273.8720703125
 30
0.0
 10
446.421875
 20
-273.9091796875
 30
0.0
 10
446.421875
 20
-273.9091796875
 30
0.0
 10
446.421875
 20
-273.9091796875
 30
0.0
 10
446.6337890625
 20
-273.9794921875
 30
0.0
 10
446.6337890625
 20
-273.9794921875
 30
0.0
 10
446.6337890625
 20
-273.9794921875
 30
0.0
 10
446.736328125
 20
-274.0283203125
 30
0.0
 10
446.736328125
 20
-274.0283203125
 30
0.0
 10
446.736328125
 20
-274.0283203125
 30
0.0
 10
446.845703125
 20
-274.12109375
 30
0.0
 10
446.845703125
 20
-274.12109375
 30
0.0
 10
446.845703125
 20
-274.12109375
 30
0.0
 10
446.884765625
 20
-274.193359375
 30
0.0
 10
446.884765625
 20
-274.193359375
 30
0.0
 10
446.884765625
 20
-274.193359375
 30
0.0
 10
446.9140625
 20
-274.359375
 30
0.0
 10
446.9140625
 20
-274.359375
 30
0.0
 10
446.9140625
 20
-274.359375
 30
0.0
 10
446.951171875
 20
-274.439453125
 30
0.0
 10
446.951171875
 20
-274.439453125
 30
0.0
 10
446.951171875
 20
-274.439453125
 30
0.0
 10
446.9931640625
 20
-274.4658203125
 30
0.0
 10
446.9931640625
 20
-274.4658203125
 30
0.0
 10
446.9931640625
 20
-274.4658203125
 30
0.0
 10
447.126953125
 20
-274.51953125
 30
0.0
 10
447.126953125
 20
-274.51953125
 30
0.0
 10
447.126953125
 20
-274.51953125
 30
0.0
 10
447.1630859375
 20
-274.544921875
 30
0.0
 10
447.1630859375
 20
-274.544921875
 30
0.0
 10
447.1630859375
 20
-274.544921875
 30
0.0
 10
447.203125
 20
-274.6552734375
 30
0.0
 10
447.203125
 20
-274.6552734375
 30
0.0
 10
447.203125
 20
-274.6552734375
 30
0.0
 10
447.3271484375
 20
-275.2041015625
 30
0.0
 10
447.3271484375
 20
-275.2041015625
 30
0.0
 10
447.3271484375
 20
-275.2041015625
 30
0.0
 10
447.3515625
 20
-275.3994140625
 30
0.0
 10
447.3515625
 20
-275.3994140625
 30
0.0
 10
447.3515625
 20
-275.3994140625
 30
0.0
 10
447.3349609375
 20
-275.6181640625
 30
0.0
 10
447.3349609375
 20
-275.6181640625
 30
0.0
 10
447.3349609375
 20
-275.6181640625
 30
0.0
 10
447.2685546875
 20
-275.9208984375
 30
0.0
 10
447.2685546875
 20
-275.9208984375
 30
0.0
 10
447.2685546875
 20
-275.9208984375
 30
0.0
 10
447.212890625
 20
-276.0859375
 30
0.0
 10
447.212890625
 20
-276.0859375
 30
0.0
 10
447.212890625
 20
-276.0859375
 30
0.0
 10
447.1376953125
 20
-276.2431640625
 30
0.0
 10
447.1376953125
 20
-276.2431640625
 30
0.0
 10
447.1376953125
 20
-276.2431640625
 30
0.0
 10
446.951171875
 20
-276.556640625
 30
0.0
 10
446.951171875
 20
-276.556640625
 30
0.0
 10
446.951171875
 20
-276.556640625
 30
0.0
 10
446.875
 20
-276.666015625
 30
0.0
 10
446.875
 20
-276.666015625
 30
0.0
 10
446.875
 20
-276.666015625
 30
0.0
 10
446.7861328125
 20
-276.765625
 30
0.0
 10
446.7861328125
 20
-276.765625
 30
0.0
 10
446.7861328125
 20
-276.765625
 30
0.0
 10
446.673828125
 20
-276.8662109375
 30
0.0
 10
446.673828125
 20
-276.8662109375
 30
0.0
 10
446.673828125
 20
-276.8662109375
 30
0.0
 10
446.52734375
 20
-276.98046875
 30
0.0
 10
446.52734375
 20
-276.98046875
 30
0.0
 10
446.52734375
 20
-276.98046875
 30
0.0
 10
446.408203125
 20
-277.0634765625
 30
0.0
 10
446.408203125
 20
-277.0634765625
 30
0.0
 10
446.408203125
 20
-277.0634765625
 30
0.0
 10
446.26171875
 20
-277.150390625
 30
0.0
 10
446.26171875
 20
-277.150390625
 30
0.0
 10
446.26171875
 20
-277.150390625
 30
0.0
 10
446.0888671875
 20
-277.232421875
 30
0.0
 10
446.0888671875
 20
-277.232421875
 30
0.0
 10
446.0888671875
 20
-277.232421875
 30
0.0
 10
445.892578125
 20
-277.2978515625
 30
0.0
 10
445.892578125
 20
-277.2978515625
 30
0.0
 10
445.892578125
 20
-277.2978515625
 30
0.0
 10
445.564453125
 20
-277.36328125
 30
0.0
 10
445.564453125
 20
-277.36328125
 30
0.0
 10
445.564453125
 20
-277.36328125
 30
0.0
 10
445.28125
 20
-277.35546875
 30
0.0
 10
445.28125
 20
-277.35546875
 30
0.0
 10
445.28125
 20
-277.35546875
 30
0.0
 10
444.9853515625
 20
-277.2666015625
 30
0.0
 10
444.9853515625
 20
-277.2666015625
 30
0.0
 10
444.9853515625
 20
-277.2666015625
 30
0.0
 10
444.6220703125
 20
-277.0859375
 30
0.0
 10
444.6220703125
 20
-277.0859375
 30
0.0
 10
444.6220703125
 20
-277.0859375
 30
0.0
 10
444.39453125
 20
-276.943359375
 30
0.0
 10
444.39453125
 20
-276.943359375
 30
0.0
 10
444.39453125
 20
-276.943359375
 30
0.0
 10
444.21875
 20
-276.7998046875
 30
0.0
 10
444.21875
 20
-276.7998046875
 30
0.0
 10
444.21875
 20
-276.7998046875
 30
0.0
 10
443.880859375
 20
-276.451171875
 30
0.0
 10
443.880859375
 20
-276.451171875
 30
0.0
 10
443.880859375
 20
-276.451171875
 30
0.0
 10
443.7255859375
 20
-276.169921875
 30
0.0
 10
443.7255859375
 20
-276.169921875
 30
0.0
 10
443.7255859375
 20
-276.169921875
 30
0.0
 10
443.6337890625
 20
-275.763671875
 30
0.0
 10
443.6337890625
 20
-275.763671875
 30
0.0
 10
443.6337890625
 20
-275.763671875
 30
0.0
 10
443.6123046875
 20
-275.302734375
 30
0.0
 10
443.6123046875
 20
-275.302734375
 30
0.0
 10
443.6123046875
 20
-275.302734375
 30
0.0
 10
443.6689453125
 20
-274.8623046875
 30
0.0
 10
443.6689453125
 20
-274.8623046875
 30
0.0
 10
443.6689453125
 20
-274.8623046875
 30
0.0
 10
443.68359375
 20
-274.8544921875
 30
0.0
 10
443.68359375
 20
-274.8544921875
 30
0.0
 10
443.68359375
 20
-274.8544921875
 30
0.0
 10
443.7158203125
 20
-274.83203125
 30
0.0
 10
443.7158203125
 20
-274.83203125
 30
0.0
 10
443.7158203125
 20
-274.83203125
 30
0.0
 10
443.751953125
 20
-274.798828125
 30
0.0
 10
443.751953125
 20
-274.798828125
 30
0.0
 10
443.751953125
 20
-274.798828125
 30
0.0
 10
443.7744140625
 20
-274.7568359375
 30
0.0
 10
443.7744140625
 20
-274.7568359375
 30
0.0
 10
443.7744140625
 20
-274.7568359375
 30
0.0
 10
443.822265625
 20
-274.634765625
 30
0.0
 10
443.822265625
 20
-274.634765625
 30
0.0
 10
443.822265625
 20
-274.634765625
 30
0.0
 10
443.8798828125
 20
-274.564453125
 30
0.0
 10
443.8798828125
 20
-274.564453125
 30
0.0
 10
443.8798828125
 20
-274.564453125
 30
0.0
 10
443.9375
 20
-274.5107421875
 30
0.0
 10
443.9375
 20
-274.5107421875
 30
0.0
 10
443.9375
 20
-274.5107421875
 30
0.0
 10
443.986328125
 20
-274.439453125
 30
0.0
 10
443.986328125
 20
-274.439453125
 30
0.0
 10
443.986328125
 20
-274.439453125
 30
0.0
 10
443.9921875
 20
-274.390625
 30
0.0
 10
443.9921875
 20
-274.390625
 30
0.0
 10
443.9921875
 20
-274.390625
 30
0.0
 10
443.9755859375
 20
-274.271484375
 30
0.0
 10
443.9755859375
 20
-274.271484375
 30
0.0
 10
443.9755859375
 20
-274.271484375
 30
0.0
 10
443.986328125
 20
-274.2275390625
 30
0.0
 10
443.986328125
 20
-274.2275390625
 30
0.0
 10
443.986328125
 20
-274.2275390625
 30
0.0
 10
444.224609375
 20
-273.990234375
 30
0.0
 10
444.224609375
 20
-273.990234375
 30
0.0
 10
444.224609375
 20
-273.990234375
 30
0.0
 10
444.53125
 20
-273.802734375
 30
0.0
 10
444.53125
 20
-273.802734375
 30
0.0
 10
444.53125
 20
-273.802734375
 30
0.0
 10
444.8818359375
 20
-273.6689453125
 30
0.0
 10
444.8818359375
 20
-273.6689453125
 30
0.0
 10
444.8818359375
 20
-273.6689453125
 30
0.0
 10
445.2568359375
 20
-273.591796875
 30
0.0
 10
445.2568359375
 20
-273.591796875
 30
0.0
 10
445.2568359375
 20
-273.591796875
 30
0.0
 10
445.2568359375
 20
-273.591796875
 30
0.0
 10
445.2568359375
 20
-273.591796875
 30
0.0
 10
445.2568359375
 20
-273.591796875
 30
0.0
 10
445.2568359375
 20
-273.591796875
 30
0.0
 10
445.2568359375
 20
-273.591796875
 30
0.0
  0
HATCH
  5
1F1
330
1F
100
AcDbEntity
  8
Layer 1
 62
     7
420
 16777215
100
AcDbHatch
 10
0.0
 20
0.0
 30
0.0
210
0.0
220
0.0
230
1.0
  2
SOLID
 70
     1
 71
     0
 91
        1
 92
        1
 93
        1
 72
     4
 94
        3
 73
     0
 74
     1
 95
      194
 96
      190
 40
0.0
 40
0.0
 40
0.0
 40
0.0
 40
1.0
 40
1.0
 40
1.0
 40
2.0
 40
2.0
 40
2.0
 40
3.0
 40
3.0
 40
3.0
 40
4.0
 40
4.0
 40
4.0
 40
5.0
 40
5.0
 40
5.0
 40
6.0
 40
6.0
 40
6.0
 40
7.0
 40
7.0
 40
7.0
 40
8.0
 40
8.0
 40
8.0
 40
9.0
 40
9.0
 40
9.0
 40
10.0
 40
10.0
 40
10.0
 40
11.0
 40
11.0
 40
11.0
 40
12.0
 40
12.0
 40
12.0
 40
13.0
 40
13.0
 40
13.0
 40
14.0
 40
14.0
 40
14.0
 40
15.0
 40
15.0
 40
15.0
 40
16.0
 40
16.0
 40
16.0
 40
17.0
 40
17.0
 40
17.0
 40
18.0
 40
18.0
 40
18.0
 40
19.0
 40
19.0
 40
19.0
 40
20.0
 40
20.0
 40
20.0
 40
21.0
 40
21.0
 40
21.0
 40
22.0
 40
22.0
 40
22.0
 40
23.0
 40
23.0
 40
23.0
 40
24.0
 40
24.0
 40
24.0
 40
25.0
 40
25.0
 40
25.0
 40
26.0
 40
26.0
 40
26.0
 40
27.0
 40
27.0
 40
27.0
 40
28.0
 40
28.0
 40
28.0
 40
29.0
 40
29.0
 40
29.0
 40
30.0
 40
30.0
 40
30.0
 40
31.0
 40
31.0
 40
31.0
 40
32.0
 40
32.0
 40
32.0
 40
33.0
 40
33.0
 40
33.0
 40
34.0
 40
34.0
 40
34.0
 40
35.0
 40
35.0
 40
35.0
 40
36.0
 40
36.0
 40
36.0
 40
37.0
 40
37.0
 40
37.0
 40
38.0
 40
38.0
 40
38.0
 40
39.0
 40
39.0
 40
39.0
 40
40.0
 40
40.0
 40
40.0
 40
41.0
 40
41.0
 40
41.0
 40
42.0
 40
42.0
 40
42.0
 40
43.0
 40
43.0
 40
43.0
 40
44.0
 40
44.0
 40
44.0
 40
45.0
 40
45.0
 40
45.0
 40
46.0
 40
46.0
 40
46.0
 40
47.0
 40
47.0
 40
47.0
 40
48.0
 40
48.0
 40
48.0
 40
49.0
 40
49.0
 40
49.0
 40
50.0
 40
50.0
 40
50.0
 40
51.0
 40
51.0
 40
51.0
 40
52.0
 40
52.0
 40
52.0
 40
53.0
 40
53.0
 40
53.0
 40
54.0
 40
54.0
 40
54.0
 40
55.0
 40
55.0
 40
55.0
 40
56.0
 40
56.0
 40
56.0
 40
57.0
 40
57.0
 40
57.0
 40
58.0
 40
58.0
 40
58.0
 40
59.0
 40
59.0
 40
59.0
 40
60.0
 40
60.0
 40
60.0
 40
61.0
 40
61.0
 40
61.0
 40
62.0
 40
62.0
 40
62.0
 40
63.0
 40
63.0
 40
63.0
 40
63.0
 10
445.2568359375
 20
-273.591796875
 10
445.2568359375
 20
-273.591796875
 10
445.265625
 20
-273.57421875
 10
445.265625
 20
-273.57421875
 10
445.265625
 20
-273.57421875
 10
445.2802734375
 20
-273.5361328125
 10
445.2802734375
 20
-273.5361328125
 10
445.2802734375
 20
-273.5361328125
 10
445.3095703125
 20
-273.5
 10
445.3095703125
 20
-273.5
 10
445.3095703125
 20
-273.5
 10
445.36328125
 20
-273.486328125
 10
445.36328125
 20
-273.486328125
 10
445.36328125
 20
-273.486328125
 10
445.478515625
 20
-273.501953125
 10
445.478515625
 20
-273.501953125
 10
445.478515625
 20
-273.501953125
 10
446.2119140625
 20
-273.6611328125
 10
446.2119140625
 20
-273.6611328125
 10
446.2119140625
 20
-273.6611328125
 10
446.31640625
 20
-273.697265625
 10
446.31640625
 20
-273.697265625
 10
446.31640625
 20
-273.697265625
 10
446.34765625
 20
-273.73828125
 10
446.34765625
 20
-273.73828125
 10
446.34765625
 20
-273.73828125
 10
446.3955078125
 20
-273.8720703125
 10
446.3955078125
 20
-273.8720703125
 10
446.3955078125
 20
-273.8720703125
 10
446.421875
 20
-273.9091796875
 10
446.421875
 20
-273.9091796875
 10
446.421875
 20
-273.9091796875
 10
446.6337890625
 20
-273.9794921875
 10
446.6337890625
 20
-273.9794921875
 10
446.6337890625
 20
-273.9794921875
 10
446.736328125
 20
-274.0283203125
 10
446.736328125
 20
-274.0283203125
 10
446.736328125
 20
-274.0283203125
 10
446.845703125
 20
-274.12109375
 10
446.845703125
 20
-274.12109375
 10
446.845703125
 20
-274.12109375
 10
446.884765625
 20
-274.193359375
 10
446.884765625
 20
-274.193359375
 10
446.884765625
 20
-274.193359375
 10
446.9140625
 20
-274.359375
 10
446.9140625
 20
-274.359375
 10
446.9140625
 20
-274.359375
 10
446.951171875
 20
-274.439453125
 10
446.951171875
 20
-274.439453125
 10
446.951171875
 20
-274.439453125
 10
446.9931640625
 20
-274.4658203125
 10
446.9931640625
 20
-274.4658203125
 10
446.9931640625
 20
-274.4658203125
 10
447.126953125
 20
-274.51953125
 10
447.126953125
 20
-274.51953125
 10
447.126953125
 20
-274.51953125
 10
447.1630859375
 20
-274.544921875
 10
447.1630859375
 20
-274.544921875
 10
447.1630859375
 20
-274.544921875
 10
447.203125
 20
-274.6552734375
 10
447.203125
 20
-274.6552734375
 10
447.203125
 20
-274.6552734375
 10
447.3271484375
 20
-275.2041015625
 10
447.3271484375
 20
-275.2041015625
 10
447.3271484375
 20
-275.2041015625
 10
447.3515625
 20
-275.3994140625
 10
447.3515625
 20
-275.3994140625
 10
447.3515625
 20
-275.3994140625
 10
447.3349609375
 20
-275.6181640625
 10
447.3349609375
 20
-275.6181640625
 10
447.3349609375
 20
-275.6181640625
 10
447.2685546875
 20
-275.9208984375
 10
447.2685546875
 20
-275.9208984375
 10
447.2685546875
 20
-275.9208984375
 10
447.212890625
 20
-276.0859375
 10
447.212890625
 20
-276.0859375
 10
447.212890625
 20
-276.0859375
 10
447.1376953125
 20
-276.2431640625
 10
447.1376953125
 20
-276.2431640625
 10
447.1376953125
 20
-276.2431640625
 10
446.951171875
 20
-276.556640625
 10
446.951171875
 20
-276.556640625
 10
446.951171875
 20
-276.556640625
 10
446.875
 20
-276.666015625
 10
446.875
 20
-276.666015625
 10
446.875
 20
-276.666015625
 10
446.7861328125
 20
-276.765625
 10
446.7861328125
 20
-276.765625
 10
446.7861328125
 20
-276.765625
 10
446.673828125
 20
-276.8662109375
 10
446.673828125
 20
-276.8662109375
 10
446.673828125
 20
-276.8662109375
 10
446.52734375
 20
-276.98046875
 10
446.52734375
 20
-276.98046875
 10
446.52734375
 20
-276.98046875
 10
446.408203125
 20
-277.0634765625
 10
446.408203125
 20
-277.0634765625
 10
446.408203125
 20
-277.0634765625
 10
446.26171875
 20
-277.150390625
 10
446.26171875
 20
-277.150390625
 10
446.26171875
 20
-277.150390625
 10
446.0888671875
 20
-277.232421875
 10
446.0888671875
 20
-277.232421875
 10
446.0888671875
 20
-277.232421875
 10
445.892578125
 20
-277.2978515625
 10
445.892578125
 20
-277.2978515625
 10
445.892578125
 20
-277.2978515625
 10
445.564453125
 20
-277.36328125
 10
445.564453125
 20
-277.36328125
 10
445.564453125
 20
-277.36328125
 10
445.28125
 20
-277.35546875
 10
445.28125
 20
-277.35546875
 10
445.28125
 20
-277.35546875
 10
444.9853515625
 20
-277.2666015625
 10
444.9853515625
 20
-277.2666015625
 10
444.9853515625
 20
-277.2666015625
 10
444.6220703125
 20
-277.0859375
 10
444.6220703125
 20
-277.0859375
 10
444.6220703125
 20
-277.0859375
 10
444.39453125
 20
-276.943359375
 10
444.39453125
 20
-276.943359375
 10
444.39453125
 20
-276.943359375
 10
444.21875
 20
-276.7998046875
 10
444.21875
 20
-276.7998046875
 10
444.21875
 20
-276.7998046875
 10
443.880859375
 20
-276.451171875
 10
443.880859375
 20
-276.451171875
 10
443.880859375
 20
-276.451171875
 10
443.7255859375
 20
-276.169921875
 10
443.7255859375
 20
-276.169921875
 10
443.7255859375
 20
-276.169921875
 10
443.6337890625
 20
-275.763671875
 10
443.6337890625
 20
-275.763671875
 10
443.6337890625
 20
-275.763671875
 10
443.6123046875
 20
-275.302734375
 10
443.6123046875
 20
-275.302734375
 10
443.6123046875
 20
-275.302734375
 10
443.6689453125
 20
-274.8623046875
 10
443.6689453125
 20
-274.8623046875
 10
443.6689453125
 20
-274.8623046875
 10
443.68359375
 20
-274.8544921875
 10
443.68359375
 20
-274.8544921875
 10
443.68359375
 20
-274.8544921875
 10
443.7158203125
 20
-274.83203125
 10
443.7158203125
 20
-274.83203125
 10
443.7158203125
 20
-274.83203125
 10
443.751953125
 20
-274.798828125
 10
443.751953125
 20
-274.798828125
 10
443.751953125
 20
-274.798828125
 10
443.7744140625
 20
-274.7568359375
 10
443.7744140625
 20
-274.7568359375
 10
443.7744140625
 20
-274.7568359375
 10
443.822265625
 20
-274.634765625
 10
443.822265625
 20
-274.634765625
 10
443.822265625
 20
-274.634765625
 10
443.8798828125
 20
-274.564453125
 10
443.8798828125
 20
-274.564453125
 10
443.8798828125
 20
-274.564453125
 10
443.9375
 20
-274.5107421875
 10
443.9375
 20
-274.5107421875
 10
443.9375
 20
-274.5107421875
 10
443.986328125
 20
-274.439453125
 10
443.986328125
 20
-274.439453125
 10
443.986328125
 20
-274.439453125
 10
443.9921875
 20
-274.390625
 10
443.9921875
 20
-274.390625
 10
443.9921875
 20
-274.390625
 10
443.9755859375
 20
-274.271484375
 10
443.9755859375
 20
-274.271484375
 10
443.9755859375
 20
-274.271484375
 10
443.986328125
 20
-274.2275390625
 10
443.986328125
 20
-274.2275390625
 10
443.986328125
 20
-274.2275390625
 10
444.224609375
 20
-273.990234375
 10
444.224609375
 20
-273.990234375
 10
444.224609375
 20
-273.990234375
 10
444.53125
 20
-273.802734375
 10
444.53125
 20
-273.802734375
 10
444.53125
 20
-273.802734375
 10
444.8818359375
 20
-273.6689453125
 10
444.8818359375
 20
-273.6689453125
 10
444.8818359375
 20
-273.6689453125
 10
445.2568359375
 20
-273.591796875
 10
445.2568359375
 20
-273.591796875
 10
445.2568359375
 20
-273.591796875
 10
445.2568359375
 20
-273.591796875
 10
445.2568359375
 20
-273.591796875
 10
445.2568359375
 20
-273.591796875
 10
445.2568359375
 20
-273.591796875
 10
445.2568359375
 20
-273.591796875
 97
        0
 75
     0
 76
     1
 98
        0
  0
POLYLINE
  5
1F2
330
1F
100
AcDbEntity
  8
Layer 1
370
     0
100
AcDb2dPolyline
 66
     1
 10
0.0
 20
0.0
 30
0.0
  0
VERTEX
  5
1F3
330
1F2
100
AcDbEntity
  8
Layer 1
370
     0
100
AcDbVertex
100
AcDb2dVertex
 10
-123.00634765625
 20
-352.1552734375
 30
0.0
  0
VERTEX
  5
1F4
330
1F2
100
AcDbEntity
  8
Layer 1
370
     0
100
AcDbVertex
100
AcDb2dVertex
 10
-123.01318359375
 20
-352.140625
 30
0.0
  0
VERTEX
  5
1F5
330
1F2
100
AcDbEntity
  8
Layer 1
370
     0
100
AcDbVertex
100
AcDb2dVertex
 10
-122.98046875
 20
-352.10546875
 30
0.0
  0
VERTEX
  5
1F6
330
1F2
100
AcDbEntity
  8
Layer 1
370
     0
100
AcDbVertex
100
AcDb2dVertex
 10
-122.9345703125
 20
-352.0693359375
 30
0.0
  0
VERTEX
  5
1F7
330
1F2
100
AcDbEntity
  8
Layer 1
370
     0
100
AcDbVertex
100
AcDb2dVertex
 10
-122.900390625
 20
-352.0498046875
 30
0.0
  0
VERTEX
  5
1F8
330
1F2
100
AcDbEntity
  8
Layer 1
370
     0
100
AcDbVertex
100
AcDb2dVertex
 10
-122.66259765625
 20
-352.0234375
 30
0.0
  0
VERTEX
  5
1F9
330
1F2
100
AcDbEntity
  8
Layer 1
370
     0
100
AcDbVertex
100
AcDb2dVertex
 10
-122.2705078125
 20
-352.017578125
 30
0.0
  0
VERTEX
  5
1FA
330
1F2
100
AcDbEntity
  8
Layer 1
370
     0
100
AcDbVertex
100
AcDb2dVertex
 10
-121.87548828125
 20
-352.0537109375
 30
0.0
  0
VERTEX
  5
1FB
330
1F2
100
AcDbEntity
  8
Layer 1
370
     0
100
AcDbVertex
100
AcDb2dVertex
 10
-121.6298828125
 20
-352.1552734375
 30
0.0
  0
VERTEX
  5
1FC
330
1F2
100
AcDbEntity
  8
Layer 1
370
     0
100
AcDbVertex
100
AcDb2dVertex
 10
-121.5634765625
 20
-352.3935546875
 30
0.0
  0
VERTEX
  5
1FD
330
1F2
100
AcDbEntity
  8
Layer 1
370
     0
100
AcDbVertex
100
AcDb2dVertex
 10
-121.57568359375
 20
-352.759765625
 30
0.0
  0
VERTEX
  5
1FE
330
1F2
100
AcDbEntity
  8
Layer 1
370
     0
100
AcDbVertex
100
AcDb2dVertex
 10
-121.61474609375
 20
-353.16796875
 30
0.0
  0
VERTEX
  5
1FF
330
1F2
100
AcDbEntity
  8
Layer 1
370
     0
100
AcDbVertex
100
AcDb2dVertex
 10
-121.6298828125
 20
-353.5322265625
 30
0.0
  0
VERTEX
  5
200
330
1F2
100
AcDbEntity
  8
Layer 1
370
     0
100
AcDbVertex
100
AcDb2dVertex
 10
-121.39208984375
 20
-357.41015625
 30
0.0
  0
VERTEX
  5
201
330
1F2
100
AcDbEntity
  8
Layer 1
370
     0
100
AcDbVertex
100
AcDb2dVertex
 10
-121.3603515625
 20
-357.544921875
 30
0.0
  0
VERTEX
  5
202
330
1F2
100
AcDbEntity
  8
Layer 1
370
     0
100
AcDbVertex
100
AcDb2dVertex
 10
-121.31201171875
 20
-357.5556640625
 30
0.0
  0
VERTEX
  5
203
330
1F2
100
AcDbEntity
  8
Layer 1
370
     0
100
AcDbVertex
100
AcDb2dVertex
 10
-121.4912109375
 20
-357.6787109375
 30
0.0
  0
VERTEX
  5
204
330
1F2
100
AcDbEntity
  8
Layer 1
370
     0
100
AcDbVertex
100
AcDb2dVertex
 10
-121.75390625
 20
-357.7373046875
 30
0.0
  0
VERTEX
  5
205
330
1F2
100
AcDbEntity
  8
Layer 1
370
     0
100
AcDbVertex
100
AcDb2dVertex
 10
-129.41357421875
 20
-358.1953125
 30
0.0
  0
VERTEX
  5
206
330
1F2
100
AcDbEntity
  8
Layer 1
370
     0
100
AcDbVertex
100
AcDb2dVertex
 10
-129.57080078125
 20
-358.1904296875
 30
0.0
  0
VERTEX
  5
207
330
1F2
100
AcDbEntity
  8
Layer 1
370
     0
100
AcDbVertex
100
AcDb2dVertex
 10
-129.6005859375
 20
-358.017578125
 30
0.0
  0
VERTEX
  5
208
330
1F2
100
AcDbEntity
  8
Layer 1
370
     0
100
AcDbVertex
100
AcDb2dVertex
 10
-129.57080078125
 20
-357.0263671875
 30
0.0
  0
VERTEX
  5
209
330
1F2
100
AcDbEntity
  8
Layer 1
370
     0
100
AcDbVertex
100
AcDb2dVertex
 10
-129.6220703125
 20
-356.9482421875
 30
0.0
  0
VERTEX
  5
20A
330
1F2
100
AcDbEntity
  8
Layer 1
370
     0
100
AcDbVertex
100
AcDb2dVertex
 10
-129.658203125
 20
-356.8818359375
 30
0.0
  0
VERTEX
  5
20B
330
1F2
100
AcDbEntity
  8
Layer 1
370
     0
100
AcDbVertex
100
AcDb2dVertex
 10
-129.6767578125
 20
-356.814453125
 30
0.0
  0
VERTEX
  5
20C
330
1F2
100
AcDbEntity
  8
Layer 1
370
     0
100
AcDbVertex
100
AcDb2dVertex
 10
-129.6767578125
 20
-353.849609375
 30
0.0
  0
VERTEX
  5
20D
330
1F2
100
AcDbEntity
  8
Layer 1
370
     0
100
AcDbVertex
100
AcDb2dVertex
 10
-129.77099609375
 20
-353.1494140625
 30
0.0
  0
VERTEX
  5
20E
330
1F2
100
AcDbEntity
  8
Layer 1
370
     0
100
AcDbVertex
100
AcDb2dVertex
 10
-129.78271484375
 20
-353.1083984375
 30
0.0
  0
VERTEX
  5
20F
330
1F2
100
AcDbEntity
  8
Layer 1
370
     0
100
AcDbVertex
100
AcDb2dVertex
 10
-129.826171875
 20
-352.7568359375
 30
0.0
  0
VERTEX
  5
210
330
1F2
100
AcDbEntity
  8
Layer 1
370
     0
100
AcDbVertex
100
AcDb2dVertex
 10
-129.830078125
 20
-352.521484375
 30
0.0
  0
VERTEX
  5
211
330
1F2
100
AcDbEntity
  8
Layer 1
370
     0
100
AcDbVertex
100
AcDb2dVertex
 10
-129.78271484375
 20
-352.3671875
 30
0.0
  0
VERTEX
  5
212
330
1F2
100
AcDbEntity
  8
Layer 1
370
     0
100
AcDbVertex
100
AcDb2dVertex
 10
-123.00634765625
 20
-352.1552734375
 30
0.0
  0
VERTEX
  5
213
330
1F2
100
AcDbEntity
  8
Layer 1
370
     0
100
AcDbVertex
100
AcDb2dVertex
 10
-123.00634765625
 20
-352.1552734375
 30
0.0
  0
SEQEND
  5
214
330
1F2
100
AcDbEntity
  8
Layer 1
370
     0
  0
HATCH
  5
215
330
1F
100
AcDbEntity
  8
Layer 1
 62
     7
420
 16777215
100
AcDbHatch
 10
0.0
 20
0.0
 30
0.0
210
0.0
220
0.0
230
1.0
  2
SOLID
 70
     1
 71
     0
 91
        1
 92
        1
 93
       31
 72
     1
 10
-123.00634765625
 20
-352.1552734375
 11
-123.01318359375
 21
-352.140625
 72
     1
 10
-123.01318359375
 20
-352.140625
 11
-122.98046875
 21
-352.10546875
 72
     1
 10
-122.98046875
 20
-352.10546875
 11
-122.9345703125
 21
-352.0693359375
 72
     1
 10
-122.9345703125
 20
-352.0693359375
 11
-122.900390625
 21
-352.0498046875
 72
     1
 10
-122.900390625
 20
-352.0498046875
 11
-122.66259765625
 21
-352.0234375
 72
     1
 10
-122.66259765625
 20
-352.0234375
 11
-122.2705078125
 21
-352.017578125
 72
     1
 10
-122.2705078125
 20
-352.017578125
 11
-121.87548828125
 21
-352.0537109375
 72
     1
 10
-121.87548828125
 20
-352.0537109375
 11
-121.6298828125
 21
-352.1552734375
 72
     1
 10
-121.6298828125
 20
-352.1552734375
 11
-121.5634765625
 21
-352.3935546875
 72
     1
 10
-121.5634765625
 20
-352.3935546875
 11
-121.57568359375
 21
-352.759765625
 72
     1
 10
-121.57568359375
 20
-352.759765625
 11
-121.61474609375
 21
-353.16796875
 72
     1
 10
-121.61474609375
 20
-353.16796875
 11
-121.6298828125
 21
-353.5322265625
 72
     1
 10
-121.6298828125
 20
-353.5322265625
 11
-121.39208984375
 21
-357.41015625
 72
     1
 10
-121.39208984375
 20
-357.41015625
 11
-121.3603515625
 21
-357.544921875
 72
     1
 10
-121.3603515625
 20
-357.544921875
 11
-121.31201171875
 21
-357.5556640625
 72
     1
 10
-121.31201171875
 20
-357.5556640625
 11
-121.4912109375
 21
-357.6787109375
 72
     1
 10
-121.4912109375
 20
-357.6787109375
 11
-121.75390625
 21
-357.7373046875
 72
     1
 10
-121.75390625
 20
-357.7373046875
 11
-129.41357421875
 21
-358.1953125
 72
     1
 10
-129.41357421875
 20
-358.1953125
 11
-129.57080078125
 21
-358.1904296875
 72
     1
 10
-129.57080078125
 20
-358.1904296875
 11
-129.6005859375
 21
-358.017578125
 72
     1
 10
-129.6005859375
 20
-358.017578125
 11
-129.57080078125
 21
-357.0263671875
 72
     1
 10
-129.57080078125
 20
-357.0263671875
 11
-129.6220703125
 21
-356.9482421875
 72
     1
 10
-129.6220703125
 20
-356.9482421875
 11
-129.658203125
 21
-356.8818359375
 72
     1
 10
-129.658203125
 20
-356.8818359375
 11
-129.6767578125
 21
-356.814453125
 72
     1
 10
-129.6767578125
 20
-356.814453125
 11
-129.6767578125
 21
-353.849609375
 72
     1
 10
-129.6767578125
 20
-353.849609375
 11
-129.77099609375
 21
-353.1494140625
 72
     1
 10
-129.77099609375
 20
-353.1494140625
 11
-129.78271484375
 21
-353.1083984375
 72
     1
 10
-129.78271484375
 20
-353.1083984375
 11
-129.826171875
 21
-352.7568359375
 72
     1
 10
-129.826171875
 20
-352.7568359375
 11
-129.830078125
 21
-352.521484375
 72
     1
 10
-129.830078125
 20
-352.521484375
 11
-129.78271484375
 21
-352.3671875
 72
     1
 10
-129.78271484375
 20
-352.3671875
 11
-123.00634765625
 21
-352.1552734375
 97
        0
 75
     0
 76
     1
 98
        0
  0
SPLINE
  5
216
330
1F
100
AcDbEntity
  8
Layer 1
370
     0
100
AcDbSpline
210
0.0
220
0.0
230
1.0
 70
    11
 71
     3
 72
    89
 73
    85
 74
     0
 42
0.0000000001
 43
0.0000000001
 40
0.0
 40
0.0
 40
0.0
 40
0.0
 40
1.0
 40
1.0
 40
1.0
 40
2.0
 40
2.0
 40
2.0
 40
3.0
 40
3.0
 40
3.0
 40
4.0
 40
4.0
 40
4.0
 40
5.0
 40
5.0
 40
5.0
 40
6.0
 40
6.0
 40
6.0
 40
7.0
 40
7.0
 40
7.0
 40
8.0
 40
8.0
 40
8.0
 40
9.0
 40
9.0
 40
9.0
 40
10.0
 40
10.0
 40
10.0
 40
11.0
 40
11.0
 40
11.0
 40
12.0
 40
12.0
 40
12.0
 40
13.0
 40
13.0
 40
13.0
 40
14.0
 40
14.0
 40
14.0
 40
15.0
 40
15.0
 40
15.0
 40
16.0
 40
16.0
 40
16.0
 40
17.0
 40
17.0
 40
17.0
 40
18.0
 40
18.0
 40
18.0
 40
19.0
 40
19.0
 40
19.0
 40
20.0
 40
20.0
 40
20.0
 40
21.0
 40
21.0
 40
21.0
 40
22.0
 40
22.0
 40
22.0
 40
23.0
 40
23.0
 40
23.0
 40
24.0
 40
24.0
 40
24.0
 40
25.0
 40
25.0
 40
25.0
 40
26.0
 40
26.0
 40
26.0
 40
27.0
 40
27.0
 40
27.0
 40
28.0
 40
28.0
 40
28.0
 40
28.0
 10
-415.6611328125
 20
-138.8056640625
 30
0.0
 10
-415.6611328125
 20
-138.8056640625
 30
0.0
 10
-415.72412109375
 20
-138.744140625
 30
0.0
 10
-415.72412109375
 20
-138.744140625
 30
0.0
 10
-415.72412109375
 20
-138.744140625
 30
0.0
 10
-415.69873046875
 20
-138.732421875
 30
0.0
 10
-415.69873046875
 20
-138.732421875
 30
0.0
 10
-415.69873046875
 20
-138.732421875
 30
0.0
 10
-415.6279296875
 20
-138.7578125
 30
0.0
 10
-415.6279296875
 20
-138.7578125
 30
0.0
 10
-415.6279296875
 20
-138.7578125
 30
0.0
 10
-415.55517578125
 20
-138.8056640625
 30
0.0
 10
-415.55517578125
 20
-138.8056640625
 30
0.0
 10
-415.55517578125
 20
-138.8056640625
 30
0.0
 10
-415.52783203125
 20
-138.8505859375
 30
0.0
 10
-415.52783203125
 20
-138.8505859375
 30
0.0
 10
-415.52783203125
 20
-138.8505859375
 30
0.0
 10
-415.4775390625
 20
-138.978515625
 30
0.0
 10
-415.4775390625
 20
-138.978515625
 30
0.0
 10
-415.4775390625
 20
-138.978515625
 30
0.0
 10
-415.44921875
 20
-139.017578125
 30
0.0
 10
-415.44921875
 20
-139.017578125
 30
0.0
 10
-415.44921875
 20
-139.017578125
 30
0.0
 10
-415.40380859375
 20
-139.0234375
 30
0.0
 10
-415.40380859375
 20
-139.0234375
 30
0.0
 10
-415.40380859375
 20
-139.0234375
 30
0.0
 10
-415.27734375
 20
-139.0068359375
 30
0.0
 10
-415.27734375
 20
-139.0068359375
 30
0.0
 10
-415.27734375
 20
-139.0068359375
 30
0.0
 10
-415.23779296875
 20
-139.017578125
 30
0.0
 10
-415.23779296875
 20
-139.017578125
 30
0.0
 10
-415.23779296875
 20
-139.017578125
 30
0.0
 10
-415.13818359375
 20
-139.115234375
 30
0.0
 10
-415.13818359375
 20
-139.115234375
 30
0.0
 10
-415.13818359375
 20
-139.115234375
 30
0.0
 10
-415.04345703125
 20
-139.1552734375
 30
0.0
 10
-415.04345703125
 20
-139.1552734375
 30
0.0
 10
-415.04345703125
 20
-139.1552734375
 30
0.0
 10
-414.91357421875
 20
-139.1787109375
 30
0.0
 10
-414.91357421875
 20
-139.1787109375
 30
0.0
 10
-414.91357421875
 20
-139.1787109375
 30
0.0
 10
-414.70849609375
 20
-139.228515625
 30
0.0
 10
-414.70849609375
 20
-139.228515625
 30
0.0
 10
-414.70849609375
 20
-139.228515625
 30
0.0
 10
-414.62841796875
 20
-139.28125
 30
0.0
 10
-414.62841796875
 20
-139.28125
 30
0.0
 10
-414.62841796875
 20
-139.28125
 30
0.0
 10
-414.7841796875
 20
-139.296875
 30
0.0
 10
-414.7841796875
 20
-139.296875
 30
0.0
 10
-414.7841796875
 20
-139.296875
 30
0.0
 10
-415.0341796875
 20
-139.27734375
 30
0.0
 10
-415.0341796875
 20
-139.27734375
 30
0.0
 10
-415.0341796875
 20
-139.27734375
 30
0.0
 10
-415.23779296875
 20
-139.228515625
 30
0.0
 10
-415.23779296875
 20
-139.228515625
 30
0.0
 10
-415.23779296875
 20
-139.228515625
 30
0.0
 10
-415.25927734375
 20
-139.203125
 30
0.0
 10
-415.25927734375
 20
-139.203125
 30
0.0
 10
-415.25927734375
 20
-139.203125
 30
0.0
 10
-415.26611328125
 20
-139.1689453125
 30
0.0
 10
-415.26611328125
 20
-139.1689453125
 30
0.0
 10
-415.26611328125
 20
-139.1689453125
 30
0.0
 10
-415.28515625
 20
-139.138671875
 30
0.0
 10
-415.28515625
 20
-139.138671875
 30
0.0
 10
-415.28515625
 20
-139.138671875
 30
0.0
 10
-415.34375
 20
-139.123046875
 30
0.0
 10
-415.34375
 20
-139.123046875
 30
0.0
 10
-415.34375
 20
-139.123046875
 30
0.0
 10
-415.43505859375
 20
-139.0859375
 30
0.0
 10
-415.43505859375
 20
-139.0859375
 30
0.0
 10
-415.43505859375
 20
-139.0859375
 30
0.0
 10
-415.50048828125
 20
-139.0048828125
 30
0.0
 10
-415.50048828125
 20
-139.0048828125
 30
0.0
 10
-415.50048828125
 20
-139.0048828125
 30
0.0
 10
-415.5673828125
 20
-138.90234375
 30
0.0
 10
-415.5673828125
 20
-138.90234375
 30
0.0
 10
-415.5673828125
 20
-138.90234375
 30
0.0
 10
-415.6611328125
 20
-138.8056640625
 30
0.0
 10
-415.6611328125
 20
-138.8056640625
 30
0.0
 10
-415.6611328125
 20
-138.8056640625
 30
0.0
 10
-415.6611328125
 20
-138.8056640625
 30
0.0
 10
-415.6611328125
 20
-138.8056640625
 30
0.0
 10
-415.6611328125
 20
-138.8056640625
 30
0.0
 10
-415.6611328125
 20
-138.8056640625
 30
0.0
 10
-415.6611328125
 20
-138.8056640625
 30
0.0
  0
HATCH
  5
217
330
1F
100
AcDbEntity
  8
Layer 1
 62
     7
420
 16777215
100
AcDbHatch
 10
0.0
 20
0.0
 30
0.0
210
0.0
220
0.0
230
1.0
  2
SOLID
 70
     1
 71
     0
 91
        1
 92
        1
 93
        1
 72
     4
 94
        3
 73
     0
 74
     1
 95
       89
 96
       85
 40
0.0
 40
0.0
 40
0.0
 40
0.0
 40
1.0
 40
1.0
 40
1.0
 40
2.0
 40
2.0
 40
2.0
 40
3.0
 40
3.0
 40
3.0
 40
4.0
 40
4.0
 40
4.0
 40
5.0
 40
5.0
 40
5.0
 40
6.0
 40
6.0
 40
6.0
 40
7.0
 40
7.0
 40
7.0
 40
8.0
 40
8.0
 40
8.0
 40
9.0
 40
9.0
 40
9.0
 40
10.0
 40
10.0
 40
10.0
 40
11.0
 40
11.0
 40
11.0
 40
12.0
 40
12.0
 40
12.0
 40
13.0
 40
13.0
 40
13.0
 40
14.0
 40
14.0
 40
14.0
 40
15.0
 40
15.0
 40
15.0
 40
16.0
 40
16.0
 40
16.0
 40
17.0
 40
17.0
 40
17.0
 40
18.0
 40
18.0
 40
18.0
 40
19.0
 40
19.0
 40
19.0
 40
20.0
 40
20.0
 40
20.0
 40
21.0
 40
21.0
 40
21.0
 40
22.0
 40
22.0
 40
22.0
 40
23.0
 40
23.0
 40
23.0
 40
24.0
 40
24.0
 40
24.0
 40
25.0
 40
25.0
 40
25.0
 40
26.0
 40
26.0
 40
26.0
 40
27.0
 40
27.0
 40
27.0
 40
28.0
 40
28.0
 40
28.0
 40
28.0
 10
-415.6611328125
 20
-138.8056640625
 10
-415.6611328125
 20
-138.8056640625
 10
-415.72412109375
 20
-138.744140625
 10
-415.72412109375
 20
-138.744140625
 10
-415.72412109375
 20
-138.744140625
 10
-415.69873046875
 20
-138.732421875
 10
-415.69873046875
 20
-138.732421875
 10
-415.69873046875
 20
-138.732421875
 10
-415.6279296875
 20
-138.7578125
 10
-415.6279296875
 20
-138.7578125
 10
-415.6279296875
 20
-138.7578125
 10
-415.55517578125
 20
-138.8056640625
 10
-415.55517578125
 20
-138.8056640625
 10
-415.55517578125
 20
-138.8056640625
 10
-415.52783203125
 20
-138.8505859375
 10
-415.52783203125
 20
-138.8505859375
 10
-415.52783203125
 20
-138.8505859375
 10
-415.4775390625
 20
-138.978515625
 10
-415.4775390625
 20
-138.978515625
 10
-415.4775390625
 20
-138.978515625
 10
-415.44921875
 20
-139.017578125
 10
-415.44921875
 20
-139.017578125
 10
-415.44921875
 20
-139.017578125
 10
-415.40380859375
 20
-139.0234375
 10
-415.40380859375
 20
-139.0234375
 10
-415.40380859375
 20
-139.0234375
 10
-415.27734375
 20
-139.0068359375
 10
-415.27734375
 20
-139.0068359375
 10
-415.27734375
 20
-139.0068359375
 10
-415.23779296875
 20
-139.017578125
 10
-415.23779296875
 20
-139.017578125
 10
-415.23779296875
 20
-139.017578125
 10
-415.13818359375
 20
-139.115234375
 10
-415.13818359375
 20
-139.115234375
 10
-415.13818359375
 20
-139.115234375
 10
-415.04345703125
 20
-139.1552734375
 10
-415.04345703125
 20
-139.1552734375
 10
-415.04345703125
 20
-139.1552734375
 10
-414.91357421875
 20
-139.1787109375
 10
-414.91357421875
 20
-139.1787109375
 10
-414.91357421875
 20
-139.1787109375
 10
-414.70849609375
 20
-139.228515625
 10
-414.70849609375
 20
-139.228515625
 10
-414.70849609375
 20
-139.228515625
 10
-414.62841796875
 20
-139.28125
 10
-414.62841796875
 20
-139.28125
 10
-414.62841796875
 20
-139.28125
 10
-414.7841796875
 20
-139.296875
 10
-414.7841796875
 20
-139.296875
 10
-414.7841796875
 20
-139.296875
 10
-415.0341796875
 20
-139.27734375
 10
-415.0341796875
 20
-139.27734375
 10
-415.0341796875
 20
-139.27734375
 10
-415.23779296875
 20
-139.228515625
 10
-415.23779296875
 20
-139.228515625
 10
-415.23779296875
 20
-139.228515625
 10
-415.25927734375
 20
-139.203125
 10
-415.25927734375
 20
-139.203125
 10
-415.25927734375
 20
-139.203125
 10
-415.26611328125
 20
-139.1689453125
 10
-415.26611328125
 20
-139.1689453125
 10
-415.26611328125
 20
-139.1689453125
 10
-415.28515625
 20
-139.138671875
 10
-415.28515625
 20
-139.138671875
 10
-415.28515625
 20
-139.138671875
 10
-415.34375
 20
-139.123046875
 10
-415.34375
 20
-139.123046875
 10
-415.34375
 20
-139.123046875
 10
-415.43505859375
 20
-139.0859375
 10
-415.43505859375
 20
-139.0859375
 10
-415.43505859375
 20
-139.0859375
 10
-415.50048828125
 20
-139.0048828125
 10
-415.50048828125
 20
-139.0048828125
 10
-415.50048828125
 20
-139.0048828125
 10
-415.5673828125
 20
-138.90234375
 10
-415.5673828125
 20
-138.90234375
 10
-415.5673828125
 20
-138.90234375
 10
-415.6611328125
 20
-138.8056640625
 10
-415.6611328125
 20
-138.8056640625
 10
-415.6611328125
 20
-138.8056640625
 10
-415.6611328125
 20
-138.8056640625
 10
-415.6611328125
 20
-138.8056640625
 10
-415.6611328125
 20
-138.8056640625
 10
-415.6611328125
 20
-138.8056640625
 10
-415.6611328125
 20
-138.8056640625
 97
        0
 75
     0
 76
     1
 98
        0
  0
SPLINE
  5
218
330
1F
100
AcDbEntity
  8
Layer 1
370
     0
100
AcDbSpline
210
0.0
220
0.0
230
1.0
 70
    11
 71
     3
 72
    50
 73
    46
 74
     0
 42
0.0000000001
 43
0.0000000001
 40
0.0
 40
0.0
 40
0.0
 40
0.0
 40
1.0
 40
1.0
 40
1.0
 40
2.0
 40
2.0
 40
2.0
 40
3.0
 40
3.0
 40
3.0
 40
4.0
 40
4.0
 40
4.0
 40
5.0
 40
5.0
 40
5.0
 40
6.0
 40
6.0
 40
6.0
 40
7.0
 40
7.0
 40
7.0
 40
8.0
 40
8.0
 40
8.0
 40
9.0
 40
9.0
 40
9.0
 40
10.0
 40
10.0
 40
10.0
 40
11.0
 40
11.0
 40
11.0
 40
12.0
 40
12.0
 40
12.0
 40
13.0
 40
13.0
 40
13.0
 40
14.0
 40
14.0
 40
14.0
 40
15.0
 40
15.0
 40
15.0
 40
15.0
 10
-410.1552734375
 20
-139.017578125
 30
0.0
 10
-410.1552734375
 20
-139.017578125
 30
0.0
 10
-410.2265625
 20
-138.97265625
 30
0.0
 10
-410.2265625
 20
-138.97265625
 30
0.0
 10
-410.2265625
 20
-138.97265625
 30
0.0
 10
-410.224609375
 20
-138.974609375
 30
0.0
 10
-410.224609375
 20
-138.974609375
 30
0.0
 10
-410.224609375
 20
-138.974609375
 30
0.0
 10
-410.1552734375
 20
-139.017578125
 30
0.0
 10
-410.1552734375
 20
-139.017578125
 30
0.0
 10
-410.1552734375
 20
-139.017578125
 30
0.0
 10
-409.76904296875
 20
-139.2216796875
 30
0.0
 10
-409.76904296875
 20
-139.2216796875
 30
0.0
 10
-409.76904296875
 20
-139.2216796875
 30
0.0
 10
-409.60791015625
 20
-139.2802734375
 30
0.0
 10
-409.60791015625
 20
-139.2802734375
 30
0.0
 10
-409.60791015625
 20
-139.2802734375
 30
0.0
 10
-409.30859375
 20
-139.3349609375
 30
0.0
 10
-409.30859375
 20
-139.3349609375
 30
0.0
 10
-409.30859375
 20
-139.3349609375
 30
0.0
 10
-409.142578125
 20
-139.3876953125
 30
0.0
 10
-409.142578125
 20
-139.3876953125
 30
0.0
 10
-409.142578125
 20
-139.3876953125
 30
0.0
 10
-409.34423828125
 20
-139.4140625
 30
0.0
 10
-409.34423828125
 20
-139.4140625
 30
0.0
 10
-409.34423828125
 20
-139.4140625
 30
0.0
 10
-409.6865234375
 20
-139.4013671875
 30
0.0
 10
-409.6865234375
 20
-139.4013671875
 30
0.0
 10
-409.6865234375
 20
-139.4013671875
 30
0.0
 10
-409.94384765625
 20
-139.3349609375
 30
0.0
 10
-409.94384765625
 20
-139.3349609375
 30
0.0
 10
-409.94384765625
 20
-139.3349609375
 30
0.0
 10
-410.001953125
 20
-139.2666015625
 30
0.0
 10
-410.001953125
 20
-139.2666015625
 30
0.0
 10
-410.001953125
 20
-139.2666015625
 30
0.0
 10
-410.09814453125
 20
-139.08203125
 30
0.0
 10
-410.09814453125
 20
-139.08203125
 30
0.0
 10
-410.09814453125
 20
-139.08203125
 30
0.0
 10
-410.1552734375
 20
-139.017578125
 30
0.0
 10
-410.1552734375
 20
-139.017578125
 30
0.0
 10
-410.1552734375
 20
-139.017578125
 30
0.0
 10
-410.1552734375
 20
-139.017578125
 30
0.0
 10
-410.1552734375
 20
-139.017578125
 30
0.0
 10
-410.1552734375
 20
-139.017578125
 30
0.0
 10
-410.1552734375
 20
-139.017578125
 30
0.0
 10
-410.1552734375
 20
-139.017578125
 30
0.0
  0
HATCH
  5
219
330
1F
100
AcDbEntity
  8
Layer 1
 62
     7
420
 16777215
100
AcDbHatch
 10
0.0
 20
0.0
 30
0.0
210
0.0
220
0.0
230
1.0
  2
SOLID
 70
     1
 71
     0
 91
        1
 92
        1
 93
        1
 72
     4
 94
        3
 73
     0
 74
     1
 95
       50
 96
       46
 40
0.0
 40
0.0
 40
0.0
 40
0.0
 40
1.0
 40
1.0
 40
1.0
 40
2.0
 40
2.0
 40
2.0
 40
3.0
 40
3.0
 40
3.0
 40
4.0
 40
4.0
 40
4.0
 40
5.0
 40
5.0
 40
5.0
 40
6.0
 40
6.0
 40
6.0
 40
7.0
 40
7.0
 40
7.0
 40
8.0
 40
8.0
 40
8.0
 40
9.0
 40
9.0
 40
9.0
 40
10.0
 40
10.0
 40
10.0
 40
11.0
 40
11.0
 40
11.0
 40
12.0
 40
12.0
 40
12.0
 40
13.0
 40
13.0
 40
13.0
 40
14.0
 40
14.0
 40
14.0
 40
15.0
 40
15.0
 40
15.0
 40
15.0
 10
-410.1552734375
 20
-139.017578125
 10
-410.1552734375
 20
-139.017578125
 10
-410.2265625
 20
-138.97265625
 10
-410.2265625
 20
-138.97265625
 10
-410.2265625
 20
-138.97265625
 10
-410.224609375
 20
-138.974609375
 10
-410.224609375
 20
-138.974609375
 10
-410.224609375
 20
-138.974609375
 10
-410.1552734375
 20
-139.017578125
 10
-410.1552734375
 20
-139.017578125
 10
-410.1552734375
 20
-139.017578125
 10
-409.76904296875
 20
-139.2216796875
 10
-409.76904296875
 20
-139.2216796875
 10
-409.76904296875
 20
-139.2216796875
 10
-409.60791015625
 20
-139.2802734375
 10
-409.60791015625
 20
-139.2802734375
 10
-409.60791015625
 20
-139.2802734375
 10
-409.30859375
 20
-139.3349609375
 10
-409.30859375
 20
-139.3349609375
 10
-409.30859375
 20
-139.3349609375
 10
-409.142578125
 20
-139.3876953125
 10
-409.142578125
 20
-139.3876953125
 10
-409.142578125
 20
-139.3876953125
 10
-409.34423828125
 20
-139.4140625
 10
-409.34423828125
 20
-139.4140625
 10
-409.34423828125
 20
-139.4140625
 10
-409.6865234375
 20
-139.4013671875
 10
-409.6865234375
 20
-139.4013671875
 10
-409.6865234375
 20
-139.4013671875
 10
-409.94384765625
 20
-139.3349609375
 10
-409.94384765625
 20
-139.3349609375
 10
-409.94384765625
 20
-139.3349609375
 10
-410.001953125
 20
-139.2666015625
 10
-410.001953125
 20
-139.2666015625
 10
-410.001953125
 20
-139.2666015625
 10
-410.09814453125
 20
-139.08203125
 10
-410.09814453125
 20
-139.08203125
 10
-410.09814453125
 20
-139.08203125
 10
-410.1552734375
 20
-139.017578125
 10
-410.1552734375
 20
-139.017578125
 10
-410.1552734375
 20
-139.017578125
 10
-410.1552734375
 20
-139.017578125
 10
-410.1552734375
 20
-139.017578125
 10
-410.1552734375
 20
-139.017578125
 10
-410.1552734375
 20
-139.017578125
 10
-410.1552734375
 20
-139.017578125
 97
        0
 75
     0
 76
     1
 98
        0
  0
SPLINE
  5
21A
330
1F
100
AcDbEntity
  8
Layer 1
370
     0
100
AcDbSpline
210
0.0
220
0.0
230
1.0
 70
    11
 71
     3
 72
    65
 73
    61
 74
     0
 42
0.0000000001
 43
0.0000000001
 40
0.0
 40
0.0
 40
0.0
 40
0.0
 40
1.0
 40
1.0
 40
1.0
 40
2.0
 40
2.0
 40
2.0
 40
3.0
 40
3.0
 40
3.0
 40
4.0
 40
4.0
 40
4.0
 40
5.0
 40
5.0
 40
5.0
 40
6.0
 40
6.0
 40
6.0
 40
7.0
 40
7.0
 40
7.0
 40
8.0
 40
8.0
 40
8.0
 40
9.0
 40
9.0
 40
9.0
 40
10.0
 40
10.0
 40
10.0
 40
11.0
 40
11.0
 40
11.0
 40
12.0
 40
12.0
 40
12.0
 40
13.0
 40
13.0
 40
13.0
 40
14.0
 40
14.0
 40
14.0
 40
15.0
 40
15.0
 40
15.0
 40
16.0
 40
16.0
 40
16.0
 40
17.0
 40
17.0
 40
17.0
 40
18.0
 40
18.0
 40
18.0
 40
19.0
 40
19.0
 40
19.0
 40
20.0
 40
20.0
 40
20.0
 40
20.0
 10
-215.7578125
 20
-435.8017578125
 30
0.0
 10
-215.7578125
 20
-435.8017578125
 30
0.0
 10
-215.8564453125
 20
-435.794921875
 30
0.0
 10
-215.8564453125
 20
-435.794921875
 30
0.0
 10
-215.8564453125
 20
-435.794921875
 30
0.0
 10
-216.287109375
 20
-435.8017578125
 30
0.0
 10
-216.287109375
 20
-435.8017578125
 30
0.0
 10
-216.287109375
 20
-435.8017578125
 30
0.0
 10
-216.09814453125
 20
-435.658203125
 30
0.0
 10
-216.09814453125
 20
-435.658203125
 30
0.0
 10
-216.09814453125
 20
-435.658203125
 30
0.0
 10
-215.69970703125
 20
-435.7880859375
 30
0.0
 10
-215.69970703125
 20
-435.7880859375
 30
0.0
 10
-215.69970703125
 20
-435.7880859375
 30
0.0
 10
-215.3037109375
 20
-436.00390625
 30
0.0
 10
-215.3037109375
 20
-436.00390625
 30
0.0
 10
-215.3037109375
 20
-436.00390625
 30
0.0
 10
-215.12255859375
 20
-436.119140625
 30
0.0
 10
-215.12255859375
 20
-436.119140625
 30
0.0
 10
-215.12255859375
 20
-436.119140625
 30
0.0
 10
-215.1259765625
 20
-436.1611328125
 30
0.0
 10
-215.1259765625
 20
-436.1611328125
 30
0.0
 10
-215.1259765625
 20
-436.1611328125
 30
0.0
 10
-215.19189453125
 20
-436.166015625
 30
0.0
 10
-215.19189453125
 20
-436.166015625
 30
0.0
 10
-215.19189453125
 20
-436.166015625
 30
0.0
 10
-215.27587890625
 20
-436.1484375
 30
0.0
 10
-215.27587890625
 20
-436.1484375
 30
0.0
 10
-215.27587890625
 20
-436.1484375
 30
0.0
 10
-215.33447265625
 20
-436.119140625
 30
0.0
 10
-215.33447265625
 20
-436.119140625
 30
0.0
 10
-215.33447265625
 20
-436.119140625
 30
0.0
 10
-215.337890625
 20
-436.09765625
 30
0.0
 10
-215.337890625
 20
-436.09765625
 30
0.0
 10
-215.337890625
 20
-436.09765625
 30
0.0
 10
-215.32958984375
 20
-436.03125
 30
0.0
 10
-215.32958984375
 20
-436.03125
 30
0.0
 10
-215.32958984375
 20
-436.03125
 30
0.0
 10
-215.33447265625
 20
-436.013671875
 30
0.0
 10
-215.33447265625
 20
-436.013671875
 30
0.0
 10
-215.33447265625
 20
-436.013671875
 30
0.0
 10
-215.3798828125
 20
-436.0087890625
 30
0.0
 10
-215.3798828125
 20
-436.0087890625
 30
0.0
 10
-215.3798828125
 20
-436.0087890625
 30
0.0
 10
-215.50732421875
 20
-436.0244140625
 30
0.0
 10
-215.50732421875
 20
-436.0244140625
 30
0.0
 10
-215.50732421875
 20
-436.0244140625
 30
0.0
 10
-215.5458984375
 20
-436.013671875
 30
0.0
 10
-215.5458984375
 20
-436.013671875
 30
0.0
 10
-215.5458984375
 20
-436.013671875
 30
0.0
 10
-215.71240234375
 20
-435.837890625
 30
0.0
 10
-215.71240234375
 20
-435.837890625
 30
0.0
 10
-215.71240234375
 20
-435.837890625
 30
0.0
 10
-215.7578125
 20
-435.8017578125
 30
0.0
 10
-215.7578125
 20
-435.8017578125
 30
0.0
 10
-215.7578125
 20
-435.8017578125
 30
0.0
 10
-215.7578125
 20
-435.8017578125
 30
0.0
 10
-215.7578125
 20
-435.8017578125
 30
0.0
 10
-215.7578125
 20
-435.8017578125
 30
0.0
 10
-215.7578125
 20
-435.8017578125
 30
0.0
 10
-215.7578125
 20
-435.8017578125
 30
0.0
  0
HATCH
  5
21B
330
1F
100
AcDbEntity
  8
Layer 1
 62
     7
420
 16777215
100
AcDbHatch
 10
0.0
 20
0.0
 30
0.0
210
0.0
220
0.0
230
1.0
  2
SOLID
 70
     1
 71
     0
 91
        1
 92
        1
 93
        1
 72
     4
 94
        3
 73
     0
 74
     1
 95
       65
 96
       61
 40
0.0
 40
0.0
 40
0.0
 40
0.0
 40
1.0
 40
1.0
 40
1.0
 40
2.0
 40
2.0
 40
2.0
 40
3.0
 40
3.0
 40
3.0
 40
4.0
 40
4.0
 40
4.0
 40
5.0
 40
5.0
 40
5.0
 40
6.0
 40
6.0
 40
6.0
 40
7.0
 40
7.0
 40
7.0
 40
8.0
 40
8.0
 40
8.0
 40
9.0
 40
9.0
 40
9.0
 40
10.0
 40
10.0
 40
10.0
 40
11.0
 40
11.0
 40
11.0
 40
12.0
 40
12.0
 40
12.0
 40
13.0
 40
13.0
 40
13.0
 40
14.0
 40
14.0
 40
14.0
 40
15.0
 40
15.0
 40
15.0
 40
16.0
 40
16.0
 40
16.0
 40
17.0
 40
17.0
 40
17.0
 40
18.0
 40
18.0
 40
18.0
 40
19.0
 40
19.0
 40
19.0
 40
20.0
 40
20.0
 40
20.0
 40
20.0
 10
-215.7578125
 20
-435.8017578125
 10
-215.7578125
 20
-435.8017578125
 10
-215.8564453125
 20
-435.794921875
 10
-215.8564453125
 20
-435.794921875
 10
-215.8564453125
 20
-435.794921875
 10
-216.287109375
 20
-435.8017578125
 10
-216.287109375
 20
-435.8017578125
 10
-216.287109375
 20
-435.8017578125
 10
-216.09814453125
 20
-435.658203125
 10
-216.09814453125
 20
-435.658203125
 10
-216.09814453125
 20
-435.658203125
 10
-215.69970703125
 20
-435.7880859375
 10
-215.69970703125
 20
-435.7880859375
 10
-215.69970703125
 20
-435.7880859375
 10
-215.3037109375
 20
-436.00390625
 10
-215.3037109375
 20
-436.00390625
 10
-215.3037109375
 20
-436.00390625
 10
-215.12255859375
 20
-436.119140625
 10
-215.12255859375
 20
-436.119140625
 10
-215.12255859375
 20
-436.119140625
 10
-215.1259765625
 20
-436.1611328125
 10
-215.1259765625
 20
-436.1611328125
 10
-215.1259765625
 20
-436.1611328125
 10
-215.19189453125
 20
-436.166015625
 10
-215.19189453125
 20
-436.166015625
 10
-215.19189453125
 20
-436.166015625
 10
-215.27587890625
 20
-436.1484375
 10
-215.27587890625
 20
-436.1484375
 10
-215.27587890625
 20
-436.1484375
 10
-215.33447265625
 20
-436.119140625
 10
-215.33447265625
 20
-436.119140625
 10
-215.33447265625
 20
-436.119140625
 10
-215.337890625
 20
-436.09765625
 10
-215.337890625
 20
-436.09765625
 10
-215.337890625
 20
-436.09765625
 10
-215.32958984375
 20
-436.03125
 10
-215.32958984375
 20
-436.03125
 10
-215.32958984375
 20
-436.03125
 10
-215.33447265625
 20
-436.013671875
 10
-215.33447265625
 20
-436.013671875
 10
-215.33447265625
 20
-436.013671875
 10
-215.3798828125
 20
-436.0087890625
 10
-215.3798828125
 20
-436.0087890625
 10
-215.3798828125
 20
-436.0087890625
 10
-215.50732421875
 20
-436.0244140625
 10
-215.50732421875
 20
-436.0244140625
 10
-215.50732421875
 20
-436.0244140625
 10
-215.5458984375
 20
-436.013671875
 10
-215.5458984375
 20
-436.013671875
 10
-215.5458984375
 20
-436.013671875
 10
-215.71240234375
 20
-435.837890625
 10
-215.71240234375
 20
-435.837890625
 10
-215.71240234375
 20
-435.837890625
 10
-215.7578125
 20
-435.8017578125
 10
-215.7578125
 20
-435.8017578125
 10
-215.7578125
 20
-435.8017578125
 10
-215.7578125
 20
-435.8017578125
 10
-215.7578125
 20
-435.8017578125
 10
-215.7578125
 20
-435.8017578125
 10
-215.7578125
 20
-435.8017578125
 10
-215.7578125
 20
-435.8017578125
 97
        0
 75
     0
 76
     1
 98
        0
  0
SPLINE
  5
21C
330
1F
100
AcDbEntity
  8
Layer 1
370
     0
100
AcDbSpline
210
0.0
220
0.0
230
1.0
 70
    11
 71
     3
 72
    77
 73
    73
 74
     0
 42
0.0000000001
 43
0.0000000001
 40
0.0
 40
0.0
 40
0.0
 40
0.0
 40
1.0
 40
1.0
 40
1.0
 40
2.0
 40
2.0
 40
2.0
 40
3.0
 40
3.0
 40
3.0
 40
4.0
 40
4.0
 40
4.0
 40
5.0
 40
5.0
 40
5.0
 40
6.0
 40
6.0
 40
6.0
 40
7.0
 40
7.0
 40
7.0
 40
8.0
 40
8.0
 40
8.0
 40
9.0
 40
9.0
 40
9.0
 40
10.0
 40
10.0
 40
10.0
 40
11.0
 40
11.0
 40
11.0
 40
12.0
 40
12.0
 40
12.0
 40
13.0
 40
13.0
 40
13.0
 40
14.0
 40
14.0
 40
14.0
 40
15.0
 40
15.0
 40
15.0
 40
16.0
 40
16.0
 40
16.0
 40
17.0
 40
17.0
 40
17.0
 40
18.0
 40
18.0
 40
18.0
 40
19.0
 40
19.0
 40
19.0
 40
20.0
 40
20.0
 40
20.0
 40
21.0
 40
21.0
 40
21.0
 40
22.0
 40
22.0
 40
22.0
 40
23.0
 40
23.0
 40
23.0
 40
24.0
 40
24.0
 40
24.0
 40
24.0
 10
-215.4404296875
 20
-438.3427734375
 30
0.0
 10
-215.4404296875
 20
-438.3427734375
 30
0.0
 10
-215.4453125
 20
-438.3154296875
 30
0.0
 10
-215.4453125
 20
-438.3154296875
 30
0.0
 10
-215.4453125
 20
-438.3154296875
 30
0.0
 10
-215.42041015625
 20
-438.265625
 30
0.0
 10
-215.42041015625
 20
-438.265625
 30
0.0
 10
-215.42041015625
 20
-438.265625
 30
0.0
 10
-215.3798828125
 20
-438.228515625
 30
0.0
 10
-215.3798828125
 20
-438.228515625
 30
0.0
 10
-215.3798828125
 20
-438.228515625
 30
0.0
 10
-215.33447265625
 20
-438.236328125
 30
0.0
 10
-215.33447265625
 20
-438.236328125
 30
0.0
 10
-215.33447265625
 20
-438.236328125
 30
0.0
 10
-215.3701171875
 20
-438.322265625
 30
0.0
 10
-215.3701171875
 20
-438.322265625
 30
0.0
 10
-215.3701171875
 20
-438.322265625
 30
0.0
 10
-215.501953125
 20
-438.4638671875
 30
0.0
 10
-215.501953125
 20
-438.4638671875
 30
0.0
 10
-215.501953125
 20
-438.4638671875
 30
0.0
 10
-215.65576171875
 20
-438.59765625
 30
0.0
 10
-215.65576171875
 20
-438.59765625
 30
0.0
 10
-215.65576171875
 20
-438.59765625
 30
0.0
 10
-215.7578125
 20
-438.66015625
 30
0.0
 10
-215.7578125
 20
-438.66015625
 30
0.0
 10
-215.7578125
 20
-438.66015625
 30
0.0
 10
-216.05615234375
 20
-438.68359375
 30
0.0
 10
-216.05615234375
 20
-438.68359375
 30
0.0
 10
-216.05615234375
 20
-438.68359375
 30
0.0
 10
-216.58056640625
 20
-438.6767578125
 30
0.0
 10
-216.58056640625
 20
-438.6767578125
 30
0.0
 10
-216.58056640625
 20
-438.6767578125
 30
0.0
 10
-216.7109375
 20
-438.66015625
 30
0.0
 10
-216.7109375
 20
-438.66015625
 30
0.0
 10
-216.7109375
 20
-438.66015625
 30
0.0
 10
-216.75146484375
 20
-438.630859375
 30
0.0
 10
-216.75146484375
 20
-438.630859375
 30
0.0
 10
-216.75146484375
 20
-438.630859375
 30
0.0
 10
-216.83203125
 20
-438.5625
 30
0.0
 10
-216.83203125
 20
-438.5625
 30
0.0
 10
-216.83203125
 20
-438.5625
 30
0.0
 10
-216.9052734375
 20
-438.4921875
 30
0.0
 10
-216.9052734375
 20
-438.4921875
 30
0.0
 10
-216.9052734375
 20
-438.4921875
 30
0.0
 10
-216.9228515625
 20
-438.4482421875
 30
0.0
 10
-216.9228515625
 20
-438.4482421875
 30
0.0
 10
-216.9228515625
 20
-438.4482421875
 30
0.0
 10
-216.78564453125
 20
-438.447265625
 30
0.0
 10
-216.78564453125
 20
-438.447265625
 30
0.0
 10
-216.78564453125
 20
-438.447265625
 30
0.0
 10
-216.21337890625
 20
-438.552734375
 30
0.0
 10
-216.21337890625
 20
-438.552734375
 30
0.0
 10
-216.21337890625
 20
-438.552734375
 30
0.0
 10
-215.86376953125
 20
-438.5546875
 30
0.0
 10
-215.86376953125
 20
-438.5546875
 30
0.0
 10
-215.86376953125
 20
-438.5546875
 30
0.0
 10
-215.77880859375
 20
-438.513671875
 30
0.0
 10
-215.77880859375
 20
-438.513671875
 30
0.0
 10
-215.77880859375
 20
-438.513671875
 30
0.0
 10
-215.67041015625
 20
-438.435546875
 30
0.0
 10
-215.67041015625
 20
-438.435546875
 30
0.0
 10
-215.67041015625
 20
-438.435546875
 30
0.0
 10
-215.552734375
 20
-438.3642578125
 30
0.0
 10
-215.552734375
 20
-438.3642578125
 30
0.0
 10
-215.552734375
 20
-438.3642578125
 30
0.0
 10
-215.4404296875
 20
-438.3427734375
 30
0.0
 10
-215.4404296875
 20
-438.3427734375
 30
0.0
 10
-215.4404296875
 20
-438.3427734375
 30
0.0
 10
-215.4404296875
 20
-438.3427734375
 30
0.0
 10
-215.4404296875
 20
-438.3427734375
 30
0.0
 10
-215.4404296875
 20
-438.3427734375
 30
0.0
 10
-215.4404296875
 20
-438.3427734375
 30
0.0
 10
-215.4404296875
 20
-438.3427734375
 30
0.0
  0
HATCH
  5
21D
330
1F
100
AcDbEntity
  8
Layer 1
 62
     7
420
 16777215
100
AcDbHatch
 10
0.0
 20
0.0
 30
0.0
210
0.0
220
0.0
230
1.0
  2
SOLID
 70
     1
 71
     0
 91
        1
 92
        1
 93
        1
 72
     4
 94
        3
 73
     0
 74
     1
 95
       77
 96
       73
 40
0.0
 40
0.0
 40
0.0
 40
0.0
 40
1.0
 40
1.0
 40
1.0
 40
2.0
 40
2.0
 40
2.0
 40
3.0
 40
3.0
 40
3.0
 40
4.0
 40
4.0
 40
4.0
 40
5.0
 40
5.0
 40
5.0
 40
6.0
 40
6.0
 40
6.0
 40
7.0
 40
7.0
 40
7.0
 40
8.0
 40
8.0
 40
8.0
 40
9.0
 40
9.0
 40
9.0
 40
10.0
 40
10.0
 40
10.0
 40
11.0
 40
11.0
 40
11.0
 40
12.0
 40
12.0
 40
12.0
 40
13.0
 40
13.0
 40
13.0
 40
14.0
 40
14.0
 40
14.0
 40
15.0
 40
15.0
 40
15.0
 40
16.0
 40
16.0
 40
16.0
 40
17.0
 40
17.0
 40
17.0
 40
18.0
 40
18.0
 40
18.0
 40
19.0
 40
19.0
 40
19.0
 40
20.0
 40
20.0
 40
20.0
 40
21.0
 40
21.0
 40
21.0
 40
22.0
 40
22.0
 40
22.0
 40
23.0
 40
23.0
 40
23.0
 40
24.0
 40
24.0
 40
24.0
 40
24.0
 10
-215.4404296875
 20
-438.3427734375
 10
-215.4404296875
 20
-438.3427734375
 10
-215.4453125
 20
-438.3154296875
 10
-215.4453125
 20
-438.3154296875
 10
-215.4453125
 20
-438.3154296875
 10
-215.42041015625
 20
-438.265625
 10
-215.42041015625
 20
-438.265625
 10
-215.42041015625
 20
-438.265625
 10
-215.3798828125
 20
-438.228515625
 10
-215.3798828125
 20
-438.228515625
 10
-215.3798828125
 20
-438.228515625
 10
-215.33447265625
 20
-438.236328125
 10
-215.33447265625
 20
-438.236328125
 10
-215.33447265625
 20
-438.236328125
 10
-215.3701171875
 20
-438.322265625
 10
-215.3701171875
 20
-438.322265625
 10
-215.3701171875
 20
-438.322265625
 10
-215.501953125
 20
-438.4638671875
 10
-215.501953125
 20
-438.4638671875
 10
-215.501953125
 20
-438.4638671875
 10
-215.65576171875
 20
-438.59765625
 10
-215.65576171875
 20
-438.59765625
 10
-215.65576171875
 20
-438.59765625
 10
-215.7578125
 20
-438.66015625
 10
-215.7578125
 20
-438.66015625
 10
-215.7578125
 20
-438.66015625
 10
-216.05615234375
 20
-438.68359375
 10
-216.05615234375
 20
-438.68359375
 10
-216.05615234375
 20
-438.68359375
 10
-216.58056640625
 20
-438.6767578125
 10
-216.58056640625
 20
-438.6767578125
 10
-216.58056640625
 20
-438.6767578125
 10
-216.7109375
 20
-438.66015625
 10
-216.7109375
 20
-438.66015625
 10
-216.7109375
 20
-438.66015625
 10
-216.75146484375
 20
-438.630859375
 10
-216.75146484375
 20
-438.630859375
 10
-216.75146484375
 20
-438.630859375
 10
-216.83203125
 20
-438.5625
 10
-216.83203125
 20
-438.5625
 10
-216.83203125
 20
-438.5625
 10
-216.9052734375
 20
-438.4921875
 10
-216.9052734375
 20
-438.4921875
 10
-216.9052734375
 20
-438.4921875
 10
-216.9228515625
 20
-438.4482421875
 10
-216.9228515625
 20
-438.4482421875
 10
-216.9228515625
 20
-438.4482421875
 10
-216.78564453125
 20
-438.447265625
 10
-216.78564453125
 20
-438.447265625
 10
-216.78564453125
 20
-438.447265625
 10
-216.21337890625
 20
-438.552734375
 10
-216.21337890625
 20
-438.552734375
 10
-216.21337890625
 20
-438.552734375
 10
-215.86376953125
 20
-438.5546875
 10
-215.86376953125
 20
-438.5546875
 10
-215.86376953125
 20
-438.5546875
 10
-215.77880859375
 20
-438.513671875
 10
-215.77880859375
 20
-438.513671875
 10
-215.77880859375
 20
-438.513671875
 10
-215.67041015625
 20
-438.435546875
 10
-215.67041015625
 20
-438.435546875
 10
-215.67041015625
 20
-438.435546875
 10
-215.552734375
 20
-438.3642578125
 10
-215.552734375
 20
-438.3642578125
 10
-215.552734375
 20
-438.3642578125
 10
-215.4404296875
 20
-438.3427734375
 10
-215.4404296875
 20
-438.3427734375
 10
-215.4404296875
 20
-438.3427734375
 10
-215.4404296875
 20
-438.3427734375
 10
-215.4404296875
 20
-438.3427734375
 10
-215.4404296875
 20
-438.3427734375
 10
-215.4404296875
 20
-438.3427734375
 10
-215.4404296875
 20
-438.3427734375
 97
        0
 75
     0
 76
     1
 98
        0
  0
ENDSEC
  0
SECTION
  2
OBJECTS
  0
DICTIONARY
  5
C
330
0
100
AcDbDictionary
281
     1
  3
ACAD_GROUP
350
D
  3
ACAD_LAYOUT
350
1A
  3
ACAD_MLINESTYLE
350
17
  3
ACAD_PLOTSETTINGS
350
19
  3
ACAD_PLOTSTYLENAME
350
E
  3
ACAD_TABLESTYLE
350
21E
  3
ACAD_VISUALSTYLE
350
2A
  0
DICTIONARY
  5
D
102
{ACAD_REACTORS
330
C
102
}
330
C
100
AcDbDictionary
281
     1
  0
DICTIONARY
  5
1A
102
{ACAD_REACTORS
330
C
102
}
330
C
100
AcDbDictionary
281
     1
  3
Layout1
350
1E
  3
Layout2
350
26
  3
Model
350
22
  0
DICTIONARY
  5
17
102
{ACAD_REACTORS
330
C
102
}
330
C
100
AcDbDictionary
281
     1
  3
Standard
350
18
  0
DICTIONARY
  5
19
102
{ACAD_REACTORS
330
C
102
}
330
C
100
AcDbDictionary
281
     1
  0
ACDBDICTIONARYWDFLT
  5
E
102
{ACAD_REACTORS
330
C
102
}
330
C
100
AcDbDictionary
281
     1
  3
Normal
350
F
100
AcDbDictionaryWithDefault
340
F
  0
DICTIONARY
  5
21E
102
{ACAD_REACTORS
330
C
102
}
330
C
100
AcDbDictionary
281
     1
  0
DICTIONARY
  5
2A
102
{ACAD_REACTORS
330
C
102
}
330
C
100
AcDbDictionary
281
     1
  3
2dWireframe
350
2F
  3
3D Hidden
350
31
  3
3dWireframe
350
30
  3
Basic
350
32
  3
Brighten
350
36
  3
ColorChange
350
3A
  3
Conceptual
350
34
  3
Dim
350
35
  3
Facepattern
350
39
  3
Flat
350
2B
  3
FlatWithEdges
350
2C
  3
Gouraud
350
2D
  3
GouraudWithEdges
350
2E
  3
Linepattern
350
38
  3
Realistic
350
33
  3
Thicken
350
37
  0
LAYOUT
  5
1E
102
{ACAD_REACTORS
330
1A
102
}
330
1A
100
AcDbPlotSettings
  1

  2
none_device
  4

  6

 40
0.0
 41
0.0
 42
0.0
 43
0.0
 44
0.0
 45
0.0
 46
0.0
 47
0.0
 48
0.0
 49
0.0
140
0.0
141
0.0
142
1.0
143
1.0
 70
   688
 72
     0
 73
     0
 74
     5
  7

 75
    16
 76
     0
 77
     2
 78
   300
147
1.0
148
0.0
149
0.0
100
AcDbLayout
  1
Layout1
 70
     1
 71
     1
 10
0.0
 20
0.0
 11
12.0
 21
9.0
 12
0.0
 22
0.0
 32
0.0
 14
1.000000000000000E+20
 24
1.000000000000000E+20
 34
1.000000000000000E+20
 15
-1.000000000000000E+20
 25
-1.000000000000000E+20
 35
-1.000000000000000E+20
146
0.0
 13
0.0
 23
0.0
 33
0.0
 16
1.0
 26
0.0
 36
0.0
 17
0.0
 27
1.0
 37
0.0
 76
     0
330
1B
  0
LAYOUT
  5
26
102
{ACAD_REACTORS
330
1A
102
}
330
1A
100
AcDbPlotSettings
  1

  2
none_device
  4

  6

 40
0.0
 41
0.0
 42
0.0
 43
0.0
 44
0.0
 45
0.0
 46
0.0
 47
0.0
 48
0.0
 49
0.0
140
0.0
141
0.0
142
1.0
143
1.0
 70
   688
 72
     0
 73
     0
 74
     5
  7

 75
    16
 76
     0
 77
     2
 78
   300
147
1.0
148
0.0
149
0.0
100
AcDbLayout
  1
Layout2
 70
     1
 71
     2
 10
0.0
 20
0.0
 11
0.0
 21
0.0
 12
0.0
 22
0.0
 32
0.0
 14
0.0
 24
0.0
 34
0.0
 15
0.0
 25
0.0
 35
0.0
146
0.0
 13
0.0
 23
0.0
 33
0.0
 16
1.0
 26
0.0
 36
0.0
 17
0.0
 27
1.0
 37
0.0
 76
     0
330
23
  0
LAYOUT
  5
22
102
{ACAD_REACTORS
330
1A
102
}
330
1A
100
AcDbPlotSettings
  1

  2
none_device
  4

  6

 40
0.0
 41
0.0
 42
0.0
 43
0.0
 44
0.0
 45
0.0
 46
0.0
 47
0.0
 48
0.0
 49
0.0
140
0.0
141
0.0
142
1.0
143
1.0
 70
  1712
 72
     0
 73
     0
 74
     0
  7

 75
     0
 76
     0
 77
     2
 78
   300
147
1.0
148
0.0
149
0.0
100
AcDbLayout
  1
Model
 70
     1
 71
     0
 10
0.0
 20
0.0
 11
12.0
 21
9.0
 12
0.0
 22
0.0
 32
0.0
 14
1.000000000000000E+20
 24
1.000000000000000E+20
 34
1.000000000000000E+20
 15
-1.000000000000000E+20
 25
-1.000000000000000E+20
 35
-1.000000000000000E+20
146
0.0
 13
0.0
 23
0.0
 33
0.0
 16
1.0
 26
0.0
 36
0.0
 17
0.0
 27
1.0
 37
0.0
 76
     0
330
1F
331
29
  0
MLINESTYLE
  5
18
102
{ACAD_REACTORS
330
17
102
}
330
17
100
AcDbMlineStyle
  2
Standard
 70
     0
  3

 62
   256
 51
90.0
 52
90.0
 71
     2
 49
0.5
 62
   256
  6
BYLAYER
 49
-0.5
 62
   256
  6
BYLAYER
  0
ACDBPLACEHOLDER
  5
F
102
{ACAD_REACTORS
330
E
102
}
330
E
  0
VISUALSTYLE
  5
2F
102
{ACAD_REACTORS
330
2A
102
}
330
2A
100
AcDbVisualStyle
  2
2dWireframe
 70
     4
 71
     0
 72
     2
 73
     0
 90
        0
 40
-0.6
 41
-30.0
 62
     5
 63
     7
421
 16777215
 74
     1
 91
        4
 64
     7
 65
   257
 75
     1
175
     1
 42
1.0
 92
        0
 66
   257
 43
1.0
 76
     1
 77
     6
 78
     2
 67
     7
 79
     5
170
     0
171
     0
290
     0
174
     0
 93
        1
 44
0.0
173
     0
291
     0
 45
0.0
1001
ACAD
1000
AcDbSavedByObjectVersion
1070
     0
  0
VISUALSTYLE
  5
31
102
{ACAD_REACTORS
330
2A
102
}
330
2A
100
AcDbVisualStyle
  2
3D Hidden
 70
     6
 71
     1
 72
     2
 73
     2
 90
        0
 40
-0.6
 41
-30.0
 62
     5
 63
     7
421
 16777215
 74
     2
 91
        2
 64
     7
 65
   257
 75
     2
175
     1
 42
40.0
 92
        0
 66
   257
 43
1.0
 76
     1
 77
     6
 78
     2
 67
     7
 79
     3
170
     0
171
     0
290
     0
174
     0
 93
        1
 44
0.0
173
     0
291
     0
 45
0.0
1001
ACAD
1000
AcDbSavedByObjectVersion
1070
     0
  0
VISUALSTYLE
  5
30
102
{ACAD_REACTORS
330
2A
102
}
330
2A
100
AcDbVisualStyle
  2
3dWireframe
 70
     5
 71
     0
 72
     2
 73
     0
 90
        0
 40
-0.6
 41
-30.0
 62
     5
 63
     7
421
 16777215
 74
     1
 91
        4
 64
     7
 65
   257
 75
     1
175
     1
 42
1.0
 92
        0
 66
   257
 43
1.0
 76
     1
 77
     6
 78
     2
 67
     7
 79
     5
170
     0
171
     0
290
     0
174
     0
 93
        1
 44
0.0
173
     0
291
     0
 45
0.0
1001
ACAD
1000
AcDbSavedByObjectVersion
1070
     0
  0
VISUALSTYLE
  5
32
102
{ACAD_REACTORS
330
2A
102
}
330
2A
100
AcDbVisualStyle
  2
Basic
 70
     7
 71
     1
 72
     0
 73
     1
 90
        0
 40
-0.6
 41
-30.0
 62
     5
 63
     7
421
 16777215
 74
     0
 91
        4
 64
     7
 65
   257
 75
     1
175
     1
 42
1.0
 92
        8
 66
     7
 43
1.0
 76
     1
 77
     6
 78
     2
 67
     7
 79
     5
170
     0
171
     0
290
     0
174
     0
 93
        1
 44
0.0
173
     0
291
     1
 45
0.0
1001
ACAD
1000
AcDbSavedByObjectVersion
1070
     0
  0
VISUALSTYLE
  5
36
102
{ACAD_REACTORS
330
2A
102
}
330
2A
100
AcDbVisualStyle
  2
Brighten
 70
    12
 71
     2
 72
     2
 73
     0
 90
        0
 40
-0.6
 41
-30.0
 62
     5
 63
     7
421
 16777215
 74
     1
 91
        4
 64
     7
 65
   257
 75
     1
175
     1
 42
1.0
 92
        8
 66
     7
 43
1.0
 76
     1
 77
     6
 78
     2
 67
     7
 79
     5
170
     0
171
     0
290
     0
174
     0
 93
        1
 44
50.0
173
     0
291
     1
 45
0.0
1001
ACAD
1000
AcDbSavedByObjectVersion
1070
     0
  0
VISUALSTYLE
  5
3A
102
{ACAD_REACTORS
330
2A
102
}
330
2A
100
AcDbVisualStyle
  2
ColorChange
 70
    16
 71
     2
 72
     2
 73
     3
 90
        0
 40
-0.6
 41
-30.0
 62
     5
 63
     8
421
  8421504
 74
     1
 91
        4
 64
     7
 65
   257
 75
     1
175
     1
 42
1.0
 92
        8
 66
     8
424
  8421504
 43
1.0
 76
     1
 77
     6
 78
     2
 67
     7
 79
     5
170
     0
171
     0
290
     0
174
     0
 93
        1
 44
0.0
173
     0
291
     1
 45
0.0
1001
ACAD
1000
AcDbSavedByObjectVersion
1070
     0
  0
VISUALSTYLE
  5
34
102
{ACAD_REACTORS
330
2A
102
}
330
2A
100
AcDbVisualStyle
  2
Conceptual
 70
     9
 71
     3
 72
     2
 73
     0
 90
        0
 40
-0.6
 41
-30.0
 62
     5
 63
     7
421
 16777215
 74
     2
 91
        2
 64
     7
 65
   257
 75
     1
175
     1
 42
40.0
 92
        8
 66
     7
 43
1.0
 76
     1
 77
     6
 78
     2
 67
     7
 79
     3
170
     0
171
     0
290
     0
174
     0
 93
        1
 44
0.0
173
     0
291
     0
 45
0.0
1001
ACAD
1000
AcDbSavedByObjectVersion
1070
     0
  0
VISUALSTYLE
  5
35
102
{ACAD_REACTORS
330
2A
102
}
330
2A
100
AcDbVisualStyle
  2
Dim
 70
    11
 71
     2
 72
     2
 73
     0
 90
        0
 40
-0.6
 41
-30.0
 62
     5
 63
     7
421
 16777215
 74
     1
 91
        4
 64
     7
 65
   257
 75
     1
175
     1
 42
1.0
 92
        8
 66
     7
 43
1.0
 76
     1
 77
     6
 78
     2
 67
     7
 79
     5
170
     0
171
     0
290
     0
174
     0
 93
        1
 44
-50.0
173
     0
291
     1
 45
0.0
1001
ACAD
1000
AcDbSavedByObjectVersion
1070
     0
  0
VISUALSTYLE
  5
39
102
{ACAD_REACTORS
330
2A
102
}
330
2A
100
AcDbVisualStyle
  2
Facepattern
 70
    15
 71
     2
 72
     2
 73
     0
 90
        0
 40
-0.6
 41
-30.0
 62
     5
 63
     7
421
 16777215
 74
     1
 91
        4
 64
     7
 65
   257
 75
     1
175
     1
 42
1.0
 92
        8
 66
     7
 43
1.0
 76
     1
 77
     6
 78
     2
 67
     7
 79
     5
170
     0
171
     0
290
     0
174
     0
 93
        1
 44
0.0
173
     0
291
     1
 45
0.0
1001
ACAD
1000
AcDbSavedByObjectVersion
1070
     0
  0
VISUALSTYLE
  5
2B
102
{ACAD_REACTORS
330
2A
102
}
330
2A
100
AcDbVisualStyle
  2
Flat
 70
     0
 71
     2
 72
     1
 73
     1
 90
        2
 40
-0.6
 41
30.0
 62
     5
 63
     7
421
 16777215
 74
     0
 91
        4
 64
     7
 65
   257
 75
     1
175
     1
 42
1.0
 92
        8
 66
     7
 43
1.0
 76
     1
 77
     6
 78
     2
 67
     7
 79
     5
170
     0
171
     0
290
     0
174
     0
 93
       13
 44
0.0
173
     0
291
     1
 45
0.0
1001
ACAD
1000
AcDbSavedByObjectVersion
1070
     0
  0
VISUALSTYLE
  5
2C
102
{ACAD_REACTORS
330
2A
102
}
330
2A
100
AcDbVisualStyle
  2
FlatWithEdges
 70
     1
 71
     2
 72
     1
 73
     1
 90
        2
 40
-0.6
 41
30.0
 62
     5
 63
     7
421
 16777215
 74
     1
 91
        4
 64
     7
 65
   257
 75
     1
175
     1
 42
1.0
 92
        0
 66
   257
 43
1.0
 76
     1
 77
     6
 78
     2
 67
     7
 79
     5
170
     0
171
     0
290
     0
174
     0
 93
       13
 44
0.0
173
     0
291
     1
 45
0.0
1001
ACAD
1000
AcDbSavedByObjectVersion
1070
     0
  0
VISUALSTYLE
  5
2D
102
{ACAD_REACTORS
330
2A
102
}
330
2A
100
AcDbVisualStyle
  2
Gouraud
 70
     2
 71
     2
 72
     2
 73
     1
 90
        2
 40
-0.6
 41
30.0
 62
     5
 63
     7
421
 16777215
 74
     0
 91
        4
 64
     7
 65
   257
 75
     1
175
     1
 42
1.0
 92
        0
 66
     7
 43
1.0
 76
     1
 77
     6
 78
     2
 67
     7
 79
     5
170
     0
171
     0
290
     0
174
     0
 93
       13
 44
0.0
173
     0
291
     1
 45
0.0
1001
ACAD
1000
AcDbSavedByObjectVersion
1070
     0
  0
VISUALSTYLE
  5
2E
102
{ACAD_REACTORS
330
2A
102
}
330
2A
100
AcDbVisualStyle
  2
GouraudWithEdges
 70
     3
 71
     2
 72
     2
 73
     1
 90
        2
 40
-0.6
 41
30.0
 62
     5
 63
     7
421
 16777215
 74
     1
 91
        4
 64
     7
 65
   257
 75
     1
175
     1
 42
1.0
 92
        0
 66
   257
 43
1.0
 76
     1
 77
     6
 78
     2
 67
     7
 79
     5
170
     0
171
     0
290
     0
174
     0
 93
       13
 44
0.0
173
     0
291
     1
 45
0.0
1001
ACAD
1000
AcDbSavedByObjectVersion
1070
     0
  0
VISUALSTYLE
  5
38
102
{ACAD_REACTORS
330
2A
102
}
330
2A
100
AcDbVisualStyle
  2
Linepattern
 70
    14
 71
     2
 72
     2
 73
     0
 90
        0
 40
-0.6
 41
-30.0
 62
     5
 63
     7
421
 16777215
 74
     1
 91
        4
 64
     7
 65
   257
 75
     7
175
     7
 42
1.0
 92
        8
 66
     7
 43
1.0
 76
     1
 77
     6
 78
     2
 67
     7
 79
     5
170
     0
171
     0
290
     0
174
     0
 93
        1
 44
0.0
173
     0
291
     1
 45
0.0
1001
ACAD
1000
AcDbSavedByObjectVersion
1070
     0
  0
VISUALSTYLE
  5
33
102
{ACAD_REACTORS
330
2A
102
}
330
2A
100
AcDbVisualStyle
  2
Realistic
 70
     8
 71
     2
 72
     2
 73
     0
 90
        0
 40
-0.6
 41
-30.0
 62
     5
 63
     7
421
 16777215
 74
     1
 91
        0
 64
     7
 65
   257
 75
     1
175
     1
 42
1.0
 92
        8
 66
     8
424
  7895160
 43
1.0
 76
     1
 77
     6
 78
     2
 67
     7
 79
     5
170
     0
171
     0
290
     0
174
     0
 93
       13
 44
0.0
173
     0
291
     0
 45
0.0
1001
ACAD
1000
AcDbSavedByObjectVersion
1070
     0
  0
VISUALSTYLE
  5
37
102
{ACAD_REACTORS
330
2A
102
}
330
2A
100
AcDbVisualStyle
  2
Thicken
 70
    13
 71
     2
 72
     2
 73
     0
 90
        0
 40
-0.6
 41
-30.0
 62
     5
 63
     7
421
 16777215
 74
     1
 91
        4
 64
     7
 65
   257
 75
     1
175
     1
 42
1.0
 92
       12
 66
     7
 43
1.0
 76
     1
 77
     6
 78
     2
 67
     7
 79
     5
170
     0
171
     0
290
     0
174
     0
 93
        1
 44
0.0
173
     0
291
     1
 45
0.0
1001
ACAD
1000
AcDbSavedByObjectVersion
1070
     0
  0
ENDSEC
  0
EOF
